gia,dien_tich,so_phong_ngu,price_per_m2,gia_thieu,dien_tich_thieu,so_phong_ngu_thieu,kv_Bà Rịa - Vũng Tàu (mới sáp nhập),kv_Bình Dương (mới sáp nhập),kv_TP.HCM (lõi cũ),loai_Biệt thự,loai_Căn hộ/Chung cư,loai_Khác,loai_Nhà ở/Nhà phố,loai_Đất nền
2990000000.0,72.0,2.0,41527777.777777776,False,False,False,False,False,True,False,False,True,False,False
5350000000.0,100.0,3.0,53500000.0,False,False,False,False,False,True,False,False,False,True,False
3750000000.0,105.0,,35714285.71428572,False,False,True,False,False,True,False,False,False,False,True
4490000000.0,100.0,2.0,44900000.0,False,False,False,False,False,True,False,False,False,True,False
7900000000.0,120.0,,65833333.333333336,False,False,True,False,False,True,False,False,False,True,False
3850000000.0,114.0,3.0,33771929.8245614,False,False,False,False,False,True,False,True,False,False,False
3200000000.0,55.0,1.0,58181818.18181818,False,False,False,True,False,False,False,True,False,False,False
4300000000.0,74.0,,58108108.10810811,False,False,True,True,False,False,False,False,False,True,False
2975000000.0,57.0,2.0,52192982.456140354,True,False,False,False,True,False,False,True,False,False,False
2900000000.0,52.7,1.0,55028462.998102464,False,False,False,False,True,False,False,True,False,False,False
8100000000.0,208.0,,38942307.692307696,False,False,True,False,True,False,False,False,False,True,False
2850000000.0,85.0,,33529411.76470588,False,False,True,False,False,True,False,True,False,False,False
13400000000.0,128.4,7.0,104361370.71651088,False,False,False,False,False,True,False,False,False,True,False
14600000000.0,338.0,,43195266.27218935,False,False,True,False,False,True,False,False,False,True,False
26880000000.0,89.6,,300000000.0,False,False,True,False,False,True,False,False,False,True,False
10800000000.0,144.0,,75000000.0,False,False,True,False,False,True,False,False,False,True,False
11900000000.0,130.0,,91538461.53846154,False,False,True,False,False,True,False,False,False,True,False
5000000000.0,99.0,2.0,50505050.5050505,False,False,False,False,False,True,False,True,False,False,False
1600000000.0,42.0,,38095238.0952381,False,False,True,False,True,False,False,False,True,False,False
9300000000.0,83.0,,112048192.77108434,False,False,True,False,False,True,False,False,False,True,False
37000000000.0,193.0,,191709844.55958548,False,False,True,False,False,True,False,False,False,True,False
9500000000.0,157.0,,60509554.14012739,False,False,True,False,False,True,False,False,True,False,False
7900000000.0,78.0,,101282051.28205128,False,False,True,False,False,True,False,False,False,False,True
12899000000.0,80.0,25.0,161237500.0,True,True,False,False,False,True,False,False,False,True,False
11999500000.0,80.5,,149062111.80124223,True,True,True,False,False,True,False,False,True,False,False
8700000000.0,36.0,,241666666.66666663,False,False,True,False,False,True,False,False,False,True,False
11000000000.0,30.0,,366666666.6666667,False,False,True,False,False,True,False,False,True,False,False
11900000000.0,35.0,3.0,340000000.0,False,False,False,False,False,True,False,False,False,True,False
12500000000.0,28.0,,446428571.4285714,False,False,True,False,False,True,False,False,True,False,False
8900000000.0,35.0,,254285714.2857143,False,False,True,False,False,True,False,False,False,True,False
8500000000.0,33.0,,257575757.5757576,False,False,True,False,False,True,False,False,False,True,False
6700000000.0,33.0,,203030303.03030303,False,False,True,False,False,True,False,False,False,True,False
13500000000.0,36.0,,375000000.0,False,False,True,False,False,True,False,False,False,True,False
16800000000.0,62.0,,270967741.9354839,False,False,True,False,False,True,False,False,False,True,False
25000000000.0,75.0,,333333333.3333333,False,False,True,False,False,True,False,False,False,True,False
6500000000.0,42.0,,154761904.76190478,False,False,True,False,False,True,False,False,False,True,False
8300000000.0,36.0,,230555555.55555555,False,False,True,False,False,True,False,False,False,True,False
10300000000.0,80.0,4.0,128750000.0,False,False,False,False,False,True,False,False,False,True,False
3500000000.0,63.0,,55555555.55555555,False,False,True,False,True,False,False,False,False,True,False
24000000000.0,126.0,,190476190.47619048,False,False,True,False,False,True,False,False,False,True,False
31500000000.0,60.0,,525000000.0,False,False,True,False,False,True,False,False,False,True,False
29500000000.0,90.0,,327777777.7777778,False,False,True,False,False,True,False,False,False,True,False
7250000000.0,30.0,,241666666.66666663,False,False,True,False,False,True,False,False,False,True,False
13200000000.0,204.0,,64705882.35294118,False,False,True,False,False,True,False,False,False,False,True
24000000000.0,55.0,,436363636.3636364,False,False,True,False,False,True,False,False,False,True,False
8200000000.0,72.0,,113888888.8888889,False,False,True,False,False,True,False,False,False,True,False
30000000000.0,148.0,,202702702.7027027,False,False,True,False,False,True,False,False,False,True,False
8960000000.0,60.0,,149333333.33333334,False,False,True,False,False,True,False,False,False,True,False
28000000000.0,85.0,,329411764.7058824,False,False,True,False,False,True,False,False,False,True,False
22000000000.0,40.0,,550000000.0,False,False,True,False,False,True,False,False,False,True,False
8600000000.0,120.0,,71666666.66666667,False,False,True,False,False,True,False,False,False,False,True
9800000000.0,64.0,,153125000.0,False,False,True,False,False,True,False,False,False,True,False
17000000000.0,86.0,,197674418.60465115,False,False,True,False,False,True,False,False,False,True,False
13000000000.0,62.0,,209677419.3548387,False,False,True,False,False,True,False,False,False,True,False
11200000000.0,42.0,,266666666.66666663,False,False,True,False,False,True,False,False,False,True,False
10700000000.0,32.0,,334375000.0,False,False,True,False,False,True,False,False,False,True,False
15800000000.0,80.0,,197500000.0,False,False,True,False,False,True,False,False,False,True,False
32000000000.0,68.0,,470588235.2941176,False,False,True,False,False,True,False,False,False,True,False
20000000000.0,57.0,,350877192.98245615,False,False,True,False,False,True,False,False,False,True,False
12000000000.0,50.0,,240000000.0,False,False,True,False,False,True,False,False,False,True,False
22000000000.0,64.0,,343750000.0,False,False,True,False,False,True,False,False,False,True,False
22000000000.0,96.0,,229166666.66666663,False,False,True,False,False,True,False,False,False,True,False
32500000000.0,56.0,,580357142.8571428,False,False,True,False,False,True,False,False,False,True,False
2480000000.0,14.0,,177142857.14285713,False,False,True,False,False,True,False,False,False,True,False
37900000000.0,176.0,,215340909.0909091,False,False,True,False,False,True,True,False,False,False,False
15200000000.0,208.0,,73076923.07692307,False,False,True,False,False,True,False,False,False,True,False
37000000000.0,193.0,,191709844.55958548,False,False,True,False,False,True,False,False,False,True,False
9500000000.0,157.0,,60509554.14012739,False,False,True,False,False,True,False,False,True,False,False
7900000000.0,78.0,,101282051.28205128,False,False,True,False,False,True,False,False,False,False,True
12899000000.0,80.0,25.0,161237500.0,True,True,False,False,False,True,False,False,False,True,False
11999500000.0,80.5,,149062111.80124223,True,True,True,False,False,True,False,False,True,False,False
8700000000.0,36.0,,241666666.66666663,False,False,True,False,False,True,False,False,False,True,False
11000000000.0,30.0,,366666666.6666667,False,False,True,False,False,True,False,False,True,False,False
11900000000.0,35.0,3.0,340000000.0,False,False,False,False,False,True,False,False,False,True,False
12500000000.0,28.0,,446428571.4285714,False,False,True,False,False,True,False,False,True,False,False
8900000000.0,35.0,,254285714.2857143,False,False,True,False,False,True,False,False,False,True,False
8500000000.0,33.0,,257575757.5757576,False,False,True,False,False,True,False,False,False,True,False
6700000000.0,33.0,,203030303.03030303,False,False,True,False,False,True,False,False,False,True,False
13500000000.0,36.0,,375000000.0,False,False,True,False,False,True,False,False,False,True,False
16800000000.0,62.0,,270967741.9354839,False,False,True,False,False,True,False,False,False,True,False
25000000000.0,75.0,,333333333.3333333,False,False,True,False,False,True,False,False,False,True,False
6500000000.0,42.0,,154761904.76190478,False,False,True,False,False,True,False,False,False,True,False
8300000000.0,36.0,,230555555.55555555,False,False,True,False,False,True,False,False,False,True,False
10300000000.0,80.0,4.0,128750000.0,False,False,False,False,False,True,False,False,False,True,False
3500000000.0,63.0,,55555555.55555555,False,False,True,False,True,False,False,False,False,True,False
24000000000.0,126.0,,190476190.47619048,False,False,True,False,False,True,False,False,False,True,False
31500000000.0,60.0,,525000000.0,False,False,True,False,False,True,False,False,False,True,False
29500000000.0,90.0,,327777777.7777778,False,False,True,False,False,True,False,False,False,True,False
7250000000.0,30.0,,241666666.66666663,False,False,True,False,False,True,False,False,False,True,False
13200000000.0,204.0,,64705882.35294118,False,False,True,False,False,True,False,False,False,False,True
24000000000.0,55.0,,436363636.3636364,False,False,True,False,False,True,False,False,False,True,False
8200000000.0,72.0,,113888888.8888889,False,False,True,False,False,True,False,False,False,True,False
30000000000.0,148.0,,202702702.7027027,False,False,True,False,False,True,False,False,False,True,False
8960000000.0,60.0,,149333333.33333334,False,False,True,False,False,True,False,False,False,True,False
28000000000.0,85.0,,329411764.7058824,False,False,True,False,False,True,False,False,False,True,False
22000000000.0,40.0,,550000000.0,False,False,True,False,False,True,False,False,False,True,False
8600000000.0,120.0,,71666666.66666667,False,False,True,False,False,True,False,False,False,False,True
9800000000.0,64.0,,153125000.0,False,False,True,False,False,True,False,False,False,True,False
17000000000.0,86.0,,197674418.60465115,False,False,True,False,False,True,False,False,False,True,False
13000000000.0,62.0,,209677419.3548387,False,False,True,False,False,True,False,False,False,True,False
11200000000.0,42.0,,266666666.66666663,False,False,True,False,False,True,False,False,False,True,False
10700000000.0,32.0,,334375000.0,False,False,True,False,False,True,False,False,False,True,False
15800000000.0,80.0,,197500000.0,False,False,True,False,False,True,False,False,False,True,False
32000000000.0,68.0,,470588235.2941176,False,False,True,False,False,True,False,False,False,True,False
20000000000.0,57.0,,350877192.98245615,False,False,True,False,False,True,False,False,False,True,False
12000000000.0,50.0,,240000000.0,False,False,True,False,False,True,False,False,False,True,False
22000000000.0,64.0,,343750000.0,False,False,True,False,False,True,False,False,False,True,False
22000000000.0,96.0,,229166666.66666663,False,False,True,False,False,True,False,False,False,True,False
32500000000.0,56.0,,580357142.8571428,False,False,True,False,False,True,False,False,False,True,False
2480000000.0,14.0,,177142857.14285713,False,False,True,False,False,True,False,False,False,True,False
37900000000.0,176.0,,215340909.0909091,False,False,True,False,False,True,True,False,False,False,False
15200000000.0,208.0,,73076923.07692307,False,False,True,False,False,True,False,False,False,True,False
15600000000.0,72.0,,216666666.66666663,False,False,True,False,False,True,False,False,False,True,False
15300000000.0,78.0,,196153846.1538461,False,False,True,False,False,True,False,False,False,True,False
7300000000.0,26.0,,280769230.7692308,False,False,True,False,False,True,False,False,False,True,False
35000000000.0,60.0,,583333333.3333334,False,False,True,False,False,True,False,False,False,True,False
8300000000.0,54.0,,153703703.7037037,False,False,True,False,False,True,False,False,False,True,False
19000000000.0,53.0,,358490566.0377358,False,False,True,False,False,True,False,False,False,True,False
9800000000.0,64.0,,153125000.0,False,False,True,False,False,True,False,False,False,True,False
8900000000.0,50.0,,178000000.0,False,False,True,False,False,True,False,False,False,True,False
12500000000.0,54.0,,231481481.4814815,False,False,True,False,False,True,False,False,False,True,False
29000000000.0,110.0,,263636363.63636363,False,False,True,False,False,True,False,False,False,True,False
14900000000.0,150.0,,99333333.33333331,False,False,True,False,False,True,False,False,False,True,False
28000000000.0,128.0,,218750000.0,False,False,True,False,False,True,False,False,False,True,False
27750000000.0,150.0,,185000000.0,False,False,True,False,False,True,False,False,False,True,False
21000000000.0,165.0,3.0,127272727.27272728,False,False,False,False,False,True,False,True,False,False,False
25500000000.0,78.0,,326923076.9230769,False,False,True,False,False,True,False,False,False,True,False
14000000000.0,56.0,,250000000.0,False,False,True,False,False,True,False,False,False,True,False
16300000000.0,52.0,,313461538.46153843,False,False,True,False,False,True,False,False,False,True,False
26200000000.0,54.0,,485185185.1851852,False,False,True,False,False,True,False,False,False,True,False
5300000000.0,36.0,2.0,147222222.2222222,False,False,False,False,False,True,False,False,False,True,False
3700000000.0,46.0,,80434782.60869566,False,False,True,False,False,True,False,True,False,False,False
6300000000.0,30.0,,210000000.0,False,False,True,False,False,True,False,False,False,True,False
35000000000.0,96.0,,364583333.3333333,False,False,True,False,False,True,False,False,False,True,False
12800000000.0,67.0,,191044776.11940297,False,False,True,False,False,True,False,False,False,True,False
13000000000.0,63.0,,206349206.3492064,False,False,True,False,False,True,False,False,False,True,False
2600000000.0,44.0,2.0,59090909.09090909,False,False,False,False,False,True,False,True,False,False,False
3500000000.0,44.0,,79545454.54545455,False,False,True,False,False,True,False,True,False,False,False
10650000000.0,43.0,,247674418.60465115,False,False,True,False,False,True,False,False,False,True,False
8990000000.0,36.0,,249722222.2222222,False,False,True,False,False,True,False,False,False,True,False
19800000000.0,72.0,,275000000.0,False,False,True,False,False,True,False,False,False,True,False
3300000000.0,54.0,,61111111.11111111,False,False,True,False,False,True,False,True,False,False,False
2399000000.0,45.0,1.0,53311111.11111111,False,False,False,False,False,True,False,True,False,False,False
11500000000.0,25.0,,460000000.0,False,False,True,False,False,True,False,False,False,True,False
12500000000.0,48.0,6.0,260416666.66666663,False,False,False,False,False,True,False,False,False,True,False
10600000000.0,55.0,,192727272.72727272,False,False,True,False,False,True,False,False,False,True,False
15500000000.0,36.0,,430555555.5555556,False,False,True,False,False,True,False,False,True,False,False
13800000000.0,100.0,,138000000.0,False,False,True,False,False,True,False,False,False,False,True
9000000000.0,130.0,,69230769.23076923,False,False,True,False,False,True,False,False,True,False,False
980000000.0,80.0,,12250000.0,False,False,True,False,True,False,False,False,False,False,True
6350000000.0,185.0,4.0,34324324.324324325,False,False,False,False,False,True,False,False,False,True,False
980000000.0,80.0,,12250000.0,False,False,True,False,True,False,False,False,False,False,True
15500000000.0,62.0,,250000000.0,False,False,True,False,False,True,False,False,False,True,False
19000000000.0,43.0,,441860465.1162791,False,False,True,False,False,True,False,False,False,True,False
38000000000.0,176.0,,215909090.9090909,False,False,True,False,False,True,True,False,False,False,False
12850000000.0,37.0,,347297297.2972973,False,False,True,False,False,True,False,False,False,True,False
7200000000.0,60.0,,120000000.0,False,False,True,False,False,True,False,False,False,True,False
10000000000.0,117.0,3.0,85470085.47008547,False,False,False,False,False,True,False,True,False,False,False
8900000000.0,42.0,,211904761.9047619,False,False,True,False,False,True,False,False,False,True,False
21000000000.0,150.0,4.0,140000000.0,False,False,False,False,False,True,False,True,False,False,False
17500000000.0,123.0,,142276422.76422763,False,False,True,False,False,True,False,False,False,True,False
38000000000.0,96.0,,395833333.3333333,False,False,True,False,False,True,False,False,False,True,False
28500000000.0,326.0,,87423312.88343558,False,False,True,False,False,True,False,False,False,True,False
20800000000.0,68.0,,305882352.9411765,False,False,True,False,False,True,False,False,False,True,False
20500000000.0,76.0,,269736842.1052632,False,False,True,False,False,True,False,False,False,True,False
14190000000.0,86.0,2.0,165000000.0,False,False,False,False,False,True,False,True,False,False,False
5490000000.0,75.0,2.0,73200000.0,False,False,False,False,False,True,False,True,False,False,False
26000000000.0,59.0,,440677966.1016949,False,False,True,False,False,True,False,False,False,True,False
26000000000.0,60.0,,433333333.3333333,False,False,True,False,False,True,False,False,False,True,False
20000000000.0,68.0,,294117647.0588235,False,False,True,False,False,True,False,False,False,True,False
30500000000.0,120.0,,254166666.66666663,False,False,True,False,False,True,True,False,False,False,False
9500000000.0,95.0,3.0,100000000.0,False,False,False,False,False,True,False,True,False,False,False
22000000000.0,52.0,,423076923.0769231,False,False,True,False,False,True,False,False,False,True,False
25000000000.0,220.0,,113636363.63636364,False,False,True,False,False,True,False,False,False,True,False
7400000000.0,43.0,,172093023.25581396,False,False,True,False,False,True,False,False,False,True,False
7900000000.0,38.0,,207894736.84210527,False,False,True,False,False,True,False,False,False,True,False
7600000000.0,64.0,,118750000.0,False,False,True,False,False,True,False,False,False,True,False
18000000000.0,93.1,5.0,193340494.09237385,False,False,False,False,False,True,False,False,False,True,False
18200000000.0,148.0,15.0,122972972.97297296,False,False,False,False,False,True,False,False,True,False,False
16900000000.0,110.0,,153636363.63636363,False,False,True,False,False,True,False,False,False,True,False
2500000000.0,175.0,,14285714.285714284,False,False,True,False,False,True,False,False,False,False,True
10500000000.0,70.0,,150000000.0,False,False,True,False,False,True,False,False,False,True,False
5800000000.0,21.0,,276190476.1904762,False,False,True,False,False,True,False,False,False,True,False
8400000000.0,35.0,,240000000.0,False,False,True,False,False,True,False,False,False,True,False
7000000000.0,28.0,5.0,250000000.0,False,False,False,False,False,True,False,False,False,True,False
8000000000.0,30.0,,266666666.66666663,False,False,True,False,False,True,False,False,False,True,False
20000000000.0,81.0,,246913580.2469136,False,False,True,False,False,True,False,False,False,True,False
7100000000.0,36.0,,197222222.2222222,False,False,True,False,False,True,False,False,False,True,False
7100000000.0,36.0,2.0,197222222.2222222,False,False,False,False,False,True,False,False,False,True,False
8200000000.0,33.0,,248484848.4848485,False,False,True,False,False,True,False,False,False,True,False
7800000000.0,33.0,,236363636.3636364,False,False,True,False,False,True,False,False,False,True,False
11000000000.0,25.0,2.0,440000000.0,False,False,False,False,False,True,False,False,False,True,False
12000000000.0,42.0,,285714285.71428573,False,False,True,False,False,True,False,False,False,True,False
9200000000.0,55.0,4.0,167272727.27272728,False,False,False,False,False,True,False,False,False,True,False
7000000000.0,58.0,,120689655.1724138,False,False,True,False,False,True,False,False,False,True,False
11000000000.0,25.0,,440000000.0,False,False,True,False,False,True,False,False,False,True,False
2750000000.0,71.7,2.0,38354253.83542538,False,False,False,False,False,True,False,False,False,True,False
15500000000.0,65.5,,236641221.3740458,True,True,True,False,False,True,False,False,True,False,False
12800000000.0,98.0,,130612244.8979592,False,False,True,False,False,True,False,False,True,False,False
9900000000.0,191.0,,51832460.73298429,False,False,True,False,False,True,False,False,False,True,False
7200000000.0,65.0,,110769230.76923075,False,False,True,False,False,True,False,False,False,True,False
6500000000.0,68.0,,95588235.29411764,False,False,True,False,False,True,False,False,False,True,False
5880000000.0,54.0,,108888888.8888889,False,False,True,False,False,True,False,False,False,True,False
5500000000.0,100.0,,55000000.0,False,False,True,False,False,True,False,False,False,True,False
5300000000.0,72.0,,73611111.1111111,False,False,True,False,False,True,False,False,False,True,False
8800000000.0,78.0,,112820512.82051282,False,False,True,False,False,True,False,False,False,True,False
16800000000.0,90.0,,186666666.66666663,False,False,True,False,False,True,False,False,False,True,False
7500000000.0,162.0,,46296296.2962963,False,False,True,False,False,True,False,False,False,False,True
13900000000.0,240.0,20.0,57916666.66666666,False,False,False,False,False,True,False,False,False,True,False
11000000000.0,115.0,,95652173.91304348,False,False,True,False,False,True,False,False,False,True,False
7500000000.0,75.0,4.0,100000000.0,False,False,False,False,False,True,False,False,False,True,False
6900000000.0,76.0,4.0,90789473.68421052,False,False,False,False,False,True,False,False,False,True,False
7200000000.0,50.0,,144000000.0,False,False,True,False,False,True,False,False,False,True,False
10700000000.0,80.0,,133750000.0,False,False,True,False,False,True,False,False,False,True,False
9200000000.0,123.0,,74796747.96747968,False,False,True,False,False,True,False,False,False,True,False
8500000000.0,76.0,,111842105.26315787,False,False,True,False,False,True,False,False,False,True,False
11200000000.0,188.0,,59574468.08510638,False,False,True,False,False,True,False,False,False,True,False
5980000000.0,34.4,3.0,173837209.30232558,False,False,False,False,False,True,False,False,False,True,False
9450000000.0,62.0,,152419354.83870968,False,False,True,False,False,True,False,False,False,True,False
5350000000.0,70.0,2.0,76428571.42857143,False,False,False,False,False,True,False,True,False,False,False
5350000000.0,72.0,,74305555.55555555,False,False,True,False,False,True,False,False,True,False,False
4900000000.0,70.0,,70000000.0,False,False,True,False,False,True,False,False,True,False,False
8900000000.0,119.0,,74789915.96638656,False,False,True,False,False,True,False,True,False,False,False
7000000000.0,73.0,2.0,95890410.9589041,False,False,False,False,False,True,False,True,False,False,False
5500000000.0,70.0,,78571428.57142857,False,False,True,False,False,True,False,False,True,False,False
5400000000.0,70.0,2.0,77142857.14285715,False,False,False,False,False,True,False,True,False,False,False
16800000000.0,200.0,,84000000.0,False,False,True,False,False,True,False,False,False,False,True
10400000000.0,160.0,,65000000.0,False,False,True,False,False,True,False,False,False,False,True
8000000000.0,75.0,,106666666.66666669,False,False,True,False,False,True,True,False,False,False,False
6650000000.0,80.0,4.0,83125000.0,False,False,False,False,False,True,False,False,False,True,False
2100000000.0,63.0,3.0,33333333.33333333,False,False,False,False,True,False,False,False,False,True,False
18000000000.0,252.0,,71428571.42857143,False,False,True,False,False,True,False,False,False,True,False
12012000000.0,182.0,,66000000.0,False,False,True,False,False,True,False,False,False,False,True
7000000000.0,100.0,,70000000.0,False,False,True,False,False,True,False,False,False,False,True
18200000000.0,148.0,2.0,122972972.97297296,False,False,False,False,False,True,True,False,False,False,False
10800000000.0,71.04,,152027027.027027,False,False,True,False,False,True,False,False,False,True,False
8000000000.0,80.0,,100000000.0,False,False,True,False,False,True,False,False,False,True,False
38000000000.0,108.0,,351851851.8518519,False,False,True,False,False,True,False,False,False,True,False
7300000000.0,68.0,3.0,107352941.1764706,False,False,False,False,False,True,False,False,False,True,False
12900000000.0,125.0,,103200000.0,False,False,True,False,False,True,False,False,False,True,False
5880000000.0,100.0,,58800000.0,False,False,True,False,False,True,False,False,False,True,False
37000000000.0,300.0,,123333333.33333331,False,False,True,False,False,True,False,False,False,False,True
3900000000.0,85.0,,45882352.94117648,False,False,True,False,True,False,False,False,False,False,True
17500000000.0,108.0,,162037037.03703704,False,False,True,False,False,True,False,False,True,False,False
7400000000.0,68.0,,108823529.41176473,False,False,True,False,False,True,False,False,False,True,False
5790000000.0,137.0,,42262773.72262774,False,False,True,False,False,True,False,False,False,False,True
3150000000.0,85.0,2.0,37058823.52941176,False,False,False,False,False,True,False,True,False,False,False
2350000000.0,57.0,3.0,41228070.1754386,False,False,False,False,False,True,False,False,True,False,False
2400000000.0,60.0,,40000000.0,False,False,True,False,False,True,False,False,True,False,False
6990000000.0,30.0,,233000000.0,False,False,True,False,False,True,False,False,False,True,False
29990000000.0,140.0,10.0,214214285.7142857,False,False,False,False,False,True,False,False,False,True,False
18000000000.0,122.5,4.0,146938775.51020408,False,False,False,False,False,True,True,False,False,False,False
13500000000.0,119.0,12.0,113445378.15126052,False,False,False,False,False,True,False,True,False,False,False
4500000000.0,50.0,,90000000.0,False,False,True,False,False,True,False,False,False,False,True
9600000000.0,24.0,,400000000.0,False,False,True,False,False,True,False,False,False,True,False
5200000000.0,25.0,,208000000.0,False,False,True,False,False,True,False,False,False,True,False
9500000000.0,30.0,4.0,316666666.6666667,False,False,False,False,False,True,False,False,False,True,False
6950000000.0,24.0,3.0,289583333.3333333,False,False,False,False,False,True,False,False,False,True,False
16500000000.0,55.0,,300000000.0,False,False,True,False,False,True,False,False,False,True,False
16800000000.0,82.0,,204878048.7804878,False,False,True,False,False,True,False,False,False,True,False
3100000000.0,40.0,,77500000.0,False,False,True,False,False,True,False,False,False,True,False
8500000000.0,32.0,4.0,265625000.0,False,False,False,False,False,True,False,False,False,True,False
15950000000.0,56.0,4.0,284821428.5714286,False,False,False,False,False,True,False,False,False,True,False
6500000000.0,41.0,4.0,158536585.36585367,False,False,False,False,False,True,False,False,False,True,False
14500000000.0,55.0,,263636363.63636363,False,False,True,False,False,True,False,False,False,True,False
5500000000.0,26.0,2.0,211538461.53846157,False,False,False,False,False,True,False,False,False,True,False
8200000000.0,43.5,5.0,188505747.1264368,False,False,False,False,False,True,False,False,True,False,False
10900000000.0,36.0,,302777777.7777778,False,False,True,False,False,True,False,False,True,False,False
9300000000.0,40.0,,232500000.0,False,False,True,False,False,True,False,False,False,True,False
8800000000.0,37.0,3.0,237837837.83783785,False,False,False,False,False,True,False,False,True,False,False
18500000000.0,150.0,,123333333.33333331,False,False,True,False,False,True,False,False,False,True,False
4250000000.0,17.0,,250000000.0,False,False,True,False,False,True,False,False,False,True,False
5700000000.0,24.0,,237500000.0,False,False,True,False,False,True,False,False,False,True,False
15500000000.0,63.0,,246031746.03174603,False,False,True,False,False,True,False,False,False,True,False
5900000000.0,26.0,,226923076.92307693,False,False,True,False,False,True,False,False,False,True,False
10300000000.0,32.0,4.0,321875000.0,False,False,False,False,False,True,False,False,False,True,False
5500000000.0,100.0,,55000000.0,False,False,True,False,False,True,False,False,False,False,True
6900000000.0,33.0,4.0,209090909.0909091,False,False,False,False,False,True,False,False,True,False,False
8900000000.0,38.0,,234210526.31578943,False,False,True,False,False,True,False,False,False,True,False
8700000000.0,41.0,,212195121.9512195,False,False,True,False,False,True,False,False,False,True,False
8500000000.0,46.0,4.0,184782608.6956522,False,False,False,False,False,True,False,False,True,False,False
8990000000.0,32.0,2.0,280937500.0,False,False,False,False,False,True,False,False,False,True,False
6500000000.0,120.0,,54166666.66666666,False,False,True,False,False,True,False,False,False,False,True
4390000000.0,27.0,2.0,162592592.5925926,False,False,False,False,False,True,False,False,False,True,False
8900000000.0,80.0,4.0,111250000.0,False,False,False,False,False,True,False,False,False,True,False
7480000000.0,53.4,,140074906.3670412,False,False,True,False,False,True,False,False,False,True,False
8350000000.0,58.0,3.0,143965517.24137932,False,False,False,False,False,True,False,False,True,False,False
6800000000.0,45.0,3.0,151111111.1111111,False,False,False,False,False,True,False,False,False,True,False
15500000000.0,102.0,3.0,151960784.3137255,False,False,False,False,False,True,False,False,False,True,False
5950000000.0,31.0,2.0,191935483.87096772,False,False,False,False,False,True,False,False,False,True,False
8500000000.0,69.0,,123188405.79710144,False,False,True,False,False,True,False,False,False,True,False
8700000000.0,67.0,2.0,129850746.26865672,False,False,False,False,False,True,False,False,False,True,False
7000000000.0,50.0,,140000000.0,False,False,True,False,True,False,False,False,True,False,False
9300000000.0,83.0,5.0,112048192.77108434,False,False,False,False,False,True,False,False,False,True,False
7800000000.0,52.0,6.0,150000000.0,False,False,False,False,False,True,False,False,False,True,False
13000000000.0,98.0,4.0,132653061.2244898,False,False,False,False,False,True,False,False,False,True,False
8200000000.0,82.0,,100000000.0,False,False,True,False,False,True,False,False,False,True,False
4300000000.0,60.0,,71666666.66666667,False,False,True,False,True,False,False,False,True,False,False
1100000000.0,38.0,,28947368.42105263,False,False,True,False,True,False,False,True,False,False,False
5100000000.0,60.0,,85000000.0,False,False,True,False,False,True,False,False,False,True,False
12500000000.0,98.0,3.0,127551020.40816326,False,False,False,False,False,True,False,False,False,True,False
6300000000.0,68.0,,92647058.8235294,False,False,True,False,False,True,False,False,False,True,False
6500000000.0,56.0,,116071428.57142857,False,False,True,False,False,True,False,False,False,True,False
7900000000.0,80.0,,98750000.0,False,False,True,False,False,True,False,False,False,True,False
6800000000.0,68.0,4.0,100000000.0,False,False,False,False,False,True,False,False,False,True,False
7800000000.0,160.0,,48750000.0,False,False,True,False,False,True,False,False,False,True,False
9800000000.0,105.0,,93333333.33333331,False,False,True,False,False,True,False,False,False,False,True
12500000000.0,56.0,,223214285.7142857,False,False,True,False,False,True,False,False,True,False,False
5950000000.0,32.0,2.0,185937500.0,False,False,False,False,False,True,False,False,False,True,False
9000000000.0,37.0,4.0,243243243.24324325,False,False,False,False,False,True,False,False,False,True,False
4800000000.0,68.0,3.0,70588235.29411764,False,False,False,False,False,True,False,False,False,True,False
28500000000.0,176.0,,161931818.1818182,False,False,True,False,False,True,True,False,False,False,False
19400000000.0,97.0,2.0,200000000.0,False,False,False,False,False,True,False,True,False,False,False
6700000000.0,49.0,1.0,136734693.87755102,False,False,False,False,False,True,False,True,False,False,False
2394000000.0,61.4,2.0,38990228.01302932,False,False,False,False,True,False,False,False,True,False,False
7630000000.0,45.0,3.0,169555555.55555555,False,False,False,False,False,True,False,False,False,True,False
5470000000.0,40.0,3.0,136750000.0,False,False,False,False,False,True,False,False,False,True,False
8700000000.0,110.0,,79090909.0909091,False,False,True,False,False,True,False,False,False,True,False
4600000000.0,25.0,,184000000.0,False,False,True,False,False,True,False,False,False,True,False
5150000000.0,19.0,,271052631.57894737,False,False,True,False,False,True,False,False,False,True,False
9000000000.0,30.0,4.0,300000000.0,False,False,False,False,False,True,False,False,False,True,False
32000000000.0,125.0,3.0,256000000.0,False,False,False,False,False,True,False,False,True,False,False
11000000000.0,62.5,,176000000.0,True,True,True,False,False,True,False,False,False,True,False
14200000000.0,100.0,,142000000.0,False,False,True,False,False,True,False,False,False,True,False
14728000000.0,105.2,,140000000.0,False,False,True,False,False,True,False,False,False,True,False
14200000000.0,100.0,,142000000.0,False,False,True,False,False,True,False,False,False,True,False
14200000000.0,100.0,,142000000.0,False,False,True,False,False,True,False,False,True,False,False
14200000000.0,100.0,,142000000.0,False,False,True,False,False,True,False,False,False,True,False
8500000000.0,69.0,3.0,123188405.79710144,False,False,False,False,False,True,False,False,False,True,False
9800000000.0,60.0,5.0,163333333.33333334,False,False,False,False,False,True,False,False,True,False,False
8000000000.0,100.0,,80000000.0,False,False,True,False,False,True,False,False,False,True,False
9500000000.0,66.0,4.0,143939393.93939394,False,False,False,False,False,True,False,False,False,True,False
13500000000.0,82.0,,164634146.34146342,False,False,True,False,False,True,False,False,True,False,False
9500000000.0,25.0,3.0,380000000.0,False,False,False,False,False,True,False,False,True,False,False
4650000000.0,33.0,2.0,140909090.9090909,False,False,False,False,False,True,False,False,True,False,False
18900000000.0,110.0,,171818181.8181818,False,False,True,False,False,True,False,False,False,True,False
19600000000.0,110.0,,178181818.1818182,False,False,True,False,False,True,False,False,True,False,False
35000000000.0,175.0,,200000000.0,False,False,True,False,False,True,False,False,False,False,True
31000000000.0,140.0,3.0,221428571.42857143,False,False,False,False,False,True,False,False,True,False,False
6650000000.0,38.0,2.0,175000000.0,False,False,False,False,False,True,False,False,False,True,False
7550000000.0,72.0,,104861111.1111111,True,True,True,False,False,True,False,False,False,False,True
30000000000.0,201.0,9.0,149253731.3432836,False,False,False,False,False,True,True,False,False,False,False
15000000000.0,120.0,15.0,125000000.0,False,False,False,False,False,True,False,False,False,True,False
5250000000.0,30.0,2.0,175000000.0,False,False,False,False,False,True,False,False,False,True,False
12500000000.0,75.0,4.0,166666666.66666666,False,False,False,False,False,True,False,False,False,True,False
6900000000.0,78.0,,88461538.46153846,False,False,True,False,False,True,False,False,False,True,False
36000000000.0,152.0,,236842105.2631579,False,False,True,False,False,True,False,False,False,True,False
29500000000.0,82.0,,359756097.5609756,False,False,True,False,False,True,False,False,False,True,False
3900000000.0,233.0,,16738197.424892703,False,False,True,False,True,False,False,False,False,True,False
9890000000.0,114.0,,86754385.96491228,False,False,True,False,False,True,False,False,False,True,False
4350000000.0,72.0,2.0,60416666.66666666,False,False,False,False,False,True,False,False,True,False,False
4800000000.0,29.0,,165517241.37931034,False,False,True,False,False,True,False,False,False,True,False
12000000000.0,66.0,2.0,181818181.8181818,False,False,False,False,False,True,False,False,True,False,False
9900000000.0,60.95,,162428219.852338,True,True,True,False,False,True,False,False,False,False,True
33000000000.0,150.0,,220000000.0,False,False,True,False,False,True,False,False,False,False,True
34000000000.0,82.63,,411472830.6910324,False,False,True,False,False,True,False,False,True,False,False
31500000000.0,119.2,,264261744.9664429,False,False,True,False,False,True,False,False,False,False,True
3590000000.0,40.0,2.0,89750000.0,False,False,False,False,False,True,False,False,False,True,False
2790000000.0,57.0,2.0,48947368.42105264,False,False,False,False,False,True,False,True,False,False,False
6090000000.0,37.6,3.0,161968085.10638297,False,False,False,False,False,True,False,False,False,True,False
3290000000.0,25.0,,131600000.0,False,False,True,False,False,True,False,False,False,True,False
6500000000.0,78.0,4.0,83333333.33333333,False,False,False,False,False,True,False,False,False,True,False
1750000000.0,52.0,2.0,33653846.15384615,False,False,False,False,True,False,False,True,False,False,False
11000000000.0,75.0,,146666666.66666666,False,False,True,False,True,False,False,False,True,False,False
6000000000.0,47.0,2.0,127659574.46808513,False,False,False,False,False,True,False,False,False,True,False
12000000000.0,280.0,,42857142.85714286,False,False,True,False,False,True,False,False,False,False,True
9000000000.0,86.0,3.0,104651162.79069768,False,False,False,False,False,True,False,False,True,False,False
7000000000.0,74.8,2.0,93582887.70053476,False,False,False,False,False,True,False,True,False,False,False
4000000000.0,51.0,1.0,78431372.5490196,False,False,False,False,False,True,False,True,False,False,False
12000000000.0,85.1,3.0,141010575.7931845,False,False,False,False,False,True,False,False,False,True,False
7399000000.0,75.0,,98653333.33333331,False,False,True,False,False,True,False,False,False,True,False
6850000000.0,42.0,,163095238.0952381,False,False,True,False,False,True,False,False,False,True,False
21000000000.0,99.0,18.0,212121212.12121207,False,False,False,False,False,True,False,False,False,True,False
2300000000.0,53.0,2.0,43396226.41509434,False,False,False,False,True,False,False,True,False,False,False
6900000000.0,77.0,2.0,89610389.6103896,False,False,False,False,False,True,False,False,True,False,False
14600000000.0,338.0,,43195266.27218935,False,False,True,False,False,True,False,False,False,True,False
3120000000.0,84.0,2.0,37142857.14285714,False,False,False,False,False,True,False,True,False,False,False
3400000000.0,53.03,2.0,64114652.08372619,False,False,False,False,False,True,False,True,False,False,False
7999000000.0,28.2,,283652482.26950353,False,False,True,False,False,True,False,False,False,True,False
1100000000.0,58.0,2.0,18965517.24137931,False,True,False,False,False,True,False,False,True,False,False
2900000000.0,68.0,,42647058.823529415,False,False,True,False,False,True,False,True,False,False,False
2300000000.0,36.0,,63888888.88888889,False,False,True,False,False,True,False,False,True,False,False
2250000000.0,33.0,,68181818.18181819,False,False,True,False,False,True,False,False,True,False,False
10000000000.0,60.0,,166666666.66666666,False,False,True,False,False,True,False,False,True,False,False
2700000000.0,47.0,1.0,57446808.5106383,False,False,False,False,False,True,False,True,False,False,False
1500000000.0,55.0,2.0,27272727.272727277,False,False,False,False,False,True,False,True,False,False,False
1200000000.0,60.0,2.0,20000000.0,False,False,False,False,False,True,False,True,False,False,False
2300000000.0,35.0,,65714285.71428572,False,False,True,False,False,True,False,False,False,True,False
7000000000.0,48.0,,145833333.33333334,False,False,True,False,False,True,False,False,False,True,False
8990000000.0,75.0,,119866666.66666669,False,False,True,False,False,True,False,False,True,False,False
25000000000.0,231.0,,108225108.22510822,False,False,True,False,False,True,False,False,False,True,False
11950000000.0,71.0,2.0,168309859.15492958,False,False,False,False,False,True,False,False,False,True,False
11500000000.0,96.0,7.0,119791666.66666669,False,False,False,False,False,True,False,False,False,True,False
10290000000.0,60.0,3.0,171500000.0,False,False,False,False,False,True,False,False,False,True,False
35500000000.0,232.0,,153017241.37931034,False,False,True,False,False,True,True,False,False,False,False
32999000000.0,265.0,4.0,124524528.3018868,False,False,False,False,False,True,True,False,False,False,False
14250000000.0,300.0,,47500000.0,False,False,True,False,False,True,False,False,False,False,True
22000000000.0,119.0,6.0,184873949.57983196,False,False,False,False,False,True,True,False,False,False,False
7800000000.0,55.0,,141818181.8181818,False,False,True,False,False,True,False,False,False,True,False
16990000000.0,165.0,8.0,102969696.96969695,False,False,False,False,False,True,False,False,False,True,False
10500000000.0,80.0,,131250000.0,False,False,True,False,False,True,True,False,False,False,False
1456000000.0,104.0,,14000000.0,False,False,True,False,True,False,False,False,False,True,False
19500000000.0,297.0,,65656565.65656566,False,False,True,False,False,True,True,False,False,False,False
2900000000.0,40.0,,72500000.0,False,False,True,False,False,True,False,False,True,False,False
2750000000.0,68.0,2.0,40441176.47058824,False,False,False,False,False,True,False,True,False,False,False
980000000.0,80.0,,12250000.0,False,False,True,False,True,False,False,False,False,False,True
2200000000.0,53.0,,41509433.96226415,False,False,True,False,False,True,False,False,True,False,False
13200000000.0,36.0,,366666666.6666667,False,True,True,False,False,True,False,False,False,True,False
10900000000.0,89.0,4.0,122471910.11235955,False,False,False,False,False,True,False,False,False,True,False
9700000000.0,95.0,,102105263.15789472,False,False,True,False,False,True,False,False,True,False,False
5250000000.0,127.0,3.0,41338582.67716535,False,False,False,False,False,True,False,False,True,False,False
15800000000.0,190.0,4.0,83157894.73684211,False,False,False,False,False,True,True,False,False,False,False
12600000000.0,152.0,4.0,82894736.84210527,False,False,False,False,False,True,False,False,False,True,False
1920000000.0,40.0,1.0,48000000.0,False,False,False,False,True,False,False,False,True,False,False
14500000000.0,57.2,,253496503.49650347,False,False,True,False,False,True,False,False,True,False,False
20000000000.0,102.0,,196078431.37254903,False,False,True,False,False,True,False,False,True,False,False
15000000000.0,130.0,6.0,115384615.3846154,False,False,False,False,False,True,True,False,False,False,False
3200000000.0,38.6,,82901554.40414508,False,False,True,False,False,True,False,True,False,False,False
13500000000.0,72.0,3.0,187500000.0,False,False,False,False,False,True,False,False,False,True,False
30000000000.0,203.58,,147362216.32773355,False,False,True,False,False,True,True,False,False,False,False
3900000000.0,233.0,,16738197.424892703,False,False,True,False,True,False,False,False,False,False,True
3600000000.0,81.5,,44171779.141104296,False,False,True,False,False,True,False,False,False,False,True
5900000000.0,110.0,,53636363.63636363,False,False,True,False,False,True,False,False,False,True,False
2200000000.0,55.0,,40000000.0,False,False,True,False,False,True,False,False,True,False,False
3900000000.0,233.0,,16738197.424892703,False,False,True,False,True,False,False,False,False,True,False
4400000000.0,45.0,1.0,97777777.77777778,False,False,False,False,False,True,False,False,True,False,False
2750000000.0,65.0,,42307692.307692304,False,True,True,False,True,False,False,True,False,False,False
6500000000.0,115.7,,56179775.28089888,False,False,True,False,False,True,False,False,False,False,True
1900000000.0,48.54,2.0,39142974.86608982,False,False,False,False,False,True,False,True,False,False,False
2100000000.0,52.0,2.0,40384615.38461538,False,False,False,False,False,True,False,False,True,False,False
2400000000.0,60.0,,40000000.0,False,False,True,False,False,True,False,False,True,False,False
890000000.0,70.0,,12714285.714285716,False,False,True,False,True,False,False,False,False,False,True
19000000000.0,34.0,,558823529.4117647,False,False,True,False,False,True,False,False,False,True,False
5000000000.0,58.0,2.0,86206896.55172414,False,False,False,False,False,True,False,False,False,True,False
3990000000.0,67.5,,59111111.11111111,False,False,True,False,True,False,False,False,False,True,False
3900000000.0,233.0,,16738197.424892703,False,False,True,False,True,False,False,False,False,True,False
6900000000.0,209.0,3.0,33014354.066985644,False,False,False,False,True,False,False,False,False,True,False
3535000000.0,70.0,2.0,50500000.0,False,False,False,False,True,False,False,False,True,False,False
3990000000.0,67.5,,59111111.11111111,False,False,True,False,True,False,False,False,False,True,False
3990000000.0,67.5,,59111111.11111111,False,False,True,False,True,False,False,False,False,True,False
17000000000.0,257.0,,66147859.92217899,False,False,True,False,False,True,False,False,False,True,False
3900000000.0,233.0,,16738197.424892703,False,False,True,False,True,False,False,False,False,True,False
28490000000.0,188.0,,151542553.19148937,False,False,True,False,False,True,False,False,False,True,False
1600000000.0,120.0,,13333333.333333334,False,False,True,True,False,False,False,False,False,False,True
3900000000.0,233.0,,16738197.424892703,False,False,True,False,True,False,False,False,False,True,False
3060000000.0,68.0,2.0,45000000.0,False,False,False,False,False,True,False,True,False,False,False
3900000000.0,233.0,,16738197.424892703,False,False,True,False,True,False,False,False,False,True,False
3900000000.0,233.0,,16738197.424892703,False,False,True,False,True,False,False,False,False,True,False
5350000000.0,240.0,,22291666.666666668,False,False,True,True,False,False,False,False,False,True,False
3027000000.0,60.54,,50000000.0,False,False,True,False,False,True,False,False,True,False,False
3900000000.0,233.0,,16738197.424892703,False,False,True,False,True,False,False,False,False,True,False
3900000000.0,243.0,,16049382.716049382,False,False,True,False,True,False,False,False,False,True,False
3990000000.0,67.5,20.0,59111111.11111111,False,False,False,False,True,False,False,False,False,True,False
3990000000.0,67.5,,59111111.11111111,False,False,True,False,True,False,False,False,False,True,False
3900000000.0,243.0,,16049382.716049382,False,False,True,False,True,False,False,False,False,True,False
29000000000.0,112.0,,258928571.42857143,False,False,True,False,False,True,False,False,False,True,False
3540000000.0,62.0,2.0,57096774.19354839,False,False,False,False,False,True,False,False,True,False,False
2500000000.0,57.0,2.0,43859649.12280702,False,False,False,False,False,True,False,True,False,False,False
1100000000.0,55.0,2.0,20000000.0,False,False,False,False,False,True,False,True,False,False,False
10000000000.0,52.0,1.0,192307692.30769232,False,False,False,False,False,True,False,False,True,False,False
1800000000.0,62.8,2.0,28662420.382165607,False,False,False,False,True,False,False,True,False,False,False
2950000000.0,60.0,,49166666.66666666,False,False,True,False,False,True,False,True,False,False,False
2600000000.0,59.0,2.0,44067796.61016949,False,False,False,False,False,True,False,True,False,False,False
1300000000.0,60.0,2.0,21666666.666666668,False,False,False,False,False,True,False,True,False,False,False
2450000000.0,55.0,2.0,44545454.54545455,False,False,False,False,False,True,False,False,True,False,False
2300000000.0,33.0,,69696969.6969697,False,False,True,False,False,True,False,False,True,False,False
2364000000.0,36.0,,65666666.66666666,False,False,True,False,False,True,False,False,True,False,False
1250000000.0,65.0,2.0,19230769.230769232,False,False,False,False,False,True,False,True,False,False,False
5400000000.0,51.8,4.0,104247104.24710426,False,False,False,False,False,True,False,False,False,True,False
5400000000.0,51.8,4.0,104247104.24710426,False,False,False,False,False,True,False,False,False,True,False
2450000000.0,11.0,,222727272.72727272,False,False,True,False,False,True,False,False,True,False,False
4500000000.0,197.0,,22842639.59390863,False,False,True,False,False,True,False,True,False,False,False
640000000.0,32.0,1.0,20000000.0,False,False,False,False,False,True,False,True,False,False,False
1000000000.0,50.0,2.0,20000000.0,False,False,False,False,False,True,False,True,False,False,False
1420000000.0,69.0,3.0,20579710.14492753,True,False,False,False,True,False,False,False,False,True,False
12500000000.0,55.0,6.0,227272727.27272728,False,False,False,False,False,True,False,False,True,False,False
1090000000.0,55.0,2.0,19818181.818181816,False,False,False,False,False,True,False,False,True,False,False
1100000000.0,50.0,2.0,22000000.0,False,False,False,False,False,True,False,True,False,False,False
2600000000.0,60.0,2.0,43333333.333333336,False,False,False,False,False,True,False,False,False,True,False
1450000000.0,70.0,2.0,20714285.714285716,False,False,False,False,False,True,False,False,True,False,False
1300000000.0,60.0,2.0,21666666.666666668,False,False,False,False,False,True,False,True,False,False,False
1200000000.0,65.0,2.0,18461538.46153846,False,False,False,False,False,True,False,False,False,True,False
2700000000.0,47.0,,57446808.5106383,False,False,True,False,False,True,False,True,False,False,False
2700000000.0,52.0,,51923076.92307692,False,False,True,False,False,True,False,True,False,False,False
2300000000.0,33.0,,69696969.6969697,False,False,True,False,False,True,False,True,False,False,False
2600000000.0,59.0,,44067796.61016949,False,False,True,False,False,True,False,True,False,False,False
2800000000.0,69.0,2.0,40579710.14492754,False,False,False,False,False,True,False,False,True,False,False
1450000000.0,55.0,,26363636.363636363,False,False,True,False,False,True,False,True,False,False,False
9510500000.0,125.0,,76084000.0,True,False,True,False,False,True,False,False,True,False,False
12700000000.0,217.0,,58525345.62211981,True,False,True,False,False,True,False,False,False,False,True
4500000000.0,80.0,,56250000.0,False,False,True,False,False,True,False,False,False,True,False
5900000000.0,100.0,,59000000.0,True,True,True,True,False,False,False,False,True,False,False
1690000000.0,43.9,2.0,38496583.14350797,False,False,False,False,True,False,False,True,False,False,False
2300000000.0,61.0,2.0,37704918.03278688,True,True,False,False,True,False,False,True,False,False,False
3900000000.0,100.0,2.0,39000000.0,False,True,False,False,False,True,False,False,True,False,False
7200000000.0,178.0,2.0,40449438.20224719,False,False,False,False,False,True,False,False,False,False,True
8950000000.0,63.0,6.0,142063492.06349206,False,False,False,False,False,True,False,False,True,False,False
12600000000.0,48.0,,262500000.0,False,False,True,False,False,True,False,False,False,True,False
8900000000.0,82.0,,108536585.36585364,False,False,True,False,False,True,False,False,False,True,False
6500000000.0,40.0,,162500000.0,False,False,True,False,False,True,False,False,False,True,False
6350000000.0,41.0,2.0,154878048.7804878,False,False,False,False,False,True,False,False,False,True,False
16500000000.0,114.0,,144736842.10526314,False,False,True,False,False,True,False,False,False,True,False
3900000000.0,40.0,,97500000.0,False,False,True,False,False,True,False,False,False,True,False
3800000000.0,28.0,3.0,135714285.7142857,False,False,False,False,False,True,False,False,True,False,False
4500000000.0,36.0,2.0,125000000.0,False,False,False,False,False,True,False,False,False,True,False
4900000000.0,27.0,3.0,181481481.4814815,False,False,False,False,False,True,False,False,False,True,False
7950000000.0,67.0,4.0,118656716.41791044,False,False,False,False,False,True,False,False,False,True,False
28000000000.0,110.0,5.0,254545454.54545453,False,False,False,False,False,True,False,False,False,True,False
4870000000.0,18.0,2.0,270555555.5555556,False,False,False,False,False,True,False,False,False,True,False
4868000000.0,50.0,,97360000.0,False,False,True,False,False,True,False,False,True,False,False
3990000000.0,40.0,,99750000.0,False,False,True,False,False,True,False,False,False,True,False
25500000000.0,135.0,,188888888.8888889,False,False,True,False,False,True,False,False,False,True,False
3830000000.0,68.0,,56323529.4117647,False,False,True,False,True,False,False,False,True,False,False
2750000000.0,50.0,,55000000.0,False,False,True,False,True,False,False,True,False,False,False
6225000000.0,95.0,,65526315.78947368,True,True,True,False,True,False,False,False,False,True,False
2200000000.0,54.0,2.0,40740740.74074074,False,False,False,False,True,False,False,True,False,False,False
11400000000.0,135.0,,84444444.44444445,False,False,True,False,False,True,False,False,False,True,False
2700000000.0,66.0,2.0,40909090.90909091,False,False,False,False,True,False,False,True,False,False,False
2750000000.0,26.0,2.0,105769230.76923075,False,False,False,False,False,True,False,False,False,True,False
8500000000.0,34.0,3.0,250000000.0,False,False,False,False,False,True,False,False,False,True,False
7500000000.0,44.0,3.0,170454545.45454547,False,False,False,False,False,True,False,False,False,True,False
15600000000.0,60.0,3.0,260000000.0,False,False,False,False,False,True,False,False,False,True,False
3500000000.0,90.0,,38888888.88888889,False,False,True,False,True,False,False,False,True,False,False
2500000000.0,61.0,,40983606.55737705,False,False,True,False,False,True,False,True,False,False,False
1150000000.0,53.0,2.0,21698113.20754717,False,False,False,False,False,True,False,False,True,False,False
2300000000.0,36.0,,63888888.88888889,False,False,True,False,False,True,False,True,False,False,False
8500000000.0,32.0,7.0,265625000.0,False,False,False,False,False,True,False,False,False,True,False
16000000000.0,41.0,6.0,390243902.4390244,False,False,False,False,False,True,False,False,False,True,False
1302000000.0,37.7,,34535809.01856764,False,False,True,False,True,False,False,False,True,False,False
1950000000.0,51.8,,37644787.64478765,False,False,True,False,False,True,False,False,True,False,False
2750000000.0,50.0,,55000000.0,False,False,True,False,True,False,False,True,False,False,False
4350000000.0,56.0,,77678571.42857143,False,False,True,False,False,True,False,True,False,False,False
2500000000.0,99.0,,25252525.25252525,False,False,True,False,True,False,False,False,True,False,False
9335000000.0,95.0,2.0,98263157.89473684,False,True,False,False,True,False,False,False,True,False,False
2800000000.0,150.0,,18666666.666666668,True,False,True,False,True,False,False,False,False,False,True
6600000000.0,42.0,,157142857.14285713,False,False,True,False,False,True,False,False,True,False,False
8500000000.0,49.0,,173469387.75510204,False,False,True,False,False,True,False,False,False,True,False
40000000000.0,200.0,,200000000.0,False,False,True,False,False,True,True,False,False,False,False
12000000000.0,138.0,,86956521.73913044,False,False,True,False,False,True,False,False,False,True,False
36500000000.0,152.0,,240131578.9473684,False,False,True,False,False,True,False,False,False,True,False
1550000000.0,96.0,,16145833.333333334,False,False,True,True,False,False,False,False,True,False,False
7800000000.0,21.0,3.0,371428571.4285714,False,False,False,False,False,True,False,False,False,True,False
32000000000.0,226.0,,141592920.3539823,False,False,True,False,False,True,False,False,False,True,False
10000000000.0,60.0,,166666666.66666666,False,False,True,False,False,True,False,False,False,True,False
12500000000.0,96.0,,130208333.33333331,False,False,True,False,False,True,False,False,False,True,False
32000000000.0,160.0,,200000000.0,False,False,True,False,False,True,False,False,False,False,True
33000000000.0,183.0,6.0,180327868.852459,False,False,False,False,False,True,True,False,False,False,False
6300000000.0,68.0,,92647058.8235294,True,True,True,False,False,True,False,False,True,False,False
7120000000.0,86.7,,82122260.66897348,False,True,True,False,False,True,False,True,False,False,False
11363000000.0,86.7,,131061130.33448674,False,True,True,False,False,True,False,False,False,True,False
1960000000.0,49.0,2.0,40000000.0,False,False,False,False,False,True,False,False,True,False,False
2200000000.0,48.0,2.0,45833333.333333336,False,False,False,False,False,True,False,False,False,True,False
2240000000.0,56.0,2.0,40000000.0,False,False,False,False,False,True,False,False,True,False,False
2300000000.0,61.0,2.0,37704918.03278688,True,True,False,False,True,False,False,False,True,False,False
2200000000.0,61.0,2.0,36065573.7704918,False,True,False,False,True,False,False,True,False,False,False
2300000000.0,61.0,2.0,37704918.03278688,False,True,False,False,True,False,False,False,False,True,False
1980000000.0,61.0,2.0,32459016.393442623,False,True,False,False,True,False,False,False,True,False,False
2300000000.0,61.0,2.0,37704918.03278688,False,True,False,False,True,False,False,False,True,False,False
2400000000.0,61.0,2.0,39344262.295081966,False,True,False,False,True,False,False,True,False,False,False
2270000000.0,61.0,2.0,37213114.75409836,False,True,False,False,True,False,False,True,False,False,False
1800000000.0,61.0,2.0,29508196.72131148,False,True,False,False,True,False,False,False,True,False,False
2130000000.0,61.0,2.0,34918032.78688525,False,True,False,False,True,False,False,False,True,False,False
2300000000.0,61.0,2.0,37704918.03278688,False,True,False,False,True,False,False,False,False,True,False
2270000000.0,61.0,2.0,37213114.75409836,False,True,False,False,True,False,False,False,False,True,False
2300000000.0,61.0,2.0,37704918.03278688,True,True,False,False,True,False,False,False,False,True,False
2090000000.0,61.0,2.0,34262295.08196721,False,True,False,False,True,False,False,True,False,False,False
2520000000.0,61.0,,41311475.40983607,False,True,True,False,True,False,False,True,False,False,False
2050000000.0,61.0,2.0,33606557.37704918,False,True,False,False,True,False,False,True,False,False,False
2150000000.0,61.0,2.0,35245901.63934426,False,True,False,False,True,False,False,False,True,False,False
1350000000.0,61.0,,22131147.54098361,False,True,True,False,True,False,False,False,False,True,False
1800000000.0,61.0,2.0,29508196.72131148,False,True,False,False,True,False,False,False,True,False,False
3200000000.0,61.0,3.0,52459016.39344262,False,True,False,False,True,False,False,True,False,False,False
2090000000.0,61.0,2.0,34262295.08196721,False,True,False,False,True,False,False,False,False,True,False
2250000000.0,61.0,2.0,36885245.90163934,False,True,False,False,True,False,False,False,False,True,False
2420000000.0,61.0,2.0,39672131.14754099,False,True,False,False,True,False,False,False,True,False,False
2300000000.0,61.0,2.0,37704918.03278688,False,True,False,False,True,False,False,True,False,False,False
2280000000.0,61.0,2.0,37377049.18032787,False,True,False,False,True,False,False,False,False,True,False
1900000000.0,61.0,2.0,31147540.98360656,False,True,False,False,True,False,False,False,False,True,False
2320000000.0,61.0,2.0,38032786.885245904,False,True,False,False,True,False,False,False,False,True,False
1890000000.0,61.0,2.0,30983606.557377048,False,True,False,False,True,False,False,False,True,False,False
1800000000.0,61.0,2.0,29508196.72131148,False,True,False,False,True,False,False,True,False,False,False
2100000000.0,61.0,2.0,34426229.50819672,False,True,False,False,True,False,False,False,True,False,False
2000000000.0,61.0,2.0,32786885.24590164,False,True,False,False,True,False,False,False,True,False,False
1800000000.0,61.0,2.0,29508196.72131148,False,True,False,False,True,False,False,True,False,False,False
3290000000.0,61.0,3.0,53934426.2295082,False,True,False,False,True,False,False,False,True,False,False
2100000000.0,61.0,2.0,34426229.50819672,False,True,False,False,True,False,False,False,True,False,False
2050000000.0,61.0,2.0,33606557.37704918,False,True,False,False,True,False,False,False,False,True,False
2020000000.0,61.0,2.0,33114754.09836065,False,True,False,False,True,False,False,True,False,False,False
1600000000.0,61.0,1.0,26229508.19672131,False,True,False,False,True,False,False,False,True,False,False
3020000000.0,61.0,3.0,49508196.72131147,False,True,False,False,True,False,False,False,True,False,False
1950000000.0,61.0,2.0,31967213.1147541,False,True,False,False,True,False,False,False,False,True,False
2010000000.0,61.0,2.0,32950819.672131147,False,True,False,False,True,False,False,True,False,False,False
1800000000.0,61.0,2.0,29508196.72131148,False,True,False,False,True,False,False,False,True,False,False
3080000000.0,59.0,,52203389.83050848,False,False,True,False,False,True,False,False,False,False,True
5850000000.0,240.0,4.0,24375000.0,False,False,False,False,False,True,False,False,False,True,False
2250000000.0,100.0,2.0,22500000.0,False,False,False,True,False,False,False,False,False,True,False
3900000000.0,25.0,,156000000.0,False,False,True,False,False,True,False,False,True,False,False
13900000000.0,44.0,,315909090.90909094,False,False,True,False,False,True,False,False,False,True,False
26500000000.0,160.0,,165625000.0,False,False,True,False,False,True,False,False,False,True,False
2950000000.0,80.0,3.0,36875000.0,False,False,False,False,False,True,False,False,False,True,False
1500000000.0,100.0,,15000000.0,False,False,True,False,False,True,False,False,False,False,True
13000000000.0,235.0,,55319148.93617021,False,False,True,True,False,False,False,False,True,False,False
2500000000.0,50.0,,50000000.0,False,False,True,True,False,False,False,True,False,False,False
15162000000.0,84.0,,180500000.0,False,False,True,False,False,True,False,False,False,True,False
2589000000.0,61.0,2.0,42442622.95081967,False,True,False,False,True,False,False,True,False,False,False
2500000000.0,50.0,,50000000.0,False,False,True,False,False,True,False,False,False,True,False
2800000000.0,60.0,2.0,46666666.66666666,False,False,False,False,False,True,False,True,False,False,False
3000000000.0,69.0,2.0,43478260.86956522,False,False,False,False,False,True,False,True,False,False,False
3900000000.0,44.0,,88636363.63636364,False,False,True,False,False,True,False,True,False,False,False
2700000000.0,47.0,,57446808.5106383,False,False,True,False,False,True,False,False,True,False,False
3550000000.0,71.0,,50000000.0,False,False,True,False,False,True,False,False,True,False,False
1950000000.0,150.0,3.0,13000000.0,False,False,False,False,False,True,False,False,False,True,False
26500000000.0,120.0,,220833333.3333333,False,False,True,False,False,True,False,False,False,True,False
4300000000.0,74.0,2.0,58108108.10810811,False,False,False,True,False,False,False,True,False,False,False
2100000000.0,44.0,2.0,47727272.72727273,False,False,False,False,False,True,False,False,False,True,False
18000000000.0,57.0,,315789473.68421054,False,False,True,False,False,True,False,False,False,True,False
6700000000.0,37.0,,181081081.0810811,False,False,True,False,False,True,False,False,False,True,False
8000000000.0,157.9,,50664977.8340722,False,False,True,False,False,True,False,False,False,False,True
8427000000.0,78.0,2.0,108038461.53846154,False,True,False,False,False,True,False,False,True,False,False
7692000000.0,78.0,2.0,98615384.6153846,False,True,False,False,False,True,False,True,False,False,False
8100000000.0,208.0,,38942307.692307696,False,False,True,False,True,False,False,False,False,True,False
4300000000.0,29.0,,148275862.06896552,False,False,True,False,False,True,False,False,False,True,False
3000000000.0,38.6,,77720207.25388601,False,False,True,False,False,True,False,True,False,False,False
11500000000.0,240.0,,47916666.66666666,False,False,True,True,False,False,False,False,True,False,False
2160000000.0,54.0,2.0,40000000.0,False,False,False,False,False,True,False,False,True,False,False
2280000000.0,57.0,,40000000.0,False,False,True,False,False,True,False,False,True,False,False
8600000000.0,64.0,,134375000.0,False,False,True,False,False,True,False,False,False,True,False
6650000000.0,80.0,,83125000.0,False,False,True,False,False,True,False,False,False,True,False
3800000000.0,60.0,2.0,63333333.333333336,False,True,False,False,True,False,False,False,True,False,False
2600000000.0,88.5,2.0,29378531.07344633,True,True,False,False,True,False,False,True,False,False,False
3600000000.0,69.0,,52173913.04347826,False,False,True,False,False,True,False,True,False,False,False
5900000000.0,100.0,,59000000.0,True,True,True,True,False,False,False,False,False,True,False
7500000000.0,89.2,,84080717.48878923,False,False,True,False,False,True,False,False,False,False,True
4850000000.0,19.0,2.0,255263157.8947369,False,False,False,False,False,True,False,False,False,True,False
1100000000.0,50.0,2.0,22000000.0,False,False,False,False,False,True,False,True,False,False,False
5800000000.0,30.0,,193333333.3333333,False,False,True,False,False,True,False,False,False,True,False
1100000000.0,50.0,2.0,22000000.0,False,False,False,False,False,True,False,True,False,False,False
1080000000.0,55.0,2.0,19636363.63636364,False,False,False,False,False,True,False,True,False,False,False
2300000000.0,33.0,,69696969.6969697,False,False,True,False,False,True,False,False,True,False,False
2700000000.0,50.0,2.0,54000000.0,False,False,False,False,False,True,False,False,True,False,False
32000000000.0,160.0,,200000000.0,False,False,True,False,False,True,False,False,False,False,True
11000000000.0,90.0,,122222222.22222222,False,False,True,False,False,True,False,False,False,False,True
25000000000.0,200.0,,125000000.0,False,False,True,False,False,True,True,False,False,False,False
3000000000.0,62.0,,48387096.77419355,False,False,True,False,False,True,False,False,True,False,False
4950000000.0,20.0,,247500000.0,False,False,True,False,False,True,False,False,False,True,False
5100000000.0,28.0,3.0,182142857.14285716,False,False,False,False,False,True,False,False,False,True,False
4350000000.0,27.0,2.0,161111111.1111111,False,False,False,False,False,True,False,False,False,True,False
5900000000.0,54.0,2.0,109259259.25925924,False,False,False,False,False,True,False,False,False,True,False
2750000000.0,50.0,,55000000.0,False,False,True,False,True,False,False,True,False,False,False
8900000000.0,101.0,,88118811.88118812,False,False,True,False,False,True,False,True,False,False,False
3600000000.0,78.0,3.0,46153846.15384615,False,False,False,False,True,False,False,True,False,False,False
15400000000.0,49.0,,314285714.28571427,True,False,True,True,False,False,False,True,False,False,False
1200000000.0,35.0,,34285714.28571428,False,False,True,True,False,False,False,True,False,False,False
5790000000.0,42.0,,137857142.85714287,False,False,True,False,False,True,False,False,True,False,False
11990000000.0,70.0,,171285714.2857143,False,False,True,False,False,True,False,False,False,False,True
10000000000.0,80.0,3.0,125000000.0,False,False,False,False,False,True,False,False,False,True,False
3830000000.0,67.0,1.0,57164179.104477614,False,False,False,False,True,False,False,False,False,True,False
4350000000.0,50.0,,87000000.0,False,False,True,False,False,True,False,False,True,False,False
13900000000.0,200.0,,69500000.0,False,False,True,False,False,True,False,False,False,True,False
6450000000.0,53.0,,121698113.20754716,False,False,True,False,False,True,False,False,False,True,False
2750000000.0,66.0,,41666666.66666666,True,False,True,False,True,False,False,False,False,True,False
15000000000.0,155.0,4.0,96774193.5483871,False,False,False,False,False,True,False,False,False,True,False
10800000000.0,80.0,4.0,135000000.0,False,True,False,False,False,True,False,False,False,True,False
28500000000.0,275.0,7.0,103636363.63636364,False,False,False,False,False,True,True,False,False,False,False
12200000000.0,152.0,2.0,80263157.89473684,False,False,False,False,False,True,False,False,False,True,False
11000000000.0,112.0,,98214285.71428572,False,False,True,False,False,True,False,False,True,False,False
12000000000.0,82.0,,146341463.41463414,False,False,True,False,False,True,False,False,False,True,False
14000000000.0,135.0,10.0,103703703.7037037,False,False,False,False,False,True,False,False,False,True,False
7500000000.0,90.0,4.0,83333333.33333333,False,False,False,False,False,True,False,False,False,True,False
9700000000.0,92.0,5.0,105434782.60869566,False,False,False,False,False,True,False,False,True,False,False
15500000000.0,185.0,,83783783.78378378,False,False,True,False,False,True,False,False,True,False,False
9800000000.0,157.0,4.0,62420382.1656051,False,False,False,False,False,True,True,False,False,False,False
6900000000.0,94.0,2.0,73404255.31914894,False,False,False,False,False,True,True,False,False,False,False
14000000000.0,155.0,4.0,90322580.64516129,False,False,False,False,False,True,False,False,False,True,False
5980000000.0,44.0,3.0,135909090.9090909,False,False,False,False,False,True,False,False,False,True,False
8000000000.0,43.0,5.0,186046511.62790695,False,False,False,False,False,True,False,False,False,True,False
7800000000.0,70.0,,111428571.42857143,False,False,True,False,False,True,False,False,False,True,False
1960000000.0,49.0,2.0,40000000.0,False,False,False,False,False,True,False,False,True,False,False
5680000000.0,29.0,2.0,195862068.96551725,False,False,False,False,False,True,False,False,False,True,False
25000000000.0,90.0,4.0,277777777.7777778,False,False,False,False,False,True,False,False,False,True,False
3150000000.0,23.0,2.0,136956521.73913044,False,False,False,False,False,True,False,False,False,True,False
6150000000.0,42.0,,146428571.42857143,False,False,True,False,False,True,False,False,False,True,False
2400000000.0,44.0,,54545454.54545455,False,False,True,False,True,False,False,True,False,False,False
5800000000.0,44.0,,131818181.8181818,False,False,True,False,False,True,False,False,False,True,False
9000000000.0,45.0,,200000000.0,False,False,True,False,False,True,False,False,False,True,False
3300000000.0,32.0,,103125000.0,False,False,True,False,False,True,False,False,False,True,False
2850000000.0,21.0,,135714285.7142857,False,False,True,False,False,True,False,False,False,True,False
2850000000.0,24.0,1.0,118750000.0,False,False,False,False,False,True,False,False,False,True,False
4500000000.0,48.7,,92402464.0657084,False,False,True,False,False,True,False,True,False,False,False
3830000000.0,67.0,,57164179.104477614,False,False,True,False,True,False,False,True,False,False,False
2100000000.0,52.0,,40384615.38461538,False,False,True,False,False,True,False,False,True,False,False
4850000000.0,27.5,,176363636.36363637,False,False,True,False,False,True,False,False,False,True,False
8300000000.0,155.0,3.0,53548387.09677419,False,False,False,False,False,True,False,False,False,False,True
8000000000.0,120.0,7.0,66666666.66666666,False,False,False,False,False,True,False,False,False,True,False
2750000000.0,50.0,1.0,55000000.0,False,False,False,False,True,False,False,True,False,False,False
19000000000.0,160.0,,118750000.0,False,False,True,False,False,True,False,False,False,False,True
34000000000.0,350.0,,97142857.14285716,False,False,True,False,False,True,False,False,False,True,False
2900000000.0,54.0,,53703703.7037037,False,False,True,False,True,False,False,True,False,False,False
2999000000.0,70.0,2.0,42842857.14285714,False,False,False,False,False,True,False,True,False,False,False
10700000000.0,72.0,2.0,148611111.1111111,True,False,False,False,False,True,False,True,False,False,False
3613000000.0,72.0,2.0,50180555.55555555,True,False,False,False,True,False,False,True,False,False,False
2900000000.0,72.0,,40277777.777777776,False,False,True,False,True,False,False,True,False,False,False
9700000000.0,72.0,,134722222.2222222,False,False,True,False,False,True,False,False,False,True,False
8427000000.0,220.0,,38304545.45454545,True,False,True,False,False,True,True,False,False,False,False
6225000000.0,227.7,,27338603.42555995,True,False,True,False,True,False,False,False,True,False,False
6888000000.0,95.0,2.0,72505263.15789473,False,True,False,False,True,False,False,True,False,False,False
39681000000.0,312.6,,126938579.65451054,False,False,True,False,True,False,False,False,True,False,False
3100000000.0,100.0,1.0,31000000.0,False,True,False,True,False,False,False,True,False,False,False
4900000000.0,42.0,,116666666.66666669,False,False,True,False,False,True,False,False,False,True,False
5850000000.0,52.0,,112500000.0,False,False,True,False,False,True,False,False,False,True,False
5500000000.0,40.0,,137500000.0,False,False,True,False,False,True,False,False,False,True,False
7600000000.0,72.0,,105555555.55555557,False,False,True,False,False,True,False,False,False,True,False
6700000000.0,100.0,,67000000.0,False,False,True,False,False,True,False,False,False,True,False
6100000000.0,70.0,2.0,87142857.14285715,False,False,False,False,False,True,False,False,False,True,False
5100000000.0,80.0,,63750000.0,False,False,True,False,False,True,False,False,False,True,False
8500000000.0,68.0,2.0,125000000.0,False,False,False,False,False,True,False,False,False,True,False
3830000000.0,67.0,2.0,57164179.104477614,False,False,False,False,True,False,False,True,False,False,False
4350000000.0,50.0,,87000000.0,False,False,True,False,False,True,False,False,True,False,False
3100000000.0,54.0,1.0,57407407.40740741,False,False,False,False,False,True,False,True,False,False,False
4200000000.0,54.0,3.0,77777777.77777778,False,False,False,False,False,True,False,False,False,True,False
7800000000.0,92.0,,84782608.69565217,False,False,True,False,False,True,False,False,False,True,False
23500000000.0,150.0,,156666666.66666666,False,False,True,False,False,True,False,False,False,True,False
4019000000.0,133.0,,30218045.112781957,False,False,True,False,False,True,False,False,False,False,True
13300000000.0,117.0,,113675213.67521368,False,False,True,False,False,True,False,False,False,True,False
9200000000.0,90.0,8.0,102222222.22222222,False,False,False,False,False,True,False,False,True,False,False
9800000000.0,100.0,,98000000.0,False,False,True,False,False,True,False,False,True,False,False
4970000000.0,44.0,3.0,112954545.45454544,False,False,False,False,False,True,False,False,False,True,False
4190000000.0,30.0,2.0,139666666.66666666,False,False,False,False,False,True,False,False,False,True,False
2000000000.0,154.0,,12987012.987012986,False,False,True,False,False,True,False,False,True,False,False
2900000000.0,86.0,4.0,33720930.23255814,False,False,False,False,False,True,False,False,True,False,False
2100000000.0,93.0,,22580645.16129032,False,False,True,False,False,True,False,False,True,False,False
30000000000.0,200.0,,150000000.0,False,False,True,False,False,True,True,False,False,False,False
2900000000.0,38.0,,76315789.4736842,False,False,True,True,False,False,False,True,False,False,False
11300000000.0,60.0,5.0,188333333.3333333,False,False,False,False,False,True,False,False,True,False,False
8300000000.0,87.0,,95402298.85057472,False,False,True,False,False,True,False,False,True,False,False
7000000000.0,49.0,,142857142.85714287,False,False,True,False,False,True,False,False,False,True,False
9800000000.0,305.0,,32131147.54098361,True,False,True,False,False,True,True,False,False,False,False
35000000000.0,300.0,,116666666.66666669,False,False,True,False,False,True,True,False,False,False,False
15500000000.0,143.5,,108013937.28222996,False,False,True,False,False,True,False,False,True,False,False
39000000000.0,316.0,,123417721.51898734,False,False,True,False,False,True,False,False,False,True,False
12000000000.0,96.0,6.0,125000000.0,False,False,False,False,False,True,False,False,True,False,False
7700000000.0,60.0,4.0,128333333.33333331,False,False,False,False,False,True,False,False,False,True,False
8800000000.0,110.0,,80000000.0,False,False,True,False,False,True,False,False,False,False,True
2250000000.0,56.0,,40178571.42857143,False,False,True,False,True,False,False,False,True,False,False
2050000000.0,51.0,2.0,40196078.43137255,False,False,False,False,False,True,False,True,False,False,False
22000000000.0,111.0,6.0,198198198.1981982,False,False,False,False,False,True,True,False,False,False,False
13600000000.0,150.0,8.0,90666666.66666669,False,False,False,False,False,True,False,False,True,False,False
23500000000.0,233.0,,100858369.09871244,False,False,True,False,False,True,False,False,True,False,False
17500000000.0,96.0,,182291666.66666663,False,False,True,False,False,True,False,False,True,False,False
8950000000.0,56.0,4.0,159821428.57142857,False,False,False,False,False,True,False,True,False,False,False
9500000000.0,72.0,4.0,131944444.44444443,False,False,False,False,False,True,False,False,False,True,False
17500000000.0,120.0,16.0,145833333.33333334,False,False,False,False,False,True,False,False,False,True,False
7500000000.0,93.0,3.0,80645161.29032259,False,False,False,False,False,True,False,False,True,False,False
14700000000.0,64.0,,229687500.0,False,False,True,False,False,True,False,False,True,False,False
18500000000.0,150.0,6.0,123333333.33333331,False,False,False,False,False,True,True,False,False,False,False
11900000000.0,64.0,4.0,185937500.0,False,False,False,False,False,True,True,False,False,False,False
13800000000.0,81.0,,170370370.37037036,False,False,True,False,False,True,False,True,False,False,False
5000000000.0,100.0,,50000000.0,False,False,True,False,False,True,False,False,True,False,False
9200000000.0,200.0,,46000000.0,False,False,True,False,False,True,False,False,True,False,False
7600000000.0,296.0,,25675675.675675675,False,False,True,False,False,True,False,False,True,False,False
2550000000.0,56.0,,45535714.28571428,False,False,True,False,True,False,False,True,False,False,False
13000000000.0,24.0,,541666666.6666666,False,False,True,False,False,True,False,False,False,True,False
20353000000.0,200.0,,101765000.0,True,False,True,False,False,True,False,False,True,False,False
2825000000.0,48.0,,58854166.66666666,True,False,True,False,True,False,False,True,False,False,False
2100000000.0,52.0,,40384615.38461538,False,False,True,False,False,True,False,False,True,False,False
17600000000.0,95.0,5.0,185263157.8947369,False,False,False,False,False,True,False,False,True,False,False
13200000000.0,130.0,,101538461.53846154,False,False,True,False,False,True,False,False,False,True,False
29500000000.0,192.0,37.0,153645833.33333334,False,False,False,False,False,True,False,False,True,False,False
11700000000.0,74.0,,158108108.1081081,False,False,True,False,False,True,False,False,False,True,False
11500000000.0,90.0,4.0,127777777.77777778,False,False,False,False,False,True,False,False,True,False,False
10500000000.0,100.0,4.0,105000000.0,False,False,False,False,False,True,False,False,True,False,False
15200000000.0,80.0,6.0,190000000.0,False,False,False,False,False,True,False,False,True,False,False
17500000000.0,128.0,,136718750.0,False,False,True,False,False,True,False,False,True,False,False
3360000000.0,22.0,,152727272.72727272,False,False,True,False,False,True,False,False,False,True,False
5400000000.0,51.0,,105882352.94117647,False,False,True,False,False,True,False,False,False,True,False
14200000000.0,79.0,4.0,179746835.443038,False,False,False,False,False,True,False,False,True,False,False
12700000000.0,88.0,5.0,144318181.8181818,False,False,False,False,False,True,False,False,False,True,False
8000000000.0,60.0,4.0,133333333.33333331,False,False,False,False,False,True,False,False,True,False,False
10300000000.0,66.0,8.0,156060606.06060606,False,False,False,False,False,True,False,False,True,False,False
12500000000.0,111.0,13.0,112612612.61261262,False,False,False,False,False,True,False,False,True,False,False
9500000000.0,86.0,8.0,110465116.27906977,False,False,False,False,False,True,False,False,True,False,False
13700000000.0,80.0,,171250000.0,False,False,True,False,False,True,False,False,True,False,False
18500000000.0,300.0,,61666666.66666666,False,False,True,True,False,False,False,False,False,True,False
2280000000.0,57.0,2.0,40000000.0,False,False,False,False,False,True,False,False,True,False,False
8000000000.0,60.0,,133333333.33333331,False,False,True,False,False,True,False,True,False,False,False
15500000000.0,85.0,,182352941.17647055,False,False,True,False,False,True,False,False,True,False,False
7990000000.0,60.0,4.0,133166666.66666669,False,False,False,False,False,True,False,False,True,False,False
12900000000.0,107.0,,120560747.6635514,False,False,True,False,False,True,False,False,True,False,False
8600000000.0,55.0,,156363636.36363637,False,False,True,False,False,True,False,False,True,False,False
11000000000.0,102.0,,107843137.25490196,False,False,True,False,False,True,False,False,True,False,False
11950000000.0,101.0,5.0,118316831.68316832,False,False,False,False,False,True,False,False,False,True,False
16300000000.0,72.0,4.0,226388888.8888889,False,False,False,False,False,True,False,False,True,False,False
9700000000.0,157.0,,61783439.49044586,False,False,True,False,False,True,False,False,False,True,False
6750000000.0,44.0,,153409090.9090909,False,False,True,False,False,True,False,False,True,False,False
3600000000.0,164.0,,21951219.51219512,False,False,True,True,False,False,False,False,False,True,False
5300000000.0,95.0,,55789473.68421053,False,False,True,False,False,True,False,False,False,True,False
12800000000.0,83.0,,154216867.4698795,False,False,True,False,False,True,False,False,True,False,False
11300000000.0,66.0,4.0,171212121.21212122,False,False,False,False,False,True,False,False,True,False,False
6600000000.0,65.0,3.0,101538461.53846154,False,False,False,False,False,True,False,False,True,False,False
3070000000.0,68.0,2.0,45147058.823529415,False,True,False,False,False,True,False,True,False,False,False
2000000000.0,72.0,1.0,27777777.777777776,False,False,False,False,False,True,False,False,False,True,False
26500000000.0,152.0,29.0,174342105.2631579,False,False,False,False,False,True,False,False,False,True,False
26500000000.0,113.0,,234513274.3362832,False,False,True,False,False,True,False,False,False,True,False
30000000000.0,181.0,,165745856.35359117,False,False,True,False,False,True,True,False,False,False,False
3500000000.0,81.5,,42944785.27607362,False,True,True,False,True,False,False,False,False,True,False
14200000000.0,62.0,6.0,229032258.06451613,False,False,False,False,False,True,False,False,False,True,False
12000000000.0,88.0,,136363636.36363637,False,False,True,False,False,True,True,False,False,False,False
12500000000.0,80.0,,156250000.0,False,False,True,False,False,True,False,False,False,True,False
6900000000.0,72.0,,95833333.33333331,False,False,True,False,False,True,False,False,False,True,False
9400000000.0,76.0,4.0,123684210.5263158,False,False,False,False,False,True,False,False,False,True,False
21200000000.0,129.0,,164341085.27131784,False,False,True,False,False,True,False,False,False,True,False
11900000000.0,80.0,3.0,148750000.0,False,False,False,False,False,True,False,False,False,True,False
6225000000.0,95.0,2.0,65526315.78947368,True,True,False,False,True,False,False,False,True,False,False
6225000000.0,95.0,2.0,65526315.78947368,True,True,False,False,True,False,False,False,True,False,False
6225000000.0,95.0,2.0,65526315.78947368,True,True,False,False,True,False,False,False,True,False,False
6225000000.0,95.0,2.0,65526315.78947368,True,True,False,False,True,False,False,False,True,False,False
1550000000.0,110.0,,14090909.090909092,False,False,True,False,False,True,False,False,False,False,True
12700000000.0,105.0,3.0,120952380.95238096,False,False,False,False,False,True,False,False,True,False,False
8900000000.0,330.0,1.0,26969696.96969697,False,False,False,False,False,True,False,False,True,False,False
5000000000.0,82.5,,60606060.60606061,False,True,True,False,False,True,False,False,True,False,False
13000000000.0,112.0,4.0,116071428.57142857,False,False,False,False,False,True,False,False,True,False,False
9510500000.0,75.0,2.0,126806666.66666669,True,True,False,False,False,True,False,True,False,False,False
26000000000.0,144.0,,180555555.55555555,False,False,True,False,False,True,False,False,False,True,False
23500000000.0,162.0,,145061728.39506173,False,False,True,False,False,True,False,False,False,True,False
11500000000.0,77.0,7.0,149350649.35064936,False,False,False,False,False,True,False,False,True,False,False
2160000000.0,54.0,2.0,40000000.0,False,False,False,False,False,True,False,False,True,False,False
2400000000.0,58.0,2.0,41379310.34482759,False,False,False,False,False,True,False,False,True,False,False
15000000000.0,80.0,,187500000.0,False,False,True,False,False,True,False,False,False,True,False
13200000000.0,78.0,5.0,169230769.23076922,False,False,False,False,False,True,False,False,True,False,False
6180000000.0,77.0,4.0,80259740.25974026,False,False,False,False,False,True,False,False,False,True,False
8400000000.0,52.0,,161538461.53846154,False,False,True,False,False,True,False,False,False,True,False
2150000000.0,61.0,,35245901.63934426,False,True,True,False,True,False,False,True,False,False,False
35000000000.0,78.0,,448717948.71794873,False,False,True,False,False,True,False,False,False,True,False
8790000000.0,45.5,,193186813.1868132,False,False,True,False,False,True,False,False,False,True,False
12000000000.0,101.0,22.0,118811881.18811882,False,False,False,False,False,True,False,False,True,False,False
6700000000.0,45.0,,148888888.8888889,False,False,True,False,False,True,False,False,True,False,False
9600000000.0,84.0,,114285714.28571428,False,False,True,False,False,True,False,False,False,True,False
8490000000.0,64.0,,132656250.0,False,False,True,False,False,True,False,False,False,True,False
4190000000.0,26.0,2.0,161153846.15384614,False,False,False,False,False,True,False,False,False,True,False
11100000000.0,111.0,,100000000.0,False,False,True,False,False,True,False,False,False,True,False
11800000000.0,105.0,,112380952.3809524,False,False,True,False,False,True,False,False,False,True,False
11000000000.0,285.0,,38596491.22807018,False,False,True,False,False,True,False,False,False,True,False
7400000000.0,57.0,4.0,129824561.40350875,False,False,False,False,False,True,False,False,False,True,False
7900000000.0,97.0,4.0,81443298.96907216,False,False,False,False,False,True,False,False,False,True,False
14000000000.0,135.0,,103703703.7037037,False,False,True,False,False,True,False,False,False,True,False
12700000000.0,154.0,,82467532.46753247,True,False,True,False,False,True,False,False,True,False,False
19600000000.0,84.0,,233333333.3333333,False,False,True,False,False,True,False,False,False,True,False
5270000000.0,52.0,,101346153.84615384,False,False,True,False,False,True,False,False,False,True,False
12500000000.0,34.0,,367647058.8235294,False,False,True,False,False,True,False,False,False,True,False
14000000000.0,80.0,15.0,175000000.0,False,False,False,False,False,True,False,False,True,False,False
7300000000.0,72.0,,101388888.8888889,False,False,True,False,False,True,False,False,False,True,False
8100000000.0,68.0,,119117647.05882353,False,False,True,False,False,True,False,False,False,True,False
8900000000.0,64.0,,139062500.0,False,False,True,False,False,True,False,False,False,True,False
7900000000.0,80.0,,98750000.0,False,False,True,False,False,True,False,False,False,True,False
8000000000.0,107.0,3.0,74766355.14018692,False,False,False,False,False,True,False,False,False,True,False
10900000000.0,130.0,,83846153.84615384,False,False,True,False,False,True,False,False,False,True,False
12500000000.0,64.0,,195312500.0,False,False,True,False,False,True,False,False,True,False,False
13500000000.0,88.0,4.0,153409090.9090909,False,False,False,False,False,True,False,False,True,False,False
24500000000.0,88.0,,278409090.90909094,False,False,True,False,False,True,False,False,False,True,False
23500000000.0,49.0,,479591836.7346939,False,False,True,False,False,True,False,False,False,True,False
17000000000.0,69.0,,246376811.5942029,False,False,True,False,False,True,False,False,False,True,False
36000000000.0,207.0,,173913043.47826087,False,False,True,False,False,True,True,False,False,False,False
2950000000.0,236.0,,12500000.0,False,False,True,True,False,False,False,False,False,False,True
3950000000.0,105.0,,37619047.61904762,False,False,True,False,True,False,False,False,False,True,False
9900000000.0,80.0,6.0,123750000.0,False,False,False,False,False,True,False,False,True,False,False
10300000000.0,60.0,4.0,171666666.66666666,False,False,False,False,False,True,False,False,True,False,False
6000000000.0,76.0,4.0,78947368.42105263,False,True,False,True,False,False,True,False,False,False,False
10000000000.0,76.0,,131578947.36842103,False,True,True,True,False,False,True,False,False,False,False
5265000000.0,81.0,,65000000.0,False,False,True,False,True,False,False,False,True,False,False
6500000000.0,70.0,5.0,92857142.85714284,False,False,False,False,False,True,False,False,True,False,False
6700000000.0,138.0,3.0,48550724.63768116,False,False,False,True,False,False,False,True,False,False,False
9800000000.0,65.0,4.0,150769230.76923078,False,False,False,False,False,True,False,False,True,False,False
4000000000.0,68.0,2.0,58823529.4117647,False,False,False,False,False,True,False,True,False,False,False
7700000000.0,80.0,2.0,96250000.0,True,True,False,False,False,True,False,True,False,False,False
3050000000.0,52.0,1.0,58653846.15384615,False,False,False,False,False,True,False,False,False,True,False
10244000000.0,80.0,,128050000.0,False,False,True,False,False,True,False,False,True,False,False
8085000000.0,50.0,,161700000.0,False,False,True,False,False,True,False,False,True,False,False
2400000000.0,100.0,,24000000.0,True,False,True,True,False,False,False,False,True,False,False
14500000000.0,100.0,6.0,145000000.0,False,False,False,False,False,True,False,False,True,False,False
4350000000.0,80.0,1.0,54375000.0,False,True,False,False,False,True,False,True,False,False,False
10800000000.0,68.0,4.0,158823529.4117647,False,False,False,False,False,True,False,False,True,False,False
1750000000.0,35.0,,50000000.0,False,False,True,False,True,False,False,True,False,False,False
12300000000.0,72.0,,170833333.33333334,False,False,True,False,False,True,False,False,True,False,False
9500000000.0,56.0,5.0,169642857.14285713,False,False,False,False,False,True,False,False,True,False,False
6400000000.0,75.0,3.0,85333333.33333333,False,False,False,False,False,True,False,False,False,True,False
5100000000.0,62.0,,82258064.51612903,False,False,True,False,False,True,False,False,False,True,False
2300000000.0,55.0,2.0,41818181.81818182,False,False,False,False,False,True,False,True,False,False,False
2000000000.0,50.0,2.0,40000000.0,False,False,False,False,False,True,False,True,False,False,False
2350000000.0,76.7,2.0,30638852.672750976,False,False,False,False,False,True,False,True,False,False,False
18600000000.0,334.0,,55688622.754491016,False,False,True,False,False,True,True,False,False,False,False
7000000000.0,95.0,,73684210.5263158,False,False,True,False,False,True,False,False,True,False,False
6700000000.0,74.0,3.0,90540540.54054056,False,False,False,False,False,True,False,False,True,False,False
1960000000.0,49.0,2.0,40000000.0,False,False,False,False,False,True,False,False,True,False,False
9700000000.0,72.0,5.0,134722222.2222222,False,False,False,False,False,True,False,False,True,False,False
8300000000.0,60.0,,138333333.33333334,False,False,True,False,False,True,False,False,True,False,False
3150000000.0,86.0,2.0,36627906.97674418,False,False,False,False,False,True,False,True,False,False,False
2750000000.0,68.0,2.0,40441176.47058824,False,False,False,False,False,True,False,True,False,False,False
30000000000.0,140.0,,214285714.2857143,False,False,True,False,False,True,False,False,False,False,True
32000000000.0,140.0,29.0,228571428.57142857,False,False,False,False,False,True,False,True,False,False,False
34500000000.0,234.0,,147435897.43589744,False,False,True,False,False,True,False,False,False,False,True
4800000000.0,50.0,,96000000.0,False,False,True,False,False,True,False,False,False,True,False
2050000000.0,130.0,,15769230.76923077,False,False,True,True,False,False,False,False,True,False,False
8500000000.0,72.0,6.0,118055555.55555557,False,False,False,False,False,True,False,False,True,False,False
2665000000.0,34.6,,77023121.38728324,False,False,True,True,False,False,False,True,False,False,False
2300000000.0,57.0,2.0,40350877.19298246,False,False,False,False,False,True,False,False,True,False,False
2200000000.0,55.0,2.0,40000000.0,False,False,False,False,False,True,False,False,True,False,False
2200000000.0,54.0,2.0,40740740.74074074,False,False,False,False,False,True,False,False,True,False,False
3400000000.0,84.0,2.0,40476190.47619048,False,False,False,False,False,True,False,True,False,False,False
28000000000.0,112.0,,250000000.0,False,False,True,False,False,True,False,False,True,False,False
11300000000.0,120.0,,94166666.66666669,False,False,True,False,False,True,False,False,False,False,True
14500000000.0,100.0,22.0,145000000.0,False,False,False,False,False,True,False,False,True,False,False
14400000000.0,90.0,4.0,160000000.0,False,False,False,False,False,True,False,False,True,False,False
10700000000.0,86.7,,123414071.51095732,True,True,True,False,False,True,False,False,False,False,True
9300000000.0,68.0,3.0,136764705.88235295,False,False,False,False,False,True,False,False,False,True,False
9518000000.0,75.0,,126906666.66666669,False,True,True,False,False,True,False,False,True,False,False
10854000000.0,75.0,,144720000.0,False,True,True,False,False,True,False,False,True,False,False
9500000000.0,80.0,5.0,118750000.0,False,False,False,False,False,True,False,False,True,False,False
1199000000.0,100.0,,11990000.0,False,False,True,False,False,True,False,False,False,False,True
12900000000.0,182.0,,70879120.87912089,False,False,True,False,False,True,False,False,True,False,False
1450000000.0,88.0,,16477272.727272728,False,False,True,True,False,False,False,False,False,False,True
1680000000.0,110.0,,15272727.272727272,False,False,True,True,False,False,False,False,False,True,False
10700000000.0,75.0,4.0,142666666.66666666,False,False,False,False,False,True,False,False,True,False,False
14500000000.0,162.0,,89506172.83950618,False,False,True,False,False,True,False,False,False,True,False
8800000000.0,68.0,5.0,129411764.70588236,False,False,False,False,False,True,False,False,True,False,False
10900000000.0,66.0,5.0,165151515.15151516,False,False,False,False,False,True,False,False,False,True,False
7000000000.0,60.0,2.0,116666666.66666669,False,False,False,False,False,True,False,False,False,True,False
12500000000.0,52.0,,240384615.3846154,False,False,True,False,False,True,False,False,False,True,False
9200000000.0,80.0,10.0,115000000.0,False,False,False,False,False,True,False,False,True,False,False
32500000000.0,220.0,,147727272.72727272,False,False,True,False,False,True,False,False,True,False,False
8500000000.0,74.0,5.0,114864864.86486489,False,False,False,False,False,True,False,False,True,False,False
7900000000.0,84.0,3.0,94047619.04761904,False,False,False,False,False,True,False,False,False,True,False
12000000000.0,91.0,3.0,131868131.86813186,False,False,False,False,False,True,False,False,True,False,False
1920000000.0,48.0,2.0,40000000.0,False,False,False,False,False,True,False,True,False,False,False
2100000000.0,52.0,2.0,40384615.38461538,False,False,False,False,False,True,False,True,False,False,False
2100000000.0,52.0,2.0,40384615.38461538,False,False,False,False,False,True,False,False,True,False,False
9500000000.0,90.0,6.0,105555555.55555557,False,False,False,False,False,True,False,False,True,False,False
14000000000.0,160.0,,87500000.0,False,False,True,False,False,True,True,False,False,False,False
10800000000.0,80.0,4.0,135000000.0,False,False,False,False,False,True,False,False,False,True,False
17000000000.0,200.0,,85000000.0,False,False,True,False,False,True,False,False,False,True,False
11500000000.0,98.0,,117346938.7755102,False,False,True,False,False,True,False,False,True,False,False
21000000000.0,76.0,,276315789.4736842,False,False,True,False,False,True,False,False,False,True,False
14500000000.0,80.0,,181250000.0,False,False,True,False,False,True,False,False,False,True,False
14000000000.0,60.0,,233333333.3333333,False,False,True,False,False,True,False,False,False,True,False
15500000000.0,50.0,4.0,310000000.0,False,False,False,False,False,True,False,False,False,True,False
23500000000.0,108.0,,217592592.5925926,False,False,True,False,False,True,False,False,False,False,True
6800000000.0,120.0,,56666666.66666666,False,False,True,True,False,False,False,False,False,True,False
3500000000.0,58.0,,60344827.5862069,True,True,True,False,False,True,False,False,True,False,False
5800000000.0,60.0,,96666666.66666669,False,False,True,False,False,True,False,False,True,False,False
5800000000.0,60.0,,96666666.66666669,False,False,True,False,False,True,False,False,True,False,False
4000000000.0,68.0,1.0,58823529.4117647,False,False,False,False,False,True,False,True,False,False,False
10400000000.0,70.0,,148571428.57142857,False,False,True,False,False,True,False,False,True,False,False
19000000000.0,100.0,,190000000.0,False,False,True,False,False,True,False,False,True,False,False
4800000000.0,52.0,3.0,92307692.3076923,False,False,False,False,False,True,False,False,False,True,False
6800000000.0,50.0,2.0,136000000.0,False,False,False,False,False,True,False,False,False,True,False
13900000000.0,110.0,,126363636.36363636,False,False,True,False,False,True,False,False,False,False,True
16800000000.0,44.0,,381818181.8181818,False,False,True,False,False,True,False,False,False,True,False
31000000000.0,120.0,,258333333.3333333,False,False,True,False,False,True,False,False,False,True,False
25500000000.0,105.0,,242857142.85714287,False,False,True,False,False,True,False,False,False,True,False
7700000000.0,120.0,3.0,64166666.66666666,False,False,False,False,False,True,False,False,False,True,False
1200000000.0,80.0,,15000000.0,True,False,True,False,False,True,False,False,False,False,True
5360000000.0,44.0,,121818181.8181818,False,False,True,False,False,True,False,False,False,True,False
32000000000.0,103.0,19.0,310679611.65048546,False,False,False,False,False,True,False,False,False,True,False
35000000000.0,215.0,,162790697.6744186,False,False,True,False,False,True,False,False,False,True,False
27500000000.0,100.0,,275000000.0,False,False,True,False,False,True,False,False,False,True,False
32000000000.0,286.0,,111888111.88811187,False,False,True,False,False,True,False,False,False,True,False
36000000000.0,228.0,,157894736.84210527,False,False,True,False,False,True,True,False,False,False,False
7850000000.0,68.0,,115441176.47058824,False,False,True,False,False,True,False,False,True,False,False
17000000000.0,185.0,2.0,91891891.8918919,False,False,False,False,False,True,False,False,True,False,False
3150000000.0,86.0,2.0,36627906.97674418,False,False,False,False,False,True,False,True,False,False,False
19500000000.0,70.0,,278571428.5714286,False,False,True,False,False,True,False,False,False,True,False
6990000000.0,80.0,,87375000.0,False,False,True,False,False,True,False,False,False,True,False
6050000000.0,50.0,,121000000.0,False,False,True,False,False,True,False,False,False,True,False
12300000000.0,67.0,4.0,183582089.5522388,False,False,False,False,False,True,False,False,True,False,False
8500000000.0,100.0,,85000000.0,False,False,True,False,False,True,False,False,False,True,False
8800000000.0,68.0,5.0,129411764.70588236,False,False,False,False,False,True,False,False,False,True,False
4300000000.0,43.0,,100000000.0,False,False,True,False,False,True,False,True,False,False,False
23000000000.0,80.0,,287500000.0,False,False,True,False,False,True,False,False,False,True,False
9990000000.0,70.0,6.0,142714285.7142857,False,False,False,False,False,True,False,False,True,False,False
13000000000.0,144.0,,90277777.77777778,False,False,True,False,False,True,True,False,False,False,False
13000000000.0,66.0,6.0,196969696.96969697,False,False,False,False,False,True,False,False,False,True,False
13999000000.0,62.0,,225790322.5806452,False,False,True,False,False,True,False,False,False,True,False
11749500000.0,147.0,17.0,79928571.42857143,True,False,False,False,False,True,False,False,False,True,False
12000000000.0,85.0,9.0,141176470.5882353,False,False,False,False,False,True,False,False,True,False,False
18500000000.0,68.0,5.0,272058823.5294118,False,False,False,False,False,True,False,False,False,True,False
7500000000.0,72.0,,104166666.66666669,False,False,True,False,False,True,False,False,False,True,False
26000000000.0,100.0,,260000000.0,False,False,True,False,False,True,False,False,False,True,False
7700000000.0,73.2,,105191256.8306011,False,False,True,False,False,True,False,False,False,True,False
16000000000.0,64.0,,250000000.0,False,False,True,False,False,True,False,False,False,True,False
2750000000.0,68.0,2.0,40441176.47058824,False,False,False,False,False,True,False,True,False,False,False
1679000000.0,56.0,2.0,29982142.85714286,False,False,False,False,False,True,False,True,False,False,False
40000000000.0,69.0,,579710144.9275362,False,False,True,False,False,True,False,False,False,True,False
17170000000.0,93.0,3.0,184623655.9139785,False,False,False,False,False,True,False,True,False,False,False
6700000000.0,34.0,3.0,197058823.52941176,False,False,False,False,False,True,False,False,False,True,False
2400000000.0,57.0,,42105263.15789474,False,False,True,False,True,False,False,False,True,False,False
1120000000.0,80.0,,14000000.0,False,False,True,False,False,True,False,False,False,False,True
13125000000.0,175.0,,75000000.0,False,False,True,False,False,True,False,False,False,False,True
5300000000.0,43.0,,123255813.95348836,False,False,True,False,False,True,False,False,False,True,False
11900000000.0,78.0,,152564102.56410256,False,False,True,False,False,True,False,False,False,True,False
21000000000.0,133.0,,157894736.84210527,False,False,True,False,False,True,False,False,False,True,False
4950000000.0,27.0,2.0,183333333.3333333,False,False,False,False,False,True,False,False,False,True,False
7000000000.0,60.0,,116666666.66666669,False,False,True,False,False,True,False,False,True,False,False
7000000000.0,108.0,,64814814.81481481,False,False,True,True,False,False,True,False,False,False,False
9000000000.0,144.0,,62500000.0,False,False,True,True,False,False,False,False,True,False,False
1900000000.0,100.0,,19000000.0,False,False,True,False,True,False,False,False,False,False,True
2350000000.0,51.0,2.0,46078431.37254902,False,False,False,False,True,False,False,True,False,False,False
6000000000.0,65.0,,92307692.3076923,False,False,True,False,False,True,False,False,False,True,False
5590000000.0,40.0,,139750000.0,False,False,True,False,False,True,False,False,False,True,False
6390000000.0,52.0,,122884615.3846154,False,False,True,False,False,True,False,False,False,True,False
3790000000.0,39.1,,96930946.2915601,False,False,True,False,False,True,False,False,False,True,False
7600000000.0,51.0,1.0,149019607.84313726,False,False,False,False,False,True,False,False,False,True,False
15350000000.0,75.0,2.0,204666666.66666663,False,False,False,False,False,True,False,False,True,False,False
10900000000.0,75.0,2.0,145333333.33333334,False,False,False,False,False,True,False,False,True,False,False
20350000000.0,104.0,3.0,195673076.92307693,False,False,False,False,False,True,False,False,True,False,False
21150000000.0,104.0,3.0,203365384.6153846,False,False,False,False,False,True,False,False,True,False,False
11500000000.0,75.0,2.0,153333333.33333334,False,False,False,False,False,True,False,False,True,False,False
7700000000.0,55.0,1.0,140000000.0,False,False,False,False,False,True,False,False,True,False,False
10500000000.0,72.0,2.0,145833333.33333334,False,False,False,False,False,True,False,False,False,True,False
12000000000.0,100.0,,120000000.0,False,False,True,False,False,True,False,False,False,True,False
3950000000.0,21.0,2.0,188095238.0952381,False,False,False,False,False,True,False,False,False,True,False
24000000000.0,86.7,,276816608.9965398,False,False,True,False,False,True,False,False,False,True,False
8498000000.0,92.0,5.0,92369565.2173913,False,False,False,False,False,True,False,False,False,False,True
27900000000.0,106.0,15.0,263207547.1698113,False,False,False,False,False,True,False,False,True,False,False
18500000000.0,84.0,,220238095.2380952,False,False,True,False,False,True,False,False,False,True,False
26000000000.0,81.0,2.0,320987654.32098764,False,False,False,False,False,True,False,True,False,False,False
20000000000.0,70.0,,285714285.71428573,False,False,True,False,False,True,False,False,True,False,False
1900000000.0,90.0,,21111111.111111112,False,False,True,False,False,True,False,False,False,False,True
6950000000.0,68.0,3.0,102205882.35294116,False,False,False,False,False,True,False,False,False,True,False
6225000000.0,95.0,3.0,65526315.78947368,True,True,False,False,True,False,False,False,True,False,False
6225000000.0,95.0,2.0,65526315.78947368,True,True,False,False,True,False,False,False,True,False,False
6225000000.0,95.0,3.0,65526315.78947368,True,True,False,False,True,False,False,False,True,False,False
6225000000.0,95.0,2.0,65526315.78947368,True,True,False,False,True,False,False,False,True,False,False
6225000000.0,95.0,2.0,65526315.78947368,True,True,False,False,True,False,False,False,True,False,False
22000000000.0,126.0,,174603174.6031746,False,False,True,False,False,True,False,False,False,True,False
6225000000.0,95.0,2.0,65526315.78947368,True,True,False,False,True,False,False,False,True,False,False
6225000000.0,95.0,2.0,65526315.78947368,True,True,False,False,True,False,False,False,True,False,False
6225000000.0,95.0,2.0,65526315.78947368,True,True,False,False,True,False,False,False,True,False,False
6225000000.0,95.0,2.0,65526315.78947368,True,True,False,False,True,False,False,False,True,False,False
39800000000.0,193.5,,205684754.52196383,False,False,True,False,False,True,False,False,False,True,False
6225000000.0,95.0,2.0,65526315.78947368,True,True,False,False,True,False,False,False,True,False,False
6225000000.0,95.0,2.0,65526315.78947368,True,True,False,False,True,False,False,False,True,False,False
6225000000.0,95.0,2.0,65526315.78947368,True,True,False,False,True,False,False,False,True,False,False
6225000000.0,95.0,2.0,65526315.78947368,True,True,False,False,True,False,False,False,True,False,False
6225000000.0,95.0,3.0,65526315.78947368,True,True,False,False,True,False,False,False,True,False,False
6225000000.0,95.0,2.0,65526315.78947368,True,True,False,False,True,False,False,False,True,False,False
6225000000.0,95.0,2.0,65526315.78947368,True,True,False,False,True,False,False,False,True,False,False
6225000000.0,95.0,2.0,65526315.78947368,True,True,False,False,True,False,False,False,True,False,False
6225000000.0,95.0,2.0,65526315.78947368,True,True,False,False,True,False,False,False,True,False,False
6225000000.0,95.0,2.0,65526315.78947368,True,True,False,False,True,False,False,False,True,False,False
6225000000.0,95.0,3.0,65526315.78947368,True,True,False,False,True,False,False,False,True,False,False
6225000000.0,95.0,2.0,65526315.78947368,True,True,False,False,True,False,False,False,True,False,False
6225000000.0,95.0,2.0,65526315.78947368,True,True,False,False,True,False,False,False,True,False,False
6225000000.0,95.0,2.0,65526315.78947368,True,True,False,False,True,False,False,False,True,False,False
6225000000.0,95.0,2.0,65526315.78947368,True,True,False,False,True,False,False,False,True,False,False
6225000000.0,95.0,2.0,65526315.78947368,True,True,False,False,True,False,False,False,True,False,False
6225000000.0,95.0,2.0,65526315.78947368,True,True,False,False,True,False,False,False,True,False,False
6225000000.0,95.0,2.0,65526315.78947368,True,True,False,False,True,False,False,False,True,False,False
6225000000.0,95.0,2.0,65526315.78947368,True,True,False,False,True,False,False,False,True,False,False
6225000000.0,95.0,2.0,65526315.78947368,True,True,False,False,True,False,False,False,True,False,False
6225000000.0,95.0,2.0,65526315.78947368,True,True,False,False,True,False,False,False,True,False,False
6225000000.0,95.0,2.0,65526315.78947368,True,True,False,False,True,False,False,False,True,False,False
6225000000.0,95.0,2.0,65526315.78947368,True,True,False,False,True,False,False,False,True,False,False
6225000000.0,95.0,2.0,65526315.78947368,True,True,False,False,True,False,False,False,True,False,False
6225000000.0,95.0,2.0,65526315.78947368,True,True,False,False,True,False,False,False,True,False,False
6225000000.0,95.0,2.0,65526315.78947368,True,True,False,False,True,False,False,False,True,False,False
6225000000.0,95.0,2.0,65526315.78947368,True,True,False,False,True,False,False,False,True,False,False
6225000000.0,95.0,2.0,65526315.78947368,True,True,False,False,True,False,False,False,True,False,False
6225000000.0,95.0,2.0,65526315.78947368,True,True,False,False,True,False,False,False,True,False,False
6225000000.0,95.0,2.0,65526315.78947368,True,True,False,False,True,False,False,False,True,False,False
6225000000.0,95.0,2.0,65526315.78947368,True,True,False,False,True,False,False,False,True,False,False
9400000000.0,71.4,3.0,131652661.06442577,False,False,False,False,False,True,False,False,True,False,False
6225000000.0,95.0,2.0,65526315.78947368,True,True,False,False,True,False,False,False,True,False,False
6225000000.0,95.0,2.0,65526315.78947368,True,True,False,False,True,False,False,False,True,False,False
6225000000.0,95.0,2.0,65526315.78947368,True,True,False,False,True,False,False,False,True,False,False
6225000000.0,95.0,3.0,65526315.78947368,True,True,False,False,True,False,False,False,True,False,False
6225000000.0,95.0,2.0,65526315.78947368,True,True,False,False,True,False,False,False,True,False,False
10700000000.0,86.7,,123414071.51095732,True,True,True,False,False,True,False,False,False,True,False
6225000000.0,95.0,2.0,65526315.78947368,True,True,False,False,True,False,False,False,True,False,False
6225000000.0,95.0,2.0,65526315.78947368,True,True,False,False,True,False,False,False,True,False,False
8290000000.0,62.7,,132216905.90111642,False,False,True,False,False,True,False,False,False,True,False
15500000000.0,150.0,,103333333.33333331,False,False,True,False,False,True,False,False,False,True,False
16500000000.0,126.0,,130952380.95238096,False,False,True,False,False,True,False,False,False,True,False
3500000000.0,70.0,2.0,50000000.0,False,False,False,False,False,True,False,True,False,False,False
2700000000.0,66.0,,40909090.90909091,False,False,True,False,True,False,False,True,False,False,False
23000000000.0,192.0,,119791666.66666669,False,False,True,False,False,True,False,False,False,True,False
8300000000.0,87.0,3.0,95402298.85057472,False,False,False,False,False,True,False,False,False,True,False
6200000000.0,82.0,,75609756.09756097,False,False,True,False,False,True,False,False,False,True,False
14000000000.0,42.0,,333333333.3333333,False,False,True,False,False,True,False,False,False,True,False
3400000000.0,61.0,,55737704.91803279,False,False,True,False,False,True,False,False,False,True,False
8010000000.0,90.0,,89000000.0,False,False,True,False,False,True,False,True,False,False,False
3500000000.0,164.0,,21341463.414634146,False,False,True,True,False,False,False,False,False,True,False
22000000000.0,170.0,,129411764.70588236,False,False,True,False,False,True,False,True,False,False,False
37000000000.0,160.0,,231250000.0,False,False,True,False,False,True,False,False,True,False,False
4700000000.0,52.6,3.0,89353612.16730037,False,False,False,False,False,True,False,False,False,True,False
3300000000.0,32.0,,103125000.0,False,False,True,False,False,True,False,False,False,True,False
2200000000.0,55.0,,40000000.0,False,False,True,False,False,True,False,False,True,False,False
21000000000.0,175.0,9.0,120000000.0,False,False,False,False,False,True,True,False,False,False,False
34000000000.0,86.7,,392156862.74509805,False,True,True,False,False,True,False,False,False,True,False
13100000000.0,68.0,2.0,192647058.82352945,False,False,False,False,False,True,False,True,False,False,False
12500000000.0,95.0,4.0,131578947.36842103,False,False,False,False,False,True,False,False,False,True,False
7900000000.0,80.0,2.0,98750000.0,False,False,False,False,False,True,False,False,False,True,False
11300000000.0,75.0,2.0,150666666.66666666,False,False,False,False,False,True,False,False,True,False,False
10350000000.0,55.0,1.0,188181818.1818182,False,False,False,False,False,True,False,False,True,False,False
17900000000.0,104.0,3.0,172115384.6153846,False,False,False,False,False,True,False,False,True,False,False
16800000000.0,104.0,3.0,161538461.53846154,False,False,False,False,False,True,False,False,True,False,False
10000000000.0,75.0,,133333333.33333331,False,False,True,False,False,True,False,False,True,False,False
10400000000.0,75.0,2.0,138666666.66666666,False,False,False,False,False,True,False,False,True,False,False
11300000000.0,75.0,2.0,150666666.66666666,False,False,False,False,False,True,False,False,True,False,False
5600000000.0,22.0,,254545454.54545453,False,False,True,False,False,True,False,False,False,True,False
36200000000.0,188.0,4.0,192553191.4893617,False,False,False,False,False,True,False,True,False,False,False
4480000000.0,17.0,2.0,263529411.7647059,False,False,False,False,False,True,False,False,False,True,False
17000000000.0,120.0,,141666666.66666666,False,False,True,True,False,False,False,False,False,True,False
17500000000.0,73.0,,239726027.39726028,False,True,True,False,False,True,False,False,False,True,False
12700000000.0,154.0,,82467532.46753247,True,False,True,False,False,True,False,False,True,False,False
3900000000.0,84.0,1.0,46428571.42857143,False,True,False,False,False,True,False,True,False,False,False
12700000000.0,154.0,,82467532.46753247,True,False,True,False,False,True,False,False,True,False,False
29500000000.0,150.0,,196666666.66666663,False,False,True,False,False,True,False,False,False,True,False
14500000000.0,70.1,,206847360.91298148,False,False,True,False,False,True,False,False,False,True,False
13000000000.0,90.0,,144444444.44444445,False,False,True,False,False,True,False,False,False,False,True
2120000000.0,53.0,2.0,40000000.0,False,False,False,False,False,True,False,False,True,False,False
12700000000.0,154.0,,82467532.46753247,True,False,True,False,False,True,False,False,True,False,False
12700000000.0,154.0,,82467532.46753247,True,False,True,False,False,True,False,False,True,False,False
12000000000.0,81.0,,148148148.14814815,False,False,True,False,False,True,False,False,False,True,False
4800000000.0,42.0,2.0,114285714.28571428,False,False,False,False,False,True,False,False,False,True,False
10500000000.0,76.0,4.0,138157894.7368421,False,False,False,False,False,True,False,False,False,True,False
3070000000.0,60.3,,50912106.13598674,False,False,True,False,True,False,False,True,False,False,False
1990000000.0,57.0,2.0,34912280.701754384,False,False,False,False,True,False,False,True,False,False,False
12700000000.0,154.0,,82467532.46753247,True,False,True,False,False,True,False,False,True,False,False
30000000000.0,130.4,,230061349.69325152,False,False,True,False,False,True,False,False,False,True,False
12700000000.0,154.0,,82467532.46753247,True,False,True,False,False,True,False,False,True,False,False
12700000000.0,154.0,,82467532.46753247,True,False,True,False,False,True,False,False,True,False,False
12700000000.0,154.0,,82467532.46753247,True,False,True,False,False,True,False,False,True,False,False
12700000000.0,154.0,,82467532.46753247,True,False,True,False,False,True,False,False,True,False,False
12700000000.0,110.0,,115454545.45454544,True,False,True,False,False,True,False,False,True,False,False
10500000000.0,90.0,,116666666.66666669,False,False,True,False,False,True,False,False,False,True,False
14000000000.0,47.0,,297872340.4255319,False,False,True,False,False,True,False,False,False,True,False
9600000000.0,74.0,,129729729.72972973,False,False,True,False,False,True,False,False,False,True,False
14500000000.0,100.0,,145000000.0,False,False,True,False,False,True,False,False,False,True,False
7500000000.0,64.0,4.0,117187500.0,False,False,False,False,False,True,False,False,False,True,False
8500000000.0,130.0,6.0,65384615.38461538,False,False,False,False,False,True,False,False,False,True,False
12500000000.0,150.0,,83333333.33333333,False,False,True,False,False,True,False,False,False,True,False
10900000000.0,63.0,,173015873.015873,False,False,True,False,False,True,False,False,False,True,False
3200000000.0,60.0,,53333333.333333336,False,False,True,False,False,True,False,True,False,False,False
40000000000.0,121.0,,330578512.39669424,False,False,True,False,False,True,False,False,False,True,False
38000000000.0,122.0,,311475409.8360656,False,False,True,False,False,True,True,False,False,False,False
10000000000.0,88.0,,113636363.63636364,False,True,True,False,False,True,False,False,True,False,False
35000000000.0,188.0,,186170212.76595744,False,False,True,False,False,True,False,False,False,True,False
7300000000.0,90.0,,81111111.1111111,False,False,True,False,False,True,False,False,False,False,True
23000000000.0,127.3,12.0,180675569.52081695,False,False,False,False,False,True,False,True,False,False,False
12000000000.0,36.0,,333333333.3333333,False,True,True,False,False,True,False,False,False,True,False
24500000000.0,59.0,,415254237.2881356,False,False,True,False,False,True,False,False,False,True,False
16200000000.0,74.0,9.0,218918918.9189189,False,False,False,False,False,True,False,False,False,True,False
38700000000.0,65.0,16.0,595384615.3846154,False,True,False,False,False,True,False,False,True,False,False
18700000000.0,105.0,,178095238.0952381,True,True,True,False,False,True,True,False,False,False,False
8025000000.0,129.5,,61969111.96911197,True,False,True,False,False,True,False,False,False,False,True
12500000000.0,73.0,,171232876.71232876,True,True,True,False,False,True,False,False,False,True,False
20000000000.0,222.0,3.0,90090090.0900901,False,False,False,False,False,True,False,False,False,True,False
2610000000.0,45.0,,58000000.0,False,False,True,False,True,False,False,False,True,False,False
27000000000.0,118.6,,227655986.50927487,False,False,True,False,False,True,False,True,False,False,False
8200000000.0,40.0,7.0,205000000.0,False,False,False,False,False,True,False,False,True,False,False
5480000000.0,88.0,2.0,62272727.27272727,False,True,False,False,False,True,False,False,False,True,False
13000000000.0,120.0,21.0,108333333.33333331,False,False,False,False,False,True,False,False,False,True,False
19000000000.0,75.75,,250825082.50825083,False,True,True,False,True,False,False,False,False,True,False
4000000000.0,60.0,,66666666.66666666,False,False,True,False,False,True,False,True,False,False,False
15800000000.0,242.0,,65289256.19834711,True,False,True,False,False,True,False,False,True,False,False
6000000000.0,60.0,,100000000.0,False,False,True,False,False,True,False,True,False,False,False
3500000000.0,73.0,,47945205.47945205,False,False,True,False,True,False,False,False,True,False,False
4900000000.0,79.0,,62025316.4556962,False,False,True,False,True,False,False,True,False,False,False
2160000000.0,60.0,2.0,36000000.0,False,False,False,False,True,False,False,False,True,False,False
16190000000.0,160.0,,101187500.0,False,False,True,False,True,False,False,False,True,False,False
3565000000.0,120.0,,29708333.33333333,False,False,True,False,True,False,False,False,True,False,False
36800000000.0,172.5,,213333333.3333333,False,False,True,False,False,True,False,False,True,False,False
7598000000.0,81.7,,92998776.00979193,False,False,True,False,False,True,False,True,False,False,False
2860000000.0,52.0,,55000000.0,False,False,True,False,True,False,False,False,True,False,False
5900000000.0,100.0,,59000000.0,True,True,True,True,False,False,True,False,False,False,False
3300000000.0,70.0,,47142857.14285714,False,False,True,False,False,True,False,False,True,False,False
2300000000.0,75.0,,30666666.666666668,True,False,True,False,True,False,False,False,True,False,False
3000000000.0,60.0,2.0,50000000.0,False,True,False,False,True,False,False,True,False,False,False
2700000000.0,79.0,,34177215.18987342,False,False,True,False,True,False,False,False,False,True,False
5900000000.0,100.0,4.0,59000000.0,True,True,False,True,False,False,True,False,False,False,False
5900000000.0,108.0,,54629629.62962963,False,False,True,True,False,False,False,False,False,True,False
9000000000.0,216.0,,41666666.66666666,False,False,True,False,False,True,False,True,False,False,False
6400000000.0,110.0,,58181818.18181818,False,False,True,True,False,False,False,False,True,False,False
3100000000.0,50.0,2.0,62000000.0,False,False,False,False,True,False,False,True,False,False,False
2300000000.0,35.0,1.0,65714285.71428572,False,False,False,True,False,False,False,True,False,False,False
3150000000.0,73.0,2.0,43150684.93150685,False,False,False,False,False,True,False,True,False,False,False
6180000000.0,56.0,,110357142.85714284,False,False,True,False,False,True,False,False,False,True,False
1600000000.0,30.0,2.0,53333333.333333336,False,False,False,False,True,False,False,True,False,False,False
3000000000.0,65.0,2.0,46153846.15384615,False,False,False,False,True,False,False,False,True,False,False
7500000000.0,100.0,,75000000.0,False,False,True,False,True,False,False,False,True,False,False
3680000000.0,60.0,2.0,61333333.333333336,False,False,False,False,False,True,False,True,False,False,False
3500000000.0,70.0,2.0,50000000.0,False,False,False,False,False,True,False,True,False,False,False
7500000000.0,160.0,,46875000.0,False,False,True,False,False,True,True,False,False,False,False
3600000000.0,60.0,,60000000.0,False,False,True,False,True,False,False,False,True,False,False
2500000000.0,55.0,2.0,45454545.45454545,False,False,False,False,False,True,False,True,False,False,False
2900000000.0,55.0,,52727272.72727273,False,False,True,False,True,False,False,True,False,False,False
2000000000.0,36.0,,55555555.55555555,False,False,True,False,True,False,False,True,False,False,False
2800000000.0,55.0,2.0,50909090.90909091,False,False,False,False,True,False,False,False,False,True,False
2750000000.0,70.0,2.0,39285714.28571428,True,False,False,False,True,False,False,True,False,False,False
3000000000.0,70.0,15.0,42857142.85714286,False,False,False,False,True,False,False,True,False,False,False
3691000000.0,69.0,,53492753.623188406,False,False,True,False,True,False,False,False,True,False,False
7713000000.0,115.4,,66837088.3882149,False,False,True,False,False,True,False,False,True,False,False
3500000000.0,70.0,1.0,50000000.0,False,False,False,False,True,False,False,False,True,False,False
2900000000.0,60.0,,48333333.333333336,False,False,True,False,True,False,False,True,False,False,False
3420000000.0,60.0,2.0,57000000.0,False,False,False,False,False,True,False,False,True,False,False
1500000000.0,31.0,,48387096.77419355,False,False,True,False,True,False,False,False,True,False,False
2800000000.0,56.0,1.0,50000000.0,False,False,False,False,True,False,False,False,True,False,False
2000000000.0,36.0,,55555555.55555555,False,False,True,False,True,False,False,True,False,False,False
3600000000.0,66.0,3.0,54545454.54545455,False,False,False,False,True,False,False,True,False,False,False
1600000000.0,60.0,2.0,26666666.666666668,False,True,False,False,True,False,False,True,False,False,False
6300000000.0,100.0,4.0,63000000.0,False,True,False,True,False,False,False,False,False,True,False
2750000000.0,32.0,,85937500.0,True,False,True,False,True,False,False,True,False,False,False
3200000000.0,55.0,,58181818.18181818,False,False,True,False,True,False,False,True,False,False,False
1650000000.0,32.0,,51562500.0,False,False,True,False,True,False,False,True,False,False,False
6500000000.0,107.0,,60747663.55140187,False,False,True,False,False,True,False,False,True,False,False
2850000000.0,61.37,2.0,46439628.48297214,False,False,False,False,True,False,False,True,False,False,False
10800000000.0,80.0,4.0,135000000.0,False,False,False,False,False,True,False,False,False,True,False
10900000000.0,100.0,6.0,109000000.0,False,False,False,False,False,True,False,False,False,True,False
7900000000.0,80.0,4.0,98750000.0,False,False,False,False,False,True,False,False,False,True,False
7300000000.0,72.0,3.0,101388888.8888889,False,False,False,False,False,True,False,False,False,True,False
7700000000.0,100.0,6.0,77000000.0,False,False,False,False,False,True,False,False,False,True,False
7100000000.0,85.0,4.0,83529411.76470588,False,False,False,False,False,True,False,False,False,True,False
6650000000.0,75.0,,88666666.66666667,False,False,True,False,False,True,False,False,False,True,False
11500000000.0,88.0,4.0,130681818.1818182,False,False,False,False,False,True,False,False,False,True,False
16200000000.0,95.0,,170526315.78947368,False,False,True,False,False,True,False,False,False,False,True
6100000000.0,131.0,3.0,46564885.49618321,False,False,False,False,False,True,False,False,True,False,False
3300000000.0,60.0,2.0,55000000.0,False,False,False,False,False,True,False,False,False,True,False
7276000000.0,107.0,,68000000.0,False,False,True,False,True,False,False,False,True,False,False
1700000000.0,32.0,,53125000.0,False,False,True,False,True,False,False,True,False,False,False
17000000000.0,104.0,,163461538.46153846,False,False,True,False,False,True,False,False,False,True,False
5900000000.0,108.0,,54629629.62962963,False,False,True,True,False,False,False,False,False,True,False
2300000000.0,56.0,2.0,41071428.571428575,False,False,False,False,False,True,False,True,False,False,False
3300000000.0,55.0,1.0,60000000.0,False,False,False,False,True,False,False,True,False,False,False
5900000000.0,110.0,,53636363.63636363,True,False,True,True,False,False,False,False,True,False,False
20000000000.0,69.0,,289855072.4637681,False,True,True,False,False,True,False,False,False,True,False
2750000000.0,60.0,,45833333.333333336,False,False,True,False,True,False,False,True,False,False,False
6400000000.0,62.0,2.0,103225806.4516129,False,False,False,False,False,True,False,False,False,True,False
3500000000.0,164.0,,21341463.414634146,False,False,True,True,False,False,False,False,False,True,False
5900000000.0,100.0,,59000000.0,True,False,True,True,False,False,False,False,False,True,False
3950000000.0,28.0,,141071428.57142857,False,False,True,False,False,True,False,False,False,True,False
15000000000.0,88.0,4.0,170454545.45454547,False,False,False,False,False,True,False,False,False,True,False
11990000000.0,64.0,5.0,187343750.0,False,False,False,False,False,True,False,False,False,True,False
1200000000.0,80.0,,15000000.0,False,False,True,False,True,False,False,False,False,False,True
8500000000.0,75.0,7.0,113333333.33333331,False,False,False,False,False,True,False,False,True,False,False
6200000000.0,84.0,8.0,73809523.8095238,False,False,False,False,False,True,False,False,False,True,False
2050000000.0,51.0,2.0,40196078.43137255,False,False,False,False,False,True,False,False,True,False,False
2120000000.0,53.0,2.0,40000000.0,False,False,False,False,False,True,False,False,True,False,False
2825000000.0,60.0,,47083333.333333336,True,False,True,False,True,False,False,True,False,False,False
6500000000.0,120.0,3.0,54166666.66666666,False,False,False,False,False,True,False,False,False,True,False
14000000000.0,146.25,,95726495.72649571,False,False,True,False,False,True,False,False,False,True,False
1480000000.0,120.0,2.0,12333333.333333334,False,True,False,False,True,False,False,True,False,False,False
2800000000.0,120.0,2.0,23333333.33333333,True,True,False,False,True,False,False,True,False,False,False
1900000000.0,120.0,2.0,15833333.333333334,False,True,False,False,True,False,False,True,False,False,False
18500000000.0,127.0,17.0,145669291.33858266,False,False,False,False,False,True,False,False,False,True,False
13800000000.0,69.0,5.0,200000000.0,False,False,False,False,False,True,False,False,False,True,False
8700000000.0,51.0,,170588235.29411766,False,False,True,False,False,True,False,False,False,True,False
2150000000.0,60.0,2.0,35833333.333333336,False,False,False,False,False,True,False,True,False,False,False
1700000000.0,32.0,,53125000.0,False,False,True,False,True,False,False,True,False,False,False
13500000000.0,140.0,,96428571.42857143,False,False,True,False,False,True,False,False,False,True,False
29000000000.0,256.0,,113281250.0,False,False,True,False,False,True,False,False,False,False,True
10000000000.0,108.0,,92592592.5925926,False,False,True,True,False,False,False,False,False,True,False
30000000000.0,75.0,,400000000.0,False,True,True,False,False,True,True,False,False,False,False
2600000000.0,50.0,,52000000.0,False,False,True,False,False,True,False,False,False,True,False
17900000000.0,110.0,,162727272.72727272,False,False,True,False,False,True,False,False,False,True,False
3200000000.0,20.0,,160000000.0,False,False,True,False,False,True,False,False,False,True,False
2800000000.0,61.0,2.0,45901639.34426229,False,False,False,False,True,False,False,True,False,False,False
8800000000.0,103.0,2.0,85436893.2038835,False,False,False,False,False,True,False,False,True,False,False
4750000000.0,150.0,20.0,31666666.666666668,False,False,False,False,True,False,False,False,True,False,False
7100000000.0,108.0,,65740740.74074074,False,False,True,True,False,False,False,False,False,True,False
3150000000.0,85.0,,37058823.52941176,False,False,True,False,False,True,False,True,False,False,False
8000000000.0,120.0,3.0,66666666.66666666,False,False,False,True,False,False,False,False,False,True,False
3600000000.0,68.0,,52941176.47058824,False,True,True,False,True,False,False,True,False,False,False
2200000000.0,55.0,,40000000.0,False,False,True,False,True,False,False,False,True,False,False
13400000000.0,90.0,1.0,148888888.8888889,False,False,False,False,False,True,False,False,False,True,False
3500000000.0,71.0,,49295774.64788733,False,False,True,False,True,False,False,True,False,False,False
7800000000.0,32.0,,243750000.0,False,False,True,False,False,True,False,False,True,False,False
1700000000.0,32.0,,53125000.0,False,False,True,False,True,False,False,True,False,False,False
18500000000.0,72.0,,256944444.44444445,False,False,True,False,False,True,False,False,False,True,False
3860000000.0,22.0,3.0,175454545.45454547,False,False,False,False,False,True,False,False,False,True,False
2160000000.0,54.0,2.0,40000000.0,False,False,False,False,False,True,False,False,True,False,False
2700000000.0,60.0,,45000000.0,False,False,True,False,True,False,False,False,False,True,False
3990000000.0,34.0,,117352941.1764706,False,False,True,False,False,True,False,False,True,False,False
4340000000.0,70.0,,62000000.0,False,False,True,False,True,False,False,False,True,False,False
8500000000.0,48.0,3.0,177083333.33333334,False,False,False,False,False,True,False,False,False,True,False
17500000000.0,108.0,5.0,162037037.03703704,False,False,False,False,False,True,False,False,False,True,False
9500000000.0,71.0,4.0,133802816.90140843,False,False,False,False,False,True,False,False,False,True,False
9200000000.0,70.0,3.0,131428571.42857143,False,False,False,False,False,True,False,False,False,True,False
8100000000.0,87.0,4.0,93103448.27586208,False,False,False,False,False,True,False,False,False,True,False
2800000000.0,60.0,2.0,46666666.66666666,False,True,False,False,True,False,False,False,True,False,False
1900000000.0,60.0,1.0,31666666.666666668,False,True,False,False,True,False,False,False,True,False,False
2500000000.0,60.0,2.0,41666666.66666666,False,True,False,False,True,False,False,False,True,False,False
2600000000.0,60.0,2.0,43333333.333333336,False,True,False,False,True,False,False,False,True,False,False
2300000000.0,60.0,2.0,38333333.333333336,False,True,False,False,True,False,False,False,True,False,False
2550000000.0,60.0,2.0,42500000.0,False,True,False,False,True,False,False,False,True,False,False
2670000000.0,60.0,2.0,44500000.0,False,True,False,False,True,False,False,False,True,False,False
2290000000.0,60.0,2.0,38166666.66666666,False,True,False,False,True,False,False,False,True,False,False
2350000000.0,60.0,2.0,39166666.66666666,False,True,False,False,True,False,False,False,True,False,False
2400000000.0,60.0,2.0,40000000.0,False,True,False,False,True,False,False,True,False,False,False
2390000000.0,60.0,2.0,39833333.333333336,False,True,False,False,True,False,False,False,True,False,False
2350000000.0,60.0,2.0,39166666.66666666,False,True,False,False,True,False,False,False,True,False,False
2860000000.0,60.0,2.0,47666666.66666666,False,True,False,False,True,False,False,False,True,False,False
2450000000.0,60.0,2.0,40833333.333333336,False,True,False,False,True,False,False,False,True,False,False
2300000000.0,60.0,2.0,38333333.333333336,False,True,False,False,True,False,False,False,True,False,False
2360000000.0,60.0,2.0,39333333.333333336,False,True,False,False,True,False,False,True,False,False,False
2400000000.0,60.0,2.0,40000000.0,False,True,False,False,True,False,False,False,True,False,False
2500000000.0,60.0,2.0,41666666.66666666,False,True,False,False,True,False,False,False,True,False,False
1950000000.0,60.0,1.0,32500000.0,False,True,False,False,True,False,False,False,False,True,False
1880000000.0,60.0,1.0,31333333.33333333,False,True,False,False,True,False,False,False,True,False,False
2750000000.0,60.0,2.0,45833333.333333336,False,True,False,False,True,False,False,False,True,False,False
2300000000.0,60.0,2.0,38333333.333333336,False,True,False,False,True,False,False,False,True,False,False
1900000000.0,60.0,1.0,31666666.666666668,False,True,False,False,True,False,False,False,True,False,False
2600000000.0,60.0,2.0,43333333.333333336,False,True,False,False,True,False,False,False,True,False,False
2460000000.0,60.0,2.0,41000000.0,False,True,False,False,True,False,False,False,True,False,False
1900000000.0,60.0,1.0,31666666.666666668,False,True,False,False,True,False,False,False,True,False,False
2490000000.0,60.0,2.0,41500000.0,False,True,False,False,True,False,False,False,True,False,False
1950000000.0,60.0,1.0,32500000.0,False,True,False,False,True,False,False,False,False,True,False
3100000000.0,60.0,2.0,51666666.66666666,False,True,False,False,True,False,False,False,True,False,False
4500000000.0,60.0,,75000000.0,False,True,True,False,True,False,False,False,True,False,False
2600000000.0,60.0,2.0,43333333.333333336,False,True,False,False,True,False,False,False,True,False,False
2930000000.0,56.0,,52321428.571428575,False,False,True,False,True,False,False,True,False,False,False
2955000000.0,53.6,2.0,55130597.01492537,False,False,False,False,True,False,False,True,False,False,False
7800000000.0,86.0,3.0,90697674.41860466,False,False,False,False,False,True,False,False,False,True,False
24500000000.0,86.7,2.0,282583621.6839677,False,True,False,False,False,True,False,True,False,False,False
30000000000.0,86.7,2.0,346020761.2456747,False,True,False,False,False,True,False,True,False,False,False
24000000000.0,86.7,2.0,276816608.9965398,False,True,False,False,False,True,False,True,False,False,False
23000000000.0,86.7,2.0,265282583.621684,False,True,False,False,False,True,False,False,True,False,False
34500000000.0,86.7,2.0,397923875.43252593,False,True,False,False,False,True,False,True,False,False,False
28000000000.0,86.7,2.0,322952710.4959631,False,True,False,False,False,True,False,True,False,False,False
34500000000.0,86.7,2.0,397923875.43252593,False,True,False,False,False,True,False,True,False,False,False
17700000000.0,86.7,1.0,204152249.1349481,False,True,False,False,False,True,False,True,False,False,False
34500000000.0,86.7,2.0,397923875.43252593,False,True,False,False,False,True,False,False,True,False,False
19200000000.0,86.7,1.0,221453287.19723183,False,True,False,False,False,True,False,True,False,False,False
17700000000.0,86.7,1.0,204152249.1349481,False,True,False,False,False,True,False,True,False,False,False
31000000000.0,86.7,2.0,357554786.62053055,False,True,False,False,False,True,False,False,True,False,False
23000000000.0,86.7,2.0,265282583.621684,False,True,False,False,False,True,False,True,False,False,False
21900000000.0,86.7,,252595155.7093425,False,True,True,False,False,True,False,False,True,False,False
39000000000.0,86.7,2.0,449826989.61937714,False,True,False,False,False,True,False,True,False,False,False
40000000000.0,86.7,2.0,461361014.99423295,False,True,False,False,False,True,False,True,False,False,False
24500000000.0,86.7,2.0,282583621.6839677,False,True,False,False,False,True,False,True,False,False,False
28000000000.0,86.7,2.0,322952710.4959631,False,True,False,False,False,True,False,True,False,False,False
24500000000.0,86.7,2.0,282583621.6839677,False,True,False,False,False,True,False,True,False,False,False
40000000000.0,86.7,2.0,461361014.99423295,False,True,False,False,False,True,False,True,False,False,False
24000000000.0,86.7,2.0,276816608.9965398,False,True,False,False,False,True,False,False,True,False,False
12400000000.0,96.0,,129166666.66666669,False,False,True,False,False,True,False,False,False,True,False
15450000000.0,76.0,,203289473.6842105,False,False,True,False,False,True,False,False,False,True,False
3300000000.0,55.0,1.0,60000000.0,False,False,False,False,True,False,False,True,False,False,False
1600000000.0,32.0,,50000000.0,False,False,True,False,True,False,False,False,True,False,False
3200000000.0,55.0,,58181818.18181818,False,False,True,False,True,False,False,True,False,False,False
4900000000.0,50.0,,98000000.0,False,False,True,False,False,True,False,True,False,False,False
19500000000.0,200.3,17.0,97353969.04643036,False,False,False,False,False,True,False,True,False,False,False
31000000000.0,114.2,,271453590.1926445,False,False,True,False,False,True,False,False,False,False,True
16800000000.0,95.0,4.0,176842105.2631579,False,False,False,False,False,True,False,False,False,True,False
6700000000.0,61.0,3.0,109836065.5737705,False,False,False,False,False,True,False,False,False,True,False
13800000000.0,58.7,,235093696.76320276,False,False,True,False,False,True,False,False,False,True,False
16000000000.0,89.0,,179775280.8988764,False,False,True,False,False,True,False,False,False,True,False
11800000000.0,73.0,,161643835.61643836,False,False,True,False,False,True,False,False,False,True,False
6500000000.0,49.0,,132653061.2244898,False,False,True,False,False,True,False,False,False,True,False
2800000000.0,50.0,2.0,56000000.0,False,False,False,False,True,False,False,True,False,False,False
2200000000.0,55.0,2.0,40000000.0,False,False,False,False,False,True,False,False,True,False,False
7000000000.0,54.0,,129629629.62962964,False,False,True,False,False,True,False,True,False,False,False
18400000000.0,132.0,3.0,139393939.3939394,False,False,False,False,False,True,False,False,False,True,False
8700000000.0,43.0,3.0,202325581.39534885,False,False,False,False,False,True,False,False,False,True,False
2780000000.0,70.0,2.0,39714285.71428572,False,False,False,True,False,False,False,True,False,False,False
8800000000.0,112.0,,78571428.57142857,False,False,True,False,False,True,False,False,False,True,False
11500000000.0,95.0,,121052631.57894737,False,False,True,False,False,True,False,False,True,False,False
14500000000.0,64.0,1.0,226562500.0,False,False,False,False,False,True,False,False,True,False,False
9000000000.0,75.0,,120000000.0,False,False,True,False,False,True,False,False,False,True,False
3500000000.0,120.0,,29166666.666666668,False,False,True,False,True,False,False,False,False,True,False
3000000000.0,52.0,,57692307.692307696,False,True,True,False,True,False,False,True,False,False,False
8500000000.0,61.0,6.0,139344262.29508197,False,False,False,False,False,True,False,False,False,True,False
7900000000.0,56.0,,141071428.57142857,False,False,True,False,False,True,False,False,False,True,False
6950000000.0,62.0,3.0,112096774.19354838,False,False,False,False,False,True,False,False,False,True,False
9000000000.0,64.0,,140625000.0,False,False,True,False,False,True,False,False,True,False,False
8100000000.0,51.0,4.0,158823529.4117647,False,False,False,False,False,True,False,False,False,True,False
5800000000.0,100.0,,58000000.0,False,False,True,True,False,False,False,False,False,True,False
30000000000.0,200.0,,150000000.0,False,False,True,False,False,True,True,False,False,False,False
7300000000.0,36.0,,202777777.7777778,False,False,True,False,False,True,False,False,False,True,False
12500000000.0,92.0,,135869565.2173913,False,False,True,False,False,True,False,False,True,False,False
7648000000.0,50.0,3.0,152960000.0,False,False,False,False,False,True,False,False,False,True,False
2800000000.0,150.0,14.0,18666666.666666668,False,False,False,False,True,False,False,False,True,False,False
35000000000.0,300.0,,116666666.66666669,False,False,True,False,False,True,True,False,False,False,False
22000000000.0,247.0,,89068825.91093117,False,False,True,False,False,True,False,False,True,False,False
10800000000.0,200.0,,54000000.0,False,False,True,False,False,True,False,False,False,True,False
34000000000.0,150.0,24.0,226666666.66666663,False,False,False,False,False,True,False,True,False,False,False
6250000000.0,82.5,,75757575.75757575,False,True,True,False,False,True,False,True,False,False,False
5500000000.0,82.5,2.0,66666666.66666666,False,True,False,False,False,True,False,False,True,False,False
6700000000.0,82.5,2.0,81212121.21212122,False,True,False,False,False,True,False,False,True,False,False
5600000000.0,82.5,2.0,67878787.87878788,False,True,False,False,False,True,False,True,False,False,False
5850000000.0,82.5,2.0,70909090.9090909,False,True,False,False,False,True,False,False,True,False,False
6200000000.0,82.5,2.0,75151515.15151516,False,True,False,False,False,True,False,False,True,False,False
5890000000.0,82.5,2.0,71393939.39393939,False,True,False,False,False,True,False,True,False,False,False
9200000000.0,82.5,3.0,111515151.51515152,False,True,False,False,False,True,False,False,True,False,False
6200000000.0,82.5,2.0,75151515.15151516,False,True,False,False,False,True,False,False,True,False,False
6000000000.0,82.5,4.0,72727272.72727273,True,True,False,False,False,True,False,False,True,False,False
5600000000.0,82.5,2.0,67878787.87878788,False,True,False,False,False,True,False,False,True,False,False
5650000000.0,82.5,2.0,68484848.48484848,False,True,False,False,False,True,False,True,False,False,False
6000000000.0,82.5,2.0,72727272.72727273,False,True,False,False,False,True,False,True,False,False,False
5600000000.0,82.5,2.0,67878787.87878788,False,True,False,False,False,True,False,True,False,False,False
5600000000.0,82.5,2.0,67878787.87878788,False,True,False,False,False,True,False,False,True,False,False
9100000000.0,82.5,3.0,110303030.3030303,False,True,False,False,False,True,False,True,False,False,False
6150000000.0,82.5,2.0,74545454.54545455,False,True,False,False,False,True,False,False,True,False,False
8300000000.0,82.5,3.0,100606060.6060606,False,True,False,False,False,True,False,True,False,False,False
5600000000.0,82.5,2.0,67878787.87878788,False,True,False,False,False,True,False,False,True,False,False
5500000000.0,82.5,2.0,66666666.66666666,False,True,False,False,False,True,False,True,False,False,False
5500000000.0,82.5,2.0,66666666.66666666,False,True,False,False,False,True,False,True,False,False,False
6800000000.0,82.5,,82424242.42424242,False,True,True,False,False,True,False,False,True,False,False
5450000000.0,82.5,2.0,66060606.06060606,False,True,False,False,False,True,False,True,False,False,False
20500000000.0,82.5,5.0,248484848.4848485,False,True,False,False,False,True,False,True,False,False,False
9000000000.0,82.5,3.0,109090909.0909091,False,True,False,False,False,True,False,True,False,False,False
6900000000.0,82.5,2.0,83636363.63636364,False,True,False,False,False,True,False,True,False,False,False
5600000000.0,82.5,2.0,67878787.87878788,False,True,False,False,False,True,False,False,True,False,False
6000000000.0,82.5,2.0,72727272.72727273,False,True,False,False,False,True,False,False,True,False,False
5600000000.0,82.5,2.0,67878787.87878788,False,True,False,False,False,True,False,True,False,False,False
17000000000.0,82.5,3.0,206060606.0606061,False,True,False,False,False,True,False,False,True,False,False
6900000000.0,82.5,,83636363.63636364,False,True,True,False,False,True,False,False,True,False,False
6150000000.0,82.5,2.0,74545454.54545455,False,True,False,False,False,True,False,False,True,False,False
6450000000.0,82.5,,78181818.18181819,False,True,True,False,False,True,False,True,False,False,False
5500000000.0,82.5,2.0,66666666.66666666,False,True,False,False,False,True,False,False,True,False,False
6200000000.0,82.5,2.0,75151515.15151516,False,True,False,False,False,True,False,False,True,False,False
5500000000.0,82.5,,66666666.66666666,False,True,True,False,False,True,False,False,False,True,False
6000000000.0,82.5,3.0,72727272.72727273,True,True,False,False,False,True,False,True,False,False,False
8500000000.0,82.5,3.0,103030303.03030305,False,True,False,False,False,True,False,True,False,False,False
5800000000.0,82.5,2.0,70303030.3030303,False,True,False,False,False,True,False,True,False,False,False
6000000000.0,82.5,2.0,72727272.72727273,False,True,False,False,False,True,False,False,True,False,False
6000000000.0,82.5,3.0,72727272.72727273,True,True,False,False,False,True,False,True,False,False,False
5600000000.0,82.5,2.0,67878787.87878788,False,True,False,False,False,True,False,False,True,False,False
5600000000.0,82.5,2.0,67878787.87878788,False,True,False,False,False,True,False,False,True,False,False
5650000000.0,82.5,2.0,68484848.48484848,False,True,False,False,False,True,False,False,True,False,False
6400000000.0,82.5,,77575757.57575758,False,True,True,False,False,True,False,False,True,False,False
5500000000.0,82.5,2.0,66666666.66666666,False,True,False,False,False,True,False,True,False,False,False
3000000000.0,150.0,,20000000.0,False,False,True,False,True,False,False,False,False,False,True
28000000000.0,110.0,,254545454.54545453,False,False,True,False,False,True,True,False,False,False,False
14000000000.0,139.0,,100719424.46043164,False,False,True,False,False,True,True,False,False,False,False
13800000000.0,146.25,,94358974.35897437,False,False,True,False,False,True,True,False,False,False,False
30000000000.0,270.0,,111111111.1111111,False,False,True,False,False,True,False,False,True,False,False
14000000000.0,146.0,,95890410.9589041,False,False,True,False,False,True,True,False,False,False,False
29000000000.0,200.0,,145000000.0,False,False,True,False,False,True,True,False,False,False,False
29000000000.0,336.0,,86309523.8095238,False,False,True,False,False,True,True,False,False,False,False
14500000000.0,172.0,,84302325.58139534,False,False,True,False,False,True,False,False,False,True,False
16500000000.0,212.5,,77647058.8235294,False,False,True,False,False,True,False,False,True,False,False
16500000000.0,212.0,,77830188.67924528,False,False,True,False,False,True,True,False,False,False,False
3650000000.0,81.8,1.0,44621026.89486553,False,True,False,False,False,True,False,False,True,False,False
7110000000.0,81.8,3.0,86919315.40342298,False,True,False,False,False,True,False,False,True,False,False
7530000000.0,81.8,3.0,92053789.73105134,False,True,False,False,False,True,False,False,True,False,False
4700000000.0,81.8,2.0,57457212.71393643,False,True,False,False,False,True,False,False,True,False,False
4630000000.0,81.8,2.0,56601466.99266504,False,True,False,False,False,True,False,False,True,False,False
4780000000.0,81.8,2.0,58435207.823960885,False,True,False,False,False,True,False,False,True,False,False
4450000000.0,81.8,2.0,54400977.99511003,False,True,False,False,False,True,False,False,True,False,False
4860000000.0,81.8,2.0,59413202.93398533,False,True,False,False,False,True,False,False,True,False,False
6340000000.0,81.8,3.0,77506112.46943766,False,True,False,False,False,True,False,False,True,False,False
6010000000.0,81.8,3.0,73471882.6405868,False,True,False,False,False,True,False,False,True,False,False
5800000000.0,81.8,2.0,70904645.47677262,False,True,False,False,False,True,False,False,True,False,False
4250000000.0,81.8,2.0,51955990.2200489,False,True,False,False,False,True,False,False,True,False,False
3400000000.0,81.8,1.0,41564792.17603912,False,True,False,False,False,True,False,False,True,False,False
5800000000.0,81.8,2.0,70904645.47677262,False,True,False,False,False,True,False,True,False,False,False
4200000000.0,81.8,2.0,51344743.27628362,False,True,False,False,False,True,False,True,False,False,False
6070000000.0,81.8,3.0,74205378.97310513,False,True,False,False,False,True,False,False,True,False,False
3600000000.0,81.8,2.0,44009779.951100245,False,True,False,False,False,True,False,False,True,False,False
5400000000.0,81.8,2.0,66014669.92665037,False,True,False,False,False,True,False,False,True,False,False
5500000000.0,81.8,2.0,67237163.81418093,False,True,False,False,False,True,False,False,True,False,False
3650000000.0,81.8,2.0,44621026.89486553,False,True,False,False,False,True,False,False,True,False,False
5430000000.0,81.8,2.0,66381418.09290954,False,True,False,False,False,True,False,False,True,False,False
7920000000.0,81.8,3.0,96821515.89242056,False,True,False,False,False,True,False,False,True,False,False
4720000000.0,81.8,2.0,57701711.49144255,False,True,False,False,False,True,False,False,True,False,False
5500000000.0,81.8,2.0,67237163.81418093,False,True,False,False,False,True,False,False,True,False,False
3590000000.0,81.8,1.0,43887530.56234719,False,True,False,False,False,True,False,False,True,False,False
4780000000.0,81.8,2.0,58435207.823960885,False,True,False,False,False,True,False,False,True,False,False
4400000000.0,81.8,2.0,53789731.051344745,False,True,False,False,False,True,False,True,False,False,False
5340000000.0,81.8,2.0,65281173.59413203,False,True,False,False,False,True,False,False,True,False,False
4800000000.0,81.8,2.0,58679706.60146699,False,True,False,False,False,True,False,False,True,False,False
4250000000.0,81.8,2.0,51955990.2200489,False,True,False,False,False,True,False,False,True,False,False
7650000000.0,81.8,3.0,93520782.39608802,False,True,False,False,False,True,False,False,True,False,False
4500000000.0,81.8,2.0,55012224.93887531,False,True,False,False,False,True,False,False,True,False,False
4870000000.0,81.8,2.0,59535452.32273839,False,True,False,False,False,True,False,False,True,False,False
3490000000.0,81.8,1.0,42665036.67481663,False,True,False,False,False,True,False,False,True,False,False
6540000000.0,81.8,3.0,79951100.24449877,False,True,False,False,False,True,False,False,True,False,False
4600000000.0,81.8,2.0,56234718.82640587,False,True,False,False,False,True,False,False,True,False,False
5400000000.0,81.8,2.0,66014669.92665037,False,True,False,False,False,True,False,False,True,False,False
5300000000.0,81.8,2.0,64792176.03911981,False,True,False,False,False,True,False,False,True,False,False
4400000000.0,81.8,2.0,53789731.051344745,False,True,False,False,False,True,False,True,False,False,False
4200000000.0,81.8,2.0,51344743.27628362,False,True,False,False,False,True,False,False,True,False,False
4300000000.0,81.8,2.0,52567237.16381418,False,True,False,False,False,True,False,False,True,False,False
6800000000.0,81.8,3.0,83129584.35207824,False,True,False,False,False,True,False,False,True,False,False
4870000000.0,81.8,2.0,59535452.32273839,False,True,False,False,False,True,False,False,True,False,False
6500000000.0,81.8,3.0,79462102.68948655,False,True,False,False,False,True,False,False,True,False,False
6000000000.0,81.8,2.0,73349633.25183374,False,True,False,False,False,True,False,False,True,False,False
6670000000.0,81.8,3.0,81540342.29828851,False,True,False,False,False,True,False,False,True,False,False
6850000000.0,81.8,3.0,83740831.29584353,False,True,False,False,False,True,False,False,True,False,False
5100000000.0,81.8,2.0,62347188.26405868,False,True,False,False,False,True,False,False,True,False,False
7110000000.0,81.8,3.0,86919315.40342298,False,True,False,False,False,True,False,False,True,False,False
4350000000.0,81.8,2.0,53178484.10757946,False,True,False,False,False,True,False,False,True,False,False
4550000000.0,81.8,2.0,55623471.882640585,False,True,False,False,False,True,False,False,False,True,False
4820000000.0,81.8,2.0,58924205.378973104,False,True,False,False,False,True,False,False,True,False,False
5400000000.0,81.8,2.0,66014669.92665037,False,True,False,False,False,True,False,False,True,False,False
5050000000.0,81.8,2.0,61735941.32029341,False,True,False,False,False,True,False,False,True,False,False
29000000000.0,81.8,3.0,354523227.3838631,False,True,False,False,False,True,False,False,True,False,False
7110000000.0,81.8,3.0,86919315.40342298,False,True,False,False,False,True,False,False,True,False,False
4250000000.0,81.8,2.0,51955990.2200489,False,True,False,False,False,True,False,False,True,False,False
4750000000.0,81.8,2.0,58068459.65770172,False,True,False,False,False,True,False,False,True,False,False
6000000000.0,81.8,3.0,73349633.25183374,False,True,False,False,False,True,False,False,False,True,False
4860000000.0,81.8,2.0,59413202.93398533,False,True,False,False,False,True,False,False,True,False,False
6340000000.0,81.8,3.0,77506112.46943766,False,True,False,False,False,True,False,False,True,False,False
7300000000.0,81.8,3.0,89242053.78973106,False,True,False,False,False,True,False,False,True,False,False
6540000000.0,81.8,3.0,79951100.24449877,False,True,False,False,False,True,False,False,True,False,False
6920000000.0,81.8,3.0,84596577.01711492,False,True,False,False,False,True,False,False,True,False,False
5020000000.0,81.8,2.0,61369193.15403424,False,True,False,False,False,True,False,False,True,False,False
4620000000.0,81.8,2.0,56479217.60391198,False,True,False,False,False,True,False,False,True,False,False
6480000000.0,81.8,3.0,79217603.91198045,False,True,False,False,False,True,False,False,True,False,False
4200000000.0,81.8,2.0,51344743.27628362,False,True,False,False,False,True,False,False,True,False,False
4900000000.0,81.8,2.0,59902200.48899756,False,True,False,False,False,True,False,False,True,False,False
7110000000.0,81.8,3.0,86919315.40342298,False,True,False,False,False,True,False,False,True,False,False
4150000000.0,81.8,2.0,50733496.33251834,False,True,False,False,False,True,False,False,True,False,False
6200000000.0,81.8,2.0,75794621.02689487,False,True,False,False,False,True,False,True,False,False,False
12500000000.0,68.0,3.0,183823529.4117647,False,True,False,False,False,True,False,True,False,False,False
36800000000.0,98.9,,372093023.255814,False,False,True,False,False,True,False,False,False,True,False
1900000000.0,85.0,,22352941.17647059,False,False,True,False,False,True,False,False,False,False,True
1750000000.0,112.0,,15625000.0,False,False,True,False,False,True,False,False,False,True,False
12500000000.0,68.0,,183823529.4117647,False,False,True,False,False,True,False,False,False,True,False
6450000000.0,47.0,3.0,137234042.55319148,False,False,False,False,False,True,False,False,True,False,False
8000000000.0,72.0,,111111111.1111111,False,False,True,False,False,True,False,False,False,False,True
14500000000.0,75.0,,193333333.3333333,False,False,True,False,False,True,False,False,False,True,False
29500000000.0,250.0,35.0,118000000.0,False,False,False,False,False,True,False,False,False,True,False
2850000000.0,61.0,,46721311.47540984,False,False,True,False,True,False,False,False,True,False,False
10000000000.0,90.0,4.0,111111111.1111111,False,False,False,False,False,True,False,False,False,True,False
8600000000.0,64.0,4.0,134375000.0,False,False,False,False,False,True,False,False,False,True,False
8000000000.0,81.0,3.0,98765432.09876543,False,True,False,True,False,False,False,False,True,False,False
18000000000.0,81.0,,222222222.2222222,False,True,True,True,False,False,False,False,True,False,False
6100000000.0,81.0,3.0,75308641.97530864,False,True,False,True,False,False,False,False,True,False,False
6000000000.0,81.0,3.0,74074074.07407407,False,True,False,True,False,False,False,False,True,False,False
2200000000.0,81.0,2.0,27160493.827160493,False,True,False,True,False,False,False,True,False,False,False
2000000000.0,81.0,1.0,24691358.02469136,False,True,False,True,False,False,False,True,False,False,False
6500000000.0,81.0,3.0,80246913.58024691,False,True,False,True,False,False,False,False,True,False,False
4200000000.0,81.0,3.0,51851851.85185185,False,True,False,True,False,False,False,True,False,False,False
2400000000.0,81.0,1.0,29629629.62962963,False,True,False,True,False,False,False,False,True,False,False
2250000000.0,81.0,2.0,27777777.777777776,False,True,False,True,False,False,False,True,False,False,False
2000000000.0,81.0,1.0,24691358.02469136,False,True,False,True,False,False,False,False,True,False,False
3300000000.0,81.0,2.0,40740740.74074074,False,True,False,True,False,False,False,False,True,False,False
3300000000.0,81.0,3.0,40740740.74074074,False,True,False,True,False,False,False,False,True,False,False
2100000000.0,81.0,1.0,25925925.925925925,False,True,False,True,False,False,False,False,True,False,False
2100000000.0,81.0,1.0,25925925.925925925,False,True,False,True,False,False,False,False,True,False,False
2200000000.0,81.0,2.0,27160493.827160493,False,True,False,True,False,False,False,False,True,False,False
6400000000.0,81.0,3.0,79012345.67901234,False,True,False,True,False,False,False,False,True,False,False
2600000000.0,81.0,1.0,32098765.432098765,False,True,False,True,False,False,False,True,False,False,False
2300000000.0,81.0,1.0,28395061.728395063,False,True,False,True,False,False,False,False,True,False,False
2000000000.0,81.0,1.0,24691358.02469136,False,True,False,True,False,False,False,False,True,False,False
1980000000.0,81.0,1.0,24444444.444444444,False,True,False,True,False,False,False,True,False,False,False
2200000000.0,81.0,2.0,27160493.827160493,False,True,False,True,False,False,False,True,False,False,False
2250000000.0,81.0,1.0,27777777.777777776,False,True,False,True,False,False,False,False,True,False,False
2100000000.0,81.0,1.0,25925925.925925925,False,True,False,True,False,False,False,False,True,False,False
3400000000.0,81.0,2.0,41975308.641975306,False,True,False,True,False,False,False,False,True,False,False
1600000000.0,93.1,2.0,17185821.697099894,False,True,False,False,False,True,False,True,False,False,False
4500000000.0,93.1,2.0,48335123.523093455,False,True,False,False,False,True,False,True,False,False,False
10300000000.0,93.1,2.0,110633727.17508055,True,True,False,False,False,True,False,True,False,False,False
10300000000.0,93.1,2.0,110633727.17508055,True,True,False,False,False,True,False,True,False,False,False
4800000000.0,93.1,3.0,51557465.09129968,False,True,False,False,False,True,False,True,False,False,False
4800000000.0,93.1,3.0,51557465.09129968,False,True,False,False,False,True,False,True,False,False,False
3950000000.0,93.1,2.0,42427497.31471536,False,True,False,False,False,True,False,True,False,False,False
10300000000.0,93.1,2.0,110633727.17508055,True,True,False,False,False,True,False,True,False,False,False
7700000000.0,60.0,,128333333.33333331,True,False,True,False,False,True,False,False,False,True,False
16000000000.0,60.0,,266666666.66666663,False,True,True,False,True,False,False,False,False,True,False
14500000000.0,60.0,,241666666.66666663,False,True,True,False,True,False,False,False,True,False,False
12200000000.0,60.0,,203333333.3333333,False,True,True,False,True,False,False,False,True,False,False
5100000000.0,60.0,4.0,85000000.0,False,True,False,False,True,False,False,False,False,True,False
13000000000.0,60.0,,216666666.66666663,False,True,True,False,True,False,False,False,True,False,False
18000000000.0,60.0,,300000000.0,False,True,True,False,True,False,False,False,False,True,False
12200000000.0,60.0,,203333333.3333333,False,True,True,False,True,False,False,False,True,False,False
12000000000.0,60.0,,200000000.0,False,True,True,False,True,False,False,False,True,False,False
14500000000.0,60.0,,241666666.66666663,False,True,True,False,True,False,False,False,True,False,False
7900000000.0,76.0,2.0,103947368.42105263,False,True,False,False,False,True,False,True,False,False,False
7300000000.0,76.0,3.0,96052631.57894737,False,True,False,False,False,True,False,True,False,False,False
7000000000.0,76.0,3.0,92105263.15789472,False,True,False,False,False,True,False,True,False,False,False
9000000000.0,76.0,,118421052.63157897,False,True,True,False,False,True,False,True,False,False,False
7260000000.0,76.0,3.0,95526315.78947368,False,True,False,False,False,True,False,True,False,False,False
10000000000.0,76.0,,131578947.36842103,False,True,True,False,False,True,False,False,False,True,False
7200000000.0,76.0,3.0,94736842.10526316,False,True,False,False,False,True,False,True,False,False,False
7700000000.0,76.0,3.0,101315789.4736842,False,True,False,False,False,True,False,False,True,False,False
5400000000.0,76.0,2.0,71052631.57894737,False,True,False,False,False,True,False,True,False,False,False
6600000000.0,76.0,3.0,86842105.26315789,False,True,False,False,False,True,False,True,False,False,False
5500000000.0,76.0,2.0,72368421.05263157,False,True,False,False,False,True,False,True,False,False,False
5000000000.0,76.0,2.0,65789473.68421053,False,True,False,False,False,True,False,True,False,False,False
5350000000.0,76.0,2.0,70394736.84210527,False,True,False,False,False,True,False,True,False,False,False
8500000000.0,76.0,3.0,111842105.26315787,False,True,False,False,False,True,False,True,False,False,False
5500000000.0,76.0,,72368421.05263157,False,True,True,False,False,True,False,True,False,False,False
9450000000.0,76.0,,124342105.26315787,False,True,True,False,False,True,False,False,False,True,False
8500000000.0,76.0,3.0,111842105.26315787,False,True,False,False,False,True,False,True,False,False,False
7000000000.0,76.0,2.0,92105263.15789472,False,True,False,False,False,True,False,False,False,True,False
7000000000.0,76.0,3.0,92105263.15789472,False,True,False,False,False,True,False,True,False,False,False
4910000000.0,95.0,3.0,51684210.526315786,False,True,False,False,True,False,False,False,True,False,False
7940000000.0,86.7,3.0,91580161.47635524,False,True,False,False,False,True,False,False,False,True,False
8030000000.0,86.7,3.0,92618223.76009227,False,True,False,False,False,True,False,False,True,False,False
7600000000.0,86.7,2.0,87658592.84890427,False,True,False,False,False,True,False,True,False,False,False
8700000000.0,86.7,,100346020.76124568,False,True,True,False,False,True,False,False,False,True,False
7940000000.0,86.7,3.0,91580161.47635524,False,True,False,False,False,True,False,False,False,True,False
7590000000.0,86.7,3.0,87543252.5951557,False,True,False,False,False,True,False,True,False,False,False
7650000000.0,86.7,2.0,88235294.11764705,False,True,False,False,False,True,False,True,False,False,False
7220000000.0,86.7,2.0,83275663.20645905,False,True,False,False,False,True,False,False,False,True,False
7500000000.0,86.7,3.0,86505190.31141868,False,True,False,False,False,True,False,True,False,False,False
9350000000.0,86.7,3.0,107843137.25490196,False,True,False,False,False,True,False,False,False,True,False
7220000000.0,86.7,2.0,83275663.20645905,False,True,False,False,False,True,False,False,False,True,False
8000000000.0,86.7,3.0,92272202.9988466,False,True,False,False,False,True,False,True,False,False,False
8700000000.0,86.7,3.0,100346020.76124568,False,True,False,False,False,True,False,False,True,False,False
9000000000.0,86.7,3.0,103806228.37370242,False,True,False,False,False,True,False,False,False,True,False
8000000000.0,86.7,3.0,92272202.9988466,False,True,False,False,False,True,False,False,True,False,False
9000000000.0,86.7,2.0,103806228.37370242,False,True,False,False,False,True,False,False,True,False,False
7900000000.0,86.7,3.0,91118800.461361,False,True,False,False,False,True,False,False,False,True,False
7600000000.0,86.7,2.0,87658592.84890427,False,True,False,False,False,True,False,False,False,True,False
10000000000.0,86.7,3.0,115340253.74855824,False,True,False,False,False,True,False,True,False,False,False
6960000000.0,86.7,3.0,80276816.60899654,False,True,False,False,False,True,False,True,False,False,False
7900000000.0,86.7,3.0,91118800.461361,False,True,False,False,False,True,False,False,False,True,False
8000000000.0,86.7,2.0,92272202.9988466,False,True,False,False,False,True,False,True,False,False,False
8070000000.0,86.7,3.0,93079584.7750865,False,True,False,False,False,True,False,False,False,True,False
10700000000.0,86.7,,123414071.51095732,True,True,True,False,False,True,False,True,False,False,False
7940000000.0,86.7,3.0,91580161.47635524,False,True,False,False,False,True,False,False,True,False,False
6500000000.0,86.7,3.0,74971164.93656285,False,True,False,False,False,True,False,True,False,False,False
8700000000.0,86.7,,100346020.76124568,False,True,True,False,False,True,False,True,False,False,False
7300000000.0,86.7,2.0,84198385.23644751,False,True,False,False,False,True,False,True,False,False,False
7400000000.0,86.7,2.0,85351787.7739331,False,True,False,False,False,True,False,False,True,False,False
7820000000.0,86.7,3.0,90196078.43137255,False,True,False,False,False,True,False,False,False,True,False
7400000000.0,86.7,2.0,85351787.7739331,False,True,False,False,False,True,False,True,False,False,False
8070000000.0,86.7,3.0,93079584.7750865,False,True,False,False,False,True,False,False,False,True,False
7900000000.0,86.7,3.0,91118800.461361,False,True,False,False,False,True,False,True,False,False,False
8700000000.0,86.7,3.0,100346020.76124568,False,True,False,False,False,True,False,True,False,False,False
7550000000.0,86.7,3.0,87081891.58016147,False,True,False,False,False,True,False,False,True,False,False
7600000000.0,86.7,2.0,87658592.84890427,False,True,False,False,False,True,False,False,False,True,False
8000000000.0,86.7,3.0,92272202.9988466,False,True,False,False,False,True,False,False,False,True,False
8700000000.0,86.7,3.0,100346020.76124568,False,True,False,False,False,True,False,True,False,False,False
6500000000.0,86.7,2.0,74971164.93656285,False,True,False,False,False,True,False,False,True,False,False
7600000000.0,86.7,2.0,87658592.84890427,False,True,False,False,False,True,False,True,False,False,False
7650000000.0,86.7,,88235294.11764705,False,True,True,False,False,True,False,False,True,False,False
6180000000.0,86.7,2.0,71280276.816609,False,True,False,False,False,True,False,False,True,False,False
10700000000.0,86.7,3.0,123414071.51095732,False,True,False,False,False,True,False,True,False,False,False
6700000000.0,86.7,2.0,77277970.01153402,False,True,False,False,False,True,False,False,True,False,False
5000000000.0,24.0,,208333333.3333333,False,False,True,False,False,True,False,False,False,True,False
26000000000.0,86.7,3.0,299884659.7462514,False,True,False,False,False,True,False,True,False,False,False
20000000000.0,86.7,2.0,230680507.49711648,False,True,False,False,False,True,False,True,False,False,False
19100000000.0,86.7,2.0,220299884.65974623,False,True,False,False,False,True,False,True,False,False,False
12500000000.0,86.7,1.0,144175317.1856978,False,True,False,False,False,True,False,True,False,False,False
22000000000.0,86.7,2.0,253748558.2468281,False,True,False,False,False,True,False,True,False,False,False
14000000000.0,82.0,2.0,170731707.31707317,False,True,False,False,False,True,False,False,True,False,False
23500000000.0,82.0,3.0,286585365.85365856,False,True,False,False,False,True,False,False,True,False,False
9500000000.0,82.0,1.0,115853658.53658536,False,True,False,False,False,True,False,False,True,False,False
14200000000.0,82.0,2.0,173170731.70731708,False,True,False,False,False,True,False,False,True,False,False
12900000000.0,82.0,2.0,157317073.1707317,False,True,False,False,False,True,False,False,True,False,False
32500000000.0,82.0,4.0,396341463.41463417,False,True,False,False,False,True,False,True,False,False,False
9300000000.0,82.0,1.0,113414634.14634146,False,True,False,False,False,True,False,False,True,False,False
9600000000.0,82.0,1.0,117073170.73170732,False,True,False,False,False,True,False,False,True,False,False
10000000000.0,82.0,1.0,121951219.51219513,False,True,False,False,False,True,False,False,True,False,False
33000000000.0,82.0,4.0,402439024.3902439,False,True,False,False,False,True,False,False,True,False,False
29500000000.0,82.0,3.0,359756097.5609756,False,True,False,False,False,True,False,False,True,False,False
33000000000.0,82.0,4.0,402439024.3902439,False,True,False,False,False,True,False,False,True,False,False
31000000000.0,82.0,4.0,378048780.4878049,False,True,False,False,False,True,False,False,True,False,False
9990000000.0,82.0,1.0,121829268.29268292,False,True,False,False,False,True,False,False,True,False,False
28500000000.0,82.0,3.0,347560975.6097561,False,True,False,False,False,True,True,False,False,False,False
9900000000.0,82.0,1.0,120731707.31707317,False,True,False,False,False,True,False,False,True,False,False
25000000000.0,82.0,3.0,304878048.7804878,False,True,False,False,False,True,False,False,True,False,False
10200000000.0,82.0,1.0,124390243.90243904,False,True,False,False,False,True,False,False,True,False,False
9900000000.0,82.0,1.0,120731707.31707317,False,True,False,False,False,True,False,False,True,False,False
13600000000.0,82.0,1.0,165853658.53658536,False,True,False,False,False,True,False,False,True,False,False
23000000000.0,82.0,3.0,280487804.8780488,False,True,False,False,False,True,False,False,True,False,False
27100000000.0,82.0,3.0,330487804.8780488,False,True,False,False,False,True,False,False,True,False,False
15000000000.0,82.0,2.0,182926829.2682927,False,True,False,False,False,True,False,False,True,False,False
23500000000.0,82.0,3.0,286585365.85365856,False,True,False,False,False,True,False,False,True,False,False
27000000000.0,100.0,,270000000.0,False,False,True,False,False,True,False,False,False,True,False
7300000000.0,64.0,,114062500.0,False,False,True,False,False,True,False,False,False,True,False
38809000000.0,227.2,,170814260.5633803,False,False,True,False,False,True,False,False,True,False,False
13000000000.0,75.0,,173333333.33333334,False,False,True,False,False,True,False,False,True,False,False
3900000000.0,59.7,1.0,65326633.16582914,False,False,False,True,False,False,False,False,True,False,False
6900000000.0,48.0,4.0,143750000.0,False,False,False,False,False,True,False,False,False,True,False
6400000000.0,84.0,4.0,76190476.1904762,False,False,False,False,False,True,False,False,False,True,False
7600000000.0,68.0,3.0,111764705.88235296,False,False,False,False,False,True,False,False,False,True,False
10100000000.0,100.0,7.0,101000000.0,False,False,False,False,False,True,False,False,False,True,False
7800000000.0,75.0,4.0,104000000.0,False,False,False,False,False,True,False,False,False,True,False
8700000000.0,91.0,3.0,95604395.6043956,False,False,False,False,False,True,False,False,False,True,False
27500000000.0,145.0,,189655172.41379312,False,False,True,False,False,True,True,False,False,False,False
11990000000.0,88.0,5.0,136250000.0,False,False,False,False,False,True,False,False,False,True,False
9200000000.0,56.0,8.0,164285714.2857143,False,False,False,False,False,True,False,False,False,True,False
8500000000.0,223.0,,38116591.92825112,False,False,True,False,False,True,False,False,True,False,False
13500000000.0,80.0,,168750000.0,False,False,True,False,False,True,False,False,False,True,False
9800000000.0,75.0,,130666666.66666669,False,False,True,False,False,True,False,False,False,True,False
6800000000.0,50.0,2.0,136000000.0,False,False,False,False,False,True,False,False,True,False,False
5200000000.0,58.0,3.0,89655172.4137931,False,False,False,False,False,True,False,False,False,True,False
10500000000.0,96.0,3.0,109375000.0,False,False,False,False,False,True,False,False,False,True,False
6400000000.0,78.0,4.0,82051282.05128205,False,False,False,False,False,True,False,False,False,True,False
6250000000.0,69.0,2.0,90579710.14492752,False,False,False,False,False,True,False,False,True,False,False
6250000000.0,78.0,2.0,80128205.12820514,False,True,False,False,False,True,True,False,False,False,False
8050000000.0,82.0,3.0,98170731.70731708,False,False,False,False,False,True,False,True,False,False,False
6300000000.0,88.0,2.0,71590909.0909091,False,True,False,False,False,True,True,False,False,False,False
13900000000.0,76.0,13.0,182894736.84210527,False,False,False,False,False,True,False,False,True,False,False
3000000000.0,49.0,,61224489.79591837,False,True,True,True,False,False,False,False,True,False,False
15700000000.0,49.0,2.0,320408163.2653061,False,True,False,True,False,False,True,False,False,False,False
3300000000.0,55.0,,60000000.0,False,False,True,False,True,False,False,False,True,False,False
8850000000.0,35.0,,252857142.85714287,False,False,True,False,False,True,False,False,False,True,False
2400000000.0,33.0,,72727272.72727273,False,False,True,False,False,True,False,True,False,False,False
3700000000.0,70.0,2.0,52857142.85714286,False,False,False,False,True,False,False,False,True,False,False
11400000000.0,86.7,2.0,131487889.2733564,False,True,False,False,False,True,False,True,False,False,False
19000000000.0,86.7,3.0,219146482.12226063,False,True,False,False,False,True,False,True,False,False,False
12500000000.0,86.7,2.0,144175317.1856978,False,True,False,False,False,True,False,True,False,False,False
10700000000.0,86.7,2.0,123414071.51095732,False,True,False,False,False,True,False,True,False,False,False
11700000000.0,86.7,2.0,134948096.88581315,False,True,False,False,False,True,False,True,False,False,False
12300000000.0,86.7,2.0,141868512.11072662,False,True,False,False,False,True,False,True,False,False,False
12400000000.0,86.7,2.0,143021914.64821222,False,True,False,False,False,True,False,True,False,False,False
13000000000.0,86.7,2.0,149942329.8731257,False,True,False,False,False,True,False,True,False,False,False
16000000000.0,86.7,3.0,184544405.9976932,False,True,False,False,False,True,False,True,False,False,False
9500000000.0,86.7,1.0,109573241.06113032,False,True,False,False,False,True,False,True,False,False,False
12500000000.0,86.7,2.0,144175317.1856978,False,True,False,False,False,True,False,True,False,False,False
12500000000.0,86.7,2.0,144175317.1856978,False,True,False,False,False,True,False,True,False,False,False
13000000000.0,86.7,2.0,149942329.8731257,False,True,False,False,False,True,False,True,False,False,False
11000000000.0,86.7,2.0,126874279.12341408,False,True,False,False,False,True,False,True,False,False,False
9300000000.0,86.7,1.0,107266435.98615916,False,True,False,False,False,True,False,True,False,False,False
8800000000.0,86.7,1.0,101499423.29873124,False,True,False,False,False,True,False,True,False,False,False
18500000000.0,86.7,3.0,213379469.43483275,False,True,False,False,False,True,False,True,False,False,False
8800000000.0,86.7,1.0,101499423.29873124,False,True,False,False,False,True,False,True,False,False,False
10689000000.0,86.7,2.0,123287197.2318339,False,True,False,False,False,True,False,True,False,False,False
16700000000.0,86.7,3.0,192618223.76009223,False,True,False,False,False,True,False,True,False,False,False
12500000000.0,86.7,2.0,144175317.1856978,False,True,False,False,False,True,False,True,False,False,False
13200000000.0,86.7,2.0,152249134.94809687,False,True,False,False,False,True,False,True,False,False,False
13000000000.0,86.7,3.0,149942329.8731257,False,True,False,False,False,True,False,False,False,True,False
12500000000.0,86.7,2.0,144175317.1856978,False,True,False,False,False,True,False,True,False,False,False
12500000000.0,86.7,2.0,144175317.1856978,False,True,False,False,False,True,False,False,True,False,False
17500000000.0,86.7,3.0,201845444.0599769,False,True,False,False,False,True,False,True,False,False,False
12500000000.0,86.7,2.0,144175317.1856978,False,True,False,False,False,True,False,True,False,False,False
11300000000.0,86.7,2.0,130334486.7358708,False,True,False,False,False,True,False,True,False,False,False
10700000000.0,86.7,2.0,123414071.51095732,False,True,False,False,False,True,False,True,False,False,False
8500000000.0,86.7,1.0,98039215.68627451,False,True,False,False,False,True,False,True,False,False,False
12500000000.0,86.7,2.0,144175317.1856978,False,True,False,False,False,True,False,True,False,False,False
8800000000.0,86.7,1.0,101499423.29873124,False,True,False,False,False,True,False,False,True,False,False
25000000000.0,105.0,,238095238.0952381,False,False,True,False,False,True,False,False,False,True,False
30000000000.0,140.0,5.0,214285714.2857143,False,False,False,False,False,True,True,False,False,False,False
20000000000.0,49.0,4.0,408163265.3061224,False,True,False,True,False,False,True,False,False,False,False
11800000000.0,49.0,3.0,240816326.53061223,False,True,False,True,False,False,True,False,False,False,False
12000000000.0,49.0,4.0,244897959.18367347,False,True,False,True,False,False,True,False,False,False,False
15500000000.0,49.0,3.0,316326530.6122449,False,True,False,True,False,False,True,False,False,False,False
12500000000.0,49.0,3.0,255102040.81632653,False,True,False,True,False,False,True,False,False,False,False
8700000000.0,60.0,4.0,145000000.0,False,False,False,False,False,True,False,False,False,True,False
10800000000.0,144.0,4.0,75000000.0,False,False,False,False,False,True,False,False,False,True,False
3250000000.0,200.0,,16250000.0,False,False,True,False,False,True,False,False,False,True,False
11600000000.0,73.0,4.0,158904109.58904108,False,False,False,False,False,True,False,False,True,False,False
6800000000.0,36.0,5.0,188888888.8888889,False,False,False,False,False,True,False,False,False,True,False
8400000000.0,108.0,,77777777.77777778,False,False,True,False,False,True,False,False,True,False,False
6400000000.0,40.0,3.0,160000000.0,False,False,False,False,False,True,False,False,False,True,False
8200000000.0,31.0,,264516129.0322581,False,False,True,False,False,True,False,False,False,True,False
6900000000.0,64.0,3.0,107812500.0,False,False,False,False,False,True,False,False,False,True,False
9200000000.0,50.0,,184000000.0,False,False,True,False,False,True,False,False,False,True,False
5000000000.0,82.5,,60606060.60606061,False,True,True,False,False,True,False,True,False,False,False
3120000000.0,60.0,1.0,52000000.0,False,True,False,False,True,False,False,True,False,False,False
2300000000.0,60.0,,38333333.333333336,False,True,True,False,True,False,False,True,False,False,False
3500000000.0,60.0,,58333333.333333336,False,True,True,False,True,False,False,False,True,False,False
2750000000.0,60.0,,45833333.333333336,True,True,True,False,True,False,False,True,False,False,False
2750000000.0,60.0,,45833333.333333336,True,True,True,False,True,False,False,True,False,False,False
3400000000.0,60.0,2.0,56666666.66666666,False,True,False,False,True,False,False,True,False,False,False
2750000000.0,60.0,2.0,45833333.333333336,True,True,False,False,True,False,False,True,False,False,False
6200000000.0,95.0,2.0,65263157.89473684,False,True,False,False,True,False,False,True,False,False,False
6225000000.0,95.0,2.0,65526315.78947368,True,True,False,False,True,False,False,False,True,False,False
6250000000.0,95.0,3.0,65789473.68421053,False,True,False,False,True,False,False,False,True,False,False
4000000000.0,95.0,,42105263.15789474,False,True,True,False,True,False,False,True,False,False,False
6600000000.0,95.0,3.0,69473684.21052632,False,True,False,False,True,False,False,False,True,False,False
5570000000.0,95.0,2.0,58631578.94736842,False,True,False,False,True,False,False,False,True,False,False
6450000000.0,95.0,3.0,67894736.84210527,False,True,False,False,True,False,False,False,True,False,False
4400000000.0,95.0,2.0,46315789.47368421,False,True,False,False,True,False,False,False,True,False,False
4080000000.0,95.0,2.0,42947368.42105264,False,True,False,False,True,False,False,False,True,False,False
1400000000.0,38.0,,36842105.2631579,False,False,True,False,True,False,False,False,True,False,False
1990000000.0,88.5,,22485875.70621469,False,True,True,False,True,False,False,True,False,False,False
2500000000.0,88.5,2.0,28248587.570621468,False,True,False,False,True,False,False,False,True,False,False
2600000000.0,88.5,,29378531.07344633,False,True,True,False,True,False,False,True,False,False,False
4000000000.0,88.5,,45197740.11299435,False,True,True,False,True,False,False,True,False,False,False
2800000000.0,88.5,2.0,31638418.079096045,False,True,False,False,True,False,False,True,False,False,False
2800000000.0,88.5,2.0,31638418.079096045,False,True,False,False,True,False,False,True,False,False,False
2500000000.0,88.5,2.0,28248587.570621468,False,True,False,False,True,False,False,False,True,False,False
1990000000.0,88.5,,22485875.70621469,False,True,True,False,True,False,False,True,False,False,False
2430000000.0,88.5,2.0,27457627.118644062,False,True,False,False,True,False,False,True,False,False,False
2400000000.0,88.5,,27118644.06779661,False,True,True,False,True,False,False,True,False,False,False
2600000000.0,88.5,2.0,29378531.07344633,False,True,False,False,True,False,False,False,True,False,False
3800000000.0,88.5,3.0,42937853.10734464,False,True,False,False,True,False,False,True,False,False,False
1650000000.0,88.5,1.0,18644067.79661017,False,True,False,False,True,False,False,False,True,False,False
4000000000.0,88.5,3.0,45197740.11299435,False,True,False,False,True,False,False,True,False,False,False
2700000000.0,88.5,1.0,30508474.576271188,False,True,False,False,True,False,False,True,False,False,False
1200000000.0,60.0,,20000000.0,False,False,True,False,False,True,False,False,False,True,False
2500000000.0,120.0,,20833333.33333333,False,False,True,False,False,True,False,False,True,False,False
25500000000.0,120.0,,212500000.0,False,False,True,False,False,True,False,False,True,False,False
1920000000.0,68.0,1.0,28235294.11764706,False,True,False,False,True,False,False,True,False,False,False
2850000000.0,68.0,3.0,41911764.70588236,False,True,False,False,True,False,False,True,False,False,False
2350000000.0,68.0,2.0,34558823.52941176,False,True,False,False,True,False,False,True,False,False,False
2550000000.0,68.0,2.0,37500000.0,False,True,False,False,True,False,False,True,False,False,False
2500000000.0,68.0,2.0,36764705.88235294,False,True,False,False,True,False,False,True,False,False,False
2700000000.0,68.0,2.0,39705882.35294118,False,True,False,False,True,False,False,True,False,False,False
1900000000.0,68.0,1.0,27941176.47058824,False,True,False,False,True,False,False,True,False,False,False
2900000000.0,68.0,2.0,42647058.823529415,False,True,False,False,True,False,False,True,False,False,False
2340000000.0,68.0,2.0,34411764.70588236,False,True,False,False,True,False,False,True,False,False,False
1600000000.0,32.0,,50000000.0,False,False,True,False,True,False,False,True,False,False,False
7412000000.0,109.0,,68000000.0,False,False,True,False,True,False,False,False,True,False,False
2700000000.0,50.0,2.0,54000000.0,False,False,False,False,True,False,False,False,True,False,False
3200000000.0,55.0,,58181818.18181818,False,False,True,False,True,False,False,True,False,False,False
2100000000.0,75.75,,27722772.27722772,False,True,True,False,True,False,False,False,True,False,False
1680000000.0,75.75,,22178217.82178218,False,True,True,False,True,False,False,False,False,True,False
1490000000.0,75.75,,19669966.99669967,False,True,True,False,True,False,False,True,False,False,False
2490000000.0,75.75,2.0,32871287.12871287,False,True,False,False,True,False,False,False,True,False,False
1700000000.0,75.75,1.0,22442244.224422444,False,True,False,False,True,False,False,True,False,False,False
1440000000.0,75.75,,19009900.99009901,False,True,True,False,True,False,False,True,False,False,False
2200000000.0,75.75,,29042904.290429045,False,True,True,False,True,False,False,False,True,False,False
2400000000.0,75.75,,31683168.31683168,False,True,True,False,True,False,False,True,False,False,False
2400000000.0,75.75,2.0,31683168.31683168,False,True,False,False,True,False,False,True,False,False,False
1500000000.0,75.75,1.0,19801980.198019803,False,True,False,False,True,False,False,False,True,False,False
1560000000.0,75.75,,20594059.405940592,False,True,True,False,True,False,False,True,False,False,False
2700000000.0,55.0,,49090909.09090909,False,False,True,False,True,False,False,True,False,False,False
6900000000.0,32.0,4.0,215625000.0,False,False,False,False,False,True,False,False,False,True,False
3150000000.0,85.0,2.0,37058823.52941176,False,False,False,False,False,True,False,True,False,False,False
27100000000.0,192.0,5.0,141145833.33333334,False,False,False,False,False,True,True,False,False,False,False
4800000000.0,50.9,,94302554.02750492,False,False,True,False,False,True,False,False,False,False,True
2450000000.0,120.0,,20416666.666666668,False,True,True,False,True,False,True,False,False,False,False
2800000000.0,120.0,,23333333.33333333,True,True,True,False,True,False,False,False,False,False,True
2800000000.0,120.0,,23333333.33333333,True,True,True,False,True,False,False,False,False,True,False
2800000000.0,120.0,,23333333.33333333,True,True,True,False,True,False,True,False,False,False,False
3900000000.0,120.0,,32500000.0,False,True,True,False,True,False,True,False,False,False,False
3700000000.0,120.0,2.0,30833333.33333333,False,True,False,False,True,False,False,True,False,False,False
2800000000.0,120.0,,23333333.33333333,True,True,True,False,True,False,True,False,False,False,False
5600000000.0,120.0,,46666666.66666666,False,True,True,False,True,False,True,False,False,False,False
3600000000.0,120.0,,30000000.0,False,True,True,False,True,False,True,False,False,False,False
3700000000.0,120.0,,30833333.33333333,False,True,True,False,True,False,False,True,False,False,False
2700000000.0,120.0,4.0,22500000.0,False,True,False,False,True,False,False,False,False,False,True
2800000000.0,120.0,4.0,23333333.33333333,True,True,False,False,True,False,False,False,True,False,False
2800000000.0,120.0,,23333333.33333333,True,True,True,False,True,False,True,False,False,False,False
2800000000.0,120.0,,23333333.33333333,True,True,True,False,True,False,False,False,True,False,False
3480000000.0,85.5,2.0,40701754.38596492,False,True,False,False,False,True,False,False,True,False,False
3600000000.0,85.5,2.0,42105263.15789474,False,True,False,False,False,True,False,False,True,False,False
2580000000.0,85.5,1.0,30175438.59649123,False,True,False,False,False,True,False,False,True,False,False
5800000000.0,85.5,2.0,67836257.30994152,False,True,False,False,False,True,False,False,True,False,False
3800000000.0,85.5,2.0,44444444.44444445,True,True,False,False,False,True,False,False,True,False,False
5200000000.0,85.5,3.0,60818713.4502924,False,True,False,False,False,True,False,False,True,False,False
4700000000.0,85.5,2.0,54970760.23391813,False,True,False,False,False,True,False,False,True,False,False
6440000000.0,85.5,3.0,75321637.42690058,False,True,False,False,False,True,False,True,False,False,False
6440000000.0,85.5,3.0,75321637.42690058,False,True,False,False,False,True,False,False,True,False,False
3470000000.0,85.5,2.0,40584795.32163743,False,True,False,False,False,True,False,False,True,False,False
3000000000.0,85.5,2.0,35087719.298245616,False,True,False,False,False,True,False,False,True,False,False
3100000000.0,85.5,2.0,36257309.94152047,False,True,False,False,False,True,False,False,True,False,False
3400000000.0,85.5,2.0,39766081.87134503,False,True,False,False,False,True,False,False,True,False,False
3190000000.0,85.5,2.0,37309941.52046783,False,True,False,False,False,True,False,True,False,False,False
3100000000.0,85.5,,36257309.94152047,False,True,True,False,False,True,False,False,True,False,False
5400000000.0,85.5,2.0,63157894.7368421,False,True,False,False,False,True,False,True,False,False,False
3380000000.0,85.5,2.0,39532163.74269006,False,True,False,False,False,True,False,False,True,False,False
3400000000.0,85.5,2.0,39766081.87134503,False,True,False,False,False,True,False,False,True,False,False
3400000000.0,85.5,,39766081.87134503,False,True,True,False,False,True,False,False,True,False,False
3050000000.0,85.5,2.0,35672514.61988304,False,True,False,False,False,True,False,False,False,True,False
2900000000.0,85.5,2.0,33918128.65497076,False,True,False,False,False,True,False,False,True,False,False
3600000000.0,85.5,2.0,42105263.15789474,False,True,False,False,False,True,False,False,True,False,False
2760000000.0,85.5,2.0,32280701.754385963,False,True,False,False,False,True,False,False,True,False,False
3000000000.0,85.5,2.0,35087719.298245616,False,True,False,False,False,True,False,False,True,False,False
4300000000.0,85.5,2.0,50292397.66081871,False,True,False,False,False,True,False,True,False,False,False
3000000000.0,85.5,2.0,35087719.298245616,False,True,False,False,False,True,False,False,True,False,False
5290000000.0,85.5,3.0,61871345.02923977,False,True,False,False,False,True,False,False,True,False,False
6180000000.0,85.5,3.0,72280701.75438596,False,True,False,False,False,True,False,True,False,False,False
5740000000.0,85.5,3.0,67134502.92397662,False,True,False,False,False,True,False,False,True,False,False
3200000000.0,85.5,2.0,37426900.58479532,False,True,False,False,False,True,False,False,False,True,False
3110000000.0,85.5,2.0,36374269.00584795,False,True,False,False,False,True,False,False,True,False,False
3000000000.0,85.5,2.0,35087719.298245616,False,True,False,False,False,True,False,False,True,False,False
2900000000.0,85.5,2.0,33918128.65497076,False,True,False,False,False,True,False,False,True,False,False
3400000000.0,85.5,,39766081.87134503,False,True,True,False,False,True,False,False,True,False,False
7666000000.0,86.7,1.0,88419838.52364475,False,True,False,False,False,True,False,False,True,False,False
9800000000.0,86.7,2.0,113033448.67358708,False,True,False,False,False,True,False,False,True,False,False
8110000000.0,86.7,2.0,93540945.79008074,False,True,False,False,False,True,False,True,False,False,False
14800000000.0,86.7,3.0,170703575.5478662,False,True,False,False,False,True,False,True,False,False,False
11000000000.0,86.7,2.0,126874279.12341408,False,True,False,False,False,True,False,True,False,False,False
9973000000.0,86.7,2.0,115028835.06343712,False,True,False,False,False,True,False,False,True,False,False
9800000000.0,86.7,2.0,113033448.67358708,False,True,False,False,False,True,False,False,True,False,False
21000000000.0,86.7,4.0,242214532.87197232,False,True,False,False,False,True,False,False,True,False,False
9210000000.0,86.7,2.0,106228373.70242214,False,True,False,False,False,True,False,False,True,False,False
9060000000.0,86.7,2.0,104498269.89619376,False,True,False,False,False,True,False,False,True,False,False
10000000000.0,86.7,2.0,115340253.74855824,False,True,False,False,False,True,False,True,False,False,False
9250000000.0,86.7,2.0,106689734.71741638,False,True,False,False,False,True,False,True,False,False,False
6900000000.0,86.7,1.0,79584775.08650519,False,True,False,False,False,True,False,False,True,False,False
7670000000.0,86.7,1.0,88465974.62514417,False,True,False,False,False,True,False,False,True,False,False
10700000000.0,86.7,2.0,123414071.51095732,True,True,False,False,False,True,False,False,False,True,False
12800000000.0,86.7,3.0,147635524.79815456,False,True,False,False,False,True,False,False,True,False,False
9300000000.0,86.7,2.0,107266435.98615916,False,True,False,False,False,True,False,False,True,False,False
7500000000.0,86.7,1.0,86505190.31141868,False,True,False,False,False,True,False,False,True,False,False
6300000000.0,86.7,1.0,72664359.8615917,False,True,False,False,False,True,False,False,True,False,False
9200000000.0,86.7,2.0,106113033.4486736,False,True,False,False,False,True,False,False,True,False,False
9890000000.0,86.7,2.0,114071510.9573241,False,True,False,False,False,True,False,False,True,False,False
6900000000.0,86.7,1.0,79584775.08650519,False,True,False,False,False,True,False,False,True,False,False
9200000000.0,86.7,2.0,106113033.4486736,False,True,False,False,False,True,False,False,True,False,False
8700000000.0,86.7,2.0,100346020.76124568,False,True,False,False,False,True,False,True,False,False,False
10700000000.0,86.7,1.0,123414071.51095732,True,True,False,False,False,True,False,False,True,False,False
11500000000.0,86.7,2.0,132641291.81084198,False,True,False,False,False,True,False,False,True,False,False
7960000000.0,86.7,2.0,91810841.98385236,False,True,False,False,False,True,False,False,True,False,False
7940000000.0,86.7,1.0,91580161.47635524,False,True,False,False,False,True,False,False,True,False,False
7987000000.0,86.7,1.0,92122260.66897348,False,True,False,False,False,True,False,False,True,False,False
9960000000.0,86.7,2.0,114878892.733564,False,True,False,False,False,True,False,False,True,False,False
7000000000.0,86.7,1.0,80738177.62399077,False,True,False,False,False,True,False,False,True,False,False
9990000000.0,86.7,2.0,115224913.49480969,False,True,False,False,False,True,False,False,True,False,False
9823000000.0,86.7,2.0,113298731.25720876,False,True,False,False,False,True,False,False,True,False,False
10700000000.0,86.7,2.0,123414071.51095732,True,True,False,False,False,True,False,False,False,True,False
9800000000.0,86.7,2.0,113033448.67358708,False,True,False,False,False,True,False,False,False,True,False
4050000000.0,100.0,,40500000.0,False,True,True,False,False,True,False,True,False,False,False
4000000000.0,100.0,2.0,40000000.0,False,True,False,False,False,True,False,True,False,False,False
4150000000.0,100.0,2.0,41500000.0,False,True,False,False,False,True,False,True,False,False,False
3100000000.0,100.0,,31000000.0,False,True,True,False,False,True,False,False,True,False,False
4850000000.0,100.0,3.0,48500000.0,False,True,False,False,False,True,False,False,True,False,False
3050000000.0,100.0,,30500000.0,False,True,True,False,False,True,False,False,True,False,False
4900000000.0,100.0,3.0,49000000.0,False,True,False,False,False,True,False,False,True,False,False
3250000000.0,100.0,1.0,32500000.0,False,True,False,False,False,True,False,False,True,False,False
5400000000.0,100.0,3.0,54000000.0,False,True,False,False,False,True,False,False,True,False,False
3100000000.0,100.0,,31000000.0,False,True,True,False,False,True,False,True,False,False,False
4100000000.0,100.0,2.0,41000000.0,False,True,False,False,False,True,False,True,False,False,False
4500000000.0,100.0,2.0,45000000.0,False,True,False,False,False,True,False,True,False,False,False
3000000000.0,100.0,2.0,30000000.0,False,True,False,False,False,True,False,True,False,False,False
4700000000.0,100.0,3.0,47000000.0,False,True,False,False,False,True,False,True,False,False,False
2760000000.0,100.0,,27600000.0,False,True,True,False,False,True,False,False,True,False,False
40000000000.0,160.0,,250000000.0,False,False,True,False,False,True,False,False,False,True,False
28000000000.0,300.0,2.0,93333333.33333331,False,True,False,True,False,False,False,False,True,False,False
2430000000.0,47.0,2.0,51702127.65957447,False,False,False,False,True,False,False,True,False,False,False
11000000000.0,77.0,12.0,142857142.85714287,False,False,False,False,False,True,False,False,True,False,False
12500000000.0,106.0,,117924528.3018868,False,False,True,False,False,True,False,False,False,True,False
8800000000.0,70.0,,125714285.71428572,False,False,True,False,False,True,False,False,False,True,False
10500000000.0,80.0,4.0,131250000.0,False,False,False,False,False,True,False,True,False,False,False
14200000000.0,70.0,6.0,202857142.85714287,False,False,False,False,False,True,False,False,False,True,False
8900000000.0,53.0,5.0,167924528.3018868,False,False,False,False,False,True,False,False,False,True,False
3726000000.0,69.0,3.0,54000000.0,False,False,False,False,True,False,False,False,False,True,False
2700000000.0,60.0,2.0,45000000.0,False,True,False,False,True,False,False,False,True,False,False
3400000000.0,60.0,2.0,56666666.66666666,False,True,False,False,True,False,False,False,True,False,False
1800000000.0,60.0,1.0,30000000.0,False,True,False,False,True,False,False,False,True,False,False
2400000000.0,60.0,2.0,40000000.0,False,True,False,False,True,False,False,False,True,False,False
2510000000.0,60.0,2.0,41833333.333333336,False,True,False,False,True,False,False,False,True,False,False
2150000000.0,60.0,2.0,35833333.333333336,False,True,False,False,True,False,False,False,True,False,False
2360000000.0,60.0,2.0,39333333.333333336,False,True,False,False,True,False,False,False,True,False,False
4000000000.0,60.0,,66666666.66666666,False,True,True,False,True,False,False,False,True,False,False
3200000000.0,60.0,2.0,53333333.333333336,False,True,False,False,True,False,False,False,True,False,False
1850000000.0,60.0,1.0,30833333.33333333,False,True,False,False,True,False,False,False,True,False,False
2050000000.0,60.0,2.0,34166666.666666664,False,True,False,False,True,False,False,False,True,False,False
2860000000.0,60.0,3.0,47666666.66666666,False,True,False,False,True,False,False,False,True,False,False
2600000000.0,60.0,1.0,43333333.333333336,False,True,False,False,True,False,False,False,True,False,False
1800000000.0,60.0,1.0,30000000.0,False,True,False,False,True,False,False,False,True,False,False
1800000000.0,60.0,1.0,30000000.0,False,True,False,False,True,False,False,False,True,False,False
1850000000.0,60.0,1.0,30833333.33333333,False,True,False,False,True,False,False,False,True,False,False
2650000000.0,60.0,2.0,44166666.66666666,False,True,False,False,True,False,False,False,True,False,False
2100000000.0,60.0,2.0,35000000.0,False,True,False,False,True,False,False,False,True,False,False
1810000000.0,60.0,1.0,30166666.666666668,False,True,False,False,True,False,False,False,True,False,False
2410000000.0,60.0,2.0,40166666.66666666,False,True,False,False,True,False,False,False,True,False,False
2510000000.0,60.0,2.0,41833333.333333336,False,True,False,False,True,False,False,False,True,False,False
1950000000.0,60.0,1.0,32500000.0,False,True,False,False,True,False,False,False,True,False,False
3100000000.0,60.0,3.0,51666666.66666666,False,True,False,False,True,False,False,False,True,False,False
2360000000.0,60.0,2.0,39333333.333333336,False,True,False,False,True,False,False,False,True,False,False
2100000000.0,60.0,2.0,35000000.0,False,True,False,False,True,False,False,False,True,False,False
2550000000.0,60.0,2.0,42500000.0,False,True,False,False,True,False,False,False,True,False,False
2360000000.0,60.0,2.0,39333333.333333336,False,True,False,False,True,False,False,False,True,False,False
1850000000.0,60.0,1.0,30833333.33333333,False,True,False,False,True,False,False,False,True,False,False
2300000000.0,60.0,,38333333.333333336,False,True,True,False,True,False,False,False,True,False,False
2370000000.0,60.0,2.0,39500000.0,False,True,False,False,True,False,False,False,True,False,False
2500000000.0,60.0,2.0,41666666.66666666,False,True,False,False,True,False,False,False,True,False,False
3200000000.0,60.0,3.0,53333333.333333336,False,True,False,False,True,False,False,False,True,False,False
1700000000.0,32.0,,53125000.0,False,False,True,False,True,False,False,True,False,False,False
10700000000.0,120.0,,89166666.66666667,True,False,True,False,False,True,False,False,False,True,False
4800000000.0,81.8,,58679706.60146699,False,True,True,False,False,True,False,True,False,False,False
3200000000.0,81.8,2.0,39119804.400978,False,True,False,False,False,True,False,True,False,False,False
2500000000.0,81.8,,30562347.18826406,False,True,True,False,False,True,False,True,False,False,False
4800000000.0,81.8,,58679706.60146699,False,True,True,False,False,True,False,True,False,False,False
2500000000.0,81.8,,30562347.18826406,False,True,True,False,False,True,False,True,False,False,False
3200000000.0,81.8,1.0,39119804.400978,False,True,False,False,False,True,False,False,True,False,False
3200000000.0,81.8,3.0,39119804.400978,False,True,False,False,False,True,False,False,True,False,False
5500000000.0,81.8,2.0,67237163.81418093,False,True,False,False,False,True,False,False,True,False,False
4800000000.0,81.8,,58679706.60146699,False,True,True,False,False,True,False,True,False,False,False
3200000000.0,81.8,,39119804.400978,False,True,True,False,False,True,False,True,False,False,False
4800000000.0,81.8,1.0,58679706.60146699,False,True,False,False,False,True,False,False,False,True,False
3200000000.0,81.8,,39119804.400978,False,True,True,False,False,True,False,False,True,False,False
5600000000.0,95.0,,58947368.42105264,False,False,True,False,False,True,False,False,False,False,True
7000000000.0,72.0,5.0,97222222.22222222,False,False,False,False,False,True,False,False,False,True,False
16800000000.0,126.0,5.0,133333333.33333331,False,False,False,False,False,True,False,False,False,True,False
12800000000.0,95.0,,134736842.10526314,False,True,True,False,True,False,False,True,False,False,False
6500000000.0,95.0,2.0,68421052.63157895,False,True,False,False,True,False,False,True,False,False,False
3300000000.0,95.0,,34736842.10526316,False,True,True,False,True,False,False,False,True,False,False
9270000000.0,95.0,4.0,97578947.36842103,False,True,False,False,True,False,False,False,True,False,False
6225000000.0,95.0,3.0,65526315.78947368,True,True,False,False,True,False,False,True,False,False,False
6900000000.0,95.0,,72631578.94736843,False,True,True,False,True,False,False,False,True,False,False
9400000000.0,95.0,3.0,98947368.42105263,False,True,False,False,True,False,False,True,False,False,False
8900000000.0,95.0,3.0,93684210.5263158,False,True,False,False,True,False,False,False,True,False,False
3200000000.0,95.0,1.0,33684210.526315786,False,True,False,False,True,False,False,False,True,False,False
12000000000.0,95.0,3.0,126315789.4736842,False,True,False,False,True,False,False,False,True,False,False
10300000000.0,95.0,3.0,108421052.63157897,False,True,False,False,True,False,False,True,False,False,False
7580000000.0,95.0,2.0,79789473.68421052,False,True,False,False,True,False,False,False,True,False,False
14000000000.0,95.0,,147368421.0526316,False,True,True,False,True,False,False,False,True,False,False
7500000000.0,95.0,,78947368.42105263,False,True,True,False,True,False,False,True,False,False,False
14000000000.0,95.0,,147368421.0526316,False,True,True,False,True,False,False,True,False,False,False
6700000000.0,95.0,2.0,70526315.78947368,False,True,False,False,True,False,False,True,False,False,False
5310000000.0,95.0,2.0,55894736.84210526,False,True,False,False,True,False,False,False,True,False,False
10100000000.0,95.0,,106315789.4736842,False,True,True,False,True,False,False,True,False,False,False
8000000000.0,95.0,3.0,84210526.31578948,False,True,False,False,True,False,False,True,False,False,False
16900000000.0,95.0,,177894736.84210527,False,True,True,False,True,False,False,False,True,False,False
7550000000.0,95.0,2.0,79473684.21052632,False,True,False,False,True,False,False,True,False,False,False
6750000000.0,95.0,2.0,71052631.57894737,False,True,False,False,True,False,False,False,True,False,False
6000000000.0,95.0,,63157894.7368421,False,True,True,False,True,False,False,False,True,False,False
7500000000.0,95.0,2.0,78947368.42105263,False,True,False,False,True,False,False,True,False,False,False
3300000000.0,95.0,,34736842.10526316,False,True,True,False,True,False,False,False,True,False,False
3300000000.0,95.0,1.0,34736842.10526316,False,True,False,False,True,False,False,False,True,False,False
3300000000.0,95.0,1.0,34736842.10526316,False,True,False,False,True,False,False,False,True,False,False
2200000000.0,51.0,2.0,43137254.90196078,False,False,False,False,False,True,False,True,False,False,False
18000000000.0,68.0,,264705882.3529412,False,True,True,False,False,True,False,True,False,False,False
23500000000.0,68.0,3.0,345588235.2941176,False,True,False,False,False,True,False,True,False,False,False
15000000000.0,68.0,1.0,220588235.2941177,False,True,False,False,False,True,False,True,False,False,False
13000000000.0,68.0,1.0,191176470.5882353,False,True,False,False,False,True,False,True,False,False,False
11000000000.0,68.0,1.0,161764705.88235295,False,True,False,False,False,True,False,True,False,False,False
23500000000.0,68.0,3.0,345588235.2941176,False,True,False,False,False,True,False,True,False,False,False
20000000000.0,68.0,,294117647.0588235,True,True,True,False,False,True,False,True,False,False,False
20000000000.0,68.0,3.0,294117647.0588235,False,True,False,False,False,True,False,True,False,False,False
30000000000.0,68.0,3.0,441176470.5882353,False,True,False,False,False,True,False,True,False,False,False
13300000000.0,68.0,1.0,195588235.2941177,False,True,False,False,False,True,False,True,False,False,False
14000000000.0,68.0,1.0,205882352.94117647,False,True,False,False,False,True,False,True,False,False,False
29500000000.0,68.0,3.0,433823529.4117647,False,True,False,False,False,True,False,True,False,False,False
20000000000.0,68.0,3.0,294117647.0588235,True,True,False,False,False,True,False,True,False,False,False
22500000000.0,68.0,3.0,330882352.9411765,False,True,False,False,False,True,False,True,False,False,False
37200000000.0,68.0,3.0,547058823.5294118,False,True,False,False,False,True,False,True,False,False,False
25000000000.0,68.0,3.0,367647058.8235294,False,True,False,False,False,True,False,True,False,False,False
2400000000.0,63.0,2.0,38095238.0952381,False,True,False,False,True,False,False,True,False,False,False
1260000000.0,63.0,1.0,20000000.0,False,True,False,False,True,False,False,False,False,True,False
2400000000.0,63.0,2.0,38095238.0952381,False,True,False,False,True,False,False,True,False,False,False
2250000000.0,63.0,2.0,35714285.71428572,False,True,False,False,True,False,False,True,False,False,False
2250000000.0,63.0,2.0,35714285.71428572,False,True,False,False,True,False,False,False,True,False,False
1260000000.0,63.0,1.0,20000000.0,False,True,False,False,True,False,False,True,False,False,False
2500000000.0,63.0,2.0,39682539.68253968,False,True,False,False,True,False,False,False,True,False,False
2260000000.0,63.0,2.0,35873015.87301587,False,True,False,False,True,False,False,False,True,False,False
2500000000.0,63.0,2.0,39682539.68253968,False,True,False,False,True,False,False,False,False,True,False
2255000000.0,63.0,2.0,35793650.79365079,True,True,False,False,True,False,False,False,True,False,False
1760000000.0,63.0,2.0,27936507.936507937,False,True,False,False,True,False,False,True,False,False,False
1900000000.0,63.0,2.0,30158730.15873016,False,True,False,False,True,False,False,False,True,False,False
1260000000.0,63.0,1.0,20000000.0,False,True,False,False,True,False,False,False,False,True,False
1370000000.0,63.0,1.0,21746031.746031743,False,True,False,False,True,False,False,True,False,False,False
1760000000.0,63.0,2.0,27936507.936507937,False,True,False,False,True,False,False,True,False,False,False
2500000000.0,63.0,2.0,39682539.68253968,False,True,False,False,True,False,False,False,False,True,False
6225000000.0,95.0,3.0,65526315.78947368,True,True,False,False,True,False,False,False,True,False,False
3150000000.0,68.0,2.0,46323529.4117647,False,True,False,False,True,False,False,False,True,False,False
32000000000.0,200.0,,160000000.0,False,False,True,False,False,True,False,False,False,True,False
2350000000.0,53.0,1.0,44339622.64150944,False,False,False,True,False,False,False,True,False,False,False
3500000000.0,71.0,2.0,49295774.64788733,False,False,False,False,True,False,False,False,False,True,False
3182000000.0,68.0,,46794117.64705882,False,False,True,False,True,False,False,True,False,False,False
35000000000.0,74.4,,470430107.5268817,False,False,True,False,False,True,False,False,False,True,False
1630000000.0,68.0,1.0,23970588.23529412,False,True,False,False,False,True,False,True,False,False,False
2200000000.0,68.0,2.0,32352941.17647059,False,True,False,False,False,True,False,False,False,True,False
2250000000.0,68.0,2.0,33088235.29411765,False,True,False,False,False,True,False,False,False,True,False
2300000000.0,68.0,2.0,33823529.4117647,False,True,False,False,False,True,False,False,True,False,False
2250000000.0,68.0,2.0,33088235.29411765,False,True,False,False,False,True,False,False,True,False,False
2370000000.0,68.0,2.0,34852941.176470585,False,True,False,False,False,True,False,False,True,False,False
2250000000.0,68.0,2.0,33088235.29411765,False,True,False,False,False,True,False,True,False,False,False
1640000000.0,68.0,1.0,24117647.05882353,False,True,False,False,False,True,False,True,False,False,False
2200000000.0,68.0,2.0,32352941.17647059,False,True,False,False,False,True,False,False,True,False,False
2250000000.0,68.0,2.0,33088235.29411765,False,True,False,False,False,True,False,True,False,False,False
2230000000.0,68.0,2.0,32794117.647058822,False,True,False,False,False,True,False,False,True,False,False
1840000000.0,68.0,1.0,27058823.529411763,False,True,False,False,False,True,False,False,False,True,False
2270000000.0,68.0,2.0,33382352.94117647,False,True,False,False,False,True,False,True,False,False,False
1900000000.0,68.0,1.0,27941176.47058824,False,True,False,False,False,True,False,False,True,False,False
1850000000.0,68.0,1.0,27205882.352941178,False,True,False,False,False,True,False,False,True,False,False
2680000000.0,68.0,2.0,39411764.70588236,False,True,False,False,False,True,False,False,True,False,False
2900000000.0,68.0,3.0,42647058.823529415,False,True,False,False,False,True,False,True,False,False,False
2250000000.0,68.0,2.0,33088235.29411765,False,True,False,False,False,True,False,False,True,False,False
1800000000.0,68.0,1.0,26470588.23529412,False,True,False,False,False,True,False,False,True,False,False
3230000000.0,68.0,3.0,47500000.0,False,True,False,False,False,True,False,False,False,True,False
2250000000.0,68.0,2.0,33088235.29411765,False,True,False,False,False,True,False,False,True,False,False
1600000000.0,68.0,1.0,23529411.76470588,False,True,False,False,False,True,False,True,False,False,False
1850000000.0,68.0,1.0,27205882.352941178,False,True,False,False,False,True,False,False,True,False,False
2300000000.0,68.0,2.0,33823529.4117647,False,True,False,False,False,True,False,False,True,False,False
1900000000.0,68.0,1.0,27941176.47058824,False,True,False,False,False,True,False,False,True,False,False
2400000000.0,68.0,2.0,35294117.64705882,False,True,False,False,False,True,False,False,False,True,False
1700000000.0,68.0,1.0,25000000.0,False,True,False,False,False,True,False,True,False,False,False
2400000000.0,68.0,2.0,35294117.64705882,False,True,False,False,False,True,False,True,False,False,False
2280000000.0,68.0,2.0,33529411.76470588,False,True,False,False,False,True,False,False,True,False,False
1850000000.0,68.0,1.0,27205882.352941178,False,True,False,False,False,True,False,True,False,False,False
1900000000.0,68.0,1.0,27941176.47058824,False,True,False,False,False,True,False,True,False,False,False
2350000000.0,68.0,2.0,34558823.52941176,False,True,False,False,False,True,False,True,False,False,False
1850000000.0,68.0,1.0,27205882.352941178,False,True,False,False,False,True,False,False,False,True,False
2100000000.0,68.0,2.0,30882352.94117647,False,True,False,False,False,True,False,True,False,False,False
2200000000.0,68.0,2.0,32352941.17647059,False,True,False,False,False,True,False,True,False,False,False
2200000000.0,68.0,2.0,32352941.17647059,False,True,False,False,False,True,False,True,False,False,False
1800000000.0,68.0,1.0,26470588.23529412,False,True,False,False,False,True,False,False,True,False,False
2550000000.0,68.0,2.0,37500000.0,False,True,False,False,False,True,False,False,True,False,False
2100000000.0,68.0,2.0,30882352.94117647,False,True,False,False,False,True,False,True,False,False,False
2200000000.0,68.0,2.0,32352941.17647059,False,True,False,False,False,True,False,False,True,False,False
1800000000.0,68.0,1.0,26470588.23529412,False,True,False,False,False,True,False,True,False,False,False
1900000000.0,68.0,1.0,27941176.47058824,False,True,False,False,False,True,False,True,False,False,False
1800000000.0,68.0,2.0,26470588.23529412,False,True,False,False,False,True,False,False,True,False,False
1850000000.0,68.0,1.0,27205882.352941178,False,True,False,False,False,True,False,True,False,False,False
1900000000.0,68.0,2.0,27941176.47058824,False,True,False,False,False,True,False,False,True,False,False
1880000000.0,68.0,2.0,27647058.82352941,False,True,False,False,False,True,False,False,True,False,False
2200000000.0,68.0,2.0,32352941.17647059,False,True,False,False,False,True,False,True,False,False,False
1900000000.0,68.0,2.0,27941176.47058824,False,True,False,False,False,True,False,True,False,False,False
2180000000.0,68.0,2.0,32058823.529411763,False,True,False,False,False,True,False,False,True,False,False
1800000000.0,68.0,1.0,26470588.23529412,False,True,False,False,False,True,False,True,False,False,False
1780000000.0,68.0,1.0,26176470.588235293,False,True,False,False,False,True,False,True,False,False,False
1640000000.0,68.0,1.0,24117647.05882353,False,True,False,False,False,True,False,True,False,False,False
2300000000.0,68.0,2.0,33823529.4117647,False,True,False,False,False,True,False,False,False,True,False
1950000000.0,68.0,1.0,28676470.588235293,False,True,False,False,False,True,False,True,False,False,False
2200000000.0,68.0,2.0,32352941.17647059,False,True,False,False,False,True,False,True,False,False,False
2370000000.0,68.0,2.0,34852941.176470585,False,True,False,False,False,True,False,False,True,False,False
1850000000.0,68.0,2.0,27205882.352941178,False,True,False,False,False,True,False,False,False,True,False
2300000000.0,68.0,2.0,33823529.4117647,False,True,False,False,False,True,False,False,True,False,False
1700000000.0,68.0,1.0,25000000.0,False,True,False,False,False,True,False,True,False,False,False
1900000000.0,68.0,1.0,27941176.47058824,False,True,False,False,False,True,False,False,False,True,False
2200000000.0,68.0,2.0,32352941.17647059,False,True,False,False,False,True,False,True,False,False,False
1900000000.0,68.0,1.0,27941176.47058824,False,True,False,False,False,True,False,True,False,False,False
1840000000.0,68.0,1.0,27058823.529411763,False,True,False,False,False,True,False,True,False,False,False
2040000000.0,68.0,2.0,30000000.0,False,True,False,False,False,True,False,False,True,False,False
2190000000.0,68.0,2.0,32205882.352941178,False,True,False,False,False,True,False,True,False,False,False
2300000000.0,68.0,2.0,33823529.4117647,False,True,False,False,False,True,False,False,True,False,False
2230000000.0,68.0,2.0,32794117.647058822,False,True,False,False,False,True,False,True,False,False,False
2300000000.0,68.0,2.0,33823529.4117647,False,True,False,False,False,True,False,True,False,False,False
2520000000.0,68.0,2.0,37058823.52941176,False,True,False,False,False,True,False,True,False,False,False
3300000000.0,52.0,2.0,63461538.461538464,False,True,False,False,True,False,False,True,False,False,False
3150000000.0,52.0,2.0,60576923.07692308,False,True,False,False,True,False,False,True,False,False,False
3200000000.0,52.0,2.0,61538461.538461536,False,True,False,False,True,False,False,True,False,False,False
3250000000.0,52.0,2.0,62500000.0,False,True,False,False,True,False,False,True,False,False,False
2900000000.0,52.0,2.0,55769230.76923077,False,True,False,False,True,False,False,True,False,False,False
2500000000.0,52.0,1.0,48076923.07692308,False,True,False,False,True,False,False,True,False,False,False
2450000000.0,52.0,1.0,47115384.615384616,False,True,False,False,True,False,False,True,False,False,False
2600000000.0,52.0,2.0,50000000.0,False,True,False,False,True,False,False,True,False,False,False
3200000000.0,52.0,2.0,61538461.538461536,False,True,False,False,True,False,False,True,False,False,False
2800000000.0,52.0,2.0,53846153.84615385,False,True,False,False,True,False,False,True,False,False,False
3150000000.0,52.0,2.0,60576923.07692308,False,True,False,False,True,False,False,True,False,False,False
3300000000.0,52.0,2.0,63461538.461538464,False,True,False,False,True,False,False,True,False,False,False
3050000000.0,52.0,2.0,58653846.15384615,False,True,False,False,True,False,False,True,False,False,False
3150000000.0,52.0,2.0,60576923.07692308,False,True,False,False,True,False,False,True,False,False,False
3150000000.0,52.0,2.0,60576923.07692308,False,True,False,False,True,False,False,True,False,False,False
2550000000.0,52.0,1.0,49038461.538461536,False,True,False,False,True,False,False,True,False,False,False
3400000000.0,52.0,2.0,65384615.38461538,False,True,False,False,True,False,False,True,False,False,False
2380000000.0,52.0,1.0,45769230.76923077,False,True,False,False,True,False,False,True,False,False,False
3200000000.0,52.0,2.0,61538461.538461536,False,True,False,False,True,False,False,True,False,False,False
3200000000.0,52.0,2.0,61538461.538461536,False,True,False,False,True,False,False,True,False,False,False
2450000000.0,52.0,1.0,47115384.615384616,False,True,False,False,True,False,False,True,False,False,False
2300000000.0,52.0,1.0,44230769.23076923,False,True,False,False,True,False,False,True,False,False,False
3350000000.0,52.0,2.0,64423076.92307692,False,True,False,False,True,False,False,True,False,False,False
2300000000.0,52.0,1.0,44230769.23076923,False,True,False,False,True,False,False,True,False,False,False
3130000000.0,52.0,2.0,60192307.692307696,False,True,False,False,True,False,False,True,False,False,False
2990000000.0,52.0,2.0,57500000.0,False,True,False,False,True,False,False,True,False,False,False
2400000000.0,52.0,1.0,46153846.15384615,False,True,False,False,True,False,False,True,False,False,False
3100000000.0,52.0,2.0,59615384.615384616,False,True,False,False,True,False,False,True,False,False,False
3150000000.0,55.0,2.0,57272727.27272727,False,False,False,False,False,True,False,True,False,False,False
3100000000.0,60.0,2.0,51666666.66666666,False,False,False,False,False,True,False,True,False,False,False
4400000000.0,81.8,3.0,53789731.051344745,False,True,False,False,False,True,False,False,True,False,False
4860000000.0,81.8,2.0,59413202.93398533,False,True,False,False,False,True,False,True,False,False,False
5087000000.0,81.8,2.0,62188264.05867971,False,True,False,False,False,True,False,False,True,False,False
4386000000.0,81.8,2.0,53618581.90709046,False,True,False,False,False,True,False,True,False,False,False
5267000000.0,81.8,2.0,64388753.05623472,False,True,False,False,False,True,False,False,True,False,False
5261000000.0,81.8,2.0,64315403.42298289,False,True,False,False,False,True,False,True,False,False,False
4745000000.0,81.8,2.0,58007334.96332519,False,True,False,False,False,True,False,False,True,False,False
6464000000.0,81.8,2.0,79022004.88997555,False,True,False,False,False,True,False,False,True,False,False
3300000000.0,81.8,2.0,40342298.28850856,False,True,False,False,False,True,False,True,False,False,False
3300000000.0,81.8,2.0,40342298.28850856,False,True,False,False,False,True,False,False,True,False,False
5346000000.0,81.8,2.0,65354523.22738387,False,True,False,False,False,True,False,False,True,False,False
19100000000.0,154.0,3.0,124025974.02597402,False,True,False,False,False,True,False,True,False,False,False
18900000000.0,154.0,3.0,122727272.72727272,False,True,False,False,False,True,False,True,False,False,False
11900000000.0,154.0,2.0,77272727.27272727,False,True,False,False,False,True,False,True,False,False,False
12100000000.0,154.0,2.0,78571428.57142857,False,True,False,False,False,True,False,True,False,False,False
13000000000.0,154.0,2.0,84415584.41558442,False,True,False,False,False,True,False,True,False,False,False
13200000000.0,154.0,2.0,85714285.71428572,False,True,False,False,False,True,False,True,False,False,False
8700000000.0,154.0,1.0,56493506.49350649,False,True,False,False,False,True,False,True,False,False,False
8900000000.0,154.0,1.0,57792207.79220779,False,True,False,False,False,True,False,True,False,False,False
13200000000.0,154.0,2.0,85714285.71428572,False,True,False,False,False,True,False,True,False,False,False
9100000000.0,154.0,1.0,59090909.09090909,False,True,False,False,False,True,False,True,False,False,False
19100000000.0,154.0,3.0,124025974.02597402,False,True,False,False,False,True,False,True,False,False,False
13200000000.0,154.0,2.0,85714285.71428572,False,True,False,False,False,True,False,True,False,False,False
12100000000.0,154.0,2.0,78571428.57142857,False,True,False,False,False,True,False,True,False,False,False
18900000000.0,154.0,3.0,122727272.72727272,False,True,False,False,False,True,False,True,False,False,False
8900000000.0,154.0,1.0,57792207.79220779,False,True,False,False,False,True,False,True,False,False,False
11900000000.0,154.0,2.0,77272727.27272727,False,True,False,False,False,True,False,True,False,False,False
13000000000.0,154.0,2.0,84415584.41558442,False,True,False,False,False,True,False,True,False,False,False
9100000000.0,154.0,1.0,59090909.09090909,False,True,False,False,False,True,False,True,False,False,False
13200000000.0,154.0,2.0,85714285.71428572,False,True,False,False,False,True,False,True,False,False,False
8700000000.0,154.0,1.0,56493506.49350649,False,True,False,False,False,True,False,True,False,False,False
1490000000.0,125.1,,11910471.62270184,False,False,True,False,True,False,False,False,False,False,True
5300000000.0,57.5,1.0,92173913.04347828,False,True,False,False,False,True,False,True,False,False,False
6000000000.0,57.5,1.0,104347826.08695652,False,True,False,False,False,True,False,True,False,False,False
5000000000.0,57.5,,86956521.73913044,False,True,True,False,False,True,False,True,False,False,False
7500000000.0,57.5,2.0,130434782.60869566,False,True,False,False,False,True,False,True,False,False,False
5000000000.0,57.5,1.0,86956521.73913044,False,True,False,False,False,True,False,True,False,False,False
8800000000.0,57.5,2.0,153043478.26086956,False,True,False,False,False,True,False,True,False,False,False
7500000000.0,57.5,,130434782.60869566,False,True,True,False,False,True,False,True,False,False,False
5500000000.0,57.5,1.0,95652173.91304348,False,True,False,False,False,True,False,True,False,False,False
5950000000.0,57.5,1.0,103478260.86956522,False,True,False,False,False,True,False,True,False,False,False
6300000000.0,57.5,,109565217.39130434,False,True,True,False,False,True,False,True,False,False,False
7000000000.0,57.5,2.0,121739130.4347826,False,True,False,False,False,True,False,True,False,False,False
2900000000.0,55.0,,52727272.72727273,False,False,True,False,False,True,False,True,False,False,False
3200000000.0,55.0,1.0,58181818.18181818,False,False,False,False,True,False,False,True,False,False,False
9713000000.0,86.7,2.0,112029988.4659746,False,True,False,False,False,True,False,False,True,False,False
9303000000.0,86.7,2.0,107301038.06228374,False,True,False,False,False,True,False,True,False,False,False
11343000000.0,86.7,,130830449.82698962,False,True,True,False,False,True,False,False,True,False,False
11437000000.0,86.7,2.0,131914648.21222606,False,True,False,False,False,True,False,True,False,False,False
13186000000.0,86.7,3.0,152087658.5928489,False,True,False,False,False,True,False,False,True,False,False
10135000000.0,86.7,2.0,116897347.17416376,False,True,False,False,False,True,False,False,True,False,False
11152000000.0,86.7,2.0,128627450.98039216,False,True,False,False,False,True,False,True,False,False,False
10511000000.0,86.7,2.0,121234140.71510956,False,True,False,False,False,True,False,False,True,False,False
10053000000.0,86.7,2.0,115951557.0934256,False,True,False,False,False,True,False,False,True,False,False
10150000000.0,86.7,2.0,117070357.55478662,False,True,False,False,False,True,False,False,True,False,False
10638000000.0,86.7,2.0,122698961.93771626,False,True,False,False,False,True,False,True,False,False,False
10506000000.0,86.7,2.0,121176470.58823527,False,True,False,False,False,True,False,True,False,False,False
9641000000.0,86.7,2.0,111199538.638985,False,True,False,False,False,True,False,True,False,False,False
9826000000.0,86.7,2.0,113333333.33333331,False,True,False,False,False,True,False,False,True,False,False
9900000000.0,86.7,2.0,114186851.21107264,False,True,False,False,False,True,False,False,True,False,False
9080000000.0,86.7,2.0,104728950.40369087,False,True,False,False,False,True,False,True,False,False,False
9914000000.0,86.7,2.0,114348327.56632064,False,True,False,False,False,True,False,True,False,False,False
10064000000.0,86.7,2.0,116078431.372549,False,True,False,False,False,True,False,False,True,False,False
9843000000.0,86.7,2.0,113529411.76470588,False,True,False,False,False,True,False,True,False,False,False
9497000000.0,86.7,2.0,109538638.98500577,False,True,False,False,False,True,False,True,False,False,False
12793000000.0,86.7,3.0,147554786.62053055,False,True,False,False,False,True,False,False,True,False,False
13172000000.0,86.7,,151926182.23760092,False,True,True,False,False,True,False,False,True,False,False
10998000000.0,86.7,2.0,126851211.07266437,False,True,False,False,False,True,False,True,False,False,False
13293000000.0,86.7,3.0,153321799.30795848,False,True,False,False,False,True,False,False,True,False,False
10384000000.0,86.7,2.0,119769319.49250288,False,True,False,False,False,True,False,True,False,False,False
9561000000.0,86.7,2.0,110276816.60899654,False,True,False,False,False,True,False,False,True,False,False
11181000000.0,86.7,2.0,128961937.71626297,False,True,False,False,False,True,False,False,True,False,False
10309000000.0,86.7,,118904267.5893887,False,True,True,False,False,True,False,False,True,False,False
11286000000.0,86.7,2.0,130173010.38062283,False,True,False,False,False,True,False,True,False,False,False
10225000000.0,86.7,2.0,117935409.4579008,False,True,False,False,False,True,False,True,False,False,False
10288000000.0,86.7,2.0,118662053.05651672,False,True,False,False,False,True,False,True,False,False,False
7100000000.0,74.0,3.0,95945945.94594596,False,False,False,False,False,True,False,False,False,True,False
10100000000.0,120.0,,84166666.66666667,False,False,True,False,False,True,False,False,False,False,True
14500000000.0,90.0,5.0,161111111.1111111,False,False,False,False,False,True,False,False,False,True,False
4000000000.0,73.0,,54794520.54794521,False,False,True,False,False,True,False,False,False,False,True
8500000000.0,80.0,2.0,106250000.0,False,True,False,False,False,True,False,True,False,False,False
7700000000.0,80.0,1.0,96250000.0,True,True,False,False,False,True,False,False,True,False,False
5000000000.0,80.0,2.0,62500000.0,False,True,False,False,False,True,False,True,False,False,False
5900000000.0,80.0,2.0,73750000.0,False,True,False,False,False,True,False,True,False,False,False
7700000000.0,80.0,1.0,96250000.0,True,True,False,False,False,True,False,True,False,False,False
7700000000.0,80.0,1.0,96250000.0,True,True,False,False,False,True,False,True,False,False,False
7700000000.0,80.0,1.0,96250000.0,True,True,False,False,False,True,False,True,False,False,False
7700000000.0,80.0,,96250000.0,True,True,True,False,False,True,False,False,True,False,False
7700000000.0,80.0,2.0,96250000.0,True,True,False,False,False,True,False,False,True,False,False
7700000000.0,80.0,2.0,96250000.0,True,True,False,False,False,True,False,False,True,False,False
15800000000.0,56.0,,282142857.14285713,True,False,True,False,False,True,False,False,False,True,False
2200000000.0,54.0,2.0,40740740.74074074,False,False,False,False,False,True,False,False,True,False,False
4500000000.0,132.0,,34090909.09090909,False,False,True,True,False,False,False,False,False,False,True
3500000000.0,90.0,,38888888.88888889,False,False,True,False,True,False,False,True,False,False,False
7400000000.0,64.0,,115625000.0,False,False,True,False,False,True,False,False,False,True,False
4350000000.0,75.0,2.0,58000000.0,False,False,False,False,False,True,False,True,False,False,False
21000000000.0,95.0,,221052631.57894737,False,True,True,False,True,False,False,False,True,False,False
25000000000.0,95.0,,263157894.7368421,False,True,True,False,True,False,True,False,False,False,False
21500000000.0,95.0,,226315789.47368425,False,True,True,False,True,False,True,False,False,False,False
19000000000.0,95.0,,200000000.0,False,True,True,False,True,False,True,False,False,False,False
24000000000.0,95.0,,252631578.9473684,False,True,True,False,True,False,False,False,True,False,False
18000000000.0,95.0,,189473684.21052632,False,True,True,False,True,False,False,False,True,False,False
22500000000.0,95.0,,236842105.2631579,False,True,True,False,True,False,True,False,False,False,False
22000000000.0,95.0,,231578947.36842105,False,True,True,False,True,False,True,False,False,False,False
19500000000.0,95.0,,205263157.8947369,False,True,True,False,True,False,True,False,False,False,False
28000000000.0,95.0,,294736842.1052632,False,True,True,False,True,False,True,False,False,False,False
23500000000.0,95.0,,247368421.0526316,False,True,True,False,True,False,True,False,False,False,False
20000000000.0,95.0,,210526315.78947368,False,True,True,False,True,False,True,False,False,False,False
20500000000.0,95.0,,215789473.6842105,False,True,True,False,True,False,False,False,True,False,False
26000000000.0,95.0,,273684210.5263158,False,True,True,False,True,False,True,False,False,False,False
23000000000.0,95.0,,242105263.15789476,False,True,True,False,True,False,True,False,False,False,False
29300000000.0,78.0,,375641025.64102566,False,True,True,False,False,True,False,True,False,False,False
8427000000.0,78.0,,108038461.53846154,True,True,True,False,False,True,False,False,True,False,False
8427000000.0,78.0,,108038461.53846154,True,True,True,False,False,True,False,False,True,False,False
21350000000.0,78.0,,273717948.71794873,False,True,True,False,False,True,False,True,False,False,False
32500000000.0,78.0,,416666666.6666667,False,True,True,False,False,True,False,False,True,False,False
20200000000.0,78.0,,258974358.97435895,False,True,True,False,False,True,False,True,False,False,False
29250000000.0,78.0,,375000000.0,False,True,True,False,False,True,False,False,True,False,False
19910000000.0,78.0,,255256410.25641027,False,True,True,False,False,True,False,False,True,False,False
26000000000.0,78.0,,333333333.3333333,False,True,True,False,False,True,False,False,True,False,False
8427000000.0,78.0,,108038461.53846154,True,True,True,False,False,True,False,False,True,False,False
8427000000.0,78.0,,108038461.53846154,True,True,True,False,False,True,False,False,True,False,False
20160000000.0,78.0,,258461538.4615385,False,True,True,False,False,True,False,True,False,False,False
32500000000.0,78.0,,416666666.6666667,False,True,True,False,False,True,False,True,False,False,False
8427000000.0,78.0,,108038461.53846154,True,True,True,False,False,True,False,True,False,False,False
19000000000.0,78.0,,243589743.5897436,False,True,True,False,False,True,False,False,True,False,False
21500000000.0,78.0,,275641025.64102566,False,True,True,False,False,True,False,True,False,False,False
22430000000.0,78.0,,287564102.5641026,False,True,True,False,False,True,False,True,False,False,False
21100000000.0,78.0,,270512820.51282054,False,True,True,False,False,True,False,False,True,False,False
20500000000.0,78.0,,262820512.82051283,False,True,True,False,False,True,False,True,False,False,False
8427000000.0,78.0,,108038461.53846154,True,True,True,False,False,True,False,True,False,False,False
36000000000.0,129.0,,279069767.44186044,False,False,True,False,False,True,False,False,False,True,False
8750000000.0,60.0,6.0,145833333.33333334,False,False,False,False,False,True,False,False,False,True,False
2400000000.0,54.0,,44444444.44444445,False,False,True,False,False,True,False,False,True,False,False
12500000000.0,154.0,,81168831.16883117,False,True,True,False,False,True,False,False,True,False,False
13000000000.0,154.0,,84415584.41558442,False,True,True,False,False,True,False,False,True,False,False
8700000000.0,154.0,,56493506.49350649,False,True,True,False,False,True,False,False,True,False,False
8800000000.0,154.0,,57142857.14285714,False,True,True,False,False,True,False,False,True,False,False
12200000000.0,154.0,,79220779.22077923,False,True,True,False,False,True,False,False,True,False,False
11900000000.0,154.0,,77272727.27272727,False,True,True,False,False,True,False,False,True,False,False
12700000000.0,154.0,,82467532.46753247,False,True,True,False,False,True,False,True,False,False,False
19200000000.0,154.0,,124675324.67532468,False,True,True,False,False,True,False,False,True,False,False
12200000000.0,154.0,,79220779.22077923,False,True,True,False,False,True,False,False,True,False,False
9100000000.0,154.0,,59090909.09090909,False,True,True,False,False,True,False,False,True,False,False
13100000000.0,154.0,,85064935.06493506,False,True,True,False,False,True,False,True,False,False,False
18300000000.0,154.0,,118831168.83116885,False,True,True,False,False,True,False,False,True,False,False
13200000000.0,154.0,,85714285.71428572,False,True,True,False,False,True,False,False,True,False,False
13200000000.0,154.0,,85714285.71428572,False,True,True,False,False,True,False,True,False,False,False
8900000000.0,154.0,,57792207.79220779,False,True,True,False,False,True,False,True,False,False,False
19100000000.0,154.0,,124025974.02597402,False,True,True,False,False,True,False,True,False,False,False
13500000000.0,154.0,,87662337.66233766,False,True,True,False,False,True,False,True,False,False,False
12100000000.0,154.0,,78571428.57142857,False,True,True,False,False,True,False,False,True,False,False
18900000000.0,154.0,,122727272.72727272,False,True,True,False,False,True,False,False,True,False,False
3600000000.0,68.0,3.0,52941176.47058824,False,False,False,False,True,False,False,True,False,False,False
9850000000.0,70.0,4.0,140714285.7142857,False,False,False,False,False,True,False,False,True,False,False
8580000000.0,124.0,2.0,69193548.38709678,False,False,False,False,False,True,False,False,False,True,False
2500000000.0,95.0,2.0,26315789.47368421,False,True,False,False,True,False,False,True,False,False,False
2300000000.0,95.0,2.0,24210526.315789472,False,True,False,False,True,False,False,True,False,False,False
6225000000.0,95.0,1.0,65526315.78947368,True,True,False,False,True,False,False,True,False,False,False
6225000000.0,95.0,1.0,65526315.78947368,True,True,False,False,True,False,False,False,True,False,False
2300000000.0,95.0,1.0,24210526.315789472,False,True,False,False,True,False,False,False,False,True,False
6225000000.0,95.0,2.0,65526315.78947368,True,True,False,False,True,False,False,False,False,True,False
6225000000.0,95.0,2.0,65526315.78947368,True,True,False,False,True,False,False,True,False,False,False
6225000000.0,95.0,1.0,65526315.78947368,True,True,False,False,True,False,False,False,True,False,False
2300000000.0,95.0,1.0,24210526.315789472,False,True,False,False,True,False,False,False,True,False,False
6225000000.0,95.0,2.0,65526315.78947368,True,True,False,False,True,False,False,True,False,False,False
6225000000.0,95.0,2.0,65526315.78947368,True,True,False,False,True,False,False,True,False,False,False
6225000000.0,95.0,2.0,65526315.78947368,True,True,False,False,True,False,False,True,False,False,False
2800000000.0,95.0,2.0,29473684.21052632,False,True,False,False,True,False,False,True,False,False,False
1700000000.0,95.0,,17894736.842105262,False,True,True,False,True,False,False,True,False,False,False
2300000000.0,95.0,2.0,24210526.315789472,False,True,False,False,True,False,False,True,False,False,False
2300000000.0,95.0,2.0,24210526.315789472,False,True,False,False,True,False,False,False,False,True,False
6225000000.0,95.0,2.0,65526315.78947368,True,True,False,False,True,False,False,True,False,False,False
6225000000.0,95.0,2.0,65526315.78947368,True,True,False,False,True,False,False,True,False,False,False
2500000000.0,95.0,2.0,26315789.47368421,False,True,False,False,True,False,False,True,False,False,False
2350000000.0,95.0,1.0,24736842.10526316,False,True,False,False,True,False,False,True,False,False,False
3200000000.0,95.0,2.0,33684210.526315786,False,True,False,False,True,False,False,False,False,True,False
2300000000.0,95.0,2.0,24210526.315789472,False,True,False,False,True,False,False,True,False,False,False
2750000000.0,95.0,2.0,28947368.42105263,False,True,False,False,True,False,False,True,False,False,False
2300000000.0,95.0,2.0,24210526.315789472,False,True,False,False,True,False,False,True,False,False,False
6225000000.0,95.0,3.0,65526315.78947368,True,True,False,False,True,False,False,True,False,False,False
2650000000.0,95.0,2.0,27894736.842105266,False,True,False,False,True,False,False,False,True,False,False
2320000000.0,95.0,2.0,24421052.63157895,False,True,False,False,True,False,False,True,False,False,False
1560000000.0,95.0,1.0,16421052.631578946,False,True,False,False,True,False,False,True,False,False,False
6225000000.0,95.0,2.0,65526315.78947368,True,True,False,False,True,False,False,False,True,False,False
6225000000.0,95.0,1.0,65526315.78947368,True,True,False,False,True,False,False,True,False,False,False
6225000000.0,95.0,,65526315.78947368,True,True,True,False,True,False,False,True,False,False,False
6225000000.0,95.0,2.0,65526315.78947368,True,True,False,False,True,False,False,False,True,False,False
6360000000.0,53.0,,120000000.0,False,False,True,False,False,True,False,True,False,False,False
23500000000.0,93.0,,252688172.04301077,False,False,True,False,False,True,False,False,False,True,False
6750000000.0,75.0,2.0,90000000.0,False,False,False,False,False,True,False,True,False,False,False
9500000000.0,100.0,,95000000.0,False,False,True,False,False,True,False,False,False,False,True
12500000000.0,132.0,3.0,94696969.6969697,False,False,False,False,False,True,False,True,False,False,False
7521000000.0,75.0,,100280000.0,False,True,True,False,False,True,False,False,True,False,False
12840000000.0,75.0,,171200000.0,False,True,True,False,False,True,False,False,True,False,False
10920000000.0,75.0,,145600000.0,False,True,True,False,False,True,False,True,False,False,False
7761000000.0,75.0,,103480000.0,False,True,True,False,False,True,False,False,True,False,False
10135000000.0,75.0,,135133333.33333334,False,True,True,False,False,True,False,False,True,False,False
10099000000.0,75.0,,134653333.33333334,False,True,True,False,False,True,False,False,True,False,False
11086000000.0,75.0,,147813333.33333334,False,True,True,False,False,True,False,True,False,False,False
10930000000.0,75.0,,145733333.33333334,False,True,True,False,False,True,False,False,True,False,False
10616000000.0,75.0,,141546666.66666666,False,True,True,False,False,True,False,False,True,False,False
13307000000.0,75.0,,177426666.66666666,False,True,True,False,False,True,False,False,True,False,False
7836000000.0,75.0,,104480000.0,False,True,True,False,False,True,False,False,True,False,False
9645000000.0,75.0,,128600000.0,False,True,True,False,False,True,False,False,True,False,False
6768000000.0,75.0,,90240000.0,False,True,True,False,False,True,False,False,True,False,False
9655000000.0,75.0,,128733333.33333331,False,True,True,False,False,True,False,False,True,False,False
7897000000.0,75.0,,105293333.33333331,False,True,True,False,False,True,False,False,True,False,False
10115000000.0,75.0,,134866666.66666666,False,True,True,False,False,True,False,True,False,False,False
10050000000.0,75.0,,134000000.0,False,True,True,False,False,True,False,True,False,False,False
7216000000.0,75.0,,96213333.33333331,False,True,True,False,False,True,False,True,False,False,False
9670000000.0,75.0,,128933333.33333331,False,True,True,False,False,True,False,False,True,False,False
9492000000.0,75.0,,126560000.0,False,True,True,False,False,True,False,False,True,False,False
1468000000.0,100.0,,14680000.0,False,False,True,False,False,True,False,False,False,False,True
3728000000.0,52.0,,71692307.6923077,False,True,True,False,True,False,False,False,True,False,False
3769000000.0,52.0,2.0,72480769.23076923,False,True,False,False,True,False,False,False,True,False,False
3618000000.0,52.0,2.0,69576923.07692307,False,True,False,False,True,False,False,False,True,False,False
3752000000.0,52.0,2.0,72153846.15384616,False,True,False,False,True,False,False,False,True,False,False
3150000000.0,52.0,,60576923.07692308,False,True,True,False,True,False,False,True,False,False,False
3966000000.0,52.0,,76269230.76923077,False,True,True,False,True,False,False,True,False,False,False
4161000000.0,52.0,,80019230.76923077,False,True,True,False,True,False,False,False,True,False,False
3999000000.0,52.0,,76903846.15384616,False,True,True,False,True,False,False,True,False,False,False
3182000000.0,52.0,,61192307.692307696,False,True,True,False,True,False,False,True,False,False,False
4048000000.0,52.0,2.0,77846153.84615384,False,True,False,False,True,False,False,False,True,False,False
4533000000.0,52.0,,87173076.92307693,False,True,True,False,True,False,False,False,True,False,False
4623000000.0,52.0,,88903846.15384616,False,True,True,False,True,False,False,False,True,False,False
9053000000.0,52.0,,174096153.84615386,False,True,True,False,True,False,False,True,False,False,False
1897000000.0,52.0,,36480769.23076923,False,True,True,False,True,False,False,True,False,False,False
3454000000.0,52.0,2.0,66423076.92307692,False,True,False,False,True,False,False,False,True,False,False
3607000000.0,52.0,,69365384.61538461,False,True,True,False,True,False,False,True,False,False,False
3810000000.0,52.0,,73269230.76923077,False,True,True,False,True,False,False,True,False,False,False
2191000000.0,52.0,,42134615.38461538,False,True,True,False,True,False,False,True,False,False,False
3582000000.0,52.0,,68884615.38461539,False,True,True,False,True,False,False,False,True,False,False
3537000000.0,52.0,,68019230.76923077,False,True,True,False,True,False,False,False,True,False,False
3582000000.0,52.0,2.0,68884615.38461539,False,True,False,False,True,False,False,False,True,False,False
3597000000.0,52.0,,69173076.92307693,False,True,True,False,True,False,False,False,True,False,False
3469000000.0,52.0,2.0,66711538.461538464,False,True,False,False,True,False,False,False,True,False,False
3146000000.0,52.0,,60500000.0,False,True,True,False,True,False,False,False,True,False,False
5606000000.0,52.0,,107807692.3076923,False,True,True,False,True,False,False,False,True,False,False
3989000000.0,52.0,2.0,76711538.46153846,False,True,False,False,True,False,False,False,True,False,False
3049000000.0,52.0,,58634615.38461538,False,True,True,False,True,False,False,True,False,False,False
3637000000.0,52.0,,69942307.6923077,False,True,True,False,True,False,False,False,True,False,False
5449000000.0,52.0,3.0,104788461.53846154,False,True,False,False,True,False,False,False,True,False,False
5485000000.0,52.0,,105480769.23076925,False,True,True,False,True,False,False,False,True,False,False
3553000000.0,52.0,,68326923.07692307,False,True,True,False,True,False,False,False,True,False,False
3964000000.0,52.0,2.0,76230769.23076923,False,True,False,False,True,False,False,False,True,False,False
3193000000.0,52.0,,61403846.15384615,False,True,True,False,True,False,False,False,True,False,False
2731000000.0,52.0,1.0,52519230.76923077,False,True,False,False,True,False,False,False,True,False,False
1949000000.0,52.0,,37480769.23076923,False,True,True,False,True,False,False,False,True,False,False
2124000000.0,52.0,,40846153.84615385,False,True,True,False,True,False,False,False,True,False,False
3629000000.0,52.0,,69788461.53846154,False,True,True,False,True,False,False,True,False,False,False
3598000000.0,52.0,2.0,69192307.6923077,False,True,False,False,True,False,False,False,True,False,False
3449000000.0,52.0,,66326923.07692308,False,True,True,False,True,False,False,True,False,False,False
4591000000.0,52.0,,88288461.53846154,False,True,True,False,True,False,False,True,False,False,False
5521000000.0,52.0,3.0,106173076.92307691,False,True,False,False,True,False,False,False,True,False,False
7577000000.0,52.0,,145711538.46153846,False,True,True,False,True,False,False,True,False,False,False
3655000000.0,52.0,,70288461.53846154,False,True,True,False,True,False,False,True,False,False,False
3723000000.0,52.0,,71596153.84615384,False,True,True,False,True,False,False,False,True,False,False
3676000000.0,52.0,2.0,70692307.6923077,False,True,False,False,True,False,False,False,True,False,False
3742000000.0,52.0,2.0,71961538.46153846,False,True,False,False,True,False,False,False,True,False,False
3636000000.0,52.0,,69923076.92307693,False,True,True,False,True,False,False,False,True,False,False
5120000000.0,52.0,,98461538.46153846,False,True,True,False,True,False,False,False,True,False,False
3098000000.0,52.0,,59576923.07692308,False,True,True,False,True,False,False,False,True,False,False
3951000000.0,52.0,2.0,75980769.23076923,False,True,False,False,True,False,False,False,True,False,False
3057000000.0,52.0,,58788461.538461536,False,True,True,False,True,False,False,False,True,False,False
4178000000.0,52.0,,80346153.84615384,False,True,True,False,True,False,False,False,True,False,False
3789000000.0,52.0,,72865384.61538461,False,True,True,False,True,False,False,False,True,False,False
5510000000.0,52.0,,105961538.46153846,False,True,True,False,True,False,False,False,True,False,False
4000000000.0,52.0,2.0,76923076.92307693,False,True,False,False,True,False,False,False,True,False,False
3718000000.0,52.0,,71500000.0,False,True,True,False,True,False,False,True,False,False,False
5525000000.0,52.0,,106250000.0,False,True,True,False,True,False,False,False,True,False,False
3646000000.0,52.0,,70115384.61538461,False,True,True,False,True,False,False,False,True,False,False
3762000000.0,52.0,2.0,72346153.84615384,False,True,False,False,True,False,False,False,True,False,False
3628000000.0,52.0,,69769230.76923077,False,True,True,False,True,False,False,False,True,False,False
3299000000.0,52.0,,63442307.692307696,False,True,True,False,True,False,False,False,True,False,False
3291000000.0,52.0,,63288461.538461536,False,True,True,False,True,False,False,False,True,False,False
4262000000.0,52.0,,81961538.46153846,False,True,True,False,True,False,False,False,True,False,False
5554000000.0,52.0,,106807692.3076923,False,True,True,False,True,False,False,False,True,False,False
4067000000.0,52.0,2.0,78211538.46153846,False,True,False,False,True,False,False,False,True,False,False
2104000000.0,52.0,,40461538.461538464,False,True,True,False,True,False,False,False,True,False,False
1671000000.0,52.0,,32134615.384615384,False,True,True,False,True,False,False,False,True,False,False
3582000000.0,52.0,,68884615.38461539,False,True,True,False,True,False,False,False,True,False,False
3760000000.0,52.0,2.0,72307692.3076923,False,True,False,False,True,False,False,False,True,False,False
3622000000.0,52.0,,69653846.15384616,False,True,True,False,True,False,False,False,True,False,False
5385000000.0,52.0,3.0,103557692.3076923,False,True,False,False,True,False,False,False,True,False,False
3176000000.0,52.0,,61076923.07692308,False,True,True,False,True,False,False,False,True,False,False
3738000000.0,52.0,,71884615.38461539,False,True,True,False,True,False,False,True,False,False,False
3742000000.0,52.0,,71961538.46153846,False,True,True,False,True,False,False,True,False,False,False
3608000000.0,52.0,,69384615.38461539,False,True,True,False,True,False,False,False,True,False,False
5592000000.0,52.0,,107538461.53846154,False,True,True,False,True,False,False,False,True,False,False
4880000000.0,52.0,,93846153.84615384,False,True,True,False,True,False,False,False,True,False,False
3558000000.0,52.0,2.0,68423076.92307693,False,True,False,False,True,False,False,False,True,False,False
3642000000.0,52.0,,70038461.53846154,False,True,True,False,True,False,False,False,True,False,False
5528000000.0,52.0,3.0,106307692.3076923,False,True,False,False,True,False,False,False,True,False,False
3940000000.0,52.0,,75769230.76923077,False,True,True,False,True,False,False,False,True,False,False
3046000000.0,52.0,,58576923.07692308,False,True,True,False,True,False,False,False,True,False,False
3917000000.0,52.0,2.0,75326923.07692307,False,True,False,False,True,False,False,False,True,False,False
3632000000.0,52.0,2.0,69846153.84615384,False,True,False,False,True,False,False,False,True,False,False
2932000000.0,52.0,,56384615.38461538,False,True,True,False,True,False,False,False,True,False,False
2101000000.0,52.0,,40403846.15384615,False,True,True,False,True,False,False,False,True,False,False
2101000000.0,52.0,,40403846.15384615,False,True,True,False,True,False,False,False,True,False,False
4055000000.0,52.0,2.0,77980769.23076923,False,True,False,False,True,False,False,False,True,False,False
3077000000.0,52.0,,59173076.92307692,False,True,True,False,True,False,False,False,True,False,False
5716000000.0,52.0,,109923076.92307691,False,True,True,False,True,False,False,True,False,False,False
3065000000.0,52.0,,58942307.692307696,False,True,True,False,True,False,False,False,True,False,False
5746000000.0,52.0,,110500000.0,False,True,True,False,True,False,False,False,True,False,False
3864000000.0,52.0,,74307692.3076923,False,True,True,False,True,False,False,False,True,False,False
3578000000.0,52.0,,68807692.3076923,False,True,True,False,True,False,False,False,True,False,False
3745000000.0,52.0,,72019230.76923077,False,True,True,False,True,False,False,False,True,False,False
4453000000.0,52.0,,85634615.38461539,False,True,True,False,True,False,False,False,True,False,False
3954000000.0,52.0,,76038461.53846154,False,True,True,False,True,False,False,False,True,False,False
3728000000.0,52.0,,71692307.6923077,False,True,True,False,True,False,False,False,True,False,False
3774000000.0,52.0,,72576923.07692307,False,True,True,False,True,False,False,False,True,False,False
3701000000.0,52.0,,71173076.92307693,False,True,True,False,True,False,False,True,False,False,False
2609000000.0,52.0,,50173076.92307692,False,True,True,False,True,False,False,True,False,False,False
3822000000.0,52.0,,73500000.0,False,True,True,False,True,False,False,False,True,False,False
4251000000.0,52.0,2.0,81750000.0,False,True,False,False,True,False,False,False,True,False,False
3851000000.0,52.0,,74057692.3076923,False,True,True,False,True,False,False,True,False,False,False
2029000000.0,52.0,,39019230.76923077,False,True,True,False,True,False,False,False,True,False,False
5393000000.0,52.0,,103711538.46153846,False,True,True,False,True,False,False,False,True,False,False
3859000000.0,52.0,2.0,74211538.46153846,False,True,False,False,True,False,False,False,True,False,False
3552000000.0,52.0,,68307692.3076923,False,True,True,False,True,False,False,False,True,False,False
2900000000.0,55.0,,52727272.72727273,False,False,True,False,True,False,False,True,False,False,False
4669000000.0,52.0,,89788461.53846154,False,True,True,False,True,False,False,False,True,False,False
3760000000.0,52.0,,72307692.3076923,False,True,True,False,True,False,False,False,True,False,False
4728000000.0,52.0,2.0,90923076.92307691,False,True,False,False,True,False,False,False,True,False,False
3691000000.0,52.0,2.0,70980769.23076923,False,True,False,False,True,False,False,False,True,False,False
4369000000.0,52.0,,84019230.76923077,False,True,True,False,True,False,False,False,True,False,False
3571000000.0,52.0,,68673076.92307693,False,True,True,False,True,False,False,True,False,False,False
3021000000.0,52.0,1.0,58096153.84615385,False,True,False,False,True,False,False,False,True,False,False
4229000000.0,52.0,2.0,81326923.07692307,False,True,False,False,True,False,False,False,True,False,False
4255000000.0,52.0,2.0,81826923.07692307,False,True,False,False,True,False,False,False,True,False,False
3081000000.0,52.0,1.0,59250000.0,False,True,False,False,True,False,False,False,True,False,False
3076000000.0,52.0,,59153846.15384615,False,True,True,False,True,False,False,False,True,False,False
4932000000.0,52.0,,94846153.84615384,False,True,True,False,True,False,False,True,False,False,False
4334000000.0,52.0,2.0,83346153.84615384,False,True,False,False,True,False,False,True,False,False,False
3502000000.0,52.0,,67346153.84615384,False,True,True,False,True,False,False,False,True,False,False
6138000000.0,52.0,3.0,118038461.53846154,False,True,False,False,True,False,False,True,False,False,False
6334000000.0,52.0,,121807692.3076923,False,True,True,False,True,False,False,True,False,False,False
6343000000.0,52.0,3.0,121980769.23076925,False,True,False,False,True,False,False,False,True,False,False
4304000000.0,52.0,2.0,82769230.76923077,False,True,False,False,True,False,False,False,True,False,False
3067000000.0,52.0,1.0,58980769.23076923,False,True,False,False,True,False,False,False,True,False,False
4056000000.0,52.0,,78000000.0,False,True,True,False,True,False,False,True,False,False,False
4262000000.0,52.0,2.0,81961538.46153846,False,True,False,False,True,False,False,True,False,False,False
4124000000.0,52.0,,79307692.3076923,False,True,True,False,True,False,False,True,False,False,False
3162000000.0,52.0,1.0,60807692.307692304,False,True,False,False,True,False,False,False,True,False,False
3062000000.0,52.0,1.0,58884615.38461538,False,True,False,False,True,False,False,True,False,False,False
6389000000.0,52.0,3.0,122865384.6153846,False,True,False,False,True,False,False,False,True,False,False
6298000000.0,52.0,3.0,121115384.6153846,False,True,False,False,True,False,False,False,True,False,False
6325000000.0,52.0,3.0,121634615.3846154,False,True,False,False,True,False,False,False,True,False,False
4499000000.0,52.0,,86519230.76923077,False,True,True,False,True,False,False,False,True,False,False
3534000000.0,52.0,,67961538.46153846,False,True,True,False,True,False,False,False,True,False,False
3613000000.0,52.0,,69480769.23076923,False,True,True,False,True,False,False,True,False,False,False
3789000000.0,52.0,,72865384.61538461,False,True,True,False,True,False,False,True,False,False,False
4273000000.0,52.0,2.0,82173076.92307693,False,True,False,False,True,False,False,True,False,False,False
4111000000.0,52.0,2.0,79057692.3076923,False,True,False,False,True,False,False,False,True,False,False
3130000000.0,52.0,1.0,60192307.692307696,False,True,False,False,True,False,False,True,False,False,False
3044000000.0,52.0,1.0,58538461.538461536,False,True,False,False,True,False,False,False,True,False,False
12743000000.0,52.0,,245057692.30769232,False,True,True,False,True,False,False,False,True,False,False
4249000000.0,52.0,2.0,81711538.46153846,False,True,False,False,True,False,False,False,True,False,False
4212000000.0,52.0,,81000000.0,False,True,True,False,True,False,False,False,True,False,False
3717000000.0,52.0,,71480769.23076923,False,True,True,False,True,False,False,False,True,False,False
3817000000.0,52.0,,73403846.15384616,False,True,True,False,True,False,False,False,True,False,False
2934000000.0,52.0,1.0,56423076.92307692,False,True,False,False,True,False,False,False,True,False,False
3071000000.0,52.0,1.0,59057692.307692304,False,True,False,False,True,False,False,False,True,False,False
3080000000.0,52.0,1.0,59230769.23076923,False,True,False,False,True,False,False,False,True,False,False
3084000000.0,52.0,1.0,59307692.307692304,False,True,False,False,True,False,False,True,False,False,False
3089000000.0,52.0,1.0,59403846.15384615,False,True,False,False,True,False,False,False,True,False,False
4981000000.0,52.0,,95788461.53846154,False,True,True,False,True,False,False,False,True,False,False
3926000000.0,52.0,,75500000.0,False,True,True,False,True,False,False,False,True,False,False
3939000000.0,52.0,,75750000.0,False,True,True,False,True,False,False,False,True,False,False
4211000000.0,52.0,2.0,80980769.23076923,False,True,False,False,True,False,False,False,True,False,False
4185000000.0,52.0,2.0,80480769.23076923,False,True,False,False,True,False,False,False,True,False,False
14813000000.0,52.0,,284865384.61538464,False,True,True,False,True,False,False,True,False,False,False
15424000000.0,52.0,,296615384.61538464,False,True,True,False,True,False,False,False,True,False,False
4251000000.0,52.0,,81750000.0,False,True,True,False,True,False,False,False,True,False,False
4192000000.0,52.0,2.0,80615384.61538461,False,True,False,False,True,False,False,False,True,False,False
4241000000.0,52.0,2.0,81557692.3076923,False,True,False,False,True,False,False,False,True,False,False
4141000000.0,52.0,,79634615.38461539,False,True,True,False,True,False,False,False,True,False,False
3890000000.0,52.0,,74807692.3076923,False,True,True,False,True,False,False,True,False,False,False
3312000000.0,52.0,,63692307.692307696,False,True,True,False,True,False,False,False,True,False,False
3566000000.0,52.0,,68576923.07692307,False,True,True,False,True,False,False,False,True,False,False
4049000000.0,52.0,2.0,77865384.61538461,False,True,False,False,True,False,False,False,True,False,False
4235000000.0,52.0,2.0,81442307.6923077,False,True,False,False,True,False,False,False,True,False,False
4097000000.0,52.0,2.0,78788461.53846154,False,True,False,False,True,False,False,False,True,False,False
3988000000.0,52.0,,76692307.6923077,False,True,True,False,True,False,False,False,True,False,False
6515000000.0,52.0,3.0,125288461.53846154,False,True,False,False,True,False,False,False,True,False,False
6407000000.0,52.0,3.0,123211538.46153846,False,True,False,False,True,False,False,False,True,False,False
13335000000.0,52.0,,256442307.69230768,False,True,True,False,True,False,False,False,True,False,False
3112000000.0,52.0,3.0,59846153.84615385,False,True,False,False,True,False,False,False,True,False,False
3069000000.0,52.0,3.0,59019230.76923077,False,True,False,False,True,False,False,False,True,False,False
2879000000.0,52.0,2.0,55365384.615384616,False,True,False,False,True,False,False,False,True,False,False
2800000000.0,52.0,3.0,53846153.84615385,False,True,False,False,True,False,False,True,False,False,False
3734000000.0,52.0,3.0,71807692.3076923,False,True,False,False,True,False,False,False,True,False,False
3543000000.0,52.0,1.0,68134615.38461539,False,True,False,False,True,False,False,False,True,False,False
4108000000.0,52.0,3.0,79000000.0,False,True,False,False,True,False,False,False,True,False,False
4071000000.0,52.0,1.0,78288461.53846154,False,True,False,False,True,False,False,False,True,False,False
3729000000.0,52.0,3.0,71711538.46153846,False,True,False,False,True,False,False,False,True,False,False
3830000000.0,52.0,2.0,73653846.15384616,False,True,False,False,True,False,False,False,True,False,False
2849000000.0,52.0,2.0,54788461.538461536,False,True,False,False,True,False,False,True,False,False,False
2885000000.0,52.0,3.0,55480769.23076923,False,True,False,False,True,False,False,False,True,False,False
3144000000.0,52.0,2.0,60461538.461538464,False,True,False,False,True,False,False,False,True,False,False
3933000000.0,52.0,1.0,75634615.38461539,False,True,False,False,True,False,False,False,True,False,False
2999000000.0,52.0,2.0,57673076.92307692,False,True,False,False,True,False,False,False,True,False,False
3829000000.0,52.0,1.0,73634615.38461539,False,True,False,False,True,False,False,True,False,False,False
3476000000.0,52.0,3.0,66846153.84615385,False,True,False,False,True,False,False,False,True,False,False
3926000000.0,52.0,1.0,75500000.0,False,True,False,False,True,False,False,False,True,False,False
3291000000.0,52.0,3.0,63288461.538461536,False,True,False,False,True,False,False,False,True,False,False
3958000000.0,52.0,2.0,76115384.61538461,False,True,False,False,True,False,False,False,True,False,False
3251000000.0,52.0,1.0,62519230.76923077,False,True,False,False,True,False,False,False,True,False,False
3382000000.0,52.0,3.0,65038461.538461536,False,True,False,False,True,False,False,True,False,False,False
3543000000.0,52.0,1.0,68134615.38461539,False,True,False,False,True,False,False,False,True,False,False
3794000000.0,52.0,3.0,72961538.46153846,False,True,False,False,True,False,False,False,True,False,False
2982000000.0,52.0,2.0,57346153.84615385,False,True,False,False,True,False,False,False,True,False,False
2849000000.0,52.0,1.0,54788461.538461536,False,True,False,False,True,False,False,True,False,False,False
3418000000.0,52.0,1.0,65730769.23076923,False,True,False,False,True,False,False,False,True,False,False
3886000000.0,52.0,3.0,74730769.23076923,False,True,False,False,True,False,False,True,False,False,False
3746000000.0,52.0,3.0,72038461.53846154,False,True,False,False,True,False,False,True,False,False,False
3725000000.0,52.0,3.0,71634615.38461539,False,True,False,False,True,False,False,False,True,False,False
2884000000.0,52.0,3.0,55461538.461538464,False,True,False,False,True,False,False,False,True,False,False
3811000000.0,52.0,1.0,73288461.53846154,False,True,False,False,True,False,False,False,True,False,False
3921000000.0,52.0,2.0,75403846.15384616,False,True,False,False,True,False,False,False,True,False,False
3630000000.0,52.0,2.0,69807692.3076923,False,True,False,False,True,False,False,False,True,False,False
3231000000.0,52.0,2.0,62134615.38461538,False,True,False,False,True,False,False,False,True,False,False
2970000000.0,52.0,2.0,57115384.615384616,False,True,False,False,True,False,False,False,True,False,False
4029000000.0,52.0,2.0,77480769.23076923,False,True,False,False,True,False,False,False,True,False,False
3757000000.0,52.0,2.0,72250000.0,False,True,False,False,True,False,False,False,True,False,False
3035000000.0,52.0,1.0,58365384.615384616,False,True,False,False,True,False,False,False,True,False,False
3300000000.0,52.0,1.0,63461538.461538464,False,True,False,False,True,False,False,False,True,False,False
3897000000.0,52.0,3.0,74942307.6923077,False,True,False,False,True,False,False,False,True,False,False
3613000000.0,52.0,1.0,69480769.23076923,False,True,False,False,True,False,False,False,True,False,False
2916000000.0,52.0,2.0,56076923.07692308,False,True,False,False,True,False,False,False,True,False,False
4076000000.0,52.0,2.0,78384615.38461539,False,True,False,False,True,False,False,False,True,False,False
4012000000.0,52.0,1.0,77153846.15384616,False,True,False,False,True,False,False,False,True,False,False
3595000000.0,52.0,2.0,69134615.38461539,False,True,False,False,True,False,False,True,False,False,False
3657000000.0,52.0,2.0,70326923.07692307,False,True,False,False,True,False,False,False,True,False,False
3787000000.0,52.0,1.0,72826923.07692307,False,True,False,False,True,False,False,False,True,False,False
2872000000.0,52.0,2.0,55230769.23076923,False,True,False,False,True,False,False,False,True,False,False
4027000000.0,52.0,3.0,77442307.6923077,False,True,False,False,True,False,False,False,True,False,False
3135000000.0,52.0,1.0,60288461.538461536,False,True,False,False,True,False,False,False,True,False,False
3816000000.0,52.0,2.0,73384615.38461539,False,True,False,False,True,False,False,False,True,False,False
3637000000.0,52.0,2.0,69942307.6923077,False,True,False,False,True,False,False,False,True,False,False
3239000000.0,52.0,3.0,62288461.538461536,False,True,False,False,True,False,False,False,True,False,False
3718000000.0,52.0,2.0,71500000.0,False,True,False,False,True,False,False,False,True,False,False
3868000000.0,52.0,1.0,74384615.38461539,False,True,False,False,True,False,False,True,False,False,False
2831000000.0,52.0,3.0,54442307.692307696,False,True,False,False,True,False,False,False,True,False,False
3798000000.0,52.0,1.0,73038461.53846154,False,True,False,False,True,False,False,False,True,False,False
2863000000.0,52.0,3.0,55057692.307692304,False,True,False,False,True,False,False,False,True,False,False
3036000000.0,52.0,3.0,58384615.38461538,False,True,False,False,True,False,False,True,False,False,False
3025000000.0,52.0,2.0,58173076.92307692,False,True,False,False,True,False,False,False,True,False,False
3080000000.0,52.0,1.0,59230769.23076923,False,True,False,False,True,False,False,False,True,False,False
2960000000.0,52.0,2.0,56923076.92307692,False,True,False,False,True,False,False,False,True,False,False
2974000000.0,52.0,1.0,57192307.692307696,False,True,False,False,True,False,False,False,True,False,False
2930000000.0,52.0,3.0,56346153.84615385,False,True,False,False,True,False,False,False,True,False,False
3264000000.0,52.0,3.0,62769230.76923077,False,True,False,False,True,False,False,False,True,False,False
3357000000.0,52.0,3.0,64557692.307692304,False,True,False,False,True,False,False,True,False,False,False
4042000000.0,52.0,1.0,77730769.23076923,False,True,False,False,True,False,False,False,True,False,False
3662000000.0,52.0,3.0,70423076.92307693,False,True,False,False,True,False,False,False,True,False,False
3661000000.0,52.0,2.0,70403846.15384616,False,True,False,False,True,False,False,False,True,False,False
32500000000.0,189.0,,171957671.95767197,False,False,True,False,False,True,False,False,False,False,True
2340000000.0,50.0,,46800000.0,False,False,True,False,True,False,False,True,False,False,False
2000000000.0,35.0,,57142857.14285714,False,False,True,False,True,False,False,False,False,True,False
6225000000.0,95.0,3.0,65526315.78947368,True,True,False,False,True,False,False,False,True,False,False
6225000000.0,95.0,2.0,65526315.78947368,True,True,False,False,True,False,False,False,True,False,False
6225000000.0,95.0,2.0,65526315.78947368,True,True,False,False,True,False,False,False,True,False,False
6225000000.0,95.0,3.0,65526315.78947368,True,True,False,False,True,False,False,False,True,False,False
6225000000.0,95.0,2.0,65526315.78947368,True,True,False,False,True,False,False,False,True,False,False
6225000000.0,95.0,2.0,65526315.78947368,True,True,False,False,True,False,False,False,True,False,False
6225000000.0,95.0,,65526315.78947368,True,True,True,False,True,False,False,False,True,False,False
6225000000.0,95.0,,65526315.78947368,True,True,True,False,True,False,False,False,True,False,False
6225000000.0,95.0,,65526315.78947368,True,True,True,False,True,False,False,False,True,False,False
6225000000.0,95.0,,65526315.78947368,True,True,True,False,True,False,False,False,True,False,False
6225000000.0,95.0,,65526315.78947368,True,True,True,False,True,False,False,False,True,False,False
6225000000.0,95.0,,65526315.78947368,True,True,True,False,True,False,False,False,True,False,False
6225000000.0,95.0,2.0,65526315.78947368,True,True,False,False,True,False,False,False,True,False,False
6225000000.0,95.0,2.0,65526315.78947368,True,True,False,False,True,False,False,False,True,False,False
6225000000.0,95.0,2.0,65526315.78947368,True,True,False,False,True,False,False,False,True,False,False
6225000000.0,95.0,2.0,65526315.78947368,True,True,False,False,True,False,False,False,True,False,False
6225000000.0,95.0,2.0,65526315.78947368,True,True,False,False,True,False,False,False,True,False,False
6225000000.0,95.0,2.0,65526315.78947368,True,True,False,False,True,False,False,False,True,False,False
6225000000.0,95.0,2.0,65526315.78947368,True,True,False,False,True,False,False,False,True,False,False
6225000000.0,95.0,2.0,65526315.78947368,True,True,False,False,True,False,False,False,True,False,False
6225000000.0,95.0,2.0,65526315.78947368,True,True,False,False,True,False,False,False,True,False,False
6225000000.0,95.0,2.0,65526315.78947368,True,True,False,False,True,False,False,False,True,False,False
6225000000.0,95.0,3.0,65526315.78947368,True,True,False,False,True,False,False,False,True,False,False
6225000000.0,95.0,2.0,65526315.78947368,True,True,False,False,True,False,False,False,True,False,False
6225000000.0,95.0,2.0,65526315.78947368,True,True,False,False,True,False,False,False,True,False,False
6225000000.0,95.0,2.0,65526315.78947368,True,True,False,False,True,False,False,False,True,False,False
6225000000.0,95.0,2.0,65526315.78947368,True,True,False,False,True,False,False,False,True,False,False
6225000000.0,95.0,2.0,65526315.78947368,True,True,False,False,True,False,False,False,True,False,False
6225000000.0,95.0,2.0,65526315.78947368,True,True,False,False,True,False,False,False,True,False,False
6225000000.0,95.0,,65526315.78947368,True,True,True,False,True,False,False,False,True,False,False
6225000000.0,95.0,,65526315.78947368,True,True,True,False,True,False,False,False,True,False,False
6225000000.0,95.0,,65526315.78947368,True,True,True,False,True,False,False,False,True,False,False
6225000000.0,95.0,2.0,65526315.78947368,True,True,False,False,True,False,False,False,True,False,False
6225000000.0,95.0,2.0,65526315.78947368,True,True,False,False,True,False,False,False,True,False,False
6225000000.0,95.0,2.0,65526315.78947368,True,True,False,False,True,False,False,False,True,False,False
6225000000.0,95.0,2.0,65526315.78947368,True,True,False,False,True,False,False,False,True,False,False
6225000000.0,95.0,2.0,65526315.78947368,True,True,False,False,True,False,False,False,True,False,False
6225000000.0,95.0,3.0,65526315.78947368,True,True,False,False,True,False,False,False,True,False,False
6225000000.0,95.0,2.0,65526315.78947368,True,True,False,False,True,False,False,False,True,False,False
6225000000.0,95.0,2.0,65526315.78947368,True,True,False,False,True,False,False,False,True,False,False
6225000000.0,95.0,2.0,65526315.78947368,True,True,False,False,True,False,False,False,True,False,False
6225000000.0,95.0,2.0,65526315.78947368,True,True,False,False,True,False,False,False,True,False,False
6225000000.0,95.0,2.0,65526315.78947368,True,True,False,False,True,False,False,False,True,False,False
6225000000.0,95.0,2.0,65526315.78947368,True,True,False,False,True,False,False,False,True,False,False
6225000000.0,95.0,2.0,65526315.78947368,True,True,False,False,True,False,False,False,True,False,False
6225000000.0,95.0,3.0,65526315.78947368,True,True,False,False,True,False,False,False,True,False,False
6225000000.0,95.0,2.0,65526315.78947368,True,True,False,False,True,False,False,False,True,False,False
6225000000.0,95.0,2.0,65526315.78947368,True,True,False,False,True,False,False,False,True,False,False
6225000000.0,95.0,2.0,65526315.78947368,True,True,False,False,True,False,False,False,True,False,False
6225000000.0,95.0,2.0,65526315.78947368,True,True,False,False,True,False,False,False,True,False,False
6225000000.0,95.0,2.0,65526315.78947368,True,True,False,False,True,False,False,False,True,False,False
6225000000.0,95.0,2.0,65526315.78947368,True,True,False,False,True,False,False,False,True,False,False
6225000000.0,95.0,2.0,65526315.78947368,True,True,False,False,True,False,False,False,True,False,False
6225000000.0,95.0,2.0,65526315.78947368,True,True,False,False,True,False,False,False,True,False,False
6225000000.0,95.0,2.0,65526315.78947368,True,True,False,False,True,False,False,False,True,False,False
6225000000.0,95.0,2.0,65526315.78947368,True,True,False,False,True,False,False,False,True,False,False
6225000000.0,95.0,,65526315.78947368,True,True,True,False,True,False,False,False,True,False,False
6225000000.0,95.0,,65526315.78947368,True,True,True,False,True,False,False,False,True,False,False
6225000000.0,95.0,2.0,65526315.78947368,True,True,False,False,True,False,False,False,True,False,False
6225000000.0,95.0,2.0,65526315.78947368,True,True,False,False,True,False,False,False,True,False,False
6225000000.0,95.0,2.0,65526315.78947368,True,True,False,False,True,False,False,False,True,False,False
6225000000.0,95.0,2.0,65526315.78947368,True,True,False,False,True,False,False,False,True,False,False
6225000000.0,95.0,2.0,65526315.78947368,True,True,False,False,True,False,False,False,True,False,False
6225000000.0,95.0,2.0,65526315.78947368,True,True,False,False,True,False,False,False,True,False,False
6225000000.0,95.0,2.0,65526315.78947368,True,True,False,False,True,False,False,False,True,False,False
6225000000.0,95.0,2.0,65526315.78947368,True,True,False,False,True,False,False,False,True,False,False
6225000000.0,95.0,2.0,65526315.78947368,True,True,False,False,True,False,False,False,True,False,False
6225000000.0,95.0,3.0,65526315.78947368,True,True,False,False,True,False,False,False,True,False,False
6225000000.0,95.0,2.0,65526315.78947368,True,True,False,False,True,False,False,False,True,False,False
6225000000.0,95.0,2.0,65526315.78947368,True,True,False,False,True,False,False,False,True,False,False
6225000000.0,95.0,2.0,65526315.78947368,True,True,False,False,True,False,False,False,True,False,False
6225000000.0,95.0,2.0,65526315.78947368,True,True,False,False,True,False,False,False,True,False,False
6225000000.0,95.0,2.0,65526315.78947368,True,True,False,False,True,False,False,False,True,False,False
6225000000.0,95.0,2.0,65526315.78947368,True,True,False,False,True,False,False,False,True,False,False
6225000000.0,95.0,2.0,65526315.78947368,True,True,False,False,True,False,False,False,True,False,False
6225000000.0,95.0,2.0,65526315.78947368,True,True,False,False,True,False,False,False,True,False,False
6225000000.0,95.0,3.0,65526315.78947368,True,True,False,False,True,False,False,False,True,False,False
6225000000.0,95.0,2.0,65526315.78947368,True,True,False,False,True,False,False,False,True,False,False
6225000000.0,95.0,2.0,65526315.78947368,True,True,False,False,True,False,False,False,True,False,False
6225000000.0,95.0,2.0,65526315.78947368,True,True,False,False,True,False,False,False,True,False,False
6225000000.0,95.0,3.0,65526315.78947368,True,True,False,False,True,False,False,False,True,False,False
6225000000.0,95.0,2.0,65526315.78947368,True,True,False,False,True,False,False,False,True,False,False
6225000000.0,95.0,2.0,65526315.78947368,True,True,False,False,True,False,False,False,True,False,False
6225000000.0,95.0,2.0,65526315.78947368,True,True,False,False,True,False,False,False,True,False,False
6225000000.0,95.0,2.0,65526315.78947368,True,True,False,False,True,False,False,False,True,False,False
6225000000.0,95.0,2.0,65526315.78947368,True,True,False,False,True,False,False,False,True,False,False
6225000000.0,95.0,3.0,65526315.78947368,True,True,False,False,True,False,False,False,True,False,False
6225000000.0,95.0,2.0,65526315.78947368,True,True,False,False,True,False,False,False,True,False,False
6225000000.0,95.0,2.0,65526315.78947368,True,True,False,False,True,False,False,False,True,False,False
6225000000.0,95.0,2.0,65526315.78947368,True,True,False,False,True,False,False,False,True,False,False
6225000000.0,95.0,2.0,65526315.78947368,True,True,False,False,True,False,False,False,True,False,False
6225000000.0,95.0,,65526315.78947368,True,True,True,False,True,False,False,False,True,False,False
6225000000.0,95.0,,65526315.78947368,True,True,True,False,True,False,False,False,True,False,False
6225000000.0,95.0,,65526315.78947368,True,True,True,False,True,False,False,False,True,False,False
6225000000.0,95.0,,65526315.78947368,True,True,True,False,True,False,False,False,True,False,False
6225000000.0,95.0,,65526315.78947368,True,True,True,False,True,False,False,False,True,False,False
6225000000.0,95.0,2.0,65526315.78947368,True,True,False,False,True,False,False,False,True,False,False
6225000000.0,95.0,2.0,65526315.78947368,True,True,False,False,True,False,False,False,True,False,False
6225000000.0,95.0,2.0,65526315.78947368,True,True,False,False,True,False,False,False,True,False,False
6225000000.0,95.0,2.0,65526315.78947368,True,True,False,False,True,False,False,False,True,False,False
6225000000.0,95.0,2.0,65526315.78947368,True,True,False,False,True,False,False,False,True,False,False
6225000000.0,95.0,,65526315.78947368,True,True,True,False,True,False,False,False,True,False,False
6225000000.0,95.0,3.0,65526315.78947368,True,True,False,False,True,False,False,False,True,False,False
6225000000.0,95.0,2.0,65526315.78947368,True,True,False,False,True,False,False,False,True,False,False
6225000000.0,95.0,2.0,65526315.78947368,True,True,False,False,True,False,False,False,True,False,False
6225000000.0,95.0,2.0,65526315.78947368,True,True,False,False,True,False,False,False,True,False,False
6225000000.0,95.0,3.0,65526315.78947368,True,True,False,False,True,False,False,False,True,False,False
6225000000.0,95.0,2.0,65526315.78947368,True,True,False,False,True,False,False,False,True,False,False
6225000000.0,95.0,2.0,65526315.78947368,True,True,False,False,True,False,False,False,True,False,False
6225000000.0,95.0,2.0,65526315.78947368,True,True,False,False,True,False,False,False,True,False,False
6225000000.0,95.0,2.0,65526315.78947368,True,True,False,False,True,False,False,False,True,False,False
6225000000.0,95.0,2.0,65526315.78947368,True,True,False,False,True,False,False,False,True,False,False
6225000000.0,95.0,2.0,65526315.78947368,True,True,False,False,True,False,False,False,True,False,False
6225000000.0,95.0,2.0,65526315.78947368,True,True,False,False,True,False,False,False,True,False,False
6225000000.0,95.0,2.0,65526315.78947368,True,True,False,False,True,False,False,False,True,False,False
6225000000.0,95.0,2.0,65526315.78947368,True,True,False,False,True,False,False,False,True,False,False
6225000000.0,95.0,2.0,65526315.78947368,True,True,False,False,True,False,False,False,True,False,False
6225000000.0,95.0,2.0,65526315.78947368,True,True,False,False,True,False,False,False,True,False,False
6225000000.0,95.0,2.0,65526315.78947368,True,True,False,False,True,False,False,False,True,False,False
6225000000.0,95.0,2.0,65526315.78947368,True,True,False,False,True,False,False,False,True,False,False
6225000000.0,95.0,2.0,65526315.78947368,True,True,False,False,True,False,False,False,True,False,False
6225000000.0,95.0,2.0,65526315.78947368,True,True,False,False,True,False,False,False,True,False,False
6225000000.0,95.0,2.0,65526315.78947368,True,True,False,False,True,False,False,False,True,False,False
6225000000.0,95.0,2.0,65526315.78947368,True,True,False,False,True,False,False,False,True,False,False
6225000000.0,95.0,3.0,65526315.78947368,True,True,False,False,True,False,False,False,True,False,False
6225000000.0,95.0,2.0,65526315.78947368,True,True,False,False,True,False,False,False,True,False,False
6225000000.0,95.0,2.0,65526315.78947368,True,True,False,False,True,False,False,False,True,False,False
6225000000.0,95.0,2.0,65526315.78947368,True,True,False,False,True,False,False,False,True,False,False
6225000000.0,95.0,2.0,65526315.78947368,True,True,False,False,True,False,False,False,True,False,False
6225000000.0,95.0,2.0,65526315.78947368,True,True,False,False,True,False,False,False,True,False,False
6225000000.0,95.0,2.0,65526315.78947368,True,True,False,False,True,False,False,False,True,False,False
6225000000.0,95.0,2.0,65526315.78947368,True,True,False,False,True,False,False,False,True,False,False
6225000000.0,95.0,2.0,65526315.78947368,True,True,False,False,True,False,False,False,True,False,False
5200000000.0,95.0,,54736842.10526316,False,True,True,False,True,False,False,True,False,False,False
5250000000.0,95.0,,55263157.89473684,False,True,True,False,True,False,False,True,False,False,False
6225000000.0,95.0,,65526315.78947368,True,True,True,False,True,False,False,False,True,False,False
6225000000.0,95.0,3.0,65526315.78947368,True,True,False,False,True,False,False,False,True,False,False
6225000000.0,95.0,2.0,65526315.78947368,True,True,False,False,True,False,False,False,True,False,False
6225000000.0,95.0,2.0,65526315.78947368,True,True,False,False,True,False,False,False,True,False,False
6225000000.0,95.0,2.0,65526315.78947368,True,True,False,False,True,False,False,False,True,False,False
6225000000.0,95.0,2.0,65526315.78947368,True,True,False,False,True,False,False,False,True,False,False
6225000000.0,95.0,2.0,65526315.78947368,True,True,False,False,True,False,False,False,True,False,False
6225000000.0,95.0,2.0,65526315.78947368,True,True,False,False,True,False,False,False,True,False,False
6225000000.0,95.0,2.0,65526315.78947368,True,True,False,False,True,False,False,False,True,False,False
6225000000.0,95.0,2.0,65526315.78947368,True,True,False,False,True,False,False,False,True,False,False
6225000000.0,95.0,2.0,65526315.78947368,True,True,False,False,True,False,False,False,True,False,False
6225000000.0,95.0,2.0,65526315.78947368,True,True,False,False,True,False,False,False,True,False,False
6225000000.0,95.0,2.0,65526315.78947368,True,True,False,False,True,False,False,False,True,False,False
6225000000.0,95.0,2.0,65526315.78947368,True,True,False,False,True,False,False,False,True,False,False
6225000000.0,95.0,2.0,65526315.78947368,True,True,False,False,True,False,False,False,True,False,False
6225000000.0,95.0,3.0,65526315.78947368,True,True,False,False,True,False,False,False,True,False,False
6225000000.0,95.0,2.0,65526315.78947368,True,True,False,False,True,False,False,False,True,False,False
6225000000.0,95.0,2.0,65526315.78947368,True,True,False,False,True,False,False,False,True,False,False
6225000000.0,95.0,3.0,65526315.78947368,True,True,False,False,True,False,False,False,True,False,False
6225000000.0,95.0,2.0,65526315.78947368,True,True,False,False,True,False,False,False,True,False,False
6225000000.0,95.0,2.0,65526315.78947368,True,True,False,False,True,False,False,False,True,False,False
6225000000.0,95.0,2.0,65526315.78947368,True,True,False,False,True,False,False,False,True,False,False
6225000000.0,95.0,,65526315.78947368,True,True,True,False,True,False,False,False,True,False,False
5270000000.0,95.0,,55473684.21052632,False,True,True,False,True,False,False,False,True,False,False
5500000000.0,32.0,,171875000.0,False,False,True,False,False,True,False,False,True,False,False
2975000000.0,65.0,,45769230.76923077,True,True,True,False,True,False,False,False,True,False,False
2975000000.0,65.0,,45769230.76923077,True,True,True,False,True,False,False,False,True,False,False
2975000000.0,65.0,,45769230.76923077,True,True,True,False,True,False,False,False,True,False,False
3275000000.0,65.0,2.0,50384615.38461538,False,True,False,False,True,False,False,False,True,False,False
2975000000.0,65.0,,45769230.76923077,True,True,True,False,True,False,False,False,True,False,False
2975000000.0,65.0,,45769230.76923077,True,True,True,False,True,False,False,False,True,False,False
2975000000.0,65.0,,45769230.76923077,True,True,True,False,True,False,False,False,True,False,False
2975000000.0,65.0,,45769230.76923077,True,True,True,False,True,False,False,False,True,False,False
4438000000.0,65.0,2.0,68276923.07692307,False,True,False,False,True,False,False,False,True,False,False
2975000000.0,65.0,,45769230.76923077,True,True,True,False,True,False,False,False,True,False,False
2975000000.0,65.0,,45769230.76923077,True,True,True,False,True,False,False,False,True,False,False
2975000000.0,65.0,,45769230.76923077,True,True,True,False,True,False,False,False,True,False,False
2975000000.0,65.0,,45769230.76923077,True,True,True,False,True,False,False,False,True,False,False
2975000000.0,65.0,,45769230.76923077,True,True,True,False,True,False,False,False,True,False,False
2975000000.0,65.0,,45769230.76923077,True,True,True,False,True,False,False,False,True,False,False
2975000000.0,65.0,,45769230.76923077,True,True,True,False,True,False,False,False,True,False,False
2975000000.0,65.0,,45769230.76923077,True,True,True,False,True,False,False,False,True,False,False
2975000000.0,65.0,,45769230.76923077,True,True,True,False,True,False,False,False,True,False,False
2620000000.0,65.0,2.0,40307692.307692304,False,True,False,False,True,False,False,False,True,False,False
2975000000.0,65.0,,45769230.76923077,True,True,True,False,True,False,False,False,True,False,False
2975000000.0,65.0,,45769230.76923077,True,True,True,False,True,False,False,False,True,False,False
2975000000.0,65.0,,45769230.76923077,True,True,True,False,True,False,False,False,True,False,False
2975000000.0,65.0,,45769230.76923077,True,True,True,False,True,False,False,False,True,False,False
2975000000.0,65.0,,45769230.76923077,True,True,True,False,True,False,False,False,True,False,False
2975000000.0,65.0,,45769230.76923077,True,True,True,False,True,False,False,False,True,False,False
2975000000.0,65.0,,45769230.76923077,True,True,True,False,True,False,False,False,True,False,False
3982000000.0,65.0,2.0,61261538.461538464,False,True,False,False,True,False,False,False,True,False,False
2975000000.0,65.0,,45769230.76923077,True,True,True,False,True,False,False,False,True,False,False
2975000000.0,65.0,,45769230.76923077,True,True,True,False,True,False,False,False,True,False,False
2975000000.0,65.0,,45769230.76923077,True,True,True,False,True,False,False,False,True,False,False
3155000000.0,65.0,2.0,48538461.538461536,False,True,False,False,True,False,False,False,True,False,False
7900000000.0,52.0,,151923076.92307693,False,False,True,False,False,True,False,False,False,True,False
28500000000.0,99.0,,287878787.8787879,False,False,True,False,False,True,False,False,False,True,False
13800000000.0,216.0,20.0,63888888.88888889,False,False,False,False,False,True,False,False,True,False,False
12500000000.0,44.0,4.0,284090909.09090906,False,False,False,False,False,True,False,False,False,True,False
30000000000.0,113.8,,263620386.64323372,False,False,True,False,False,True,False,False,False,True,False
8000000000.0,32.0,,250000000.0,False,False,True,False,False,True,False,False,False,True,False
8000000000.0,100.0,,80000000.0,False,False,True,False,False,True,False,False,False,True,False
18000000000.0,196.0,10.0,91836734.69387756,False,False,False,False,False,True,True,False,False,False,False
18800000000.0,90.0,,208888888.8888889,False,False,True,False,False,True,False,False,False,True,False
17000000000.0,297.0,,57239057.23905724,False,False,True,False,False,True,False,False,False,True,False
3000000000.0,60.0,2.0,50000000.0,False,False,False,False,True,False,False,True,False,False,False
3200000000.0,55.0,,58181818.18181818,False,False,True,False,True,False,False,True,False,False,False
11600000000.0,73.0,5.0,158904109.58904108,False,False,False,False,False,True,False,False,False,True,False
7648000000.0,248.0,,30838709.677419357,True,False,True,False,False,True,False,False,False,False,True
13500000000.0,60.0,,225000000.0,False,False,True,False,False,True,False,False,False,True,False
10299000000.0,107.0,10.0,96252336.44859812,False,False,False,False,False,True,False,False,False,True,False
7399000000.0,55.0,4.0,134527272.72727272,False,False,False,False,False,True,False,False,False,True,False
17900000000.0,119.0,,150420168.0672269,False,False,True,False,False,True,False,False,False,False,True
15499000000.0,90.0,5.0,172211111.1111111,False,False,False,False,False,True,True,False,False,False,False
38500000000.0,120.0,,320833333.3333333,False,False,True,False,False,True,False,False,False,True,False
19800000000.0,103.0,15.0,192233009.70873785,False,False,False,False,False,True,False,False,False,True,False
19699000000.0,330.0,9.0,59693939.39393939,False,False,False,False,False,True,True,False,False,False,False
11999000000.0,88.0,,136352272.72727272,False,False,True,False,False,True,False,False,False,True,False
12500000000.0,80.0,,156250000.0,False,False,True,False,False,True,False,False,False,True,False
20999000000.0,140.0,,149992857.14285713,False,False,True,False,False,True,True,False,False,False,False
19399000000.0,90.0,,215544444.44444445,False,False,True,False,False,True,False,False,False,True,False
12899000000.0,77.0,14.0,167519480.51948053,False,False,False,False,False,True,False,False,False,True,False
23500000000.0,193.0,24.0,121761658.03108808,False,False,False,False,False,True,False,False,False,True,False
11999000000.0,199.0,,60296482.4120603,False,False,True,False,False,True,False,False,False,False,True
2300000000.0,54.0,,42592592.59259259,False,False,True,False,True,False,False,True,False,False,False
13890000000.0,56.0,,248035714.2857143,False,False,True,False,False,True,False,False,True,False,False
5890000000.0,62.0,,95000000.0,False,False,True,False,False,True,False,False,False,True,False
12790000000.0,84.0,7.0,152261904.76190478,False,False,False,False,False,True,False,False,False,True,False
10980000000.0,67.0,4.0,163880597.01492536,False,False,False,False,False,True,False,False,False,True,False
12000000000.0,108.0,,111111111.1111111,False,False,True,False,False,True,False,False,False,True,False
8000000000.0,64.0,,125000000.0,False,False,True,False,False,True,False,False,False,True,False
10700000000.0,64.0,5.0,167187500.0,False,False,False,False,False,True,False,False,False,True,False
8500000000.0,100.0,3.0,85000000.0,False,False,False,False,False,True,False,False,False,True,False
5500000000.0,54.0,5.0,101851851.85185184,False,False,False,False,False,True,False,False,False,True,False
7600000000.0,92.0,7.0,82608695.6521739,False,False,False,False,False,True,False,False,False,True,False
6450000000.0,60.0,4.0,107500000.0,False,False,False,False,False,True,False,False,False,True,False
7700000000.0,80.0,4.0,96250000.0,False,False,False,False,False,True,False,False,False,True,False
8400000000.0,72.0,4.0,116666666.66666669,False,False,False,False,False,True,False,False,False,True,False
4900000000.0,69.0,3.0,71014492.75362319,False,False,False,False,False,True,False,False,False,True,False
12500000000.0,80.0,6.0,156250000.0,False,False,False,False,False,True,False,False,False,True,False
3300000000.0,55.0,,60000000.0,False,False,True,False,True,False,False,True,False,False,False
10440000000.0,200.0,,52200000.0,False,True,True,False,False,True,False,False,False,True,False
9800000000.0,200.0,,49000000.0,False,True,True,False,False,True,False,False,False,True,False
10900000000.0,200.0,,54500000.0,False,True,True,False,False,True,False,False,False,True,False
17000000000.0,200.0,,85000000.0,False,True,True,False,False,True,False,False,False,True,False
20353000000.0,200.0,,101765000.0,True,True,True,False,False,True,False,True,False,False,False
20353000000.0,200.0,,101765000.0,True,True,True,False,False,True,False,True,False,False,False
10000000000.0,200.0,,50000000.0,False,True,True,False,False,True,False,False,False,True,False
9900000000.0,200.0,,49500000.0,False,True,True,False,False,True,False,False,False,True,False
20353000000.0,200.0,,101765000.0,True,True,True,False,False,True,False,True,False,False,False
20353000000.0,200.0,,101765000.0,True,True,True,False,False,True,False,True,False,False,False
20353000000.0,200.0,,101765000.0,True,True,True,False,False,True,False,True,False,False,False
20353000000.0,200.0,,101765000.0,True,True,True,False,False,True,False,True,False,False,False
20353000000.0,200.0,,101765000.0,True,True,True,False,False,True,False,True,False,False,False
10100000000.0,200.0,,50500000.0,False,True,True,False,False,True,False,False,False,True,False
20353000000.0,200.0,,101765000.0,True,True,True,False,False,True,False,True,False,False,False
20353000000.0,200.0,,101765000.0,True,True,True,False,False,True,False,False,False,True,False
10000000000.0,200.0,,50000000.0,False,True,True,False,False,True,False,False,False,True,False
34700000000.0,200.0,,173500000.0,False,True,True,False,False,True,False,False,False,True,False
12400000000.0,200.0,,62000000.0,False,True,True,False,False,True,False,False,False,True,False
10100000000.0,200.0,,50500000.0,False,True,True,False,False,True,False,False,False,True,False
26900000000.0,200.0,,134500000.0,False,True,True,False,False,True,True,False,False,False,False
26250000000.0,200.0,,131250000.0,False,True,True,False,False,True,False,False,False,True,False
9900000000.0,200.0,,49500000.0,False,True,True,False,False,True,False,False,False,True,False
20353000000.0,200.0,,101765000.0,True,True,True,False,False,True,False,True,False,False,False
20353000000.0,200.0,,101765000.0,True,True,True,False,False,True,False,False,True,False,False
20353000000.0,200.0,,101765000.0,True,True,True,False,False,True,False,False,False,True,False
11000000000.0,200.0,,55000000.0,False,True,True,False,False,True,False,False,False,True,False
24260000000.0,200.0,,121300000.0,False,True,True,False,False,True,False,False,False,True,False
10100000000.0,200.0,,50500000.0,False,True,True,False,False,True,False,False,False,True,False
14000000000.0,200.0,,70000000.0,False,True,True,False,False,True,False,False,True,False,False
10300000000.0,200.0,,51500000.0,False,True,True,False,False,True,False,False,False,True,False
3760000000.0,61.0,2.0,61639344.26229508,False,True,False,False,True,False,False,False,True,False,False
2500000000.0,61.0,2.0,40983606.55737705,False,True,False,False,True,False,False,False,True,False,False
4800000000.0,61.0,2.0,78688524.59016393,False,True,False,False,True,False,False,False,True,False,False
3040000000.0,61.0,2.0,49836065.57377049,False,True,False,False,True,False,False,False,True,False,False
2800000000.0,61.0,2.0,45901639.34426229,False,True,False,False,True,False,False,False,True,False,False
2900000000.0,61.0,2.0,47540983.60655738,False,True,False,False,True,False,False,False,True,False,False
2700000000.0,61.0,1.0,44262295.08196721,False,True,False,False,True,False,False,False,True,False,False
5000000000.0,61.0,2.0,81967213.1147541,False,True,False,False,True,False,False,False,True,False,False
2300000000.0,61.0,3.0,37704918.03278688,True,True,False,False,True,False,False,False,True,False,False
2300000000.0,61.0,1.0,37704918.03278688,True,True,False,False,True,False,False,False,True,False,False
2300000000.0,61.0,2.0,37704918.03278688,True,True,False,False,True,False,False,False,True,False,False
2300000000.0,61.0,2.0,37704918.03278688,True,True,False,False,True,False,False,False,True,False,False
2300000000.0,61.0,3.0,37704918.03278688,True,True,False,False,True,False,False,False,True,False,False
2300000000.0,61.0,1.0,37704918.03278688,True,True,False,False,True,False,False,False,True,False,False
2300000000.0,61.0,2.0,37704918.03278688,True,True,False,False,True,False,False,False,True,False,False
2300000000.0,61.0,2.0,37704918.03278688,True,True,False,False,True,False,False,True,False,False,False
2300000000.0,61.0,3.0,37704918.03278688,True,True,False,False,True,False,False,True,False,False,False
3200000000.0,61.0,1.0,52459016.39344262,False,True,False,False,True,False,False,False,True,False,False
2390000000.0,61.0,1.0,39180327.86885246,False,True,False,False,True,False,False,False,True,False,False
2300000000.0,61.0,1.0,37704918.03278688,False,True,False,False,True,False,False,True,False,False,False
3750000000.0,61.0,2.0,61475409.836065575,False,True,False,False,True,False,False,False,True,False,False
2300000000.0,61.0,3.0,37704918.03278688,True,True,False,False,True,False,False,False,True,False,False
2300000000.0,61.0,2.0,37704918.03278688,True,True,False,False,True,False,False,True,False,False,False
2300000000.0,61.0,2.0,37704918.03278688,True,True,False,False,True,False,False,False,True,False,False
2500000000.0,61.0,2.0,40983606.55737705,False,True,False,False,True,False,False,True,False,False,False
2310000000.0,61.0,1.0,37868852.45901639,False,True,False,False,True,False,False,False,True,False,False
2310000000.0,61.0,1.0,37868852.45901639,False,True,False,False,True,False,False,False,True,False,False
4750000000.0,61.0,3.0,77868852.4590164,False,True,False,False,True,False,False,True,False,False,False
2310000000.0,61.0,1.0,37868852.45901639,False,True,False,False,True,False,False,False,True,False,False
3250000000.0,61.0,2.0,53278688.52459016,False,True,False,False,True,False,False,False,True,False,False
2350000000.0,61.0,1.0,38524590.163934425,False,True,False,False,True,False,False,False,True,False,False
1990000000.0,61.0,1.0,32622950.81967213,False,True,False,False,True,False,False,False,True,False,False
3760000000.0,61.0,2.0,61639344.26229508,False,True,False,False,True,False,False,False,True,False,False
2300000000.0,61.0,2.0,37704918.03278688,True,True,False,False,True,False,False,True,False,False,False
2300000000.0,61.0,2.0,37704918.03278688,True,True,False,False,True,False,False,False,True,False,False
2300000000.0,61.0,2.0,37704918.03278688,True,True,False,False,True,False,False,False,True,False,False
3740000000.0,61.0,2.0,61311475.40983607,False,True,False,False,True,False,False,True,False,False,False
2150000000.0,61.0,1.0,35245901.63934426,False,True,False,False,True,False,False,False,True,False,False
3770000000.0,61.0,1.0,61803278.68852459,False,True,False,False,True,False,False,False,True,False,False
1790000000.0,61.0,1.0,29344262.29508197,False,True,False,False,True,False,False,False,True,False,False
3040000000.0,61.0,2.0,49836065.57377049,False,True,False,False,True,False,False,False,True,False,False
2310000000.0,61.0,1.0,37868852.45901639,False,True,False,False,True,False,False,False,True,False,False
2300000000.0,61.0,1.0,37704918.03278688,True,True,False,False,True,False,False,False,True,False,False
3740000000.0,61.0,2.0,61311475.40983607,False,True,False,False,True,False,False,False,True,False,False
4750000000.0,61.0,3.0,77868852.4590164,False,True,False,False,True,False,False,False,True,False,False
16500000000.0,103.0,2.0,160194174.75728154,False,False,False,False,False,True,False,True,False,False,False
12700000000.0,154.0,,82467532.46753247,True,False,True,False,False,True,False,False,True,False,False
12700000000.0,154.0,,82467532.46753247,True,False,True,False,False,True,False,False,True,False,False
12700000000.0,198.0,,64141414.14141414,True,False,True,False,False,True,False,False,True,False,False
12700000000.0,198.0,,64141414.14141414,True,False,True,False,False,True,False,False,True,False,False
12700000000.0,154.0,,82467532.46753247,True,False,True,False,False,True,False,False,True,False,False
12700000000.0,330.0,,38484848.48484848,True,False,True,False,False,True,False,False,True,False,False
12700000000.0,198.0,,64141414.14141414,True,False,True,False,False,True,False,False,True,False,False
12700000000.0,154.0,,82467532.46753247,True,False,True,False,False,True,False,False,True,False,False
12700000000.0,219.56,,57842958.64456185,True,False,True,False,False,True,False,False,True,False,False
12700000000.0,154.0,,82467532.46753247,True,False,True,False,False,True,False,False,True,False,False
12700000000.0,154.0,,82467532.46753247,True,False,True,False,False,True,False,False,True,False,False
12700000000.0,154.0,,82467532.46753247,True,False,True,False,False,True,False,False,True,False,False
12700000000.0,154.0,,82467532.46753247,True,False,True,False,False,True,False,False,True,False,False
12700000000.0,154.0,,82467532.46753247,True,False,True,False,False,True,False,False,True,False,False
12700000000.0,154.0,,82467532.46753247,True,False,True,False,False,True,False,False,True,False,False
12700000000.0,154.0,,82467532.46753247,True,False,True,False,False,True,False,False,True,False,False
12700000000.0,154.0,,82467532.46753247,True,False,True,False,False,True,False,False,True,False,False
12700000000.0,154.0,,82467532.46753247,True,False,True,False,False,True,False,False,True,False,False
12700000000.0,154.0,,82467532.46753247,True,False,True,False,False,True,False,False,True,False,False
12700000000.0,154.0,,82467532.46753247,True,False,True,False,False,True,False,False,True,False,False
12700000000.0,154.0,,82467532.46753247,True,False,True,False,False,True,False,False,True,False,False
12700000000.0,154.0,,82467532.46753247,True,False,True,False,False,True,False,False,True,False,False
12700000000.0,154.0,,82467532.46753247,True,False,True,False,False,True,False,False,True,False,False
12700000000.0,154.0,,82467532.46753247,True,False,True,False,False,True,False,False,True,False,False
12700000000.0,154.0,,82467532.46753247,True,False,True,False,False,True,False,False,True,False,False
12700000000.0,154.0,,82467532.46753247,True,False,True,False,False,True,False,False,True,False,False
12700000000.0,154.0,,82467532.46753247,True,False,True,False,False,True,False,False,True,False,False
12700000000.0,154.0,,82467532.46753247,True,False,True,False,False,True,False,False,True,False,False
12700000000.0,154.0,,82467532.46753247,True,False,True,False,False,True,False,False,True,False,False
12700000000.0,154.0,,82467532.46753247,True,False,True,False,False,True,False,False,True,False,False
12700000000.0,198.0,,64141414.14141414,True,False,True,False,False,True,False,False,True,False,False
12700000000.0,154.0,,82467532.46753247,True,False,True,False,False,True,False,False,True,False,False
2650000000.0,63.0,2.0,42063492.06349207,False,False,False,False,True,False,False,False,True,False,False
3000000000.0,72.0,2.0,41666666.66666666,False,False,False,False,True,False,False,True,False,False,False
2100000000.0,51.0,1.0,41176470.5882353,False,False,False,False,True,False,False,False,True,False,False
2100000000.0,52.0,1.0,40384615.38461538,False,False,False,False,True,False,False,False,True,False,False
2400000000.0,110.0,,21818181.818181816,False,False,True,True,False,False,False,False,False,True,False
20250000000.0,75.0,,270000000.0,False,False,True,True,False,False,False,False,False,False,True
6100000000.0,108.0,,56481481.481481485,False,False,True,True,False,False,False,False,True,False,False
2400000000.0,65.0,2.0,36923076.92307692,False,False,False,False,False,True,False,True,False,False,False
3890000000.0,76.0,2.0,51184210.526315786,False,False,False,False,False,True,False,True,False,False,False
6100000000.0,110.0,,55454545.45454545,False,False,True,True,False,False,False,False,False,True,False
2990000000.0,62.0,1.0,48225806.451612905,False,False,False,True,False,False,False,False,True,False,False
5800000000.0,100.0,,58000000.0,False,False,True,True,False,False,False,False,False,True,False
1000000000.0,80.0,,12500000.0,False,False,True,False,False,True,False,False,False,False,True
850000000.0,67.0,2.0,12686567.164179103,False,False,False,False,False,True,False,False,False,True,False
7500000000.0,75.1,,99866844.20772304,False,False,True,True,False,False,False,False,False,False,True
2069000000.0,65.0,2.0,31830769.230769232,False,True,False,False,True,False,False,True,False,False,False
2795000000.0,65.0,,43000000.0,False,True,True,False,True,False,False,False,True,False,False
3098000000.0,65.0,,47661538.461538464,False,True,True,False,True,False,False,False,True,False,False
2073000000.0,65.0,2.0,31892307.69230769,False,True,False,False,True,False,False,True,False,False,False
3968000000.0,65.0,,61046153.84615385,False,True,True,False,True,False,False,False,True,False,False
3187000000.0,65.0,,49030769.23076923,False,True,True,False,True,False,False,False,True,False,False
2075000000.0,65.0,2.0,31923076.923076924,False,True,False,False,True,False,False,True,False,False,False
2044000000.0,65.0,2.0,31446153.846153848,False,True,False,False,True,False,False,True,False,False,False
2040000000.0,65.0,2.0,31384615.384615384,False,True,False,False,True,False,False,True,False,False,False
2536000000.0,65.0,2.0,39015384.615384616,False,True,False,False,True,False,False,True,False,False,False
2088000000.0,65.0,2.0,32123076.923076924,False,True,False,False,True,False,False,True,False,False,False
2346000000.0,65.0,2.0,36092307.692307696,False,True,False,False,True,False,False,True,False,False,False
2099000000.0,65.0,2.0,32292307.69230769,False,True,False,False,True,False,False,True,False,False,False
5052000000.0,65.0,,77723076.92307693,False,True,True,False,True,False,False,False,True,False,False
4836000000.0,65.0,,74400000.0,False,True,True,False,True,False,False,False,True,False,False
2912000000.0,65.0,,44800000.0,False,True,True,False,True,False,False,False,True,False,False
3692000000.0,65.0,,56800000.0,False,True,True,False,True,False,False,False,True,False,False
2757000000.0,65.0,,42415384.615384616,False,True,True,False,True,False,False,False,True,False,False
3399000000.0,65.0,,52292307.692307696,False,True,True,False,True,False,False,False,True,False,False
2362000000.0,65.0,2.0,36338461.538461536,False,True,False,False,True,False,False,True,False,False,False
2149000000.0,65.0,2.0,33061538.46153846,False,True,False,False,True,False,False,True,False,False,False
2026000000.0,65.0,2.0,31169230.769230768,False,True,False,False,True,False,False,True,False,False,False
4200000000.0,31.0,1.0,135483870.96774194,False,False,False,False,False,True,False,True,False,False,False
11269000000.0,200.0,,56345000.0,False,True,True,False,False,True,False,False,True,False,False
19708000000.0,200.0,,98540000.0,False,True,True,False,False,True,False,False,True,False,False
34380000000.0,200.0,,171900000.0,False,True,True,False,False,True,False,False,True,False,False
35671000000.0,200.0,,178355000.0,False,True,True,False,False,True,False,False,True,False,False
19049000000.0,200.0,,95245000.0,False,True,True,False,False,True,False,False,True,False,False
30113000000.0,200.0,,150565000.0,False,True,True,False,False,True,False,False,True,False,False
34909000000.0,200.0,,174545000.0,False,True,True,False,False,True,False,False,True,False,False
16892000000.0,200.0,,84460000.0,False,True,True,False,False,True,False,False,True,False,False
14245000000.0,200.0,,71225000.0,False,True,True,False,False,True,False,False,True,False,False
10437000000.0,200.0,,52185000.0,False,True,True,False,False,True,False,False,True,False,False
26887000000.0,200.0,,134435000.0,False,True,True,False,False,True,False,False,True,False,False
34500000000.0,200.0,,172500000.0,False,True,True,False,False,True,False,False,False,False,True
14600000000.0,200.0,,73000000.0,False,True,True,False,False,True,False,False,False,False,True
38360000000.0,200.0,,191800000.0,False,True,True,False,False,True,False,False,True,False,False
31373000000.0,200.0,,156865000.0,False,True,True,False,False,True,False,False,True,False,False
39744000000.0,200.0,,198720000.0,False,True,True,False,False,True,False,False,True,False,False
30167000000.0,200.0,,150835000.0,False,True,True,False,False,True,False,False,True,False,False
27418000000.0,200.0,,137090000.0,False,True,True,False,False,True,False,False,True,False,False
16958000000.0,200.0,,84790000.0,False,True,True,False,False,True,False,False,True,False,False
21200000000.0,200.0,,106000000.0,False,True,True,False,False,True,False,False,False,False,True
22142000000.0,200.0,,110710000.0,False,True,True,False,False,True,False,False,True,False,False
18672000000.0,200.0,,93360000.0,False,True,True,False,False,True,False,False,True,False,False
28543000000.0,200.0,,142715000.0,False,True,True,False,False,True,False,False,True,False,False
22177000000.0,200.0,,110885000.0,False,True,True,False,False,True,False,False,True,False,False
26683000000.0,200.0,,133415000.0,False,True,True,False,False,True,False,False,True,False,False
16962000000.0,200.0,,84810000.0,False,True,True,False,False,True,False,False,True,False,False
20315000000.0,200.0,,101575000.0,False,True,True,False,False,True,False,False,True,False,False
33255000000.0,200.0,,166275000.0,False,True,True,False,False,True,False,False,True,False,False
19535000000.0,200.0,,97675000.0,False,True,True,False,False,True,False,False,True,False,False
15143000000.0,200.0,,75715000.0,False,True,True,False,False,True,False,False,True,False,False
22255000000.0,200.0,,111275000.0,False,True,True,False,False,True,False,False,True,False,False
16800000000.0,200.0,,84000000.0,False,True,True,False,False,True,False,False,False,False,True
16239000000.0,200.0,,81195000.0,False,True,True,False,False,True,False,False,True,False,False
16323000000.0,200.0,,81615000.0,False,True,True,False,False,True,False,False,True,False,False
33557000000.0,200.0,,167785000.0,False,True,True,False,False,True,False,False,True,False,False
6000000000.0,120.0,,50000000.0,False,False,True,True,False,False,False,False,False,True,False
20353000000.0,150.0,,135686666.66666666,False,False,True,False,False,True,False,False,True,False,False
24432000000.0,150.2,,162663115.8455393,False,False,True,False,False,True,False,False,True,False,False
32818000000.0,270.5,,121323475.04621072,False,False,True,False,False,True,False,False,True,False,False
14987000000.0,100.0,,149870000.0,False,False,True,False,False,True,False,False,False,True,False
15355000000.0,100.0,,153550000.0,False,False,True,False,False,True,False,False,True,False,False
22300000000.0,157.6,,141497461.928934,False,False,True,False,False,True,False,False,True,False,False
24158000000.0,150.0,,161053333.33333334,False,False,True,False,False,True,False,False,True,False,False
23556000000.0,150.0,,157040000.0,False,False,True,False,False,True,False,False,True,False,False
32765000000.0,297.0,,110319865.31986532,False,False,True,False,False,True,False,False,True,False,False
26180000000.0,241.6,,108360927.15231788,False,False,True,False,False,True,False,False,True,False,False
31033000000.0,288.4,,107604022.19140084,False,False,True,False,False,True,False,False,True,False,False
30008000000.0,266.4,,112642642.64264265,False,False,True,False,False,True,False,False,True,False,False
32447000000.0,270.0,,120174074.07407407,False,False,True,False,False,True,False,False,True,False,False
29807000000.0,270.0,,110396296.2962963,False,False,True,False,False,True,False,False,True,False,False
32579000000.0,270.0,,120662962.96296296,False,False,True,False,False,True,False,False,True,False,False
18553000000.0,100.0,,185530000.0,False,False,True,False,False,True,False,False,True,False,False
14739000000.0,100.0,,147390000.0,False,False,True,False,False,True,False,False,True,False,False
15680000000.0,100.0,,156800000.0,False,False,True,False,False,True,False,False,True,False,False
15050000000.0,100.0,,150500000.0,False,False,True,False,False,True,False,False,True,False,False
33337000000.0,270.9,,123060169.80435586,False,False,True,False,False,True,False,False,True,False,False
15355000000.0,100.0,,153550000.0,False,False,True,False,False,True,False,False,True,False,False
32563000000.0,295.1,,110345645.54388344,False,False,True,False,False,True,False,False,False,True,False
34191000000.0,309.4,,110507433.74272788,False,False,True,False,False,True,False,False,True,False,False
30938000000.0,272.0,,113742647.05882353,False,False,True,False,False,True,False,False,True,False,False
30873000000.0,270.0,,114344444.44444443,False,False,True,False,False,True,False,False,True,False,False
31617000000.0,284.1,,111288278.7750792,False,False,True,False,False,True,False,False,False,True,False
29491000000.0,267.3,,110329218.10699588,False,False,True,False,False,True,False,False,True,False,False
31124000000.0,273.9,,113632712.66885726,False,False,True,False,False,True,False,False,True,False,False
31706000000.0,270.1,,117386153.27656424,False,False,True,False,False,True,False,False,True,False,False
18623000000.0,100.1,,186043956.04395604,False,False,True,False,False,True,False,False,True,False,False
18553000000.0,100.0,,185530000.0,False,False,True,False,False,True,False,False,False,True,False
18553000000.0,100.0,,185530000.0,False,False,True,False,False,True,False,False,True,False,False
19095000000.0,150.3,,127045908.18363272,False,False,True,False,False,True,False,False,True,False,False
33152000000.0,270.1,,122739726.02739725,False,False,True,False,False,True,False,False,True,False,False
30626000000.0,281.3,,108873089.22858158,False,False,True,False,False,True,False,False,False,True,False
30327000000.0,286.6,,105816468.94626656,False,False,True,False,False,True,False,False,True,False,False
24492000000.0,224.6,,109047195.01335707,False,False,True,False,False,True,False,False,True,False,False
30822000000.0,270.0,,114155555.55555557,False,False,True,False,False,True,False,False,True,False,False
30775000000.0,283.3,,108630427.10907166,False,False,True,False,False,True,False,False,True,False,False
22375000000.0,157.5,,142063492.06349206,False,False,True,False,False,True,False,False,True,False,False
30626000000.0,281.3,,108873089.22858158,False,False,True,False,False,True,False,False,True,False,False
30633000000.0,265.3,,115465510.7425556,False,False,True,False,False,True,False,False,True,False,False
29839000000.0,270.0,,110514814.81481482,False,False,True,False,False,True,False,False,True,False,False
31891000000.0,284.7,,112016157.35862312,False,False,True,False,False,True,False,False,True,False,False
15107000000.0,100.0,,151070000.0,False,False,True,False,False,True,False,False,True,False,False
19992000000.0,150.0,,133280000.0,False,False,True,False,False,True,False,False,False,True,False
18553000000.0,100.0,,185530000.0,False,False,True,False,False,True,False,False,True,False,False
19998000000.0,150.0,,133320000.0,False,False,True,False,False,True,False,False,True,False,False
15138000000.0,100.0,,151380000.0,False,False,True,False,False,True,False,False,True,False,False
23560000000.0,150.0,,157066666.66666666,False,False,True,False,False,True,False,False,True,False,False
19211000000.0,150.4,,127732712.76595744,False,False,True,False,False,True,False,False,True,False,False
15246000000.0,100.1,,152307692.30769232,False,False,True,False,False,True,False,False,True,False,False
18607000000.0,100.0,,186070000.0,False,False,True,False,False,True,False,False,True,False,False
30867000000.0,281.3,,109729825.8087451,False,False,True,False,False,True,False,False,True,False,False
33308000000.0,269.9,,123408669.8777325,False,False,True,False,False,True,False,False,True,False,False
31155000000.0,286.6,,108705512.90997906,False,False,True,False,False,True,False,False,True,False,False
34510000000.0,301.9,,114309373.96488903,False,False,True,False,False,True,False,False,True,False,False
31860000000.0,284.1,,112143611.40443504,False,False,True,False,False,True,False,False,True,False,False
30739000000.0,270.0,,113848148.14814816,False,False,True,False,False,True,False,False,True,False,False
15091000000.0,100.0,,150910000.0,False,False,True,False,False,True,False,False,True,False,False
19998000000.0,150.0,,133320000.0,False,False,True,False,False,True,False,False,True,False,False
12840000000.0,75.0,,171200000.0,False,True,True,False,False,True,False,True,False,False,False
10920000000.0,75.0,,145600000.0,False,True,True,False,False,True,False,True,False,False,False
10115000000.0,75.0,,134866666.66666666,False,True,True,False,False,True,False,True,False,False,False
9787000000.0,75.0,2.0,130493333.33333331,False,True,False,False,False,True,False,True,False,False,False
7836000000.0,75.0,,104480000.0,False,True,True,False,False,True,False,True,False,False,False
9503000000.0,75.0,2.0,126706666.66666669,False,True,False,False,False,True,False,True,False,False,False
7761000000.0,75.0,,103480000.0,False,True,True,False,False,True,False,True,False,False,False
10135000000.0,75.0,,135133333.33333334,False,True,True,False,False,True,False,True,False,False,False
10615000000.0,75.0,2.0,141533333.33333334,False,True,False,False,False,True,False,True,False,False,False
7897000000.0,75.0,,105293333.33333331,False,True,True,False,False,True,False,True,False,False,False
8890000000.0,75.0,,118533333.33333331,False,True,True,False,False,True,False,True,False,False,False
9655000000.0,75.0,2.0,128733333.33333331,False,True,False,False,False,True,False,True,False,False,False
6768000000.0,75.0,1.0,90240000.0,False,True,False,False,False,True,False,True,False,False,False
10099000000.0,75.0,,134653333.33333334,False,True,True,False,False,True,False,True,False,False,False
9645000000.0,75.0,2.0,128600000.0,False,True,False,False,False,True,False,True,False,False,False
10050000000.0,75.0,,134000000.0,False,True,True,False,False,True,False,True,False,False,False
7183000000.0,75.0,1.0,95773333.33333331,False,True,False,False,False,True,False,True,False,False,False
10000000000.0,70.0,,142857142.85714287,False,False,True,False,False,True,False,False,False,True,False
4500000000.0,41.0,3.0,109756097.5609756,False,False,False,False,False,True,False,False,False,True,False
5850000000.0,92.0,,63586956.52173913,False,False,True,False,False,True,False,False,False,False,True
9900000000.0,100.0,,99000000.0,False,False,True,False,False,True,False,False,True,False,False
10000000000.0,53.0,,188679245.2830189,False,False,True,False,False,True,False,False,False,True,False
22500000000.0,207.0,,108695652.17391305,False,False,True,False,False,True,True,False,False,False,False
8300000000.0,40.0,3.0,207500000.0,False,False,False,False,False,True,False,False,False,True,False
2320000000.0,58.0,2.0,40000000.0,False,False,False,False,False,True,False,False,True,False,False
2200000000.0,55.0,2.0,40000000.0,False,False,False,False,False,True,False,False,True,False,False
2200000000.0,51.0,2.0,43137254.90196078,False,False,False,False,False,True,False,True,False,False,False
2160000000.0,54.0,2.0,40000000.0,False,False,False,False,False,True,False,False,True,False,False
7900000000.0,120.0,,65833333.333333336,False,False,True,False,False,True,False,False,True,False,False
2250000000.0,108.0,,20833333.33333333,True,False,True,True,False,False,True,False,False,False,False
10800000000.0,76.0,4.0,142105263.15789473,False,False,False,False,False,True,False,False,False,True,False
3950000000.0,32.0,3.0,123437500.0,False,False,False,False,False,True,False,False,False,True,False
5300000000.0,315.4,,16804058.33861763,False,False,True,False,False,True,False,False,False,True,False
11000000000.0,160.0,,68750000.0,False,False,True,False,False,True,False,False,False,False,True
29000000000.0,310.0,,93548387.0967742,False,False,True,False,False,True,False,False,False,True,False
4950000000.0,35.0,2.0,141428571.42857143,False,False,False,False,False,True,False,False,False,True,False
4732000000.0,113.0,2.0,41876106.194690265,False,False,False,True,False,False,False,False,True,False,False
6800000000.0,114.0,,59649122.80701754,False,False,True,False,False,True,False,False,False,True,False
22000000000.0,100.0,,220000000.0,False,False,True,False,False,True,False,False,False,False,True
8600000000.0,60.0,5.0,143333333.33333334,False,False,False,False,False,True,False,False,True,False,False
12000000000.0,132.0,,90909090.9090909,False,False,True,False,False,True,False,False,False,True,False
2950000000.0,57.0,,51754385.96491228,False,False,True,False,False,True,False,False,False,True,False
7700000000.0,48.0,4.0,160416666.66666666,False,False,False,False,False,True,False,False,False,True,False
6500000000.0,87.0,3.0,74712643.67816092,False,False,False,False,False,True,False,False,False,True,False
9700000000.0,72.0,6.0,134722222.2222222,False,False,False,False,False,True,False,False,False,True,False
18800000000.0,98.0,7.0,191836734.69387755,False,False,False,False,False,True,False,False,True,False,False
8700000000.0,75.0,2.0,116000000.0,False,False,False,False,False,True,False,False,False,True,False
18000000000.0,266.0,,67669172.93233083,False,False,True,False,True,False,False,False,False,False,True
3200000000.0,100.0,,32000000.0,False,False,True,False,False,True,False,False,True,False,False
19000000000.0,183.0,,103825136.61202186,False,False,True,False,False,True,True,False,False,False,False
13000000000.0,85.0,7.0,152941176.47058824,False,False,False,False,False,True,True,False,False,False,False
8550000000.0,120.0,5.0,71250000.0,False,False,False,False,False,True,False,False,False,True,False
35000000000.0,210.0,21.0,166666666.66666666,False,False,False,False,False,True,False,False,False,True,False
5900000000.0,168.0,,35119047.61904762,False,False,True,False,False,True,True,False,False,False,False
8500000000.0,66.0,3.0,128787878.78787878,False,False,False,False,False,True,False,False,False,True,False
7500000000.0,70.0,3.0,107142857.14285716,False,False,False,False,False,True,False,False,False,True,False
2100000000.0,52.0,2.0,40384615.38461538,False,False,False,False,False,True,False,False,True,False,False
2100000000.0,51.0,2.0,41176470.5882353,False,False,False,False,False,True,False,False,True,False,False
4600000000.0,225.0,,20444444.444444444,False,False,True,False,False,True,False,False,False,False,True
5900000000.0,120.0,,49166666.66666666,False,False,True,True,False,False,False,False,False,True,False
25000000000.0,152.7,,163719711.85330716,False,False,True,False,False,True,False,False,False,False,True
9000000000.0,50.0,,180000000.0,False,False,True,False,False,True,False,False,False,True,False
16000000000.0,67.8,,235988200.5899705,False,False,True,False,False,True,False,False,False,False,True
9200000000.0,100.0,,92000000.0,False,False,True,False,False,True,False,False,False,True,False
16000000000.0,90.0,4.0,177777777.7777778,False,False,False,False,False,True,False,False,False,True,False
5145000000.0,158.0,,32563291.139240507,True,False,True,False,False,True,False,False,False,True,False
11300000000.0,51.0,,221568627.4509804,True,True,True,False,False,True,False,False,False,True,False
9700000000.0,52.1,,186180422.26487523,False,False,True,False,False,True,False,False,False,True,False
8500000000.0,47.2,,180084745.76271185,False,False,True,False,False,True,False,False,False,True,False
12000000000.0,72.0,,166666666.66666666,False,True,True,False,False,True,False,False,False,True,False
12800000000.0,60.5,,211570247.9338843,False,False,True,False,False,True,False,False,False,True,False
10300000000.0,73.0,,141095890.41095892,False,True,True,False,False,True,False,False,False,True,False
10500000000.0,91.7,10.0,114503816.79389311,False,False,False,False,False,True,False,False,False,True,False
16500000000.0,111.0,,148648648.64864865,False,False,True,False,False,True,False,False,False,True,False
3500000000.0,164.0,3.0,21341463.414634146,False,False,False,True,False,False,False,False,False,True,False
16800000000.0,196.0,,85714285.71428572,False,False,True,False,False,True,False,False,False,False,True
15800000000.0,160.0,,98750000.0,False,False,True,False,False,True,False,False,False,True,False
6300000000.0,72.0,,87500000.0,False,False,True,False,False,True,False,False,False,True,False
3600000000.0,65.0,2.0,55384615.38461538,False,False,False,False,True,False,False,False,True,False,False
3950000000.0,79.0,,50000000.0,False,False,True,True,False,False,False,True,False,False,False
19800000000.0,200.0,,99000000.0,False,False,True,False,False,True,False,False,False,True,False
10500000000.0,143.0,3.0,73426573.42657343,False,False,False,False,False,True,False,False,False,True,False
9200000000.0,90.0,,102222222.22222222,False,False,True,False,False,True,False,False,False,True,False
2150000000.0,112.6,,19094138.543516874,False,False,True,True,False,False,False,False,False,False,True
5300000000.0,74.0,,71621621.62162162,False,False,True,False,False,True,False,False,False,False,True
13800000000.0,113.0,4.0,122123893.80530971,False,False,False,False,False,True,False,False,False,True,False
32000000000.0,276.0,4.0,115942028.98550723,False,False,False,False,False,True,False,False,False,True,False
8000000000.0,90.0,,88888888.8888889,False,False,True,False,False,True,False,False,False,True,False
11500000000.0,114.0,4.0,100877192.98245616,False,False,False,False,False,True,False,False,False,True,False
8100000000.0,100.0,,81000000.0,False,False,True,False,False,True,False,False,False,True,False
7800000000.0,140.0,4.0,55714285.71428572,False,False,False,False,False,True,False,False,False,True,False
7690000000.0,62.0,3.0,124032258.06451613,False,False,False,False,False,True,False,False,False,True,False
7100000000.0,64.0,2.0,110937500.0,False,False,False,False,False,True,False,False,False,True,False
32400000000.0,225.0,,144000000.0,False,False,True,False,False,True,False,False,True,False,False
35000000000.0,100.0,,350000000.0,False,False,True,False,False,True,False,False,False,True,False
14500000000.0,115.0,,126086956.52173913,False,False,True,False,False,True,False,False,False,False,True
14000000000.0,130.0,,107692307.6923077,False,False,True,False,False,True,False,False,True,False,False
40000000000.0,205.6,,194552529.1828794,False,False,True,False,False,True,False,False,False,True,False
7300000000.0,12.7,,574803149.6062993,False,False,True,False,False,True,False,False,False,True,False
4120000000.0,66.0,2.0,62424242.42424242,False,False,False,False,True,False,False,True,False,False,False
4120000000.0,66.0,2.0,62424242.42424242,False,False,False,False,True,False,False,False,True,False,False
5150000000.0,47.0,1.0,109574468.0851064,False,False,False,True,False,False,False,False,True,False,False
5900000000.0,110.0,,53636363.63636363,False,True,True,True,False,False,False,False,False,True,False
1977500000.0,145.0,,13637931.034482758,True,False,True,True,False,False,True,False,False,False,False
4300000000.0,86.0,,50000000.0,False,False,True,True,False,False,False,True,False,False,False
6680000000.0,57.5,,116173913.04347828,True,True,True,False,False,True,False,True,False,False,False
4300000000.0,30.0,2.0,143333333.33333334,False,False,False,False,False,True,False,False,False,True,False
2750000000.0,60.0,,45833333.333333336,True,True,True,False,True,False,False,True,False,False,False
2400000000.0,33.0,,72727272.72727273,False,False,True,False,False,True,False,True,False,False,False
6700000000.0,72.0,,93055555.55555557,False,False,True,False,False,True,False,False,False,True,False
15500000000.0,106.0,22.0,146226415.0943396,False,False,False,False,False,True,False,False,True,False,False
3900000000.0,100.0,,39000000.0,False,False,True,False,False,True,False,False,True,False,False
6500000000.0,64.0,3.0,101562500.0,False,False,False,False,False,True,False,False,False,True,False
9200000000.0,64.0,5.0,143750000.0,False,False,False,False,False,True,False,False,True,False,False
10000000000.0,100.0,,100000000.0,False,False,True,False,False,True,False,False,True,False,False
6100000000.0,96.0,3.0,63541666.66666666,False,False,False,False,False,True,False,False,False,True,False
2900000000.0,62.0,2.0,46774193.548387095,False,False,False,False,True,False,False,False,True,False,False
8400000000.0,86.0,2.0,97674418.60465115,False,False,False,False,False,True,False,False,False,True,False
7000000000.0,72.0,4.0,97222222.22222222,False,False,False,False,False,True,False,False,False,True,False
7500000000.0,68.0,3.0,110294117.64705884,False,False,False,False,False,True,False,False,False,True,False
990000000.0,75.0,,13200000.0,False,False,True,False,True,False,False,False,False,False,True
4370000000.0,61.0,5.0,71639344.26229508,False,False,False,False,False,True,False,False,False,True,False
6190000000.0,52.0,3.0,119038461.53846154,False,False,False,False,False,True,False,False,False,True,False
5800000000.0,75.0,3.0,77333333.33333333,False,False,False,False,False,True,False,False,False,True,False
32000000000.0,232.0,6.0,137931034.4827586,False,False,False,False,False,True,False,False,False,True,False
4900000000.0,57.0,,85964912.28070176,False,False,True,False,False,True,False,False,False,True,False
5850000000.0,56.0,3.0,104464285.71428572,False,False,False,False,False,True,False,False,False,True,False
6800000000.0,92.0,3.0,73913043.47826087,False,False,False,False,False,True,False,False,False,True,False
16000000000.0,35.1,,455840455.84045583,False,False,True,False,False,True,False,False,True,False,False
10700000000.0,105.1,,101807802.09324454,True,False,True,False,False,True,False,False,False,True,False
21500000000.0,81.0,,265432098.7654321,False,True,True,False,False,True,False,False,False,True,False
22000000000.0,168.0,52.0,130952380.95238096,True,False,False,False,False,True,False,False,True,False,False
2900000000.0,79.0,,36708860.75949367,False,False,True,False,True,False,False,True,False,False,False
25600000000.0,160.0,,160000000.0,False,False,True,False,False,True,False,False,False,False,True
9900000000.0,80.0,,123750000.0,False,False,True,False,False,True,False,False,False,True,False
2100000000.0,52.0,2.0,40384615.38461538,False,False,False,False,False,True,False,False,True,False,False
25000000000.0,100.0,,250000000.0,False,False,True,False,False,True,False,False,False,True,False
38000000000.0,60.1,,632279534.1098169,False,False,True,False,False,True,False,False,False,True,False
26000000000.0,81.5,,319018404.90797544,False,False,True,False,False,True,False,False,False,True,False
2300000000.0,75.75,,30363036.303630363,True,True,True,False,True,False,False,False,False,False,True
33500000000.0,256.4,,130655226.20904838,False,False,True,False,False,True,False,False,True,False,False
5190000000.0,168.0,,30892857.14285714,True,False,True,False,False,True,True,False,False,False,False
5950000000.0,132.0,,45075757.57575758,False,False,True,False,True,False,False,False,False,True,False
2630000000.0,81.0,,32469135.80246913,False,False,True,False,False,True,False,False,False,False,True
8700000000.0,48.0,,181250000.0,False,False,True,False,False,True,False,False,False,True,False
12500000000.0,90.9,,137513751.3751375,False,False,True,False,False,True,False,False,False,False,True
18500000000.0,64.0,8.0,289062500.0,False,False,False,False,False,True,False,False,False,True,False
16000000000.0,63.0,,253968253.968254,False,False,True,False,False,True,False,False,False,False,True
19600000000.0,60.95,,321575061.5258408,False,True,True,False,False,True,False,False,False,True,False
20000000000.0,57.0,7.0,350877192.98245615,False,False,False,False,False,True,False,False,False,True,False
16600000000.0,261.0,,63601532.56704981,False,False,True,False,False,True,False,False,False,True,False
6500000000.0,347.3,,18715807.659084365,False,False,True,False,False,True,False,False,True,False,False
4900000000.0,56.0,,87500000.0,False,False,True,False,False,True,False,False,False,True,False
3100000000.0,160.0,,19375000.0,False,False,True,False,True,False,False,False,False,True,False
24500000000.0,102.0,,240196078.43137252,False,False,True,False,False,True,False,False,True,False,False
34000000000.0,106.0,4.0,320754716.9811321,False,False,False,False,False,True,False,False,True,False,False
33000000000.0,86.7,,380622837.3702422,False,True,True,False,False,True,False,False,False,True,False
25500000000.0,101.0,,252475247.52475247,False,False,True,False,False,True,False,False,False,True,False
17600000000.0,73.0,9.0,241095890.4109589,False,True,False,False,False,True,False,True,False,False,False
24500000000.0,129.0,,189922480.62015504,False,False,True,False,False,True,False,False,False,True,False
27000000000.0,99.0,,272727272.72727275,False,False,True,False,False,True,False,False,False,False,True
13800000000.0,216.0,20.0,63888888.88888889,False,False,False,False,False,True,False,True,False,False,False
38000000000.0,172.5,,220289855.07246375,False,False,True,False,False,True,False,False,True,False,False
32000000000.0,92.0,,347826086.95652175,False,False,True,False,False,True,False,False,False,True,False
7300000000.0,72.0,6.0,101388888.8888889,False,False,False,False,False,True,False,False,False,True,False
6500000000.0,48.0,3.0,135416666.66666666,False,False,False,False,False,True,False,False,False,True,False
29000000000.0,133.0,,218045112.78195488,False,False,True,False,False,True,False,False,False,True,False
28500000000.0,99.0,,287878787.8787879,False,False,True,False,False,True,False,False,False,True,False
11000000000.0,65.6,4.0,167682926.8292683,False,False,False,False,False,True,False,False,False,True,False
26800000000.0,105.0,,255238095.2380952,False,True,True,False,False,True,False,False,False,True,False
13100000000.0,131.5,,99619771.86311787,False,False,True,False,False,True,False,False,False,False,True
5000000000.0,50.0,,100000000.0,False,False,True,False,False,True,False,False,True,False,False
12500000000.0,65.5,7.0,190839694.6564885,False,True,False,False,False,True,False,False,False,True,False
12000000000.0,47.0,2.0,255319148.93617025,False,False,False,False,False,True,False,False,False,True,False
27000000000.0,119.0,,226890756.30252105,False,False,True,False,False,True,False,False,False,True,False
25000000000.0,145.0,5.0,172413793.10344827,False,False,False,False,False,True,True,False,False,False,False
15500000000.0,172.0,6.0,90116279.06976745,False,False,False,True,False,False,True,False,False,False,False
21900000000.0,215.5,,101624129.93039444,False,False,True,False,False,True,True,False,False,False,False
6225000000.0,33.0,,188636363.63636363,True,False,True,False,True,False,False,False,False,False,True
16800000000.0,60.95,,275635767.02214926,False,True,True,False,False,True,False,False,False,True,False
11500000000.0,80.0,,143750000.0,False,False,True,False,False,True,False,False,False,True,False
3650000000.0,73.0,,50000000.0,False,False,True,False,True,False,False,True,False,False,False
5350000000.0,18.0,,297222222.2222222,False,False,True,False,False,True,False,False,False,True,False
27000000000.0,268.7,,100483810.94157054,False,False,True,False,False,True,False,False,False,True,False
23000000000.0,100.0,,230000000.0,False,False,True,False,False,True,False,False,False,True,False
13800000000.0,65.5,5.0,210687022.90076336,False,True,False,False,False,True,False,False,False,True,False
16500000000.0,88.0,,187500000.0,False,True,True,False,False,True,False,False,False,True,False
15500000000.0,110.9,11.0,139765554.55365193,False,False,False,False,False,True,False,False,False,True,False
5900000000.0,108.0,,54629629.62962963,False,False,True,True,False,False,False,False,False,True,False
25500000000.0,59.2,,430743243.2432432,False,False,True,False,False,True,False,False,False,True,False
10700000000.0,152.0,,70394736.84210527,True,False,True,False,False,True,False,False,False,True,False
39000000000.0,320.0,36.0,121875000.0,False,False,False,False,False,True,False,True,False,False,False
29121000000.0,114.2,,255000000.0,False,False,True,False,False,True,False,False,False,False,True
10700000000.0,86.7,,123414071.51095732,True,True,True,False,False,True,False,False,False,True,False
29000000000.0,140.0,,207142857.14285716,False,False,True,False,False,True,False,False,False,True,False
18500000000.0,73.0,,253424657.53424656,False,True,True,False,False,True,False,False,False,True,False
37500000000.0,204.0,,183823529.4117647,False,False,True,False,False,True,False,False,False,True,False
18000000000.0,96.0,,187500000.0,False,False,True,False,False,True,False,False,False,True,False
22000000000.0,60.95,,360951599.6718622,False,True,True,False,False,True,False,False,False,True,False
30000000000.0,65.5,10.0,458015267.1755725,False,True,False,False,False,True,False,False,False,True,False
9950000000.0,39.0,8.0,255128205.12820512,False,False,False,False,False,True,False,False,False,True,False
23000000000.0,99.0,,232323232.32323232,False,False,True,False,False,True,False,False,False,True,False
9900000000.0,61.9,,159935379.64458805,False,False,True,False,False,True,False,False,False,True,False
16000000000.0,78.0,,205128205.12820512,False,False,True,False,False,True,False,False,False,False,True
19000000000.0,60.95,,311730926.9893355,False,True,True,False,False,True,False,False,False,True,False
40000000000.0,140.0,,285714285.71428573,False,False,True,False,False,True,False,False,False,True,False
5699000000.0,84.0,,67845238.09523809,False,False,True,False,False,True,False,False,False,True,False
5450000000.0,176.0,3.0,30965909.09090909,False,False,False,False,False,True,False,False,False,True,False
31000000000.0,146.0,,212328767.12328768,False,False,True,False,False,True,False,False,False,True,False
23800000000.0,64.0,,371875000.0,False,False,True,False,False,True,False,False,False,True,False
10500000000.0,63.0,,166666666.66666666,False,False,True,False,False,True,False,False,False,True,False
23000000000.0,126.0,,182539682.5396825,False,False,True,False,False,True,False,False,False,True,False
18500000000.0,83.3,,222088835.5342137,False,False,True,False,False,True,False,False,False,False,True
15500000000.0,73.0,,212328767.12328768,False,False,True,False,False,True,False,False,False,True,False
26900000000.0,74.0,,363513513.5135135,False,False,True,False,False,True,False,False,False,True,False
21600000000.0,113.0,,191150442.4778761,False,False,True,False,False,True,False,False,True,False,False
14000000000.0,94.0,,148936170.21276596,False,False,True,False,False,True,False,False,False,True,False
11500000000.0,80.0,,143750000.0,False,False,True,False,False,True,False,False,False,False,True
23000000000.0,100.0,,230000000.0,False,False,True,False,False,True,False,False,True,False,False
14900000000.0,72.6,,205234159.77961436,False,False,True,False,False,True,False,False,False,False,True
20500000000.0,80.0,6.0,256250000.0,False,False,False,False,False,True,False,False,False,True,False
18800000000.0,72.0,,261111111.1111111,False,False,True,False,False,True,False,False,False,True,False
23000000000.0,81.0,,283950617.2839506,False,False,True,False,False,True,False,False,True,False,False
34000000000.0,150.0,39.0,226666666.66666663,False,False,False,False,False,True,False,False,False,True,False
23000000000.0,126.0,5.0,182539682.5396825,False,False,False,False,False,True,False,False,False,True,False
12250000000.0,80.0,,153125000.0,False,False,True,False,False,True,False,False,False,False,True
22000000000.0,71.0,,309859154.92957747,False,False,True,False,False,True,False,False,False,True,False
15000000000.0,88.0,,170454545.45454547,False,False,True,False,False,True,False,False,False,False,True
38000000000.0,289.0,27.0,131487889.2733564,False,False,False,False,False,True,False,False,False,True,False
39500000000.0,91.0,,434065934.06593406,False,False,True,False,False,True,False,False,False,True,False
16500000000.0,72.0,1.0,229166666.66666663,False,False,False,False,False,True,False,False,False,True,False
25000000000.0,152.7,,163719711.85330716,False,False,True,False,False,True,False,False,False,False,True
16720000000.0,105.0,,159238095.23809522,False,False,True,False,False,True,False,False,True,False,False
20600000000.0,150.0,,137333333.33333334,False,False,True,False,False,True,False,False,False,True,False
28500000000.0,120.0,,237500000.0,False,False,True,False,False,True,False,False,False,True,False
37000000000.0,114.0,,324561403.508772,False,False,True,False,False,True,False,False,False,True,False
35000000000.0,107.0,,327102803.7383177,False,False,True,False,False,True,False,False,False,True,False
26000000000.0,140.0,,185714285.7142857,False,False,True,False,False,True,False,False,False,False,True
17900000000.0,205.0,,87317073.17073171,False,False,True,False,False,True,False,False,False,False,True
27000000000.0,101.0,,267326732.67326733,False,False,True,False,False,True,False,False,False,True,False
14500000000.0,81.0,,179012345.67901236,False,False,True,False,False,True,False,False,False,True,False
25000000000.0,90.0,,277777777.7777778,False,False,True,False,False,True,False,False,False,True,False
29500000000.0,225.0,,131111111.1111111,False,False,True,False,False,True,False,False,True,False,False
15000000000.0,72.0,,208333333.3333333,False,False,True,False,False,True,False,False,True,False,False
18500000000.0,90.0,,205555555.55555555,False,False,True,False,False,True,False,False,False,True,False
15500000000.0,72.0,,215277777.7777778,False,False,True,False,False,True,False,False,False,True,False
27000000000.0,103.0,,262135922.33009708,False,False,True,False,False,True,False,False,False,True,False
12500000000.0,80.0,,156250000.0,False,False,True,False,False,True,False,False,False,True,False
23500000000.0,76.0,,309210526.31578946,False,False,True,False,False,True,False,False,False,True,False
33000000000.0,200.0,,165000000.0,False,False,True,False,False,True,False,False,False,True,False
40500000000.0,160.0,,253125000.0,False,False,True,False,False,True,False,False,False,True,False
25000000000.0,83.0,,301204819.27710843,False,False,True,False,False,True,False,False,True,False,False
27000000000.0,93.0,6.0,290322580.6451613,False,False,False,False,False,True,True,False,False,False,False
28000000000.0,200.0,,140000000.0,False,False,True,False,False,True,True,False,False,False,False
18500000000.0,83.3,,222088835.5342137,False,False,True,False,False,True,False,False,False,False,True
26000000000.0,140.0,15.0,185714285.7142857,False,False,False,False,False,True,False,False,False,True,False
14700000000.0,90.0,,163333333.33333334,False,False,True,False,False,True,False,False,False,False,True
13800000000.0,82.0,,168292682.92682928,False,False,True,False,False,True,False,False,False,False,True
25000000000.0,126.0,,198412698.4126984,False,False,True,False,False,True,False,False,False,True,False
21500000000.0,111.0,,193693693.6936937,False,False,True,False,False,True,False,False,False,True,False
19500000000.0,106.0,,183962264.1509434,False,False,True,False,False,True,False,False,False,True,False
30000000000.0,90.0,4.0,333333333.3333333,False,False,False,False,False,True,False,False,False,True,False
25000000000.0,78.0,,320512820.51282054,False,False,True,False,False,True,False,False,True,False,False
18000000000.0,65.0,,276923076.9230769,False,False,True,False,False,True,False,False,False,True,False
34500000000.0,275.0,,125454545.45454544,False,False,True,False,False,True,False,False,False,False,True
14000000000.0,121.0,15.0,115702479.33884296,False,False,False,False,False,True,False,False,False,True,False
24000000000.0,126.0,,190476190.47619048,False,False,True,False,False,True,False,False,False,True,False
13000000000.0,80.0,,162500000.0,False,False,True,False,False,True,False,False,False,False,True
27500000000.0,124.0,,221774193.5483871,False,False,True,False,False,True,False,False,True,False,False
15500000000.0,90.0,,172222222.2222222,False,False,True,False,False,True,False,False,False,False,True
36000000000.0,130.0,,276923076.9230769,False,False,True,False,False,True,False,False,True,False,False
16500000000.0,96.0,,171875000.0,False,False,True,False,False,True,False,False,False,True,False
28500000000.0,100.0,,285000000.0,False,False,True,False,False,True,False,False,False,True,False
35000000000.0,144.0,,243055555.55555555,False,False,True,False,False,True,False,False,False,True,False
30000000000.0,182.0,,164835164.83516484,False,False,True,False,False,True,False,False,False,True,False
21500000000.0,120.0,,179166666.66666666,False,False,True,False,False,True,False,False,False,True,False
16000000000.0,72.0,4.0,222222222.2222222,False,False,False,False,False,True,False,False,False,True,False
26000000000.0,255.0,,101960784.31372549,False,False,True,False,False,True,False,False,False,True,False
21600000000.0,113.0,,191150442.4778761,False,False,True,False,False,True,False,False,True,False,False
33000000000.0,144.0,47.0,229166666.66666663,False,False,False,False,False,True,False,False,False,True,False
35000000000.0,120.0,,291666666.6666667,False,False,True,False,False,True,False,False,False,True,False
29800000000.0,90.0,,331111111.1111111,False,False,True,False,False,True,False,False,False,True,False
11800000000.0,67.0,4.0,176119402.98507464,False,False,False,False,False,True,False,False,True,False,False
15600000000.0,73.0,,213698630.13698632,False,False,True,False,False,True,False,False,False,True,False
23500000000.0,76.0,,309210526.31578946,False,False,True,False,False,True,False,False,False,True,False
22000000000.0,90.0,,244444444.44444445,False,False,True,False,False,True,False,False,False,False,True
35000000000.0,120.0,,291666666.6666667,False,False,True,False,False,True,False,False,False,True,False
2825000000.0,101.0,,27970297.02970297,True,False,True,False,True,False,False,False,False,True,False
26500000000.0,114.0,,232456140.3508772,False,False,True,False,False,True,False,False,False,True,False
7500000000.0,75.0,3.0,100000000.0,False,False,False,False,False,True,False,False,False,True,False
15600000000.0,86.0,,181395348.8372093,False,False,True,False,False,True,False,True,False,False,False
8600000000.0,81.0,4.0,106172839.50617284,False,False,False,False,False,True,False,False,True,False,False
2100000000.0,44.0,2.0,47727272.72727273,False,False,False,False,False,True,False,False,False,True,False
18500000000.0,150.0,,123333333.33333331,False,False,True,False,False,True,False,False,False,True,False
2700000000.0,136.0,,19852941.17647059,False,False,True,False,True,False,False,False,False,False,True
9000000000.0,148.9,,60443250.50369375,False,False,True,False,False,True,False,True,False,False,False
26000000000.0,81.5,,319018404.90797544,False,False,True,False,False,True,False,False,False,True,False
8200000000.0,88.0,5.0,93181818.1818182,False,True,False,False,False,True,False,False,False,True,False
7600000000.0,82.3,,92345078.97934386,False,False,True,False,False,True,False,False,False,True,False
18500000000.0,118.0,,156779661.01694915,False,False,True,False,False,True,False,False,False,False,True
4200000000.0,62.0,,67741935.48387097,False,False,True,False,False,True,False,False,False,False,True
15000000000.0,62.0,4.0,241935483.87096772,False,False,False,False,False,True,False,False,False,True,False
21000000000.0,100.0,,210000000.0,False,False,True,False,False,True,False,False,False,False,True
21500000000.0,72.0,4.0,298611111.1111111,False,False,False,False,False,True,False,False,False,True,False
18000000000.0,100.0,1.0,180000000.0,False,True,False,False,False,True,False,False,False,True,False
7350000000.0,70.0,,105000000.0,True,False,True,False,False,True,False,True,False,False,False
4800000000.0,100.0,,48000000.0,False,False,True,False,True,False,False,False,False,True,False
2700000000.0,52.0,,51923076.92307692,False,False,True,False,True,False,False,True,False,False,False
13000000000.0,96.0,,135416666.66666666,False,False,True,False,False,True,False,False,False,True,False
29900000000.0,169.0,30.0,176923076.92307693,False,False,False,False,False,True,False,False,True,False,False
18000000000.0,84.0,,214285714.2857143,False,False,True,False,False,True,False,False,False,False,True
10700000000.0,208.0,,51442307.692307696,True,False,True,False,False,True,True,False,False,False,False
35000000000.0,105.0,,333333333.3333333,False,False,True,False,False,True,False,False,False,True,False
20000000000.0,64.0,,312500000.0,False,False,True,False,False,True,False,False,False,True,False
26000000000.0,124.0,,209677419.3548387,False,False,True,False,False,True,False,False,True,False,False
14500000000.0,68.0,4.0,213235294.11764705,False,True,False,False,False,True,False,False,False,True,False
33000000000.0,90.0,,366666666.6666667,False,False,True,False,False,True,False,False,False,True,False
20000000000.0,70.0,1.0,285714285.71428573,False,False,False,False,False,True,False,True,False,False,False
15500000000.0,73.0,,212328767.12328768,False,False,True,False,False,True,False,False,False,True,False
23000000000.0,81.0,,283950617.2839506,False,False,True,False,False,True,False,False,False,True,False
26500000000.0,108.0,6.0,245370370.3703704,False,False,False,False,False,True,False,False,False,True,False
2240000000.0,56.0,2.0,40000000.0,False,False,False,False,False,True,False,False,True,False,False
24500000000.0,61.4,,399022801.3029316,False,False,True,False,False,True,False,False,False,True,False
5700000000.0,60.95,,93519278.09680066,False,True,True,False,False,True,False,False,False,True,False
9500000000.0,60.0,4.0,158333333.33333334,False,False,False,False,False,True,False,False,False,True,False
18800000000.0,70.4,,267045454.54545453,False,False,True,False,False,True,False,False,False,True,False
13500000000.0,57.0,,236842105.2631579,False,False,True,False,False,True,False,False,False,True,False
6000000000.0,120.0,,50000000.0,False,False,True,False,False,True,False,False,True,False,False
2750000000.0,68.0,2.0,40441176.47058824,False,False,False,False,False,True,False,True,False,False,False
3500000000.0,160.0,3.0,21875000.0,False,False,False,True,False,False,True,False,False,False,False
1190000000.0,35.0,,34000000.0,False,False,True,False,False,True,False,True,False,False,False
8500000000.0,89.0,3.0,95505617.9775281,False,False,False,False,False,True,False,False,False,True,False
8300000000.0,83.0,4.0,100000000.0,False,False,False,False,False,True,False,False,False,True,False
21500000000.0,130.0,,165384615.3846154,False,False,True,False,False,True,False,False,True,False,False
14600000000.0,110.0,,132727272.72727272,False,False,True,False,False,True,False,False,False,True,False
8750000000.0,60.0,6.0,145833333.33333334,False,False,False,False,False,True,False,False,False,True,False
6700000000.0,70.0,2.0,95714285.71428572,False,False,False,False,False,True,False,False,False,True,False
9000000000.0,300.0,,30000000.0,False,False,True,True,False,False,False,False,False,False,True
23000000000.0,68.0,,338235294.11764705,False,True,True,False,False,True,True,False,False,False,False
18900000000.0,105.0,5.0,180000000.0,False,True,False,False,False,True,False,False,False,True,False
38500000000.0,130.4,,295245398.77300614,False,False,True,False,False,True,True,False,False,False,False
32500000000.0,103.0,,315533980.5825243,False,False,True,False,False,True,False,False,False,True,False
27000000000.0,140.0,,192857142.85714287,False,False,True,False,False,True,False,False,False,True,False
31000000000.0,144.0,49.0,215277777.7777778,False,False,False,False,False,True,False,False,False,True,False
26500000000.0,112.0,25.0,236607142.85714287,False,False,False,False,False,True,False,False,True,False,False
40000000000.0,120.0,,333333333.3333333,False,False,True,False,False,True,False,False,False,True,False
14200000000.0,70.0,,202857142.85714287,False,False,True,False,False,True,False,False,False,True,False
19800000000.0,70.0,,282857142.85714287,False,False,True,False,False,True,False,False,True,False,False
17500000000.0,72.5,4.0,241379310.3448276,False,False,False,False,False,True,False,False,False,True,False
12300000000.0,61.3,,200652528.548124,False,False,True,False,False,True,False,False,False,False,True
23000000000.0,112.0,4.0,205357142.85714287,False,False,False,False,False,True,False,False,False,True,False
11000000000.0,80.0,,137500000.0,False,False,True,False,False,True,False,False,False,False,True
24500000000.0,124.0,,197580645.16129032,False,False,True,False,False,True,True,False,False,False,False
18300000000.0,80.0,,228750000.0,False,False,True,False,False,True,False,False,False,True,False
26500000000.0,255.0,,103921568.627451,False,False,True,False,False,True,False,False,True,False,False
6900000000.0,73.0,,94520547.94520548,False,False,True,False,False,True,False,False,False,True,False
2000000000.0,50.0,2.0,40000000.0,False,False,False,False,False,True,False,False,True,False,False
8600000000.0,76.0,,113157894.73684213,False,False,True,False,False,True,False,False,False,True,False
13200000000.0,84.0,,157142857.14285713,False,False,True,False,False,True,False,False,False,True,False
15000000000.0,77.0,79.0,194805194.8051948,False,False,False,False,False,True,False,False,False,False,True
13300000000.0,154.0,,86363636.36363636,False,False,True,False,False,True,False,False,False,True,False
3550000000.0,57.0,2.0,62280701.75438596,False,False,False,False,False,True,False,False,False,True,False
35000000000.0,109.0,,321100917.43119264,False,False,True,False,False,True,False,False,False,True,False
16500000000.0,310.0,,53225806.451612905,False,False,True,False,True,False,False,False,False,False,True
39800000000.0,192.0,,207291666.66666663,False,False,True,False,False,True,False,False,False,True,False
2400000000.0,60.0,2.0,40000000.0,False,False,False,False,False,True,False,False,True,False,False
21000000000.0,71.0,6.0,295774647.8873239,False,False,False,False,False,True,False,False,False,True,False
16900000000.0,153.0,,110457516.33986928,False,False,True,False,False,True,False,False,False,False,True
18500000000.0,80.0,,231250000.0,False,False,True,False,False,True,False,False,False,True,False
39800000000.0,192.0,,207291666.66666663,False,False,True,False,False,True,False,False,False,True,False
10700000000.0,296.0,,36148648.64864865,True,False,True,False,False,True,True,False,False,False,False
33700000000.0,88.0,40.0,382954545.45454544,False,True,False,False,False,True,False,True,False,False,False
17000000000.0,105.0,,161904761.9047619,False,True,True,False,False,True,False,False,False,True,False
25500000000.0,108.0,,236111111.1111111,False,False,True,False,False,True,False,False,False,True,False
10800000000.0,265.2,,40723981.90045249,True,False,True,False,False,True,False,False,False,True,False
18300000000.0,100.0,,183000000.0,False,False,True,False,False,True,False,False,False,True,False
6750000000.0,43.0,4.0,156976744.1860465,False,False,False,False,False,True,False,False,False,True,False
6950000000.0,40.0,4.0,173750000.0,False,False,False,False,False,True,False,False,False,True,False
23500000000.0,189.0,16.0,124338624.33862434,False,False,False,False,False,True,False,False,False,True,False
18500000000.0,188.0,2.0,98404255.31914894,False,False,False,False,False,True,False,False,False,True,False
18500000000.0,90.0,8.0,205555555.55555555,False,False,False,False,False,True,False,False,False,True,False
14900000000.0,93.0,3.0,160215053.76344085,False,False,False,False,False,True,False,False,False,True,False
18000000000.0,73.0,,246575342.46575344,False,False,True,False,False,True,False,False,False,True,False
24500000000.0,100.0,,245000000.0,False,False,True,False,False,True,False,False,False,True,False
20700000000.0,72.0,,287500000.0,False,False,True,False,False,True,False,False,False,True,False
35800000000.0,144.0,,248611111.1111111,False,False,True,False,False,True,False,False,False,True,False
20500000000.0,72.0,16.0,284722222.2222222,False,False,False,False,False,True,False,False,False,True,False
25000000000.0,114.0,3.0,219298245.6140351,False,False,False,False,False,True,False,False,False,True,False
28500000000.0,100.0,,285000000.0,False,False,True,False,False,True,False,False,False,True,False
17500000000.0,88.0,,198863636.3636364,False,False,True,False,False,True,False,False,True,False,False
8900000000.0,80.0,,111250000.0,False,False,True,False,False,True,False,False,False,False,True
29500000000.0,125.0,30.0,236000000.0,False,False,False,False,False,True,False,False,False,True,False
28000000000.0,140.0,,200000000.0,False,False,True,False,False,True,False,False,False,True,False
26800000000.0,100.0,,268000000.0,False,False,True,False,False,True,False,False,True,False,False
29500000000.0,105.0,,280952380.95238096,False,False,True,False,False,True,False,False,False,True,False
18600000000.0,80.0,,232500000.0,False,False,True,False,False,True,False,False,False,True,False
17500000000.0,72.0,,243055555.55555555,False,False,True,False,False,True,False,False,False,True,False
38000000000.0,80.0,,475000000.0,False,False,True,False,False,True,False,False,False,True,False
27000000000.0,165.0,3.0,163636363.63636363,False,False,False,False,False,True,False,False,False,True,False
35000000000.0,182.0,28.0,192307692.30769232,False,False,False,False,False,True,False,False,False,True,False
11000000000.0,160.0,,68750000.0,False,False,True,False,False,True,False,False,False,True,False
24000000000.0,89.2,,269058295.9641256,False,False,True,False,False,True,False,False,False,False,True
2000000000.0,50.0,2.0,40000000.0,False,False,False,False,False,True,False,False,True,False,False
2120000000.0,53.0,2.0,40000000.0,False,False,False,False,False,True,False,False,True,False,False
4350000000.0,83.0,3.0,52409638.55421687,False,False,False,False,False,True,False,False,False,True,False
3400000000.0,30.0,1.0,113333333.33333331,False,False,False,False,False,True,False,False,False,True,False
8500000000.0,73.0,,116438356.16438356,False,False,True,False,False,True,False,False,False,True,False
7000000000.0,64.0,4.0,109375000.0,False,False,False,False,False,True,False,False,False,True,False
6750000000.0,60.0,4.0,112500000.0,False,False,False,False,False,True,False,False,False,True,False
25000000000.0,116.0,,215517241.37931037,False,False,True,False,False,True,False,False,False,True,False
6000000000.0,88.0,,68181818.18181819,False,False,True,False,False,True,False,False,False,False,True
7950000000.0,43.0,3.0,184883720.93023252,False,False,False,False,False,True,False,False,False,True,False
16880000000.0,207.0,,81545893.71980676,False,False,True,False,False,True,False,False,False,False,True
31000000000.0,120.0,,258333333.3333333,False,True,True,False,False,True,False,False,True,False,False
17500000000.0,130.0,,134615384.6153846,False,False,True,False,False,True,False,False,False,True,False
7800000000.0,68.0,,114705882.35294116,False,False,True,False,False,True,False,False,False,True,False
6000000000.0,80.0,,75000000.0,False,False,True,False,False,True,False,False,False,True,False
10300000000.0,110.0,,93636363.63636364,False,False,True,False,False,True,False,False,True,False,False
9200000000.0,85.0,,108235294.11764704,False,False,True,False,False,True,False,False,False,True,False
1500000000.0,111.0,,13513513.513513513,False,False,True,True,False,False,False,False,False,False,True
7000000000.0,69.0,,101449275.36231884,False,False,True,False,False,True,False,False,True,False,False
15800000000.0,160.0,,98750000.0,False,False,True,False,False,True,False,False,False,True,False
16900000000.0,51.0,,331372549.01960784,False,False,True,False,False,True,False,False,False,True,False
4800000000.0,120.0,,40000000.0,False,False,True,True,False,False,True,False,False,False,False
14850000000.0,110.0,,135000000.0,False,False,True,False,False,True,False,False,False,False,True
29000000000.0,67.8,,427728613.5693216,False,False,True,False,False,True,False,False,False,True,False
40000000000.0,82.5,30.0,484848484.8484849,False,True,False,False,False,True,False,True,False,False,False
16000000000.0,154.0,,103896103.89610387,False,True,True,False,False,True,True,False,False,False,False
35000000000.0,183.0,,191256830.6010929,False,False,True,False,False,True,False,False,False,True,False
11300000000.0,44.2,,255656108.59728503,True,False,True,False,False,True,False,False,False,True,False
21000000000.0,178.0,,117977528.08988763,False,False,True,False,False,True,True,False,False,False,False
38500000000.0,129.0,,298449612.4031008,False,False,True,False,False,True,True,False,False,False,False
6400000000.0,73.0,,87671232.87671232,False,False,True,False,False,True,False,False,False,True,False
9500000000.0,94.0,,101063829.78723404,False,False,True,False,False,True,False,False,False,True,False
38000000000.0,102.5,,370731707.3170732,False,False,True,False,False,True,False,False,False,True,False
33000000000.0,78.5,,420382165.6050956,False,True,True,False,False,True,False,False,False,True,False
25500000000.0,88.0,,289772727.27272725,False,True,True,False,False,True,False,False,False,True,False
8500000000.0,62.0,,137096774.19354838,False,True,True,False,False,True,False,False,False,True,False
5800000000.0,100.0,6.0,58000000.0,False,False,False,False,False,True,False,False,False,True,False
14500000000.0,81.0,7.0,179012345.67901236,False,False,False,False,False,True,False,False,False,True,False
2950000000.0,52.8,,55871212.121212125,False,False,True,False,True,False,False,True,False,False,False
8200000000.0,68.0,,120588235.29411764,False,True,True,False,False,True,False,False,False,True,False
7800000000.0,150.0,4.0,52000000.0,False,False,False,True,False,False,False,False,True,False,False
5900000000.0,108.0,4.0,54629629.62962963,False,False,False,True,False,False,True,False,False,False,False
10239000000.0,150.0,,68260000.0,False,False,True,True,False,False,False,False,True,False,False
16500000000.0,310.0,,53225806.451612905,False,False,True,False,True,False,False,False,False,False,True
39800000000.0,193.5,,205684754.52196383,False,False,True,False,False,True,False,False,True,False,False
21000000000.0,225.0,6.0,93333333.33333331,False,False,False,False,False,True,False,False,False,True,False
7680000000.0,33.0,4.0,232727272.72727272,False,False,False,False,False,True,False,False,False,True,False
2400000000.0,26.0,,92307692.3076923,False,False,True,False,False,True,False,True,False,False,False
12500000000.0,80.0,,156250000.0,False,False,True,False,False,True,False,False,True,False,False
12200000000.0,78.0,,156410256.41025642,False,False,True,False,False,True,False,False,False,True,False
10700000000.0,86.7,,123414071.51095732,True,True,True,False,False,True,True,False,False,False,False
23000000000.0,75.0,,306666666.6666667,False,True,True,False,False,True,True,False,False,False,False
27900000000.0,224.6,,124220837.04363312,False,False,True,False,False,True,True,False,False,False,False
10700000000.0,86.7,,123414071.51095732,True,True,True,False,False,True,True,False,False,False,False
9510500000.0,75.0,,126806666.66666669,True,True,True,False,False,True,True,False,False,False,False
29000000000.0,250.0,,116000000.0,False,False,True,False,False,True,False,False,False,True,False
6400000000.0,68.0,4.0,94117647.05882353,False,False,False,False,False,True,False,False,False,True,False
16900000000.0,156.0,,108333333.33333331,False,False,True,False,False,True,False,False,False,False,True
18500000000.0,80.0,,231250000.0,False,False,True,False,False,True,False,False,False,True,False
7800000000.0,108.0,4.0,72222222.22222222,False,False,False,True,False,False,False,False,True,False,False
6300000000.0,65.0,5.0,96923076.92307691,False,False,False,False,False,True,False,False,False,True,False
4600000000.0,84.5,,54437869.82248521,False,False,True,False,False,True,False,False,False,True,False
5700000000.0,85.0,,67058823.52941176,False,False,True,False,False,True,False,False,False,True,False
10700000000.0,296.0,,36148648.64864865,True,False,True,False,False,True,True,False,False,False,False
2700000000.0,47.0,2.0,57446808.5106383,False,False,False,False,False,True,False,False,True,False,False
33700000000.0,78.5,40.0,429299363.0573248,False,True,False,False,False,True,False,True,False,False,False
1000000000.0,55.0,2.0,18181818.181818184,False,False,False,False,False,True,False,True,False,False,False
1250000000.0,60.0,2.0,20833333.33333333,False,False,False,False,False,True,False,False,True,False,False
7100000000.0,88.0,2.0,80681818.18181819,False,False,False,False,False,True,False,False,True,False,False
3650000000.0,32.8,,111280487.80487806,False,False,True,False,False,True,False,False,False,True,False
17000000000.0,78.0,,217948717.94871795,False,True,True,False,False,True,False,False,False,True,False
25500000000.0,102.0,,250000000.0,False,False,True,False,False,True,False,False,False,True,False
10800000000.0,265.2,,40723981.90045249,True,False,True,False,False,True,False,False,False,True,False
5500000000.0,50.0,,110000000.0,False,False,True,False,False,True,False,True,False,False,False
18300000000.0,51.0,,358823529.4117647,False,True,True,False,False,True,False,False,False,True,False
6750000000.0,43.0,4.0,156976744.1860465,False,False,False,False,False,True,False,False,False,True,False
6950000000.0,40.0,4.0,173750000.0,False,False,False,False,False,True,False,False,False,True,False
23500000000.0,189.6,16.0,123945147.6793249,False,False,False,False,False,True,False,False,False,True,False
8500000000.0,66.5,,127819548.87218045,False,True,True,False,False,True,False,False,False,True,False
13600000000.0,150.0,8.0,90666666.66666669,False,False,False,False,False,True,False,False,True,False,False
16900000000.0,98.0,5.0,172448979.59183672,False,False,False,False,False,True,False,False,False,True,False
1200000000.0,75.0,,16000000.0,False,False,True,False,True,False,False,False,False,False,True
2805000000.0,85.0,,33000000.0,False,False,True,True,False,False,True,False,False,False,False
6500000000.0,68.0,2.0,95588235.29411764,False,False,False,False,False,True,False,False,True,False,False
6900000000.0,30.0,2.0,230000000.0,False,False,False,False,False,True,False,False,False,True,False
2450000000.0,38.0,,64473684.21052632,False,False,True,False,False,True,False,True,False,False,False
2000000000.0,42.0,,47619047.61904762,False,False,True,False,True,False,False,False,True,False,False
10500000000.0,40.0,3.0,262500000.0,False,False,False,False,False,True,False,False,False,True,False
3000000000.0,81.8,,36674816.62591687,False,True,True,False,False,True,False,True,False,False,False
5350000000.0,74.0,2.0,72297297.2972973,False,False,False,False,False,True,False,True,False,False,False
3100000000.0,80.0,,38750000.0,False,False,True,False,False,True,False,False,False,True,False
4100000000.0,55.0,1.0,74545454.54545455,False,False,False,False,False,True,False,False,False,True,False
2450000000.0,38.0,,64473684.21052632,False,False,True,False,False,True,False,False,False,True,False
9900000000.0,58.0,4.0,170689655.1724138,False,False,False,False,False,True,False,False,True,False,False
23000000000.0,160.0,4.0,143750000.0,False,False,False,False,False,True,False,False,True,False,False
9500000000.0,46.0,4.0,206521739.1304348,False,False,False,False,False,True,False,False,False,True,False
5480000000.0,52.0,2.0,105384615.3846154,False,False,False,False,False,True,False,False,False,True,False
7700000000.0,77.0,,100000000.0,False,False,True,False,False,True,False,False,True,False,False
10600000000.0,100.0,1.0,106000000.0,False,False,False,False,False,True,False,False,False,True,False
26000000000.0,170.0,,152941176.47058824,False,False,True,True,False,False,True,False,False,False,False
7500000000.0,77.0,,97402597.4025974,False,False,True,False,False,True,False,False,True,False,False
3750000000.0,55.0,,68181818.18181819,False,False,True,False,False,True,False,False,True,False,False
15800000000.0,81.0,,195061728.39506173,True,True,True,False,False,True,False,False,False,True,False
9500000000.0,77.0,,123376623.37662338,False,False,True,False,False,True,False,False,False,True,False
9200000000.0,64.0,5.0,143750000.0,False,False,False,False,False,True,False,False,False,True,False
25000000000.0,90.0,13.0,277777777.7777778,False,False,False,False,False,True,False,False,True,False,False
19490000000.0,162.0,,120308641.97530864,False,False,True,False,False,True,False,False,False,True,False
1499000000.0,54.0,2.0,27759259.259259257,False,False,False,False,False,True,False,False,True,False,False
1359000000.0,51.0,2.0,26647058.82352941,False,False,False,False,False,True,False,True,False,False,False
2680000000.0,68.0,2.0,39411764.70588236,False,False,False,False,False,True,False,True,False,False,False
36500000000.0,92.0,,396739130.4347826,False,False,True,False,False,True,False,False,False,True,False
26000000000.0,81.0,,320987654.32098764,False,False,True,False,False,True,False,True,False,False,False
20000000000.0,70.0,1.0,285714285.71428573,False,False,False,False,False,True,False,True,False,False,False
5900000000.0,100.0,,59000000.0,False,False,True,True,False,False,False,False,True,False,False
2200000000.0,58.0,,37931034.48275862,False,False,True,False,False,True,False,False,True,False,False
36300000000.0,110.0,,330000000.0,False,False,True,False,False,True,False,False,False,False,True
21900000000.0,108.0,17.0,202777777.7777778,False,False,False,False,False,True,False,False,True,False,False
22000000000.0,81.0,,271604938.27160496,False,False,True,False,False,True,False,False,False,True,False
15800000000.0,68.0,,232352941.17647055,True,False,True,False,False,True,False,False,False,True,False
8500000000.0,44.4,,191441441.44144145,False,False,True,False,False,True,False,False,False,True,False
6000000000.0,31.0,,193548387.0967742,False,False,True,False,False,True,False,False,False,True,False
27000000000.0,126.0,,214285714.2857143,False,False,True,False,False,True,False,False,False,True,False
13800000000.0,69.0,5.0,200000000.0,False,False,False,False,False,True,False,False,False,True,False
4650000000.0,57.0,,81578947.36842105,False,False,True,False,True,False,False,False,True,False,False
7400000000.0,56.0,4.0,132142857.14285716,False,False,False,False,False,True,False,False,False,True,False
5720000000.0,150.0,3.0,38133333.333333336,False,False,False,False,False,True,False,False,False,True,False
2184000000.0,53.54,,40791931.26634292,False,False,True,True,False,False,False,True,False,False,False
15000000000.0,97.0,5.0,154639175.25773194,False,False,False,False,False,True,False,False,False,True,False
7000000000.0,54.0,6.0,129629629.62962964,False,False,False,False,False,True,False,True,False,False,False
6800000000.0,36.0,5.0,188888888.8888889,False,False,False,False,False,True,False,False,False,True,False
2150000000.0,60.0,4.0,35833333.333333336,False,False,False,False,True,False,False,False,False,True,False
3650000000.0,65.0,2.0,56153846.15384615,False,False,False,False,True,False,False,True,False,False,False
3696000000.0,112.0,,33000000.0,False,False,True,True,False,False,True,False,False,False,False
2800000000.0,64.0,,43750000.0,False,False,True,False,True,False,False,False,False,True,False
14300000000.0,90.0,8.0,158888888.8888889,False,False,False,False,False,True,False,False,False,True,False
9200000000.0,80.0,,115000000.0,False,False,True,False,False,True,False,False,False,True,False
7450000000.0,55.5,,134234234.23423424,True,True,True,False,False,True,False,False,True,False,False
7450000000.0,55.5,,134234234.23423424,True,True,True,False,False,True,False,False,False,True,False
9900000000.0,60.95,5.0,162428219.852338,True,True,False,False,False,True,False,True,False,False,False
7200000000.0,59.0,4.0,122033898.30508476,True,True,False,False,False,True,False,False,False,True,False
7450000000.0,55.5,7.0,134234234.23423424,True,True,False,False,False,True,False,False,True,False,False
7450000000.0,55.5,5.0,134234234.23423424,True,True,False,False,False,True,False,False,False,True,False
5000000000.0,128.0,3.0,39062500.0,False,False,False,False,False,True,False,True,False,False,False
8600000000.0,64.0,,134375000.0,False,False,True,False,False,True,False,False,True,False,False
9900000000.0,62.0,,159677419.3548387,True,True,True,False,False,True,False,False,False,True,False
8255000000.0,51.0,3.0,161862745.0980392,True,True,False,False,False,True,False,False,False,True,False
23400000000.0,180.0,,130000000.0,False,False,True,False,False,True,False,False,False,False,True
23500000000.0,270.0,,87037037.03703703,False,False,True,False,False,True,False,False,False,False,True
32300000000.0,294.0,,109863945.57823128,False,False,True,False,False,True,False,False,False,False,True
7648000000.0,58.5,,130735042.73504274,True,True,True,False,False,True,False,False,False,True,False
7450000000.0,55.5,,134234234.23423424,True,True,True,False,False,True,False,False,True,False,False
9900000000.0,62.0,,159677419.3548387,True,True,True,False,False,True,False,False,True,False,False
6790000000.0,62.0,6.0,109516129.03225806,False,False,False,False,False,True,False,False,False,True,False
12500000000.0,96.0,5.0,130208333.33333331,False,False,False,False,False,True,False,False,False,True,False
10800000000.0,72.0,,150000000.0,False,False,True,False,False,True,False,False,False,True,False
11800000000.0,166.0,,71084337.34939758,False,False,True,False,False,True,False,False,False,True,False
13500000000.0,93.0,,145161290.32258064,False,False,True,False,False,True,False,True,False,False,False
10800000000.0,118.0,,91525423.72881356,False,False,True,False,False,True,False,False,False,True,False
34000000000.0,225.0,,151111111.1111111,False,False,True,False,False,True,False,False,True,False,False
19500000000.0,70.0,1.0,278571428.5714286,False,False,False,False,False,True,False,True,False,False,False
26000000000.0,81.0,2.0,320987654.32098764,False,False,False,False,False,True,False,True,False,False,False
5500000000.0,92.0,,59782608.69565217,False,False,True,False,False,True,False,False,False,False,True
4300000000.0,76.5,,56209150.32679739,False,False,True,False,True,False,False,False,False,True,False
6700000000.0,70.0,,95714285.71428572,False,False,True,False,False,True,False,False,False,True,False
6900000000.0,54.0,5.0,127777777.77777778,False,False,False,False,False,True,False,False,False,True,False
12500000000.0,100.0,5.0,125000000.0,False,False,False,False,False,True,False,False,False,True,False
26000000000.0,81.0,2.0,320987654.32098764,False,False,False,False,False,True,False,True,False,False,False
8950000000.0,85.0,4.0,105294117.64705884,False,False,False,False,False,True,False,False,True,False,False
5700000000.0,62.0,3.0,91935483.87096776,False,False,False,False,False,True,False,False,False,True,False
12000000000.0,60.0,7.0,200000000.0,False,False,False,False,False,True,False,True,False,False,False
16500000000.0,91.0,3.0,181318681.31868133,False,False,False,False,False,True,False,False,True,False,False
22000000000.0,90.0,,244444444.44444445,False,False,True,False,False,True,False,False,False,True,False
6500000000.0,56.0,6.0,116071428.57142857,False,False,False,False,False,True,False,False,False,True,False
12000000000.0,75.0,,160000000.0,False,False,True,False,True,False,False,False,True,False,False
6700000000.0,80.0,3.0,83750000.0,False,False,False,False,False,True,False,False,False,True,False
4812000000.0,87.5,3.0,54994285.71428572,False,False,False,False,True,False,False,True,False,False,False
2200000000.0,56.0,1.0,39285714.28571428,True,False,False,False,False,True,False,True,False,False,False
7800000000.0,41.0,,190243902.4390244,False,False,True,False,False,True,False,False,True,False,False
2200000000.0,100.0,,22000000.0,True,False,True,False,False,True,False,False,True,False,False
5200000000.0,150.0,,34666666.666666664,False,False,True,False,False,True,False,False,False,False,True
2392000000.0,52.0,2.0,46000000.0,False,False,False,False,True,False,False,True,False,False,False
10800000000.0,91.0,2.0,118681318.68131869,False,False,False,False,False,True,False,True,False,False,False
22000000000.0,100.0,,220000000.0,False,False,True,False,False,True,False,False,False,True,False
2200000000.0,135.0,,16296296.296296297,False,False,True,False,True,False,False,False,False,True,False
3020000000.0,46.0,1.0,65652173.91304348,False,False,False,False,True,False,False,True,False,False,False
23000000000.0,176.0,,130681818.1818182,False,False,True,False,False,True,False,False,False,True,False
9510500000.0,120.0,,79254166.66666667,True,False,True,False,False,True,True,False,False,False,False
9510500000.0,120.0,,79254166.66666667,True,False,True,False,False,True,False,False,False,True,False
15500000000.0,75.0,,206666666.66666663,False,False,True,False,False,True,False,False,False,True,False
4590000000.0,45.0,2.0,102000000.0,False,False,False,False,False,True,False,False,False,False,True
2850000000.0,40.0,,71250000.0,False,False,True,False,False,True,False,False,False,True,False
3850000000.0,61.0,,63114754.09836066,False,False,True,False,False,True,False,False,False,False,True
11000000000.0,47.0,2.0,234042553.19148937,False,False,False,False,False,True,False,True,False,False,False
20500000000.0,90.0,,227777777.7777778,False,False,True,False,False,True,False,False,False,True,False
7500000000.0,177.0,,42372881.355932206,False,False,True,False,False,True,False,False,True,False,False
20000000000.0,72.0,,277777777.7777778,False,False,True,False,False,True,False,False,False,True,False
19000000000.0,175.0,,108571428.57142857,False,False,True,False,False,True,False,False,False,False,True
4900000000.0,49.0,3.0,100000000.0,False,False,False,False,False,True,False,False,False,True,False
24000000000.0,103.0,,233009708.73786408,False,False,True,False,False,True,False,False,True,False,False
4900000000.0,46.0,,106521739.13043478,False,False,True,False,False,True,False,False,False,True,False
3900000000.0,56.0,,69642857.14285715,False,False,True,False,False,True,False,False,False,False,True
31500000000.0,273.0,42.0,115384615.3846154,False,False,False,False,False,True,False,False,False,True,False
1430000000.0,99.9,,14314314.314314311,False,False,True,False,False,True,False,False,False,False,True
2920000000.0,80.0,,36500000.0,False,False,True,False,False,True,False,False,True,False,False
3100000000.0,45.0,,68888888.8888889,False,False,True,False,False,True,False,False,True,False,False
9000000000.0,107.0,,84112149.53271028,False,False,True,False,False,True,False,False,False,True,False
2000000000.0,32.8,,60975609.75609756,False,False,True,False,False,True,False,True,False,False,False
5300000000.0,80.0,,66250000.0,False,False,True,False,False,True,False,False,True,False,False
2200000000.0,30.0,,73333333.33333333,False,False,True,False,False,True,False,False,False,True,False
9280000000.0,92.0,4.0,100869565.2173913,False,True,False,False,False,True,False,False,False,True,False
680000000.0,56.0,2.0,12142857.142857144,False,False,False,False,False,True,False,False,False,True,False
2438000000.0,53.0,,46000000.0,False,False,True,False,True,False,False,False,True,False,False
26300000000.0,150.0,,175333333.33333334,False,False,True,False,False,True,False,False,False,True,False
3000000000.0,213.6,,14044943.82022472,False,False,True,False,False,True,False,False,True,False,False
3000000000.0,55.9,,53667262.96958856,False,False,True,False,True,False,False,True,False,False,False
495000000.0,40.0,2.0,12375000.0,False,False,False,False,False,True,False,False,False,True,False
14300000000.0,111.0,12.0,128828828.82882884,False,False,False,False,False,True,False,False,False,True,False
13500000000.0,72.0,,187500000.0,False,False,True,False,False,True,False,False,False,True,False
14800000000.0,70.0,,211428571.42857143,False,False,True,False,False,True,False,False,False,True,False
1200000000.0,100.0,,12000000.0,False,False,True,False,True,False,False,False,True,False,False
4235000000.0,53.0,,79905660.3773585,False,False,True,False,False,True,False,True,False,False,False
3365000000.0,58.0,,58017241.37931035,False,False,True,False,False,True,False,False,False,False,True
25000000000.0,110.0,15.0,227272727.27272728,False,False,False,False,False,True,False,False,True,False,False
27000000000.0,310.0,,87096774.19354838,False,False,True,False,False,True,True,False,False,False,False
3800000000.0,98.0,,38775510.20408163,False,False,True,False,False,True,False,False,False,False,True
2431000000.0,35.0,,69457142.85714285,False,False,True,False,False,True,False,True,False,False,False
3864000000.0,69.0,,56000000.0,False,False,True,False,True,False,False,True,False,False,False
980000000.0,75.0,,13066666.666666666,False,False,True,False,True,False,False,False,False,False,True
990000000.0,75.0,,13200000.0,False,False,True,False,True,False,False,False,False,False,True
3400000000.0,53.0,1.0,64150943.39622641,False,False,False,False,False,True,False,True,False,False,False
9416000000.0,107.0,4.0,88000000.0,False,False,False,False,True,False,False,False,False,True,False
3800000000.0,156.0,,24358974.35897436,True,False,True,False,False,True,False,False,False,True,False
5561000000.0,67.0,,83000000.0,False,False,True,False,False,True,False,False,False,False,True
3950000000.0,154.0,,25649350.64935065,False,False,True,False,False,True,False,False,False,False,True
2400000000.0,45.0,3.0,53333333.333333336,False,False,False,False,False,True,False,False,False,True,False
21000000000.0,84.0,2.0,250000000.0,False,False,False,False,False,True,False,False,True,False,False
21000000000.0,42.0,,500000000.0,False,False,True,False,False,True,False,False,False,True,False
5000000000.0,249.0,,20080321.285140563,True,False,True,False,False,True,False,False,False,True,False
5166000000.0,75.98,2.0,67991576.73071861,False,False,False,False,False,True,False,True,False,False,False
5400000000.0,62.0,,87096774.19354838,False,False,True,False,False,True,False,False,False,True,False
12000000000.0,250.0,,48000000.0,False,False,True,False,False,True,False,False,False,True,False
10500000000.0,40.0,,262500000.0,False,False,True,False,False,True,False,False,False,True,False
14900000000.0,80.0,,186250000.0,False,False,True,False,False,True,False,False,False,False,True
13900000000.0,85.0,,163529411.7647059,False,False,True,False,False,True,False,False,True,False,False
5300000000.0,84.0,,63095238.0952381,False,False,True,False,False,True,False,False,True,False,False
8500000000.0,32.0,3.0,265625000.0,False,False,False,False,False,True,False,False,False,True,False
21000000000.0,126.0,,166666666.66666666,False,False,True,False,False,True,True,False,False,False,False
18500000000.0,110.0,,168181818.1818182,False,False,True,False,False,True,False,False,False,True,False
18800000000.0,124.0,,151612903.22580644,False,False,True,False,False,True,False,False,False,True,False
9300000000.0,135.0,,68888888.8888889,False,False,True,False,False,True,False,False,False,True,False
3450000000.0,30.0,10.0,115000000.0,False,False,False,False,False,True,False,False,False,True,False
7380000000.0,50.0,4.0,147600000.0,False,False,False,False,False,True,False,False,False,True,False
9250000000.0,49.0,4.0,188775510.2040816,False,False,False,False,False,True,False,False,False,True,False
2392000000.0,52.0,2.0,46000000.0,False,False,False,False,True,False,False,True,False,False,False
5280000000.0,33.0,2.0,160000000.0,False,False,False,False,False,True,False,False,False,True,False
9000000000.0,127.0,,70866141.73228346,False,False,True,False,False,True,False,False,False,True,False
3000000000.0,54.0,,55555555.55555555,False,False,True,False,False,True,False,False,False,True,False
8210000000.0,66.0,,124393939.3939394,False,False,True,False,True,False,False,False,False,True,False
7500000000.0,117.0,,64102564.1025641,False,False,True,False,False,True,False,False,False,True,False
30000000000.0,65.0,,461538461.5384616,False,False,True,False,False,True,False,False,False,True,False
14000000000.0,155.0,,90322580.64516129,False,False,True,False,False,True,False,False,False,True,False
22000000000.0,42.0,6.0,523809523.8095238,False,False,False,False,False,True,False,False,False,True,False
13676000000.0,80.0,,170950000.0,False,False,True,False,False,True,False,False,True,False,False
5800000000.0,138.0,3.0,42028985.507246375,False,False,False,True,False,False,False,False,True,False,False
2392000000.0,52.0,2.0,46000000.0,False,False,False,False,True,False,False,True,False,False,False
3500000000.0,88.0,,39772727.27272727,False,False,True,False,False,True,False,False,False,True,False
2790000000.0,216.0,,12916666.666666666,False,False,True,False,False,True,False,False,True,False,False
8700000000.0,110.0,,79090909.0909091,False,False,True,False,False,True,False,False,False,True,False
11590000000.0,122.0,,95000000.0,False,False,True,False,False,True,False,True,False,False,False
14800000000.0,185.0,5.0,80000000.0,False,False,False,False,False,True,False,True,False,False,False
30000000000.0,120.0,,250000000.0,False,False,True,False,False,True,False,False,False,True,False
5350000000.0,98.0,,54591836.73469388,False,False,True,False,False,True,False,False,False,False,True
3600000000.0,62.0,,58064516.12903226,False,False,True,False,False,True,False,False,False,False,True
11990000000.0,100.0,,119900000.0,False,False,True,False,False,True,False,False,False,False,True
26000000000.0,157.0,,165605095.54140127,False,False,True,False,False,True,True,False,False,False,False
13600000000.0,74.0,7.0,183783783.7837838,False,False,False,False,False,True,False,False,False,True,False
2200000000.0,50.0,2.0,44000000.0,False,False,False,True,False,False,False,False,True,False,False
3600000000.0,73.0,2.0,49315068.49315068,False,False,False,True,False,False,False,False,True,False,False
26500000000.0,113.0,,234513274.3362832,False,False,True,False,False,True,False,False,False,True,False
19500000000.0,70.0,11.0,278571428.5714286,False,False,False,False,False,True,False,False,True,False,False
34000000000.0,117.0,,290598290.5982906,False,False,True,False,False,True,False,False,False,True,False
11000000000.0,77.0,10.0,142857142.85714287,False,False,False,False,False,True,False,False,True,False,False
14000000000.0,80.0,,175000000.0,False,False,True,False,False,True,False,False,False,True,False
21500000000.0,120.0,,179166666.66666666,False,False,True,False,False,True,False,False,False,True,False
13900000000.0,65.0,,213846153.84615383,False,False,True,False,False,True,False,False,False,True,False
11300000000.0,80.0,,141250000.0,False,False,True,False,False,True,False,False,True,False,False
17800000000.0,95.0,20.0,187368421.0526316,False,False,False,False,False,True,False,False,True,False,False
2400000000.0,52.0,,46153846.15384615,False,False,True,False,False,True,False,True,False,False,False
1680000000.0,72.0,2.0,23333333.33333333,False,False,False,False,False,True,False,False,False,True,False
22900000000.0,228.0,18.0,100438596.49122807,False,False,False,False,False,True,False,True,False,False,False
4500000000.0,69.0,,65217391.30434783,False,False,True,False,False,True,False,False,False,True,False
23940000000.0,126.0,,190000000.0,False,False,True,False,False,True,False,False,False,False,True
19500000000.0,98.0,1.0,198979591.83673468,False,False,False,False,False,True,False,False,False,False,True
24000000000.0,90.0,,266666666.66666663,False,False,True,False,False,True,False,False,False,True,False
14000000000.0,112.0,,125000000.0,False,False,True,False,False,True,False,False,False,True,False
33000000000.0,287.0,,114982578.39721256,False,False,True,False,False,True,False,False,False,True,False
26500000000.0,113.0,,234513274.3362832,False,False,True,False,False,True,False,False,False,True,False
19500000000.0,71.0,11.0,274647887.3239437,False,False,False,False,False,True,False,False,True,False,False
24500000000.0,100.0,,245000000.0,False,False,True,False,False,True,False,False,False,True,False
6750000000.0,112.0,,60267857.14285714,True,False,True,False,False,True,False,False,False,True,False
5000000000.0,75.0,,66666666.66666666,False,False,True,False,False,True,False,False,False,True,False
5100000000.0,38.2,,133507853.40314136,False,False,True,False,False,True,False,False,False,True,False
9500000000.0,110.0,3.0,86363636.36363636,False,False,False,False,False,True,False,False,False,True,False
5500000000.0,103.0,3.0,53398058.25242718,False,False,False,False,False,True,False,False,False,True,False
8900000000.0,58.0,,153448275.86206895,False,False,True,False,False,True,False,False,False,False,True
6500000000.0,55.0,3.0,118181818.1818182,False,False,False,False,False,True,False,False,False,True,False
7850000000.0,90.0,,87222222.22222222,False,False,True,False,False,True,False,False,False,True,False
6280000000.0,60.0,,104666666.66666669,False,False,True,False,False,True,False,False,False,True,False
9100000000.0,119.0,,76470588.23529412,False,False,True,False,False,True,False,False,False,True,False
7550000000.0,80.0,5.0,94375000.0,True,False,False,False,False,True,False,False,False,True,False
4600000000.0,61.0,2.0,75409836.06557377,False,False,False,False,False,True,False,False,False,True,False
12600000000.0,75.0,,168000000.0,False,False,True,False,False,True,False,True,False,False,False
14500000000.0,168.0,,86309523.8095238,False,False,True,False,False,True,False,False,False,True,False
3400000000.0,84.0,2.0,40476190.47619048,False,False,False,False,False,True,False,True,False,False,False
2500000000.0,50.0,2.0,50000000.0,False,False,False,True,False,False,False,False,True,False,False
1850000000.0,45.0,,41111111.11111111,False,False,True,True,False,False,False,False,True,False,False
2000000000.0,48.0,1.0,41666666.66666666,False,False,False,True,False,False,False,False,True,False,False
15700000000.0,145.0,,108275862.06896552,False,False,True,False,False,True,False,False,False,True,False
2815000000.0,50.0,,56300000.0,False,False,True,False,True,False,False,False,True,False,False
10550000000.0,75.0,,140666666.66666666,False,False,True,False,False,True,False,False,False,True,False
16900000000.0,106.0,17.0,159433962.26415095,False,False,False,False,False,True,False,False,True,False,False
13800000000.0,76.0,,181578947.36842105,False,False,True,False,False,True,False,False,False,True,False
3800000000.0,45.0,2.0,84444444.44444445,False,False,False,False,False,True,False,False,False,True,False
5170000000.0,55.0,3.0,94000000.0,False,False,False,False,False,True,False,False,False,True,False
3645000000.0,50.0,,72900000.0,True,False,True,False,False,True,False,False,True,False,False
4464000000.0,62.0,3.0,72000000.0,False,False,False,False,False,True,False,False,False,True,False
5490000000.0,66.4,,82680722.89156626,False,False,True,False,False,True,False,False,False,True,False
3775000000.0,58.0,,65086206.89655172,False,False,True,False,False,True,False,False,False,True,False
2785000000.0,47.0,,59255319.14893617,False,False,True,False,False,True,False,False,False,True,False
3865000000.0,46.7,,82762312.63383298,False,False,True,False,False,True,False,False,False,True,False
4125000000.0,58.0,,71120689.65517241,False,False,True,False,False,True,False,False,False,True,False
1705000000.0,64.0,,26640625.0,False,False,True,False,False,True,False,False,False,True,False
3855000000.0,45.0,3.0,85666666.66666667,False,False,False,False,False,True,False,False,False,True,False
4360000000.0,80.0,,54500000.0,False,False,True,False,False,True,False,False,False,True,False
10265000000.0,157.0,,65382165.60509554,False,False,True,False,False,True,True,False,False,False,False
3135000000.0,52.0,,60288461.538461536,False,False,True,False,False,True,False,False,False,True,False
2580000000.0,30.0,,86000000.0,False,False,True,False,False,True,False,False,False,True,False
2830000000.0,35.0,,80857142.85714285,False,False,True,False,False,True,False,False,False,True,False
3525000000.0,82.0,4.0,42987804.87804878,False,False,False,False,False,True,False,False,False,True,False
17899000000.0,120.0,,149158333.33333334,False,False,True,False,False,True,False,False,False,True,False
2500000000.0,68.0,,36764705.88235294,False,False,True,False,False,True,False,True,False,False,False
1078000000.0,35.0,,30800000.0,False,False,True,False,False,True,False,False,False,True,False
4025000000.0,142.0,,28345070.42253521,False,False,True,False,False,True,True,False,False,False,False
2345000000.0,105.0,,22333333.33333333,False,False,True,False,False,True,False,False,False,True,False
1255000000.0,80.0,,15687500.0,False,False,True,False,False,True,False,False,False,True,False
6789000000.0,47.0,,144446808.5106383,False,False,True,False,False,True,False,False,False,True,False
3737000000.0,50.7,8.0,73708086.78500986,False,False,False,False,False,True,False,False,False,True,False
1759000000.0,43.4,,40529953.91705069,False,False,True,False,False,True,False,False,False,True,False
12000000000.0,90.0,,133333333.33333331,False,False,True,False,False,True,False,False,False,True,False
18000000000.0,100.0,,180000000.0,False,False,True,False,False,True,False,False,False,True,False
8300000000.0,104.0,,79807692.3076923,False,False,True,False,False,True,False,False,False,True,False
32500000000.0,64.0,,507812500.0,False,False,True,False,False,True,False,False,False,True,False
10300000000.0,129.9,,79291762.89453426,False,False,True,False,False,True,False,False,False,False,True
8100000000.0,77.0,36.0,105194805.1948052,False,False,False,False,False,True,False,False,False,True,False
8100000000.0,71.9,36.0,112656467.31571628,False,False,False,False,False,True,False,False,False,True,False
9500000000.0,76.0,14.0,125000000.0,False,False,False,False,False,True,False,False,False,True,False
22000000000.0,78.8,,279187817.25888324,False,False,True,False,False,True,False,False,False,True,False
19500000000.0,146.0,,133561643.83561644,False,False,True,False,False,True,False,True,False,False,False
10800000000.0,100.0,4.0,108000000.0,False,False,False,False,False,True,False,False,False,True,False
16000000000.0,100.0,,160000000.0,False,False,True,False,False,True,False,False,False,True,False
3695000000.0,40.0,3.0,92375000.0,False,False,False,False,False,True,False,False,False,True,False
1495000000.0,45.0,2.0,33222222.222222224,False,False,False,False,False,True,False,False,False,True,False
15500000000.0,115.0,39.0,134782608.6956522,False,False,False,False,False,True,False,False,False,True,False
8900000000.0,78.4,,113520408.1632653,False,False,True,False,False,True,False,False,False,True,False
20000000000.0,122.7,,162999185.004075,False,False,True,False,False,True,False,False,False,True,False
15900000000.0,109.0,,145871559.63302752,False,False,True,False,False,True,False,False,False,True,False
9800000000.0,61.0,7.0,160655737.70491803,False,False,False,False,False,True,False,False,False,True,False
2340000000.0,52.0,2.0,45000000.0,False,False,False,False,False,True,False,False,False,True,False
2045000000.0,32.4,2.0,63117283.95061728,False,False,False,False,False,True,False,False,False,True,False
1835000000.0,45.0,3.0,40777777.777777776,False,False,False,False,False,True,False,False,False,True,False
16000000000.0,115.2,,138888888.8888889,False,False,True,False,False,True,False,False,False,True,False
11500000000.0,75.0,,153333333.33333334,False,False,True,False,False,True,False,False,False,True,False
1698000000.0,42.0,3.0,40428571.42857143,False,False,False,False,False,True,False,False,False,True,False
10800000000.0,35.0,,308571428.5714286,False,False,True,False,False,True,False,False,False,True,False
8900000000.0,88.4,6.0,100678733.0316742,False,False,False,False,False,True,False,False,False,True,False
9200000000.0,89.4,19.0,102908277.4049217,False,False,False,False,False,True,False,False,False,True,False
9000000000.0,121.5,19.0,74074074.07407407,False,False,False,False,False,True,False,False,False,True,False
11400000000.0,94.3,,120890774.12513256,False,False,True,False,False,True,False,False,False,True,False
32000000000.0,155.0,,206451612.9032258,False,False,True,False,False,True,False,False,False,True,False
1860000000.0,67.5,3.0,27555555.55555556,False,False,False,False,True,False,False,False,False,True,False
9250000000.0,100.0,2.0,92500000.0,False,False,False,False,False,True,False,True,False,False,False
9000000000.0,115.0,3.0,78260869.56521739,False,False,False,False,False,True,False,True,False,False,False
4000000000.0,120.0,,33333333.33333333,False,False,True,False,False,True,False,False,False,False,True
4500000000.0,96.0,,46875000.0,False,False,True,False,False,True,False,False,False,False,True
4450000000.0,120.0,,37083333.333333336,False,False,True,False,False,True,False,False,False,False,True
3990000000.0,32.0,,124687500.0,False,False,True,False,False,True,False,False,False,True,False
8650000000.0,76.0,,113815789.4736842,False,False,True,False,False,True,False,False,False,True,False
18000000000.0,105.0,,171428571.42857143,False,False,True,False,False,True,False,True,False,False,False
19800000000.0,130.0,,152307692.30769232,False,False,True,False,False,True,False,False,False,True,False
4290000000.0,66.0,,65000000.0,False,False,True,False,True,False,False,False,True,False,False
3800000000.0,68.0,,55882352.94117648,False,False,True,False,True,False,False,True,False,False,False
23500000000.0,110.0,,213636363.63636363,False,False,True,False,False,True,False,False,False,True,False
4750000000.0,50.0,,95000000.0,False,False,True,False,False,True,False,False,False,False,True
3500000000.0,75.0,,46666666.66666666,False,False,True,False,False,True,False,False,False,True,False
9900000000.0,85.0,,116470588.23529412,False,False,True,False,False,True,False,False,False,True,False
2135000000.0,71.0,,30070422.53521127,False,False,True,False,False,True,False,True,False,False,False
1735000000.0,60.0,2.0,28916666.666666668,False,False,False,False,False,True,False,True,False,False,False
3930000000.0,94.0,,41808510.63829787,False,False,True,False,False,True,False,True,False,False,False
8500000000.0,103.0,2.0,82524271.8446602,False,False,False,False,False,True,False,True,False,False,False
1050000000.0,69.0,2.0,15217391.304347826,False,False,False,False,False,True,False,True,False,False,False
3795000000.0,77.0,2.0,49285714.28571428,False,False,False,False,False,True,False,True,False,False,False
3485000000.0,71.0,2.0,49084507.04225352,False,False,False,False,False,True,False,True,False,False,False
2590000000.0,69.0,,37536231.88405797,False,False,True,False,False,True,False,True,False,False,False
3790000000.0,81.0,2.0,46790123.45679013,False,False,False,False,False,True,False,True,False,False,False
2160000000.0,70.0,2.0,30857142.85714286,False,False,False,False,False,True,False,True,False,False,False
1310000000.0,50.0,2.0,26200000.0,False,False,False,False,False,True,False,True,False,False,False
2755000000.0,145.0,3.0,19000000.0,False,False,False,False,False,True,False,True,False,False,False
3945000000.0,90.0,2.0,43833333.333333336,False,False,False,False,False,True,False,True,False,False,False
970000000.0,63.0,2.0,15396825.396825396,False,False,False,False,False,True,False,True,False,False,False
3225000000.0,95.0,3.0,33947368.421052635,False,False,False,False,False,True,False,True,False,False,False
3990000000.0,162.0,4.0,24629629.62962963,False,False,False,False,False,True,False,True,False,False,False
2740000000.0,68.0,2.0,40294117.64705882,False,False,False,False,False,True,False,True,False,False,False
920000000.0,78.0,2.0,11794871.794871794,False,False,False,False,False,True,False,True,False,False,False
3030000000.0,126.0,,24047619.04761905,False,False,True,False,False,True,False,True,False,False,False
3310000000.0,78.2,2.0,42327365.728900254,False,False,False,False,False,True,False,True,False,False,False
2175000000.0,114.0,3.0,19078947.36842105,False,False,False,False,False,True,False,True,False,False,False
4275000000.0,225.0,3.0,19000000.0,False,False,False,False,False,True,False,True,False,False,False
2725000000.0,74.0,2.0,36824324.324324325,False,False,False,False,False,True,False,True,False,False,False
38000000000.0,98.2,,386965376.7820774,False,False,True,False,False,True,False,False,False,True,False
985000000.0,63.5,2.0,15511811.023622047,False,False,False,False,False,True,False,True,False,False,False
2575000000.0,69.0,2.0,37318840.57971015,False,False,False,False,False,True,False,True,False,False,False
3310000000.0,85.0,2.0,38941176.47058824,False,False,False,False,False,True,False,True,False,False,False
3165000000.0,90.0,2.0,35166666.666666664,False,False,False,False,False,True,False,True,False,False,False
32000000000.0,166.7,,191961607.67846432,False,False,True,False,False,True,True,False,False,False,False
2133000000.0,83.0,3.0,25698795.18072289,False,False,False,False,False,True,False,True,False,False,False
3295000000.0,71.0,2.0,46408450.70422536,False,False,False,False,False,True,False,True,False,False,False
1640000000.0,70.0,2.0,23428571.42857143,False,False,False,False,False,True,False,True,False,False,False
1815000000.0,85.0,2.0,21352941.17647059,False,False,False,False,False,True,False,True,False,False,False
30000000000.0,117.0,,256410256.4102564,False,False,True,False,False,True,False,False,False,True,False
3756000000.0,80.0,2.0,46950000.0,False,False,False,False,False,True,False,True,False,False,False
2580000000.0,60.0,2.0,43000000.0,False,False,False,False,False,True,False,True,False,False,False
1385000000.0,60.0,2.0,23083333.33333333,False,False,False,False,False,True,False,True,False,False,False
2515000000.0,80.0,3.0,31437500.0,False,False,False,False,False,True,False,True,False,False,False
39900000000.0,269.0,12.0,148327137.5464684,False,False,False,False,False,True,False,False,False,True,False
2655000000.0,128.0,3.0,20742187.5,False,False,False,False,False,True,False,True,False,False,False
1220000000.0,75.0,2.0,16266666.666666666,False,False,False,False,False,True,False,True,False,False,False
3675000000.0,71.0,2.0,51760563.38028169,False,False,False,False,False,True,False,True,False,False,False
3120000000.0,80.0,2.0,39000000.0,False,False,False,False,False,True,False,True,False,False,False
1575000000.0,98.0,3.0,16071428.57142857,False,False,False,False,False,True,False,True,False,False,False
1470000000.0,81.8,3.0,17970660.14669927,False,False,False,False,False,True,False,True,False,False,False
1799000000.0,54.0,1.0,33314814.814814813,False,False,False,False,False,True,False,True,False,False,False
2085000000.0,72.0,2.0,28958333.33333333,False,False,False,False,False,True,False,True,False,False,False
3185000000.0,99.0,2.0,32171717.17171717,False,False,False,False,False,True,False,True,False,False,False
3180000000.0,68.0,2.0,46764705.88235294,False,False,False,False,False,True,False,True,False,False,False
1975000000.0,78.0,2.0,25320512.82051282,False,False,False,False,False,True,False,True,False,False,False
8130000000.0,78.0,2.0,104230769.23076925,False,False,False,False,False,True,False,True,False,False,False
2055000000.0,76.0,,27039473.684210528,False,False,True,False,False,True,False,True,False,False,False
5910000000.0,71.0,2.0,83239436.61971831,False,False,False,False,False,True,False,True,False,False,False
1730000000.0,68.0,2.0,25441176.47058824,False,False,False,False,False,True,False,True,False,False,False
3275000000.0,83.0,2.0,39457831.32530121,False,False,False,False,False,True,False,True,False,False,False
7300000000.0,77.0,2.0,94805194.8051948,False,False,False,False,False,True,False,True,False,False,False
7365000000.0,118.0,3.0,62415254.23728813,False,False,False,False,False,True,False,True,False,False,False
3285000000.0,114.37,3.0,28722567.10675877,False,False,False,False,False,True,False,True,False,False,False
7220000000.0,110.0,3.0,65636363.63636363,False,False,False,False,False,True,False,True,False,False,False
3150000000.0,59.0,,53389830.50847457,False,False,True,False,False,True,False,True,False,False,False
4580000000.0,83.0,,55180722.89156626,False,False,True,False,False,True,False,True,False,False,False
8300000000.0,89.0,2.0,93258426.96629211,False,False,False,False,False,True,False,True,False,False,False
4380000000.0,72.0,,60833333.333333336,False,False,True,False,False,True,False,True,False,False,False
6123000000.0,166.0,3.0,36885542.1686747,False,False,False,False,False,True,False,True,False,False,False
2890000000.0,112.0,,25803571.42857143,False,False,True,False,False,True,False,True,False,False,False
2480000000.0,32.0,3.0,77500000.0,False,False,False,False,False,True,False,False,False,True,False
6000000000.0,92.0,,65217391.30434783,False,False,True,False,False,True,False,False,False,False,True
15068000000.0,128.0,,117718750.0,False,False,True,False,False,True,False,False,False,True,False
32900000000.0,120.0,,274166666.6666667,False,False,True,False,False,True,False,True,False,False,False
37000000000.0,138.0,,268115942.0289855,False,False,True,False,False,True,False,False,False,True,False
32000000000.0,90.5,,353591160.2209945,False,False,True,False,False,True,False,False,False,True,False
31000000000.0,64.0,,484375000.0,False,False,True,False,False,True,False,False,False,True,False
33000000000.0,61.94,,532773651.9212141,False,False,True,False,False,True,False,False,False,True,False
33000000000.0,109.8,,300546448.0874317,False,False,True,False,False,True,False,False,False,True,False
16000000000.0,156.0,5.0,102564102.56410256,False,False,False,False,False,True,True,False,False,False,False
11680000000.0,77.0,8.0,151688311.6883117,False,False,False,False,False,True,False,False,False,True,False
14500000000.0,52.0,,278846153.84615386,False,False,True,False,False,True,False,False,False,True,False
36000000000.0,281.0,,128113879.00355873,False,False,True,False,False,True,False,False,False,True,False
8850000000.0,45.0,4.0,196666666.66666663,False,False,False,False,False,True,False,False,False,True,False
22000000000.0,94.4,4.0,233050847.45762712,False,False,False,False,False,True,False,False,False,True,False
8500000000.0,80.0,,106250000.0,False,False,True,False,False,True,False,True,False,False,False
5200000000.0,28.0,,185714285.7142857,False,False,True,False,False,True,False,False,False,True,False
4500000000.0,52.0,,86538461.53846154,False,False,True,False,False,True,False,False,False,True,False
25000000000.0,106.8,,234082397.0037453,False,False,True,False,False,True,False,False,False,True,False
4360000000.0,52.0,,83846153.84615384,False,False,True,False,False,True,False,False,False,True,False
2750000000.0,49.0,,56122448.97959184,False,False,True,False,False,True,False,True,False,False,False
9990000000.0,105.0,,95142857.14285716,False,False,True,False,False,True,False,False,False,True,False
29500000000.0,272.0,,108455882.35294116,False,False,True,False,False,True,False,False,False,False,True
6800000000.0,52.0,,130769230.76923075,False,False,True,False,False,True,False,False,False,True,False
5400000000.0,32.0,3.0,168750000.0,False,False,False,False,False,True,False,False,False,True,False
10000000000.0,83.0,9.0,120481927.71084335,False,False,False,False,False,True,False,False,False,True,False
7150000000.0,50.0,,143000000.0,False,False,True,False,False,True,False,False,False,False,True
6900000000.0,56.0,,123214285.71428572,False,False,True,False,False,True,False,False,False,True,False
7980000000.0,55.0,,145090909.0909091,False,False,True,False,False,True,False,False,False,True,False
4700000000.0,56.0,,83928571.42857143,False,False,True,False,False,True,False,True,False,False,False
6000000000.0,113.0,,53097345.132743366,False,False,True,False,False,True,False,False,False,False,True
2200000000.0,28.0,,78571428.57142857,False,False,True,False,False,True,False,True,False,False,False
1620000000.0,68.0,2.0,23823529.411764707,False,False,False,False,False,True,False,True,False,False,False
1315000000.0,73.0,2.0,18013698.630136985,False,False,False,False,False,True,False,True,False,False,False
2170000000.0,72.0,2.0,30138888.888888888,False,False,False,False,False,True,False,True,False,False,False
1450000000.0,70.0,2.0,20714285.714285716,False,False,False,False,False,True,False,True,False,False,False
1399000000.0,84.0,2.0,16654761.904761905,False,False,False,False,False,True,False,True,False,False,False
40000000000.0,90.0,,444444444.4444444,False,False,True,False,False,True,False,False,False,True,False
4035000000.0,117.0,3.0,34487179.48717949,False,False,False,False,False,True,False,True,False,False,False
3535000000.0,108.0,3.0,32731481.48148148,False,False,False,False,False,True,False,True,False,False,False
2830000000.0,89.0,2.0,31797752.808988765,False,False,False,False,False,True,False,True,False,False,False
9800000000.0,85.0,,115294117.64705884,False,False,True,False,False,True,False,False,False,True,False
1320000000.0,70.0,2.0,18857142.85714286,False,False,False,False,False,True,False,True,False,False,False
1825000000.0,72.0,2.0,25347222.222222224,False,False,False,False,False,True,False,True,False,False,False
4365000000.0,127.0,3.0,34370078.74015748,False,False,False,False,False,True,False,True,False,False,False
2260000000.0,100.0,3.0,22600000.0,False,False,False,False,False,True,False,True,False,False,False
14500000000.0,83.0,4.0,174698795.1807229,False,False,False,False,False,True,False,False,False,True,False
32000000000.0,106.0,,301886792.4528302,False,False,True,False,False,True,False,False,False,True,False
30500000000.0,91.0,,335164835.1648352,False,False,True,False,False,True,False,False,False,True,False
2800000000.0,15.36,2.0,182291666.6666667,False,False,False,False,False,True,False,False,False,True,False
3890000000.0,33.0,3.0,117878787.87878788,False,False,False,False,False,True,False,False,False,True,False
8850000000.0,45.0,4.0,196666666.66666663,False,False,False,False,False,True,False,False,False,True,False
4500000000.0,52.0,2.0,86538461.53846154,False,False,False,False,False,True,False,False,False,True,False
2750000000.0,49.0,,56122448.97959184,False,False,True,False,False,True,False,True,False,False,False
9000000000.0,55.0,8.0,163636363.63636363,False,False,False,False,False,True,False,False,False,True,False
9700000000.0,80.0,,121250000.0,False,False,True,False,False,True,False,True,False,False,False
40000000000.0,70.0,,571428571.4285715,False,False,True,False,False,True,False,False,False,True,False
40000000000.0,146.2,,273597811.2175103,False,False,True,False,False,True,False,False,False,True,False
14500000000.0,148.0,3.0,97972972.97297296,False,False,False,False,False,True,False,True,False,False,False
3100000000.0,55.0,2.0,56363636.36363637,False,False,False,False,False,True,False,True,False,False,False
5190000000.0,51.0,,101764705.88235296,False,False,True,False,False,True,False,False,False,True,False
5100000000.0,50.0,,102000000.0,False,False,True,False,False,True,False,False,False,True,False
4650000000.0,96.25,3.0,48311688.31168831,False,False,False,False,False,True,False,False,False,True,False
4050000000.0,53.0,,76415094.33962265,False,False,True,False,False,True,False,False,False,True,False
4630000000.0,52.0,,89038461.53846154,False,False,True,False,False,True,False,False,False,True,False
7500000000.0,84.0,6.0,89285714.28571428,False,False,False,False,False,True,False,False,False,True,False
2500000000.0,85.0,,29411764.70588235,False,False,True,False,False,True,False,False,False,False,True
1950000000.0,80.0,,24375000.0,False,False,True,False,False,True,False,False,False,False,True
820000000.0,56.0,,14642857.142857144,False,False,True,False,False,True,False,False,False,True,False
8180000000.0,100.0,10.0,81800000.0,False,False,False,False,False,True,False,False,False,True,False
22500000000.0,120.0,,187500000.0,False,False,True,False,False,True,False,False,False,True,False
9200000000.0,181.0,,50828729.28176796,False,False,True,False,False,True,False,False,False,False,True
4080000000.0,60.0,,68000000.0,False,False,True,False,False,True,False,True,False,False,False
8500000000.0,112.0,,75892857.14285715,False,False,True,False,False,True,True,False,False,False,False
2750000000.0,75.0,,36666666.66666666,False,False,True,False,False,True,False,False,False,True,False
3790000000.0,50.0,5.0,75800000.0,False,False,False,False,False,True,True,False,False,False,False
2150000000.0,50.0,2.0,43000000.0,False,False,False,False,False,True,False,False,False,True,False
4950000000.0,50.0,,99000000.0,False,False,True,False,False,True,True,False,False,False,False
765000000.0,40.0,,19125000.0,False,False,True,False,False,True,False,False,False,True,False
12900000000.0,240.0,,53750000.0,False,False,True,False,False,True,False,False,False,True,False
3200000000.0,42.0,3.0,76190476.1904762,False,False,False,False,False,True,False,False,False,True,False
8000000000.0,300.0,,26666666.666666668,False,False,True,False,False,True,True,False,False,False,False
2250000000.0,150.0,,15000000.0,False,False,True,False,False,True,False,False,False,False,True
5300000000.0,50.0,2.0,106000000.0,False,False,False,False,False,True,False,False,False,True,False
9800000000.0,64.0,,153125000.0,False,False,True,False,False,True,False,False,False,True,False
2200000000.0,50.0,1.0,44000000.0,False,False,False,False,False,True,False,True,False,False,False
9500000000.0,100.0,,95000000.0,False,False,True,False,False,True,False,False,False,False,True
9500000000.0,36.0,,263888888.8888889,False,False,True,False,False,True,False,False,False,True,False
9790000000.0,48.0,,203958333.3333333,False,False,True,False,False,True,False,False,False,True,False
6400000000.0,37.0,4.0,172972972.97297296,False,False,False,False,False,True,False,False,False,True,False
9690000000.0,51.0,4.0,190000000.0,False,False,False,False,False,True,False,False,False,True,False
7350000000.0,70.0,10.0,105000000.0,False,False,False,False,False,True,False,False,False,True,False
11500000000.0,108.0,,106481481.48148148,False,False,True,False,False,True,False,False,False,True,False
6800000000.0,52.0,6.0,130769230.76923075,False,False,False,False,False,True,False,False,False,True,False
7900000000.0,64.0,5.0,123437500.0,False,False,False,False,False,True,False,False,False,True,False
8500000000.0,110.0,3.0,77272727.27272727,False,False,False,False,False,True,False,True,False,False,False
40000000000.0,126.0,,317460317.46031743,False,False,True,False,False,True,True,False,False,False,False
35800000000.0,126.0,4.0,284126984.1269841,False,False,False,False,False,True,True,False,False,False,False
5790000000.0,59.0,3.0,98135593.220339,False,False,False,False,False,True,False,False,False,True,False
3150000000.0,57.0,2.0,55263157.89473684,False,False,False,False,False,True,False,True,False,False,False
5000000000.0,50.0,,100000000.0,False,False,True,False,False,True,False,False,False,True,False
3000000000.0,54.0,,55555555.55555555,False,False,True,False,False,True,False,True,False,False,False
7500000000.0,96.0,,78125000.0,False,False,True,False,False,True,False,False,False,True,False
6500000000.0,55.0,4.0,118181818.1818182,False,False,False,False,False,True,False,False,False,True,False
7500000000.0,72.0,5.0,104166666.66666669,False,False,False,False,False,True,False,False,False,True,False
4500000000.0,80.0,2.0,56250000.0,False,False,False,False,False,True,False,True,False,False,False
3550000000.0,30.0,2.0,118333333.33333331,False,False,False,False,False,True,False,False,False,True,False
9500000000.0,128.0,,74218750.0,False,False,True,False,False,True,False,False,False,False,True
4650000000.0,36.0,2.0,129166666.66666669,False,False,False,False,False,True,False,False,False,True,False
15500000000.0,140.0,2.0,110714285.71428572,False,False,False,False,False,True,False,False,False,True,False
8500000000.0,100.0,,85000000.0,False,False,True,False,False,True,False,False,False,True,False
6390000000.0,80.0,,79875000.0,False,False,True,False,False,True,False,False,False,True,False
4500000000.0,49.0,3.0,91836734.69387756,False,False,False,False,False,True,False,False,False,True,False
2010000000.0,24.0,3.0,83750000.0,False,False,False,False,False,True,False,False,False,True,False
4000000000.0,50.0,,80000000.0,False,False,True,False,False,True,False,False,False,True,False
4400000000.0,48.0,,91666666.66666669,False,False,True,False,False,True,False,False,False,True,False
4650000000.0,36.0,2.0,129166666.66666669,False,False,False,False,False,True,False,False,False,True,False
6300000000.0,56.0,4.0,112500000.0,False,False,False,False,False,True,False,False,False,True,False
3500000000.0,180.0,3.0,19444444.444444444,False,False,False,False,False,True,False,False,False,True,False
12300000000.0,129.0,4.0,95348837.20930232,False,False,False,False,False,True,True,False,False,False,False
10700000000.0,70.0,,152857142.85714287,False,False,True,False,False,True,False,False,False,True,False
4880000000.0,80.0,,61000000.0,False,False,True,False,False,True,False,False,False,False,True
4980000000.0,60.0,,83000000.0,False,False,True,False,False,True,False,False,False,True,False
6900000000.0,76.0,4.0,90789473.68421052,False,False,False,False,False,True,False,False,False,True,False
3360000000.0,42.0,,80000000.0,False,False,True,False,False,True,False,False,False,True,False
4300000000.0,60.0,14.0,71666666.66666667,False,False,False,False,False,True,False,False,False,True,False
5790000000.0,89.0,5.0,65056179.7752809,False,False,False,False,False,True,False,False,False,True,False
5150000000.0,80.0,3.0,64375000.0,False,False,False,False,False,True,False,False,False,True,False
7700000000.0,55.0,5.0,140000000.0,False,False,False,False,False,True,False,False,False,True,False
14500000000.0,250.0,,58000000.0,False,False,True,False,False,True,False,False,False,True,False
3680000000.0,40.0,,92000000.0,False,False,True,False,False,True,False,False,False,True,False
6600000000.0,80.0,,82500000.0,False,False,True,False,False,True,False,False,False,True,False
5100000000.0,56.0,4.0,91071428.57142857,False,False,False,False,False,True,False,False,False,True,False
5700000000.0,82.0,4.0,69512195.12195122,False,False,False,False,False,True,False,False,False,True,False
4000000000.0,40.0,,100000000.0,False,False,True,False,False,True,False,False,False,True,False
3200000000.0,40.0,2.0,80000000.0,False,False,False,False,False,True,False,False,False,True,False
27000000000.0,150.0,,180000000.0,False,False,True,False,False,True,False,False,False,True,False
5190000000.0,60.0,,86500000.0,False,False,True,False,False,True,False,False,False,True,False
7000000000.0,69.0,,101449275.36231884,False,False,True,False,False,True,False,False,False,True,False
4600000000.0,46.0,,100000000.0,False,False,True,False,False,True,False,False,False,True,False
7200000000.0,88.0,,81818181.81818181,False,False,True,False,False,True,False,False,False,True,False
8600000000.0,64.0,5.0,134375000.0,False,False,False,False,False,True,False,False,False,True,False
5500000000.0,65.0,,84615384.61538461,False,False,True,False,False,True,False,False,False,True,False
7300000000.0,64.0,,114062500.0,False,False,True,False,False,True,False,True,False,False,False
10000000000.0,124.0,4.0,80645161.29032259,False,False,False,False,False,True,False,False,False,True,False
3700000000.0,44.0,2.0,84090909.0909091,False,False,False,False,False,True,False,False,False,True,False
7200000000.0,50.0,4.0,144000000.0,False,False,False,False,False,True,False,False,False,True,False
5900000000.0,80.0,4.0,73750000.0,False,False,False,False,False,True,False,False,False,True,False
4100000000.0,60.0,,68333333.33333333,False,False,True,False,False,True,False,False,False,True,False
5500000000.0,44.0,,125000000.0,False,False,True,False,False,True,False,False,False,True,False
4580000000.0,68.0,3.0,67352941.1764706,False,False,False,False,False,True,False,False,False,True,False
9100000000.0,125.0,3.0,72800000.0,False,False,False,False,False,True,False,False,False,True,False
4000000000.0,55.0,4.0,72727272.72727273,False,False,False,False,False,True,False,False,False,True,False
7200000000.0,47.0,5.0,153191489.3617021,False,False,False,False,False,True,False,False,False,True,False
6500000000.0,88.0,,73863636.36363636,False,False,True,False,False,True,False,False,False,False,True
5650000000.0,52.0,3.0,108653846.15384616,False,False,False,False,False,True,False,False,False,True,False
6200000000.0,50.0,,124000000.0,False,False,True,False,False,True,False,False,False,True,False
5000000000.0,100.0,,50000000.0,False,False,True,False,False,True,False,False,False,True,False
8300000000.0,73.0,5.0,113698630.1369863,False,False,False,False,False,True,False,False,False,True,False
4150000000.0,46.0,3.0,90217391.30434784,False,False,False,False,False,True,False,False,False,True,False
3350000000.0,39.0,2.0,85897435.8974359,False,False,False,False,False,True,False,False,False,True,False
4750000000.0,40.0,2.0,118750000.0,False,False,False,False,False,True,False,False,False,True,False
4200000000.0,50.0,,84000000.0,False,False,True,False,False,True,False,False,False,True,False
4580000000.0,62.0,,73870967.74193548,False,False,True,False,False,True,False,False,False,False,True
4400000000.0,50.0,2.0,88000000.0,False,False,False,False,False,True,False,False,False,True,False
7500000000.0,53.0,4.0,141509433.96226415,False,False,False,False,False,True,False,False,False,True,False
7900000000.0,100.0,,79000000.0,False,False,True,False,False,True,False,False,False,False,True
4380000000.0,58.0,2.0,75517241.37931034,False,False,False,False,False,True,False,False,False,True,False
5460000000.0,57.0,2.0,95789473.68421052,False,False,False,False,False,True,False,False,False,True,False
6300000000.0,56.0,4.0,112500000.0,False,False,False,False,False,True,False,False,False,True,False
6900000000.0,64.0,,107812500.0,False,False,True,False,False,True,False,False,False,True,False
4390000000.0,56.0,,78392857.14285715,False,False,True,False,False,True,False,False,False,True,False
1990000000.0,15.0,2.0,132666666.66666669,False,False,False,False,False,True,False,False,False,True,False
4800000000.0,43.0,,111627906.9767442,False,False,True,False,False,True,False,False,False,True,False
10000000000.0,124.0,,80645161.29032259,False,False,True,False,False,True,False,False,False,True,False
8500000000.0,60.0,,141666666.66666666,False,False,True,False,False,True,False,False,False,True,False
7450000000.0,68.0,5.0,109558823.52941176,False,False,False,False,False,True,False,False,False,True,False
7000000000.0,80.0,4.0,87500000.0,False,False,False,False,False,True,False,False,False,True,False
5000000000.0,60.0,4.0,83333333.33333333,False,False,False,False,False,True,False,False,False,True,False
10500000000.0,124.0,,84677419.35483871,False,False,True,False,False,True,False,False,False,True,False
3750000000.0,42.0,2.0,89285714.28571428,False,False,False,False,False,True,False,False,False,True,False
3500000000.0,66.0,,53030303.03030303,False,False,True,False,False,True,False,False,False,True,False
6500000000.0,60.0,,108333333.33333331,False,False,True,False,False,True,False,False,False,True,False
3300000000.0,35.0,,94285714.28571428,False,False,True,False,False,True,False,False,False,True,False
4000000000.0,60.0,,66666666.66666666,False,False,True,False,False,True,False,False,False,True,False
5490000000.0,116.0,,47327586.20689655,False,False,True,False,False,True,False,False,False,True,False
15200000000.0,52.0,,292307692.3076923,False,False,True,False,False,True,False,False,False,True,False
8250000000.0,333.0,,24774774.77477477,False,False,True,False,False,True,False,False,False,True,False
3450000000.0,13.0,2.0,265384615.3846154,False,False,False,False,False,True,False,False,False,True,False
8300000000.0,40.0,3.0,207500000.0,False,False,False,False,False,True,False,False,False,True,False
8500000000.0,43.0,,197674418.60465115,False,False,True,False,False,True,False,False,False,True,False
2600000000.0,32.0,,81250000.0,False,False,True,False,False,True,False,True,False,False,False
7800000000.0,50.0,6.0,156000000.0,False,False,False,False,False,True,False,False,False,True,False
30000000000.0,200.0,,150000000.0,False,False,True,False,False,True,False,False,False,True,False
9000000000.0,90.0,5.0,100000000.0,False,False,False,False,False,True,False,False,False,True,False
7200000000.0,68.0,,105882352.94117647,False,False,True,False,False,True,False,False,False,True,False
6900000000.0,294.0,4.0,23469387.75510204,False,False,False,False,False,True,False,False,False,True,False
5000000000.0,49.0,2.0,102040816.3265306,False,False,False,False,False,True,False,False,False,True,False
9780000000.0,84.0,,116428571.42857143,False,False,True,False,False,True,False,False,False,True,False
9700000000.0,68.0,,142647058.82352942,False,False,True,False,False,True,False,False,False,True,False
5600000000.0,40.0,,140000000.0,False,False,True,False,False,True,False,False,False,True,False
5950000000.0,63.0,3.0,94444444.44444443,False,False,False,False,False,True,False,False,False,True,False
7100000000.0,100.0,,71000000.0,False,False,True,False,False,True,False,False,False,True,False
6000000000.0,36.0,,166666666.66666666,False,False,True,False,False,True,False,False,False,True,False
12800000000.0,100.0,5.0,128000000.0,False,False,False,False,False,True,False,False,False,True,False
3680000000.0,25.0,2.0,147200000.0,False,False,False,False,False,True,False,False,False,True,False
9700000000.0,58.0,,167241379.31034482,False,False,True,False,False,True,False,False,False,True,False
9300000000.0,88.0,5.0,105681818.1818182,False,False,False,False,False,True,False,False,False,True,False
8500000000.0,68.0,4.0,125000000.0,False,False,False,False,False,True,False,False,False,True,False
8200000000.0,50.0,,164000000.0,False,False,True,False,False,True,False,False,False,True,False
6800000000.0,94.0,,72340425.53191489,False,False,True,False,False,True,False,False,False,True,False
8200000000.0,48.0,,170833333.33333334,False,False,True,False,False,True,False,False,False,True,False
5000000000.0,44.0,,113636363.63636364,False,False,True,False,False,True,False,False,False,True,False
13000000000.0,100.0,,130000000.0,False,False,True,False,False,True,False,False,False,True,False
11000000000.0,74.25,,148148148.14814815,False,False,True,False,False,True,False,False,False,True,False
30000000000.0,160.0,5.0,187500000.0,False,False,False,False,False,True,False,False,False,True,False
23200000000.0,130.0,6.0,178461538.46153846,False,False,False,False,False,True,False,False,False,True,False
4000000000.0,51.6,3.0,77519379.84496124,False,False,False,False,False,True,False,False,False,True,False
5000000000.0,56.0,4.0,89285714.28571428,False,False,False,False,False,True,False,False,False,True,False
5600000000.0,64.0,3.0,87500000.0,False,False,False,False,False,True,False,False,False,True,False
26000000000.0,162.0,,160493827.16049382,False,False,True,False,False,True,False,False,False,True,False
12500000000.0,75.0,,166666666.66666666,False,False,True,False,False,True,False,False,False,True,False
8300000000.0,60.0,,138333333.33333334,False,False,True,False,False,True,False,False,False,True,False
9900000000.0,133.0,,74436090.22556391,False,False,True,False,False,True,False,False,False,False,True
9900000000.0,133.0,,74436090.22556391,False,False,True,False,False,True,False,False,False,False,True
25000000000.0,230.0,,108695652.17391305,False,False,True,False,False,True,False,False,False,False,True
1720000000.0,72.0,,23888888.888888888,False,False,True,False,False,True,False,True,False,False,False
11900000000.0,112.0,,106250000.0,False,False,True,False,False,True,False,False,False,True,False
9900000000.0,65.0,,152307692.30769232,False,False,True,False,False,True,False,False,False,True,False
9200000000.0,60.0,,153333333.33333334,False,False,True,False,False,True,False,False,False,False,True
23000000000.0,80.0,,287500000.0,False,False,True,False,False,True,False,False,False,True,False
7000000000.0,54.0,,129629629.62962964,False,False,True,False,False,True,False,False,False,True,False
20500000000.0,200.0,,102500000.0,False,False,True,False,False,True,False,False,False,True,False
8900000000.0,90.0,2.0,98888888.8888889,False,False,False,False,False,True,False,True,False,False,False
7800000000.0,32.0,,243750000.0,False,False,True,False,False,True,False,False,False,True,False
2480000000.0,32.0,3.0,77500000.0,False,False,False,False,False,True,False,False,False,True,False
5680000000.0,87.0,,65287356.32183908,False,False,True,False,False,True,False,False,False,True,False
1250000000.0,21.0,2.0,59523809.52380952,False,False,False,False,False,True,False,False,False,True,False
3800000000.0,200.0,,19000000.0,False,False,True,False,False,True,False,False,False,False,True
3790000000.0,50.0,,75800000.0,False,False,True,False,False,True,False,False,False,False,True
3980000000.0,56.0,,71071428.57142857,False,False,True,False,False,True,False,False,False,False,True
5750000000.0,74.0,,77702702.7027027,False,False,True,False,False,True,False,False,False,True,False
8100000000.0,100.0,,81000000.0,False,False,True,False,False,True,False,False,False,True,False
6400000000.0,51.0,,125490196.07843135,False,False,True,False,False,True,False,False,False,True,False
6950000000.0,76.0,5.0,91447368.42105263,False,False,False,False,False,True,False,False,False,True,False
8500000000.0,100.0,,85000000.0,False,False,True,False,False,True,False,False,False,True,False
5200000000.0,84.0,3.0,61904761.9047619,False,False,False,False,False,True,False,False,False,True,False
3800000000.0,68.0,,55882352.94117648,False,False,True,False,False,True,False,False,False,False,True
10600000000.0,140.0,,75714285.71428572,False,False,True,False,False,True,False,False,False,True,False
8600000000.0,98.0,,87755102.04081632,False,False,True,False,False,True,False,False,False,True,False
10000000000.0,130.0,,76923076.92307693,False,False,True,False,False,True,False,False,False,True,False
3800000000.0,56.0,,67857142.85714285,False,False,True,False,False,True,False,False,False,True,False
3890000000.0,50.0,,77800000.0,False,False,True,False,False,True,False,False,False,False,True
4150000000.0,70.0,3.0,59285714.28571428,False,False,False,False,False,True,False,False,False,True,False
4900000000.0,150.0,,32666666.666666668,False,False,True,False,False,True,False,False,False,False,True
3950000000.0,52.8,,74810606.06060606,False,False,True,False,False,True,False,False,False,True,False
7400000000.0,80.4,,92039800.99502487,False,False,True,False,False,True,False,False,False,True,False
3000000000.0,60.0,2.0,50000000.0,False,False,False,False,False,True,False,False,False,True,False
3700000000.0,72.0,,51388888.88888889,False,False,True,False,False,True,False,False,False,False,True
3800000000.0,56.0,3.0,67857142.85714285,False,False,False,False,False,True,False,False,False,True,False
6900000000.0,84.0,,82142857.14285715,False,False,True,False,False,True,False,False,False,True,False
7300000000.0,100.0,,73000000.0,False,False,True,False,False,True,False,False,False,False,True
5800000000.0,92.0,,63043478.26086956,False,False,True,False,False,True,False,False,False,True,False
9550000000.0,76.0,,125657894.73684213,False,False,True,False,False,True,False,False,False,True,False
13500000000.0,50.0,6.0,270000000.0,False,False,False,False,False,True,False,False,False,True,False
4000000000.0,68.0,,58823529.4117647,False,False,True,False,False,True,False,True,False,False,False
15300000000.0,252.0,,60714285.71428572,False,False,True,True,False,False,True,False,False,False,False
4200000000.0,105.0,2.0,40000000.0,False,False,False,True,False,False,False,True,False,False,False
9200000000.0,158.0,,58227848.10126583,False,False,True,True,False,False,False,False,False,True,False
9000000000.0,86.0,,104651162.79069768,False,False,True,True,False,False,False,False,False,True,False
13500000000.0,177.0,,76271186.44067797,False,False,True,True,False,False,True,False,False,False,False
7200000000.0,87.0,,82758620.68965517,False,False,True,True,False,False,True,False,False,False,False
3700000000.0,76.0,2.0,48684210.526315786,False,False,False,True,False,False,False,True,False,False,False
2900000000.0,59.0,2.0,49152542.37288135,False,False,False,True,False,False,False,True,False,False,False
26000000000.0,136.0,,191176470.5882353,False,False,True,True,False,False,False,False,False,True,False
2690000000.0,59.0,1.0,45593220.33898305,False,False,False,True,False,False,False,True,False,False,False
3550000000.0,31.0,,114516129.03225806,False,False,True,True,False,False,False,False,False,True,False
11000000000.0,72.0,,152777777.7777778,False,False,True,True,False,False,False,False,False,True,False
4690000000.0,69.0,,67971014.49275362,False,False,True,True,False,False,False,True,False,False,False
2700000000.0,59.0,1.0,45762711.86440678,False,False,False,True,False,False,False,True,False,False,False
23900000000.0,275.0,2.0,86909090.9090909,False,False,False,True,False,False,True,False,False,False,False
7200000000.0,57.0,,126315789.4736842,False,False,True,True,False,False,False,False,False,True,False
2300000000.0,83.0,2.0,27710843.373493977,False,False,False,True,False,False,False,False,False,True,False
1490000000.0,106.0,1.0,14056603.773584906,False,False,False,True,False,False,False,False,False,False,True
20000000000.0,223.0,,89686098.65470852,False,False,True,True,False,False,False,False,False,False,True
7900000000.0,217.0,,36405529.95391705,False,False,True,True,False,False,False,False,False,True,False
4300000000.0,76.0,2.0,56578947.368421055,False,False,False,True,False,False,False,True,False,False,False
3200000000.0,40.0,2.0,80000000.0,False,False,False,True,False,False,False,False,False,False,True
16500000000.0,275.0,,60000000.0,False,False,True,False,True,False,False,False,False,True,False
1100000000.0,35.0,1.0,31428571.42857143,False,False,False,False,True,False,False,True,False,False,False
4300000000.0,64.0,4.0,67187500.0,False,False,False,False,True,False,False,False,False,True,False
1100000000.0,16.0,,68750000.0,False,False,True,False,True,False,False,False,False,True,False
1950000000.0,64.0,2.0,30468750.0,False,False,False,False,True,False,False,True,False,False,False
1830000000.0,53.0,1.0,34528301.88679245,False,False,False,False,True,False,False,True,False,False,False
2900000000.0,95.0,3.0,30526315.789473683,False,False,False,False,True,False,False,True,False,False,False
19000000000.0,170.0,,111764705.88235296,False,False,True,False,True,False,False,False,False,False,True
7100000000.0,120.0,,59166666.66666666,False,False,True,False,True,False,False,False,False,True,False
4300000000.0,70.0,2.0,61428571.42857143,False,False,False,False,True,False,False,False,False,True,False
5970000000.0,48.0,3.0,124375000.0,False,False,False,False,False,True,False,False,False,True,False
14000000000.0,294.0,,47619047.61904762,False,False,True,False,False,True,False,False,False,False,True
4890000000.0,119.0,,41092436.97478992,False,False,True,False,False,True,False,False,False,False,True
4600000000.0,66.0,2.0,69696969.6969697,False,False,False,False,False,True,False,True,False,False,False
29900000000.0,100.0,15.0,299000000.0,False,False,False,False,False,True,False,False,False,True,False
13950000000.0,200.0,10.0,69750000.0,False,False,False,False,False,True,True,False,False,False,False
5300000000.0,76.0,,69736842.10526316,False,False,True,False,False,True,False,True,False,False,False
3900000000.0,50.0,5.0,78000000.0,False,False,False,False,False,True,True,False,False,False,False
1300000000.0,32.0,2.0,40625000.0,False,False,False,False,False,True,False,False,False,True,False
3900000000.0,50.0,6.0,78000000.0,False,False,False,False,False,True,True,False,False,False,False
4190000000.0,50.0,5.0,83800000.0,False,False,False,False,False,True,False,False,False,True,False
4000000000.0,50.0,,80000000.0,False,False,True,False,False,True,False,False,False,True,False
1050000000.0,80.0,,13125000.0,False,False,True,False,False,True,False,False,False,False,True
5100000000.0,160.0,3.0,31875000.0,False,False,False,False,False,True,False,False,False,True,False
3450000000.0,130.0,,26538461.53846154,False,False,True,False,False,True,False,False,False,False,True
4800000000.0,50.0,,96000000.0,False,False,True,False,False,True,True,False,False,False,False
3400000000.0,67.5,,50370370.37037037,False,False,True,False,False,True,False,False,False,True,False
5890000000.0,126.0,,46746031.74603175,False,False,True,False,False,True,False,False,False,True,False
1500000000.0,114.0,1.0,13157894.736842103,False,False,False,False,False,True,False,False,False,True,False
2500000000.0,150.0,,16666666.666666666,False,False,True,False,False,True,False,False,False,True,False
5800000000.0,124.0,3.0,46774193.548387095,False,False,False,False,False,True,False,True,False,False,False
3300000000.0,40.0,,82500000.0,False,False,True,False,False,True,False,False,False,True,False
10000000000.0,88.0,,113636363.63636364,False,False,True,False,False,True,True,False,False,False,False
6500000000.0,107.0,,60747663.55140187,False,False,True,False,False,True,False,False,False,True,False
11600000000.0,67.0,,173134328.35820895,False,False,True,False,False,True,False,False,False,True,False
9700000000.0,55.0,,176363636.36363637,False,False,True,False,False,True,False,False,False,True,False
6500000000.0,64.0,,101562500.0,False,False,True,False,False,True,False,False,False,True,False
9860000000.0,57.0,4.0,172982456.14035088,False,False,False,False,False,True,False,False,False,True,False
14900000000.0,133.0,,112030075.18796992,False,False,True,False,False,True,False,False,False,False,True
9700000000.0,55.0,,176363636.36363637,False,False,True,False,False,True,True,False,False,False,False
6650000000.0,52.0,,127884615.3846154,False,False,True,False,False,True,False,False,False,True,False
9700000000.0,51.0,4.0,190196078.43137252,False,False,False,False,False,True,False,False,False,True,False
9700000000.0,53.0,4.0,183018867.9245283,False,False,False,False,False,True,True,False,False,False,False
9980000000.0,60.0,4.0,166333333.33333334,False,False,False,False,False,True,False,False,False,True,False
5700000000.0,61.0,,93442622.95081969,False,False,True,False,False,True,False,False,False,False,True
1250000000.0,100.0,,12500000.0,False,False,True,False,False,True,False,False,False,False,True
10800000000.0,64.0,,168750000.0,False,False,True,False,False,True,False,False,False,True,False
750000000.0,42.0,,17857142.85714286,False,False,True,False,False,True,False,False,False,True,False
5390000000.0,42.5,,126823529.41176473,False,False,True,False,False,True,False,False,False,True,False
10500000000.0,52.5,,200000000.0,False,False,True,False,False,True,False,False,False,True,False
8468000000.0,76.0,,111421052.63157897,False,False,True,False,False,True,False,False,False,True,False
4950000000.0,40.0,,123750000.0,False,False,True,False,False,True,False,False,False,True,False
9500000000.0,143.0,,66433566.43356644,False,False,True,False,False,True,False,False,False,True,False
6000000000.0,64.0,,93750000.0,False,False,True,False,False,True,False,False,False,True,False
12900000000.0,51.0,,252941176.47058824,False,False,True,False,False,True,False,False,False,True,False
7450000000.0,46.0,4.0,161956521.73913044,False,False,False,False,False,True,False,False,False,True,False
2200000000.0,54.0,2.0,40740740.74074074,False,False,False,False,False,True,False,True,False,False,False
6780000000.0,32.0,3.0,211875000.0,False,False,False,False,False,True,False,False,False,True,False
6700000000.0,35.0,3.0,191428571.42857143,False,False,False,False,False,True,False,False,False,True,False
9000000000.0,72.0,6.0,125000000.0,False,False,False,False,False,True,False,False,False,True,False
7390000000.0,85.0,3.0,86941176.47058824,False,False,False,False,False,True,False,False,False,True,False
8900000000.0,72.0,4.0,123611111.1111111,False,False,False,False,False,True,False,False,False,True,False
5900000000.0,40.0,4.0,147500000.0,False,False,False,False,False,True,False,False,False,True,False
6800000000.0,60.0,,113333333.33333331,False,False,True,False,False,True,False,False,False,True,False
23000000000.0,113.0,,203539823.0088496,False,False,True,False,False,True,False,False,False,True,False
4350000000.0,59.0,2.0,73728813.55932203,False,False,False,False,False,True,False,False,False,True,False
5500000000.0,48.0,2.0,114583333.33333331,False,False,False,False,False,True,False,False,False,True,False
10700000000.0,105.0,,101904761.90476193,False,False,True,False,False,True,False,False,False,True,False
5700000000.0,48.0,,118750000.0,False,False,True,False,False,True,False,False,False,True,False
5500000000.0,52.0,5.0,105769230.76923075,False,False,False,False,False,True,False,False,False,True,False
11500000000.0,100.0,,115000000.0,False,False,True,False,False,True,False,False,False,True,False
6700000000.0,91.0,,73626373.62637363,False,False,True,False,False,True,False,False,False,False,True
29000000000.0,273.0,,106227106.22710624,False,False,True,False,False,True,False,False,False,True,False
7700000000.0,57.0,4.0,135087719.2982456,False,False,False,False,False,True,False,False,False,True,False
5700000000.0,52.0,,109615384.6153846,False,False,True,False,False,True,False,False,False,True,False
33000000000.0,185.0,,178378378.3783784,False,False,True,False,False,True,False,False,False,True,False
6600000000.0,40.0,,165000000.0,False,False,True,False,False,True,False,False,False,True,False
6300000000.0,79.0,,79746835.44303797,False,False,True,False,False,True,False,False,False,True,False
14000000000.0,120.0,,116666666.66666669,False,False,True,False,False,True,True,False,False,False,False
6000000000.0,60.0,,100000000.0,False,False,True,False,False,True,False,False,False,True,False
4700000000.0,43.0,4.0,109302325.58139534,False,False,False,False,False,True,False,False,False,True,False
5400000000.0,30.0,4.0,180000000.0,False,False,False,False,False,True,False,False,False,True,False
6500000000.0,43.0,4.0,151162790.69767442,False,False,False,False,False,True,False,False,False,True,False
2800000000.0,87.0,2.0,32183908.04597701,False,False,False,False,False,True,False,True,False,False,False
2800000000.0,57.0,,49122807.01754386,False,False,True,False,False,True,False,False,False,False,True
2900000000.0,69.0,,42028985.507246375,False,False,True,False,False,True,False,False,False,True,False
8490000000.0,100.0,,84900000.0,False,False,True,False,False,True,False,False,False,True,False
5600000000.0,128.0,,43750000.0,False,False,True,False,False,True,False,False,False,False,True
13000000000.0,120.0,4.0,108333333.33333331,False,False,False,False,False,True,False,False,False,True,False
5600000000.0,67.0,,83582089.5522388,False,False,True,False,False,True,False,False,False,True,False
5390000000.0,96.0,4.0,56145833.333333336,False,False,False,False,False,True,False,False,False,True,False
4290000000.0,53.0,2.0,80943396.2264151,False,False,False,False,False,True,False,False,False,True,False
10000000000.0,118.0,,84745762.71186441,False,False,True,False,False,True,False,False,False,True,False
3180000000.0,36.0,2.0,88333333.33333333,False,False,False,False,False,True,False,False,False,True,False
4950000000.0,60.0,3.0,82500000.0,False,False,False,False,False,True,False,False,False,True,False
4590000000.0,64.0,2.0,71718750.0,False,False,False,False,False,True,False,False,False,True,False
5490000000.0,86.0,2.0,63837209.302325584,False,False,False,False,False,True,False,False,False,True,False
2800000000.0,72.0,2.0,38888888.88888889,False,False,False,False,False,True,False,True,False,False,False
10290000000.0,200.0,,51450000.0,False,False,True,False,False,True,True,False,False,False,False
5790000000.0,123.0,3.0,47073170.73170732,False,False,False,False,False,True,False,False,False,True,False
5100000000.0,92.0,,55434782.60869565,False,False,True,False,False,True,False,False,False,True,False
5650000000.0,80.0,,70625000.0,False,False,True,False,False,True,False,True,False,False,False
4500000000.0,56.0,3.0,80357142.85714285,False,False,False,False,False,True,False,False,False,True,False
5600000000.0,88.0,5.0,63636363.63636363,False,False,False,False,False,True,False,False,False,True,False
4360000000.0,52.0,2.0,83846153.84615384,False,False,False,False,False,True,False,False,False,True,False
4860000000.0,27.0,3.0,180000000.0,False,False,False,False,False,True,False,False,False,True,False
9900000000.0,200.0,9.0,49500000.0,False,False,False,False,False,True,False,False,False,False,True
3900000000.0,50.0,,78000000.0,False,False,True,False,False,True,False,False,False,False,True
3800000000.0,60.0,,63333333.333333336,False,False,True,False,False,True,False,False,False,False,True
15000000000.0,240.0,,62500000.0,False,False,True,False,False,True,False,False,False,True,False
5690000000.0,88.0,5.0,64659090.90909091,False,False,False,False,False,True,False,False,False,True,False
4900000000.0,148.0,,33108108.108108107,False,False,True,False,False,True,False,False,False,True,False
4360000000.0,52.0,,83846153.84615384,False,False,True,False,False,True,False,False,False,True,False
4950000000.0,57.0,,86842105.26315789,False,False,True,False,False,True,False,False,False,True,False
3700000000.0,79.0,,46835443.037974685,False,False,True,False,False,True,False,False,False,True,False
5900000000.0,80.0,3.0,73750000.0,False,False,False,False,False,True,False,False,False,True,False
3700000000.0,51.0,,72549019.60784313,False,False,True,False,False,True,False,False,False,False,True
4200000000.0,36.0,,116666666.66666669,False,False,True,False,False,True,False,False,False,True,False
8300000000.0,88.0,6.0,94318181.8181818,False,False,False,False,False,True,False,False,False,True,False
4080000000.0,48.0,3.0,85000000.0,False,False,False,False,False,True,False,False,False,True,False
3290000000.0,44.0,,74772727.27272727,False,False,True,False,False,True,False,False,False,True,False
3400000000.0,56.0,,60714285.71428572,False,False,True,False,False,True,False,False,False,True,False
5500000000.0,103.2,,53294573.64341085,False,False,True,False,False,True,False,False,False,True,False
720000000.0,21.0,,34285714.28571428,False,False,True,False,False,True,False,False,False,True,False
5800000000.0,68.0,4.0,85294117.64705883,False,False,False,False,False,True,False,False,False,True,False
935000000.0,36.3,,25757575.75757576,False,False,True,False,False,True,False,False,False,True,False
5100000000.0,72.0,5.0,70833333.33333333,False,False,False,False,False,True,False,False,False,True,False
6790000000.0,120.0,,56583333.333333336,False,False,True,False,False,True,False,False,False,True,False
6750000000.0,124.0,,54435483.87096774,False,False,True,False,False,True,False,False,False,True,False
6980000000.0,60.0,,116333333.33333331,False,False,True,False,False,True,False,False,False,True,False
4700000000.0,60.0,,78333333.33333333,False,False,True,False,False,True,False,False,False,True,False
6590000000.0,88.0,3.0,74886363.63636364,False,False,False,False,False,True,False,False,False,True,False
1300000000.0,36.0,,36111111.11111111,False,False,True,False,False,True,False,False,False,True,False
6300000000.0,100.0,,63000000.0,False,False,True,False,False,True,False,False,False,True,False
6490000000.0,32.0,3.0,202812500.0,False,False,False,False,False,True,False,False,False,True,False
30000000000.0,65.0,,461538461.5384616,False,False,True,False,False,True,False,False,False,True,False
9900000000.0,53.0,3.0,186792452.8301887,False,False,False,False,False,True,False,False,False,True,False
7200000000.0,78.0,,92307692.3076923,False,False,True,True,False,False,True,False,False,False,False
3750000000.0,75.0,,50000000.0,False,False,True,False,True,False,False,False,False,True,False
5950000000.0,72.0,,82638888.8888889,False,False,True,False,True,False,False,False,False,True,False
4950000000.0,60.0,5.0,82500000.0,False,False,False,False,True,False,True,False,False,False,False
38730000000.0,270.0,,143444444.44444445,False,False,True,False,True,False,True,False,False,False,False
4580000000.0,40.0,2.0,114500000.0,False,False,False,False,False,True,False,False,False,True,False
5880000000.0,49.0,2.0,120000000.0,False,False,False,False,False,True,False,False,False,True,False
24500000000.0,323.0,,75851393.18885449,False,False,True,False,False,True,False,False,False,True,False
5900000000.0,66.0,10.0,89393939.39393939,False,False,False,False,False,True,False,True,False,False,False
7000000000.0,100.0,,70000000.0,False,False,True,False,False,True,False,False,False,False,True
3000000000.0,50.0,,60000000.0,False,False,True,False,False,True,False,False,False,True,False
5900000000.0,56.0,1.0,105357142.85714284,False,False,False,False,False,True,False,True,False,False,False
2600000000.0,45.0,,57777777.777777776,False,False,True,False,False,True,False,False,False,True,False
3690000000.0,95.0,,38842105.2631579,False,False,True,False,False,True,False,False,False,True,False
4000000000.0,80.08,,49950049.95004995,False,False,True,False,False,True,False,False,False,False,True
3100000000.0,84.0,2.0,36904761.9047619,False,False,False,False,False,True,False,True,False,False,False
2800000000.0,59.0,2.0,47457627.11864407,False,False,False,False,False,True,False,True,False,False,False
7500000000.0,110.0,,68181818.18181819,False,False,True,False,False,True,False,False,False,False,True
12950000000.0,110.0,,117727272.72727272,False,False,True,False,False,True,False,False,False,True,False
4190000000.0,59.0,2.0,71016949.15254237,False,False,False,False,False,True,False,True,False,False,False
2650000000.0,100.0,,26500000.0,False,False,True,False,False,True,False,False,False,False,True
1490000000.0,60.0,,24833333.33333333,False,False,True,False,False,True,False,False,False,False,True
15000000000.0,134.0,,111940298.50746268,False,False,True,False,False,True,False,False,False,True,False
4550000000.0,127.5,,35686274.50980392,False,False,True,False,False,True,False,False,False,False,True
6100000000.0,60.0,,101666666.66666669,False,False,True,False,False,True,True,False,False,False,False
2800000000.0,100.0,,28000000.0,False,False,True,False,False,True,False,False,False,False,True
5000000000.0,50.0,,100000000.0,False,False,True,False,False,True,True,False,False,False,False
3500000000.0,50.0,,70000000.0,False,False,True,False,False,True,True,False,False,False,False
5890000000.0,64.0,4.0,92031250.0,False,False,False,False,False,True,False,False,False,True,False
2500000000.0,49.5,,50505050.5050505,False,False,True,False,False,True,False,False,False,True,False
2090000000.0,83.2,,25120192.307692308,False,False,True,False,False,True,False,False,False,False,True
1750000000.0,100.0,,17500000.0,False,False,True,False,False,True,False,False,False,False,True
1450000000.0,100.0,,14500000.0,False,False,True,False,False,True,False,False,False,False,True
1600000000.0,100.0,,16000000.0,False,False,True,False,False,True,False,False,False,False,True
5500000000.0,86.0,,63953488.37209302,False,False,True,False,False,True,False,False,False,True,False
36000000000.0,272.0,,132352941.1764706,False,False,True,False,False,True,True,False,False,False,False
12000000000.0,90.0,3.0,133333333.33333331,False,False,False,False,False,True,False,False,False,True,False
7300000000.0,60.0,,121666666.66666669,False,False,True,False,False,True,False,False,False,True,False
10500000000.0,101.0,4.0,103960396.03960396,False,False,False,False,False,True,False,False,False,True,False
12000000000.0,90.0,,133333333.33333331,False,False,True,False,False,True,False,False,False,True,False
25000000000.0,92.0,16.0,271739130.4347826,False,False,False,False,False,True,False,False,False,True,False
9700000000.0,54.0,4.0,179629629.62962964,False,False,False,False,False,True,False,False,False,True,False
5900000000.0,70.0,3.0,84285714.28571428,False,False,False,False,False,True,False,False,False,True,False
2600000000.0,97.0,2.0,26804123.711340208,False,False,False,False,False,True,False,True,False,False,False
37000000000.0,278.0,7.0,133093525.17985612,False,False,False,False,False,True,True,False,False,False,False
9700000000.0,153.0,,63398692.81045751,False,False,True,False,False,True,False,False,False,False,True
4600000000.0,46.0,2.0,100000000.0,False,False,False,False,False,True,False,False,False,True,False
12680000000.0,90.0,,140888888.8888889,False,False,True,False,False,True,False,False,False,True,False
6500000000.0,50.0,2.0,130000000.0,False,False,False,False,False,True,False,False,False,True,False
4190000000.0,50.0,3.0,83800000.0,False,False,False,False,False,True,False,False,False,True,False
9700000000.0,51.0,,190196078.43137252,False,False,True,False,False,True,True,False,False,False,False
6600000000.0,50.0,,132000000.0,False,False,True,False,False,True,False,False,False,True,False
5750000000.0,60.0,,95833333.33333331,False,False,True,False,False,True,False,False,False,True,False
9700000000.0,51.0,,190196078.43137252,False,False,True,False,False,True,False,False,False,True,False
5500000000.0,55.0,3.0,100000000.0,False,False,False,False,False,True,False,False,False,True,False
5500000000.0,40.0,3.0,137500000.0,False,False,False,False,False,True,False,False,False,True,False
3790000000.0,24.0,,157916666.66666666,False,False,True,False,False,True,False,False,False,True,False
21000000000.0,152.0,13.0,138157894.7368421,False,False,False,False,False,True,False,False,False,True,False
3790000000.0,24.0,2.0,157916666.66666666,False,False,False,False,False,True,False,False,False,True,False
18500000000.0,100.0,,185000000.0,False,False,True,False,False,True,False,False,False,True,False
9600000000.0,60.0,4.0,160000000.0,False,False,False,False,False,True,False,False,False,True,False
4500000000.0,96.0,,46875000.0,False,False,True,False,False,True,False,False,False,False,True
7500000000.0,66.5,,112781954.88721804,False,False,True,False,False,True,False,False,False,True,False
5900000000.0,53.0,,111320754.71698111,False,False,True,False,False,True,False,False,False,True,False
4400000000.0,34.0,,129411764.70588236,False,False,True,False,False,True,False,False,False,True,False
3900000000.0,60.0,,65000000.0,False,False,True,False,False,True,False,False,False,True,False
4000000000.0,40.0,,100000000.0,False,False,True,False,False,True,False,False,False,True,False
25000000000.0,116.0,15.0,215517241.37931037,False,False,False,False,False,True,False,False,False,True,False
22000000000.0,112.0,7.0,196428571.42857143,False,False,False,False,False,True,False,False,False,True,False
5500000000.0,95.0,2.0,57894736.84210526,False,False,False,False,False,True,False,True,False,False,False
33000000000.0,135.0,,244444444.44444445,False,False,True,False,False,True,False,False,False,True,False
26000000000.0,176.0,,147727272.72727272,False,False,True,False,False,True,False,False,False,True,False
9400000000.0,80.0,5.0,117500000.0,False,False,False,False,False,True,False,False,False,True,False
5000000000.0,48.0,,104166666.66666669,False,False,True,False,False,True,False,False,False,True,False
8000000000.0,68.0,4.0,117647058.8235294,False,False,False,False,False,True,False,False,False,True,False
9650000000.0,80.0,,120625000.0,False,False,True,False,False,True,False,False,False,True,False
11500000000.0,100.0,5.0,115000000.0,False,False,False,False,False,True,False,False,False,True,False
8200000000.0,48.0,,170833333.33333334,False,False,True,False,False,True,False,False,False,True,False
29500000000.0,272.0,,108455882.35294116,False,False,True,False,False,True,False,False,False,True,False
12500000000.0,100.0,3.0,125000000.0,False,False,False,False,False,True,False,False,False,True,False
9990000000.0,72.0,,138750000.0,False,False,True,False,False,True,False,False,False,True,False
7000000000.0,69.0,,101449275.36231884,False,False,True,False,False,True,False,False,False,True,False
11000000000.0,93.0,,118279569.89247312,False,False,True,False,False,True,False,False,False,True,False
9990000000.0,72.0,,138750000.0,False,False,True,False,False,True,False,False,False,True,False
11500000000.0,106.0,4.0,108490566.03773583,False,False,False,False,False,True,False,False,False,True,False
7100000000.0,76.0,2.0,93421052.63157897,False,False,False,False,False,True,False,False,False,True,False
10000000000.0,74.0,,135135135.13513514,False,False,True,False,False,True,False,False,False,True,False
5200000000.0,52.0,4.0,100000000.0,False,False,False,False,False,True,False,False,False,True,False
7800000000.0,60.0,2.0,130000000.0,False,False,False,False,False,True,False,False,False,True,False
6500000000.0,79.0,,82278481.01265822,False,False,True,False,False,True,False,False,False,True,False
13500000000.0,120.0,22.0,112500000.0,False,False,False,False,False,True,False,False,False,True,False
5800000000.0,56.0,2.0,103571428.57142857,False,False,False,False,False,True,False,False,False,True,False
7000000000.0,70.0,3.0,100000000.0,False,False,False,False,False,True,False,False,False,True,False
15000000000.0,100.0,4.0,150000000.0,False,False,False,False,False,True,False,False,False,True,False
4950000000.0,41.4,,119565217.39130436,False,False,True,False,False,True,False,False,False,True,False
6000000000.0,55.0,4.0,109090909.0909091,False,False,False,False,False,True,False,False,False,True,False
4990000000.0,58.0,,86034482.7586207,False,False,True,False,False,True,False,False,False,True,False
14000000000.0,120.0,,116666666.66666669,False,False,True,False,False,True,True,False,False,False,False
8600000000.0,52.0,4.0,165384615.3846154,False,False,False,False,False,True,False,False,False,True,False
5600000000.0,37.0,3.0,151351351.35135135,False,False,False,False,False,True,False,False,False,True,False
29900000000.0,182.0,,164285714.2857143,False,False,True,False,False,True,False,False,False,True,False
7000000000.0,66.0,4.0,106060606.06060606,False,False,False,False,False,True,False,False,False,True,False
3350000000.0,48.0,3.0,69791666.66666667,False,False,False,False,False,True,False,False,False,True,False
9900000000.0,60.0,,165000000.0,False,False,True,False,False,True,False,False,False,True,False
8700000000.0,53.0,5.0,164150943.3962264,False,False,False,False,False,True,False,False,False,True,False
2600000000.0,16.0,,162500000.0,False,False,True,False,False,True,False,False,False,True,False
9500000000.0,75.0,,126666666.66666669,False,False,True,False,False,True,False,False,False,True,False
4600000000.0,100.0,,46000000.0,False,False,True,False,False,True,False,False,False,False,True
1150000000.0,31.5,2.0,36507936.50793651,False,False,False,False,False,True,False,False,False,True,False
5150000000.0,160.0,,32187500.0,False,False,True,False,False,True,False,False,False,False,True
2290000000.0,65.0,2.0,35230769.23076923,False,False,False,False,False,True,False,True,False,False,False
29000000000.0,300.0,28.0,96666666.66666669,False,False,False,False,False,True,False,False,False,True,False
4700000000.0,97.0,,48453608.24742268,False,False,True,False,False,True,False,False,False,False,True
2500000000.0,30.0,3.0,83333333.33333333,False,False,False,False,False,True,False,False,False,True,False
4250000000.0,56.0,,75892857.14285715,False,False,True,False,False,True,False,False,False,False,True
1450000000.0,50.0,,29000000.0,False,False,True,False,False,True,False,False,False,False,True
7300000000.0,95.0,,76842105.26315789,False,False,True,False,False,True,False,False,False,True,False
5800000000.0,93.0,,62365591.39784946,False,False,True,False,False,True,False,False,False,False,True
4650000000.0,110.0,,42272727.27272727,False,False,True,False,False,True,False,False,False,False,True
10500000000.0,340.0,4.0,30882352.94117647,False,False,False,False,False,True,True,False,False,False,False
4600000000.0,52.0,,88461538.46153846,False,False,True,False,False,True,False,False,False,True,False
5390000000.0,145.3,,37095664.143152095,False,False,True,False,False,True,False,False,False,False,True
7490000000.0,77.0,4.0,97272727.27272728,False,False,False,False,False,True,False,False,False,True,False
5160000000.0,51.0,3.0,101176470.58823527,False,False,False,False,False,True,False,False,False,True,False
4500000000.0,65.0,,69230769.23076923,False,False,True,False,False,True,False,False,False,False,True
1890000000.0,17.0,,111176470.58823527,False,False,True,False,False,True,False,False,False,True,False
8100000000.0,100.0,,81000000.0,False,False,True,False,False,True,False,False,False,True,False
8000000000.0,272.0,,29411764.70588235,False,False,True,False,False,True,False,False,False,False,True
7500000000.0,100.0,,75000000.0,False,False,True,False,False,True,False,False,False,True,False
6490000000.0,131.0,,49541984.73282443,False,False,True,False,False,True,False,False,False,False,True
6990000000.0,133.0,,52556390.977443606,False,False,True,False,False,True,False,False,False,False,True
5750000000.0,49.0,3.0,117346938.7755102,False,False,False,False,False,True,False,False,False,True,False
5750000000.0,51.0,,112745098.03921568,False,False,True,False,False,True,False,False,False,True,False
4800000000.0,65.0,3.0,73846153.84615384,False,False,False,False,False,True,False,False,False,True,False
4700000000.0,65.0,,72307692.3076923,False,False,True,False,False,True,False,False,False,False,True
7090000000.0,120.0,4.0,59083333.333333336,False,False,False,False,False,True,False,False,False,True,False
7500000000.0,81.0,,92592592.5925926,False,False,True,False,False,True,False,False,False,True,False
4500000000.0,65.0,,69230769.23076923,False,False,True,False,False,True,False,False,False,True,False
11200000000.0,105.0,20.0,106666666.66666669,False,False,False,False,False,True,False,False,False,True,False
6500000000.0,83.0,3.0,78313253.0120482,False,False,False,False,False,True,False,False,False,True,False
4100000000.0,58.0,2.0,70689655.1724138,False,False,False,False,False,True,False,False,False,True,False
5200000000.0,129.0,2.0,40310077.51937985,False,False,False,False,False,True,False,False,False,False,True
4500000000.0,88.0,,51136363.63636363,False,False,True,False,False,True,False,False,False,True,False
5500000000.0,57.0,,96491228.07017544,False,False,True,False,False,True,False,False,False,True,False
25000000000.0,250.0,,100000000.0,False,False,True,False,False,True,False,False,False,True,False
5200000000.0,68.0,,76470588.23529412,False,False,True,False,False,True,False,False,False,True,False
4290000000.0,72.0,5.0,59583333.333333336,False,False,False,False,False,True,False,False,False,True,False
6000000000.0,67.5,,88888888.8888889,False,False,True,False,False,True,False,False,False,True,False
4300000000.0,51.7,,83172147.00193423,False,False,True,False,False,True,False,False,False,False,True
3500000000.0,81.0,2.0,43209876.54320987,False,False,False,False,False,True,False,False,False,True,False
4700000000.0,60.0,,78333333.33333333,False,False,True,False,False,True,False,False,False,True,False
14500000000.0,53.0,7.0,273584905.6603774,False,False,False,False,False,True,False,True,False,False,False
34000000000.0,60.0,,566666666.6666666,False,False,True,False,False,True,False,False,False,True,False
18000000000.0,73.0,,246575342.46575344,False,False,True,False,False,True,False,False,False,True,False
32000000000.0,60.0,,533333333.3333333,False,False,True,False,False,True,False,False,False,True,False
9890000000.0,65.0,,152153846.15384614,False,False,True,False,False,True,False,False,False,True,False
4000000000.0,54.0,,74074074.07407407,False,False,True,False,False,True,False,False,False,True,False
1500000000.0,68.0,,22058823.529411763,False,False,True,False,False,True,False,True,False,False,False
5000000000.0,78.0,2.0,64102564.1025641,False,False,False,False,False,True,False,False,False,True,False
4700000000.0,56.0,,83928571.42857143,False,False,True,False,False,True,False,False,False,True,False
4400000000.0,78.0,2.0,56410256.41025641,False,False,False,False,False,True,False,True,False,False,False
1750000000.0,50.0,2.0,35000000.0,False,False,False,False,False,True,False,True,False,False,False
1746000000.0,50.2,,34780876.494023904,False,False,True,False,False,True,False,True,False,False,False
3450000000.0,120.0,,28750000.0,False,False,True,False,False,True,False,False,False,False,True
5300000000.0,80.0,4.0,66250000.0,False,False,False,False,False,True,False,False,False,True,False
5000000000.0,184.0,,27173913.04347826,False,False,True,False,False,True,False,False,False,False,True
1650000000.0,125.0,,13200000.0,False,False,True,False,False,True,False,False,False,False,True
2600000000.0,77.0,,33766233.766233765,False,False,True,False,False,True,False,True,False,False,False
5200000000.0,30.5,1.0,170491803.27868852,False,False,False,False,False,True,False,False,False,True,False
9800000000.0,96.0,,102083333.33333331,False,False,True,False,False,True,False,False,False,True,False
21800000000.0,80.0,,272500000.0,False,False,True,False,False,True,False,False,False,True,False
4650000000.0,55.0,,84545454.54545455,False,False,True,False,False,True,False,False,False,True,False
29900000000.0,300.0,,99666666.66666669,False,False,True,False,False,True,False,False,False,True,False
7450000000.0,52.0,,143269230.76923078,False,False,True,False,False,True,False,False,False,True,False
5400000000.0,48.0,,112500000.0,False,False,True,False,False,True,False,False,False,True,False
8800000000.0,70.0,3.0,125714285.71428572,False,False,False,False,False,True,False,False,False,True,False
6980000000.0,80.0,,87250000.0,False,False,True,False,False,True,False,True,False,False,False
23000000000.0,105.0,,219047619.04761904,False,False,True,False,False,True,False,False,False,True,False
8260000000.0,43.0,4.0,192093023.255814,False,False,False,False,False,True,False,False,False,True,False
3900000000.0,30.0,,130000000.0,False,False,True,False,False,True,False,False,False,True,False
9800000000.0,110.0,,89090909.0909091,False,False,True,False,False,True,False,False,False,True,False
5290000000.0,42.0,,125952380.95238096,False,False,True,False,False,True,False,False,False,True,False
14000000000.0,70.0,,200000000.0,False,False,True,False,False,True,False,False,False,True,False
25000000000.0,100.0,,250000000.0,False,False,True,False,False,True,False,False,False,True,False
5870000000.0,74.0,2.0,79324324.32432432,False,False,False,False,False,True,False,True,False,False,False
7550000000.0,45.0,,167777777.7777778,False,False,True,False,False,True,False,False,False,True,False
6380000000.0,41.0,3.0,155609756.09756097,False,False,False,False,False,True,False,False,False,True,False
7500000000.0,40.0,4.0,187500000.0,False,False,False,False,False,True,True,False,False,False,False
5900000000.0,40.0,,147500000.0,False,False,True,False,False,True,False,False,False,True,False
8000000000.0,80.0,,100000000.0,False,False,True,False,False,True,False,False,False,True,False
8500000000.0,66.0,,128787878.78787878,False,False,True,False,False,True,False,False,False,True,False
9300000000.0,60.0,5.0,155000000.0,False,False,False,False,False,True,False,False,False,True,False
10700000000.0,48.0,,222916666.66666663,False,False,True,False,False,True,False,False,False,True,False
18500000000.0,92.0,,201086956.52173916,False,False,True,False,False,True,False,False,False,True,False
3800000000.0,63.0,2.0,60317460.31746032,False,False,False,False,False,True,False,True,False,False,False
11000000000.0,80.0,,137500000.0,False,False,True,False,False,True,False,False,False,True,False
8900000000.0,64.0,,139062500.0,False,False,True,False,False,True,False,False,False,True,False
15000000000.0,76.0,,197368421.0526316,False,False,True,False,False,True,False,False,False,True,False
9200000000.0,62.0,,148387096.77419356,False,False,True,False,False,True,False,False,False,True,False
8500000000.0,84.0,,101190476.1904762,False,False,True,False,False,True,False,False,False,True,False
3600000000.0,70.0,,51428571.42857143,False,False,True,False,False,True,False,False,False,False,True
4490000000.0,100.0,,44900000.0,False,False,True,False,False,True,False,False,False,False,True
10290000000.0,180.0,,57166666.66666666,False,False,True,False,False,True,False,False,False,False,True
4550000000.0,97.0,,46907216.49484536,False,False,True,False,False,True,False,False,False,False,True
2600000000.0,50.0,,52000000.0,False,False,True,False,False,True,False,False,False,True,False
4950000000.0,56.1,3.0,88235294.11764705,False,False,False,False,False,True,False,False,False,True,False
7990000000.0,184.0,,43423913.04347826,False,False,True,False,False,True,False,False,False,True,False
8000000000.0,300.0,,26666666.666666668,False,False,True,False,False,True,True,False,False,False,False
7700000000.0,68.0,,113235294.11764704,False,False,True,False,False,True,False,False,False,True,False
4000000000.0,69.0,,57971014.492753625,False,False,True,False,False,True,False,False,False,False,True
14000000000.0,68.0,,205882352.94117647,False,False,True,False,False,True,False,True,False,False,False
39000000000.0,79.8,,488721804.5112782,False,False,True,False,False,True,False,False,False,True,False
2860000000.0,120.0,3.0,23833333.33333333,False,False,False,False,True,False,False,False,False,True,False
2800000000.0,53.0,1.0,52830188.679245286,False,False,False,False,True,False,False,True,False,False,False
3550000000.0,120.0,6.0,29583333.33333333,False,False,False,False,True,False,True,False,False,False,False
2800000000.0,100.0,3.0,28000000.0,False,False,False,False,True,False,True,False,False,False,False
7200000000.0,110.0,,65454545.45454545,False,False,True,False,True,False,False,False,False,True,False
5500000000.0,150.0,,36666666.66666666,False,False,True,False,True,False,True,False,False,False,False
3600000000.0,100.0,,36000000.0,False,False,True,False,True,False,False,False,False,True,False
2103000000.0,56.0,2.0,37553571.42857143,False,False,False,False,True,False,False,True,False,False,False
2100000000.0,63.0,2.0,33333333.33333333,False,False,False,False,True,False,False,True,False,False,False
3200000000.0,76.0,2.0,42105263.15789474,False,False,False,False,True,False,False,True,False,False,False
24200000000.0,225.0,,107555555.55555557,False,False,True,False,False,True,True,False,False,False,False
1650000000.0,40.0,2.0,41250000.0,False,False,False,False,False,True,False,False,False,True,False
1900000000.0,62.0,,30645161.29032258,False,False,True,False,False,True,False,False,False,True,False
3000000000.0,100.0,,30000000.0,False,False,True,False,False,True,False,False,False,False,True
10000000000.0,100.0,,100000000.0,False,False,True,False,False,True,False,False,False,True,False
32000000000.0,200.0,,160000000.0,False,False,True,False,False,True,False,False,False,False,True
19500000000.0,120.0,,162500000.0,False,False,True,False,False,True,True,False,False,False,False
4600000000.0,66.0,2.0,69696969.6969697,False,False,False,False,False,True,False,True,False,False,False
2850000000.0,47.0,2.0,60638297.872340426,False,False,False,False,False,True,False,False,False,True,False
6000000000.0,166.0,,36144578.313253015,False,False,True,False,False,True,False,False,False,False,True
4000000000.0,250.0,,16000000.0,False,False,True,False,False,True,False,False,False,True,False
4800000000.0,98.0,,48979591.8367347,False,False,True,False,False,True,False,False,False,True,False
1500000000.0,100.0,,15000000.0,False,False,True,False,False,True,False,False,False,False,True
7690000000.0,65.0,5.0,118307692.3076923,False,False,False,False,False,True,False,False,False,True,False
6500000000.0,40.0,3.0,162500000.0,False,False,False,False,False,True,False,False,False,True,False
10500000000.0,60.0,5.0,175000000.0,False,False,False,False,False,True,False,False,False,True,False
3450000000.0,73.0,,47260273.97260274,False,False,True,False,False,True,False,True,False,False,False
6890000000.0,110.0,2.0,62636363.63636363,False,False,False,False,False,True,False,False,False,True,False
9300000000.0,98.0,3.0,94897959.18367349,False,False,False,False,False,True,False,True,False,False,False
4990000000.0,54.0,4.0,92407407.4074074,False,False,False,False,False,True,False,False,False,True,False
7300000000.0,80.0,3.0,91250000.0,False,False,False,False,False,True,False,False,False,True,False
6600000000.0,50.0,,132000000.0,False,False,True,False,False,True,False,True,False,False,False
5300000000.0,50.0,2.0,106000000.0,False,False,False,False,False,True,False,False,False,True,False
4000000000.0,68.78,2.0,58156440.82582146,False,False,False,False,False,True,False,True,False,False,False
4000000000.0,68.78,2.0,58156440.82582146,False,False,False,False,False,True,False,True,False,False,False
5700000000.0,61.0,,93442622.95081969,False,False,True,False,False,True,False,False,False,False,True
2950000000.0,15.0,2.0,196666666.66666663,False,False,False,False,False,True,False,False,False,True,False
9900000000.0,52.0,,190384615.3846154,False,False,True,False,False,True,False,False,False,True,False
7100000000.0,82.0,2.0,86585365.85365854,False,False,False,False,False,True,False,True,False,False,False
35000000000.0,190.0,,184210526.31578943,False,False,True,False,False,True,False,True,False,False,False
5800000000.0,40.0,,145000000.0,False,False,True,False,False,True,False,False,False,True,False
29500000000.0,272.0,,108455882.35294116,False,False,True,False,False,True,False,False,False,True,False
6900000000.0,69.0,,100000000.0,False,False,True,False,False,True,False,False,False,True,False
7200000000.0,58.0,,124137931.03448276,False,False,True,False,False,True,False,False,False,True,False
21500000000.0,106.0,,202830188.6792453,False,False,True,False,False,True,False,False,False,True,False
38900000000.0,208.0,,187019230.7692308,False,False,True,False,False,True,False,False,False,False,True
13500000000.0,87.0,,155172413.79310346,False,False,True,False,False,True,False,False,False,True,False
6900000000.0,62.0,,111290322.58064516,False,False,True,False,False,True,False,False,False,True,False
9790000000.0,65.0,2.0,150615384.6153846,False,False,False,False,False,True,False,False,False,True,False
8500000000.0,64.0,,132812500.0,False,False,True,False,False,True,False,False,False,True,False
5600000000.0,48.0,4.0,116666666.66666669,False,False,False,False,False,True,False,False,False,True,False
7860000000.0,64.0,,122812500.0,False,False,True,False,False,True,False,False,False,True,False
14000000000.0,78.0,4.0,179487179.4871795,False,False,False,False,False,True,False,False,False,True,False
4100000000.0,40.0,3.0,102500000.0,False,False,False,False,False,True,False,False,False,True,False
7800000000.0,64.0,4.0,121875000.0,False,False,False,False,False,True,False,False,False,True,False
12500000000.0,70.0,,178571428.57142857,False,False,True,False,False,True,False,False,False,True,False
5400000000.0,56.0,2.0,96428571.42857143,False,False,False,False,False,True,False,False,False,True,False
22500000000.0,235.0,,95744680.85106383,False,False,True,False,False,True,True,False,False,False,False
8500000000.0,64.0,,132812500.0,False,False,True,False,False,True,False,False,False,True,False
6500000000.0,30.0,,216666666.66666663,False,False,True,False,False,True,False,False,False,True,False
8900000000.0,77.0,10.0,115584415.58441558,False,False,False,False,False,True,False,False,False,True,False
4050000000.0,64.0,3.0,63281250.0,False,False,False,False,False,True,False,False,False,True,False
3350000000.0,23.0,3.0,145652173.91304347,False,False,False,False,False,True,False,False,False,True,False
13850000000.0,88.0,,157386363.63636363,False,False,True,False,False,True,False,False,False,True,False
4900000000.0,275.0,,17818181.818181816,False,False,True,False,False,True,False,False,False,True,False
9950000000.0,66.0,4.0,150757575.75757575,False,False,False,False,False,True,False,False,False,True,False
8000000000.0,80.0,6.0,100000000.0,False,False,False,False,False,True,False,False,False,True,False
7600000000.0,56.0,,135714285.7142857,False,False,True,False,False,True,False,False,False,False,True
12450000000.0,100.0,,124500000.0,False,False,True,False,False,True,False,False,False,False,True
9200000000.0,62.0,,148387096.77419356,False,False,True,False,False,True,False,False,False,True,False
9900000000.0,84.0,,117857142.85714284,False,False,True,False,False,True,False,False,False,True,False
13500000000.0,83.0,,162650602.40963855,False,False,True,False,False,True,False,False,False,True,False
9000000000.0,65.0,,138461538.46153846,False,False,True,False,False,True,False,False,False,True,False
8000000000.0,80.0,,100000000.0,False,False,True,False,False,True,False,False,False,True,False
10500000000.0,60.0,,175000000.0,False,False,True,False,False,True,False,False,False,True,False
13900000000.0,76.0,,182894736.84210527,False,False,True,False,False,True,False,False,False,True,False
9900000000.0,62.0,,159677419.3548387,False,False,True,False,False,True,False,False,False,True,False
8000000000.0,77.0,,103896103.89610387,False,False,True,False,False,True,False,False,False,True,False
7800000000.0,35.0,,222857142.85714287,False,False,True,False,False,True,False,True,False,False,False
7300000000.0,50.0,,146000000.0,False,False,True,False,False,True,False,False,False,True,False
2950000000.0,40.0,1.0,73750000.0,False,False,False,False,False,True,False,True,False,False,False
6800000000.0,44.0,,154545454.54545453,False,False,True,False,False,True,False,False,False,True,False
5150000000.0,28.0,4.0,183928571.42857143,False,False,False,False,False,True,False,False,False,True,False
9490000000.0,68.0,,139558823.52941176,False,False,True,False,False,True,False,False,False,True,False
13900000000.0,88.0,,157954545.45454547,False,False,True,False,False,True,False,False,False,True,False
7500000000.0,65.0,,115384615.3846154,False,False,True,False,False,True,False,False,False,True,False
8500000000.0,62.0,,137096774.19354838,False,False,True,False,False,True,False,False,False,True,False
39900000000.0,220.0,35.0,181363636.3636364,False,False,False,False,False,True,False,False,False,True,False
4250000000.0,150.0,,28333333.33333333,False,False,True,False,False,True,False,False,False,False,True
2680000000.0,40.0,2.0,67000000.0,False,False,False,False,False,True,False,False,False,True,False
3150000000.0,60.0,,52500000.0,False,False,True,False,False,True,False,False,False,True,False
4300000000.0,109.0,,39449541.28440367,False,False,True,False,False,True,False,False,False,False,True
3800000000.0,50.0,,76000000.0,False,False,True,False,False,True,False,False,False,False,True
3900000000.0,60.0,,65000000.0,False,False,True,False,False,True,False,False,False,False,True
5950000000.0,88.0,,67613636.36363636,False,False,True,False,False,True,False,False,False,True,False
5800000000.0,88.0,,65909090.90909091,False,False,True,False,False,True,False,False,False,True,False
6200000000.0,43.0,,144186046.5116279,False,False,True,False,False,True,False,False,False,True,False
5300000000.0,112.0,,47321428.571428575,False,False,True,False,False,True,False,False,False,True,False
4080000000.0,50.0,,81600000.0,False,False,True,False,False,True,False,False,False,True,False
6990000000.0,96.0,3.0,72812500.0,False,False,False,False,False,True,False,False,False,True,False
4300000000.0,130.0,2.0,33076923.07692308,False,False,False,False,False,True,False,False,False,True,False
4450000000.0,100.0,2.0,44500000.0,False,False,False,False,False,True,False,False,False,True,False
3990000000.0,57.0,,70000000.0,False,False,True,False,False,True,False,False,False,False,True
7350000000.0,100.0,,73500000.0,False,False,True,False,False,True,False,False,False,True,False
4500000000.0,63.0,3.0,71428571.42857143,False,False,False,False,False,True,False,False,False,True,False
7400000000.0,52.0,4.0,142307692.30769232,False,False,False,False,False,True,False,False,False,True,False
9900000000.0,285.0,10.0,34736842.10526316,False,False,False,False,False,True,False,False,False,True,False
18000000000.0,73.0,,246575342.46575344,False,False,True,False,False,True,False,False,False,False,True
25500000000.0,79.0,,322784810.12658226,False,False,True,False,False,True,False,False,False,True,False
25000000000.0,57.0,,438596491.2280702,False,False,True,False,False,True,False,False,False,True,False
2270000000.0,51.3,,44249512.67056531,False,False,True,False,True,False,False,True,False,False,False
17500000000.0,317.5,,55118110.23622047,False,False,True,False,True,False,True,False,False,False,False
2100000000.0,80.0,2.0,26250000.0,False,False,False,False,True,False,False,True,False,False,False
2350000000.0,55.0,,42727272.72727273,False,False,True,False,True,False,False,True,False,False,False
8100000000.0,85.0,,95294117.64705884,False,False,True,False,True,False,False,False,False,True,False
2800000000.0,56.0,2.0,50000000.0,False,False,False,False,True,False,False,True,False,False,False
1700000000.0,67.0,2.0,25373134.32835821,False,False,False,False,True,False,False,True,False,False,False
5650000000.0,95.0,,59473684.21052632,False,False,True,False,True,False,False,False,False,True,False
3500000000.0,102.0,,34313725.49019608,False,False,True,False,True,False,False,False,False,True,False
5300000000.0,60.0,4.0,88333333.33333333,False,False,False,False,True,False,False,False,False,True,False
3680000000.0,60.0,3.0,61333333.333333336,False,False,False,False,True,False,False,False,False,True,False
8000000000.0,110.0,,72727272.72727273,False,False,True,False,False,True,False,False,False,True,False
5000000000.0,38.0,3.0,131578947.36842103,False,False,False,False,False,True,False,False,False,True,False
11400000000.0,75.0,,152000000.0,False,False,True,False,False,True,True,False,False,False,False
2750000000.0,100.0,,27500000.0,False,False,True,False,False,True,False,False,False,False,True
4900000000.0,105.0,2.0,46666666.66666666,False,False,False,False,False,True,False,False,False,True,False
3600000000.0,72.0,2.0,50000000.0,False,False,False,False,False,True,False,False,False,True,False
1489000000.0,48.76,2.0,30537325.67678425,False,False,False,False,False,True,False,True,False,False,False
5300000000.0,75.0,,70666666.66666667,False,False,True,False,False,True,False,True,False,False,False
2750000000.0,66.0,2.0,41666666.66666666,False,False,False,False,False,True,False,True,False,False,False
3800000000.0,111.0,,34234234.23423424,False,False,True,False,False,True,False,False,False,False,True
2300000000.0,90.0,,25555555.55555556,False,False,True,False,False,True,False,False,False,False,True
2400000000.0,80.0,,30000000.0,False,False,True,False,False,True,False,False,False,False,True
5590000000.0,100.0,3.0,55900000.0,False,False,False,False,False,True,False,False,False,True,False
6800000000.0,50.0,,136000000.0,False,False,True,False,False,True,True,False,False,False,False
2750000000.0,82.0,,33536585.36585366,False,False,True,False,False,True,False,False,False,False,True
4900000000.0,50.0,,98000000.0,False,False,True,False,False,True,True,False,False,False,False
6200000000.0,100.0,,62000000.0,False,False,True,False,False,True,False,False,False,True,False
650000000.0,36.0,,18055555.55555556,False,False,True,False,False,True,False,False,False,True,False
3680000000.0,141.0,,26099290.780141845,False,False,True,False,False,True,False,False,False,False,True
5100000000.0,102.0,,50000000.0,False,False,True,False,False,True,False,False,False,False,True
1950000000.0,154.0,,12662337.662337665,False,False,True,False,False,True,False,False,False,False,True
4500000000.0,223.0,,20179372.197309416,False,False,True,False,False,True,False,False,False,True,False
3200000000.0,74.0,2.0,43243243.24324324,False,False,False,False,False,True,False,True,False,False,False
3100000000.0,60.0,2.0,51666666.66666666,False,False,False,False,False,True,False,True,False,False,False
2280000000.0,11.8,,193220338.9830508,False,False,True,False,False,True,False,False,False,True,False
5100000000.0,108.0,5.0,47222222.222222224,False,False,False,False,False,True,False,True,False,False,False
13000000000.0,90.0,3.0,144444444.44444445,False,False,False,False,False,True,False,False,False,True,False
5200000000.0,30.0,3.0,173333333.33333334,False,False,False,False,False,True,False,False,False,True,False
3490000000.0,40.0,2.0,87250000.0,False,False,False,False,False,True,False,False,False,True,False
3790000000.0,45.0,2.0,84222222.22222222,False,False,False,False,False,True,False,False,False,True,False
3700000000.0,30.0,3.0,123333333.33333331,False,False,False,False,False,True,False,False,False,True,False
12000000000.0,70.0,,171428571.42857143,False,False,True,False,False,True,False,False,False,True,False
10000000000.0,101.0,7.0,99009900.990099,False,False,False,False,False,True,False,False,False,True,False
22500000000.0,80.0,,281250000.0,False,False,True,False,False,True,False,False,False,True,False
3500000000.0,70.0,,50000000.0,False,False,True,False,False,True,False,False,False,False,True
3990000000.0,50.0,3.0,79800000.0,False,False,False,False,False,True,False,False,False,True,False
4200000000.0,60.0,2.0,70000000.0,False,False,False,False,False,True,False,True,False,False,False
2600000000.0,40.0,1.0,65000000.0,False,False,False,False,False,True,False,True,False,False,False
2600000000.0,97.0,2.0,26804123.711340208,False,False,False,False,False,True,False,True,False,False,False
5200000000.0,45.0,,115555555.55555557,False,False,True,False,False,True,False,False,False,True,False
4700000000.0,40.0,2.0,117500000.0,False,False,False,False,False,True,False,False,False,True,False
5300000000.0,48.0,2.0,110416666.66666669,False,False,False,False,False,True,False,False,False,True,False
9500000000.0,74.0,,128378378.37837838,False,False,True,False,False,True,False,False,False,True,False
6000000000.0,56.0,,107142857.14285716,False,False,True,False,False,True,False,False,False,True,False
9000000000.0,173.0,3.0,52023121.38728324,False,False,False,False,False,True,False,False,False,True,False
18300000000.0,75.0,14.0,244000000.0,False,False,False,False,False,True,False,False,False,True,False
5600000000.0,51.0,,109803921.56862745,False,False,True,False,False,True,False,False,False,True,False
7800000000.0,52.0,4.0,150000000.0,False,False,False,False,False,True,False,False,False,True,False
9600000000.0,64.0,,150000000.0,False,False,True,False,False,True,False,False,False,True,False
5650000000.0,48.0,,117708333.33333331,False,False,True,False,False,True,False,False,False,True,False
9000000000.0,70.0,3.0,128571428.57142857,False,False,False,False,False,True,False,False,False,True,False
6000000000.0,60.0,,100000000.0,False,False,True,False,False,True,False,False,False,True,False
20000000000.0,120.0,,166666666.66666666,False,False,True,False,False,True,False,False,False,True,False
3290000000.0,40.0,,82250000.0,False,False,True,False,False,True,False,False,False,True,False
15700000000.0,100.0,,157000000.0,False,False,True,False,False,True,False,False,False,True,False
32000000000.0,326.0,,98159509.202454,False,False,True,False,False,True,False,False,False,True,False
22990000000.0,113.0,,203451327.43362832,False,False,True,False,False,True,False,False,False,True,False
7500000000.0,85.0,4.0,88235294.11764705,False,False,False,False,False,True,False,False,False,True,False
5700000000.0,55.0,,103636363.63636364,False,False,True,False,False,True,False,False,False,True,False
4900000000.0,40.0,2.0,122500000.0,False,False,False,False,False,True,False,False,False,True,False
7200000000.0,64.0,2.0,112500000.0,False,False,False,False,False,True,False,False,False,True,False
5700000000.0,55.0,3.0,103636363.63636364,False,False,False,False,False,True,False,False,False,True,False
8600000000.0,64.0,3.0,134375000.0,False,False,False,False,False,True,False,False,False,True,False
5800000000.0,60.0,,96666666.66666669,False,False,True,False,False,True,False,False,False,True,False
21500000000.0,130.0,,165384615.3846154,False,False,True,False,False,True,False,False,False,True,False
28900000000.0,204.0,,141666666.66666666,False,False,True,False,False,True,False,False,False,True,False
4050000000.0,33.0,,122727272.72727272,False,False,True,False,False,True,False,False,False,True,False
9500000000.0,30.0,,316666666.6666667,False,False,True,False,False,True,False,False,False,True,False
7600000000.0,80.0,,95000000.0,False,False,True,False,False,True,False,False,False,True,False
12500000000.0,72.0,6.0,173611111.1111111,False,False,False,False,False,True,False,False,False,True,False
9800000000.0,84.0,,116666666.66666669,False,False,True,False,False,True,False,False,False,True,False
5200000000.0,70.0,,74285714.28571428,False,False,True,False,False,True,False,False,False,True,False
4800000000.0,49.0,,97959183.6734694,False,False,True,False,False,True,False,False,False,True,False
4650000000.0,45.0,,103333333.33333331,False,False,True,False,False,True,False,False,False,True,False
2590000000.0,55.0,2.0,47090909.09090909,False,False,False,False,False,True,False,True,False,False,False
7500000000.0,44.0,,170454545.45454547,False,False,True,False,False,True,False,False,False,True,False
5000000000.0,51.0,,98039215.68627451,False,False,True,False,False,True,False,False,False,True,False
4000000000.0,60.0,,66666666.66666666,False,False,True,False,False,True,False,False,False,True,False
1550000000.0,68.0,3.0,22794117.647058822,False,False,False,False,False,True,False,False,False,True,False
1450000000.0,60.0,,24166666.666666668,False,False,True,False,False,True,False,False,False,True,False
3790000000.0,84.0,,45119047.61904762,False,False,True,False,False,True,False,False,False,False,True
5390000000.0,98.0,,55000000.0,False,False,True,False,False,True,False,False,False,True,False
10000000000.0,190.0,,52631578.94736842,False,False,True,False,False,True,False,False,False,False,True
7280000000.0,120.0,,60666666.66666666,False,False,True,False,False,True,False,False,False,True,False
2350000000.0,25.0,4.0,94000000.0,False,False,False,False,False,True,False,False,False,True,False
8600000000.0,100.0,,86000000.0,False,False,True,False,False,True,False,False,False,True,False
3350000000.0,73.0,,45890410.95890411,False,False,True,False,False,True,False,False,False,False,True
8000000000.0,81.0,,98765432.09876543,False,False,True,False,False,True,False,False,False,True,False
8300000000.0,84.0,5.0,98809523.8095238,False,False,False,False,False,True,False,False,False,True,False
6000000000.0,50.0,4.0,120000000.0,False,False,False,False,False,True,False,False,False,True,False
7390000000.0,129.0,,57286821.70542636,False,False,True,False,False,True,False,False,False,True,False
5350000000.0,75.0,,71333333.33333333,False,False,True,False,False,True,False,False,False,False,True
5400000000.0,64.0,,84375000.0,False,False,True,False,False,True,False,False,False,False,True
3270000000.0,60.0,3.0,54500000.0,False,False,False,False,False,True,False,False,False,True,False
16800000000.0,108.0,,155555555.55555555,False,False,True,False,False,True,False,False,False,True,False
1950000000.0,42.0,2.0,46428571.42857143,False,False,False,False,False,True,False,True,False,False,False
3650000000.0,60.0,,60833333.333333336,False,False,True,False,False,True,False,False,False,False,True
6990000000.0,68.0,4.0,102794117.64705884,False,False,False,False,False,True,False,False,False,True,False
3150000000.0,28.0,2.0,112500000.0,False,False,False,False,False,True,False,False,False,True,False
10480000000.0,155.0,,67612903.22580644,False,False,True,False,False,True,True,False,False,False,False
3920000000.0,80.0,,49000000.0,False,False,True,False,False,True,False,False,False,True,False
5900000000.0,90.0,,65555555.55555555,False,False,True,False,False,True,False,False,False,True,False
7190000000.0,54.0,,133148148.14814816,False,False,True,False,False,True,False,False,False,True,False
9980000000.0,75.0,,133066666.66666669,False,False,True,False,False,True,False,False,False,True,False
4700000000.0,60.0,2.0,78333333.33333333,False,False,False,False,False,True,False,False,False,True,False
1750000000.0,56.0,,31250000.0,False,False,True,False,False,True,False,False,False,True,False
5280000000.0,26.0,2.0,203076923.07692307,False,False,False,False,False,True,False,False,False,True,False
4100000000.0,222.0,,18468468.46846847,False,False,True,False,False,True,False,False,False,True,False
5600000000.0,79.0,,70886075.94936709,False,False,True,False,False,True,False,False,False,True,False
7250000000.0,31.0,,233870967.7419355,False,False,True,False,False,True,False,False,False,True,False
21600000000.0,163.0,,132515337.42331287,False,False,True,False,True,False,True,False,False,False,False
1150000000.0,66.0,2.0,17424242.424242426,False,False,False,False,True,False,False,False,False,True,False
990000000.0,66.0,2.0,15000000.0,False,False,False,False,True,False,False,False,False,True,False
4500000000.0,100.0,,45000000.0,False,False,True,False,True,False,False,False,False,False,True
5500000000.0,96.0,3.0,57291666.66666666,False,False,False,False,True,False,False,True,False,False,False
4300000000.0,64.0,2.0,67187500.0,False,False,False,False,True,False,False,True,False,False,False
5200000000.0,93.0,3.0,55913978.49462365,False,False,False,False,True,False,False,True,False,False,False
2950000000.0,74.0,2.0,39864864.86486486,False,False,False,False,True,False,False,True,False,False,False
3100000000.0,81.0,3.0,38271604.9382716,False,False,False,False,True,False,False,True,False,False,False
2500000000.0,90.0,,27777777.777777776,False,False,True,False,False,True,False,False,False,False,True
3400000000.0,77.0,,44155844.15584416,False,False,True,False,False,True,False,False,False,True,False
4000000000.0,144.0,,27777777.777777776,False,False,True,False,False,True,False,False,False,False,True
7800000000.0,144.0,,54166666.66666666,False,False,True,False,False,True,False,False,False,False,True
4200000000.0,155.8,,26957637.997432604,False,False,True,False,False,True,False,False,False,False,True
3000000000.0,100.0,,30000000.0,False,False,True,False,False,True,False,False,False,False,True
3350000000.0,60.0,2.0,55833333.333333336,False,False,False,False,False,True,False,True,False,False,False
7600000000.0,90.0,,84444444.44444445,False,False,True,False,False,True,False,False,False,True,False
3900000000.0,81.0,,48148148.14814815,False,False,True,False,False,True,False,False,False,False,True
1000000000.0,44.0,,22727272.727272727,False,False,True,False,False,True,False,False,False,True,False
5340000000.0,50.0,,106800000.0,False,False,True,False,False,True,False,False,False,False,True
4100000000.0,59.0,,69491525.42372881,False,False,True,False,False,True,False,True,False,False,False
2600000000.0,100.0,,26000000.0,False,False,True,False,False,True,False,False,False,False,True
11500000000.0,152.0,8.0,75657894.73684211,False,False,False,False,False,True,True,False,False,False,False
16000000000.0,200.0,,80000000.0,False,False,True,False,False,True,True,False,False,False,False
3500000000.0,56.0,2.0,62500000.0,False,False,False,False,False,True,False,True,False,False,False
3500000000.0,56.0,2.0,62500000.0,False,False,False,False,False,True,False,True,False,False,False
38500000000.0,188.0,36.0,204787234.0425532,False,False,False,False,False,True,False,False,False,True,False
5700000000.0,88.0,4.0,64772727.27272727,False,False,False,False,False,True,False,False,False,True,False
14500000000.0,72.0,,201388888.8888889,False,False,True,False,False,True,False,False,False,True,False
5000000000.0,100.0,3.0,50000000.0,False,False,False,False,False,True,False,False,False,True,False
4950000000.0,145.8,,33950617.28395061,False,False,True,False,False,True,False,False,False,True,False
3200000000.0,85.0,,37647058.823529415,False,False,True,False,False,True,False,False,False,False,True
6500000000.0,220.0,,29545454.545454547,False,False,True,False,False,True,False,False,False,False,True
800000000.0,32.0,,25000000.0,False,False,True,False,False,True,False,False,False,True,False
3800000000.0,100.0,3.0,38000000.0,False,False,False,False,False,True,False,False,False,True,False
2750000000.0,86.0,,31976744.18604651,False,False,True,False,False,True,False,False,False,False,True
1500000000.0,56.0,2.0,26785714.285714287,False,False,False,False,False,True,False,True,False,False,False
3160000000.0,52.0,2.0,60769230.76923077,False,False,False,False,False,True,False,False,False,True,False
4990000000.0,50.0,,99800000.0,False,False,True,False,False,True,True,False,False,False,False
3600000000.0,87.5,,41142857.14285714,False,False,True,False,False,True,False,False,False,False,True
6300000000.0,90.0,,70000000.0,False,False,True,False,False,True,False,False,False,True,False
10600000000.0,300.0,,35333333.333333336,False,False,True,False,False,True,False,False,False,True,False
1400000000.0,100.0,,14000000.0,False,False,True,False,False,True,False,False,False,False,True
4500000000.0,189.0,,23809523.80952381,False,False,True,False,False,True,False,False,False,True,False
5950000000.0,64.0,3.0,92968750.0,False,False,False,False,False,True,False,False,False,True,False
8500000000.0,52.0,,163461538.46153846,False,False,True,False,False,True,False,False,False,False,True
3600000000.0,68.0,2.0,52941176.47058824,False,False,False,False,False,True,False,True,False,False,False
2900000000.0,53.0,3.0,54716981.13207547,False,False,False,False,False,True,False,True,False,False,False
7500000000.0,65.0,,115384615.3846154,False,False,True,False,False,True,False,False,False,True,False
16800000000.0,95.0,4.0,176842105.2631579,False,False,False,False,False,True,False,False,False,True,False
12000000000.0,90.0,,133333333.33333331,False,False,True,False,False,True,False,False,False,True,False
12900000000.0,90.0,,143333333.33333334,False,False,True,False,False,True,False,False,False,True,False
8000000000.0,64.0,,125000000.0,False,False,True,False,False,True,False,False,False,True,False
28000000000.0,170.0,6.0,164705882.3529412,False,False,False,False,False,True,True,False,False,False,False
8600000000.0,72.0,6.0,119444444.44444443,False,False,False,False,False,True,False,False,False,False,True
7500000000.0,60.0,,125000000.0,False,False,True,False,False,True,False,False,False,False,True
2700000000.0,56.0,,48214285.71428572,False,False,True,False,False,True,False,True,False,False,False
6600000000.0,52.0,,126923076.92307691,False,False,True,False,False,True,False,False,False,True,False
7990000000.0,115.0,,69478260.86956522,False,False,True,False,False,True,False,False,False,True,False
3100000000.0,60.0,2.0,51666666.66666666,False,False,False,False,False,True,False,True,False,False,False
5500000000.0,60.0,,91666666.66666669,False,False,True,False,False,True,False,False,False,True,False
20500000000.0,80.0,,256250000.0,False,False,True,False,False,True,False,False,False,True,False
5000000000.0,46.0,3.0,108695652.17391305,False,False,False,False,False,True,False,False,False,True,False
7550000000.0,94.0,4.0,80319148.9361702,False,False,False,False,False,True,False,False,False,True,False
6700000000.0,74.0,4.0,90540540.54054056,False,False,False,False,False,True,False,False,False,True,False
7200000000.0,60.0,,120000000.0,False,False,True,False,False,True,False,False,False,False,True
7800000000.0,52.0,,150000000.0,False,False,True,False,False,True,False,False,False,True,False
7350000000.0,80.0,3.0,91875000.0,False,False,False,False,False,True,False,False,False,True,False
7990000000.0,64.0,5.0,124843750.0,False,False,False,False,False,True,False,False,False,True,False
6750000000.0,80.0,4.0,84375000.0,False,False,False,False,False,True,False,False,False,True,False
6800000000.0,56.0,4.0,121428571.42857143,False,False,False,False,False,True,False,False,False,True,False
7350000000.0,80.0,3.0,91875000.0,False,False,False,False,False,True,False,False,False,True,False
3700000000.0,29.0,3.0,127586206.89655171,False,False,False,False,False,True,False,False,False,True,False
12000000000.0,120.0,14.0,100000000.0,False,False,False,False,False,True,False,False,False,True,False
3800000000.0,24.0,2.0,158333333.33333334,False,False,False,False,False,True,False,False,False,True,False
6300000000.0,60.0,,105000000.0,False,False,True,False,False,True,False,False,False,True,False
7000000000.0,80.0,2.0,87500000.0,False,False,False,False,False,True,False,False,False,True,False
6800000000.0,56.0,4.0,121428571.42857143,False,False,False,False,False,True,False,False,False,True,False
5390000000.0,43.0,,125348837.20930232,False,False,True,False,False,True,False,False,False,True,False
6400000000.0,86.0,4.0,74418604.65116279,False,False,False,False,False,True,False,False,False,True,False
4000000000.0,49.2,,81300813.00813007,False,False,True,False,False,True,False,False,False,True,False
5500000000.0,86.0,,63953488.37209302,False,False,True,False,False,True,False,False,False,False,True
3500000000.0,50.4,,69444444.44444445,False,False,True,False,False,True,False,False,False,False,True
6950000000.0,40.0,3.0,173750000.0,False,False,False,False,False,True,False,False,False,True,False
13000000000.0,144.0,7.0,90277777.77777778,False,False,False,False,False,True,False,False,False,True,False
3800000000.0,20.0,,190000000.0,False,False,True,False,False,True,False,False,False,True,False
10500000000.0,50.0,,210000000.0,False,False,True,False,False,True,False,False,False,True,False
13000000000.0,72.0,,180555555.55555555,False,False,True,False,False,True,False,False,False,True,False
2500000000.0,15.0,,166666666.66666666,False,False,True,False,False,True,False,False,False,True,False
25000000000.0,105.0,,238095238.0952381,False,False,True,False,False,True,False,False,False,True,False
8500000000.0,30.0,4.0,283333333.3333333,False,False,False,False,False,True,False,False,False,True,False
5850000000.0,54.0,2.0,108333333.33333331,False,False,False,False,False,True,False,False,False,True,False
14000000000.0,103.0,,135922330.09708738,False,False,True,False,False,True,False,False,False,True,False
9500000000.0,110.0,,86363636.36363636,False,False,True,False,False,True,False,False,False,True,False
6950000000.0,48.0,,144791666.66666666,False,False,True,False,False,True,False,False,False,True,False
9000000000.0,72.0,4.0,125000000.0,False,False,False,False,False,True,True,False,False,False,False
9000000000.0,52.0,1.0,173076923.07692307,False,False,False,False,False,True,False,False,False,True,False
9500000000.0,80.0,,118750000.0,False,False,True,False,False,True,False,False,False,True,False
9600000000.0,78.0,,123076923.07692309,False,False,True,False,False,True,False,False,False,True,False
9980000000.0,56.0,4.0,178214285.7142857,False,False,False,False,False,True,False,False,False,True,False
9500000000.0,56.0,4.0,169642857.14285713,False,False,False,False,False,True,True,False,False,False,False
18000000000.0,250.0,,72000000.0,False,False,True,False,False,True,False,False,False,True,False
6300000000.0,54.0,2.0,116666666.66666669,False,False,False,False,False,True,False,False,False,True,False
23000000000.0,115.0,,200000000.0,False,False,True,False,False,True,False,False,False,True,False
3850000000.0,26.0,2.0,148076923.07692307,False,False,False,False,False,True,False,False,False,True,False
4000000000.0,105.0,,38095238.0952381,False,False,True,False,False,True,False,False,False,True,False
7200000000.0,90.0,,80000000.0,False,False,True,False,False,True,False,False,False,True,False
12500000000.0,132.0,,94696969.6969697,False,False,True,False,False,True,False,False,False,True,False
13000000000.0,60.0,,216666666.66666663,False,False,True,False,False,True,False,False,False,True,False
12800000000.0,60.0,4.0,213333333.3333333,False,False,False,False,False,True,False,False,False,True,False
11900000000.0,83.0,5.0,143373493.9759036,False,False,False,False,False,True,False,True,False,False,False
4300000000.0,65.0,,66153846.15384615,False,False,True,False,False,True,False,True,False,False,False
5950000000.0,50.0,,119000000.0,False,False,True,False,False,True,False,False,False,True,False
2500000000.0,55.0,,45454545.45454545,False,False,True,False,False,True,False,True,False,False,False
38000000000.0,203.0,,187192118.22660097,False,False,True,False,False,True,False,False,False,True,False
12900000000.0,62.0,,208064516.12903225,False,False,True,False,False,True,False,False,False,True,False
4000000000.0,48.0,,83333333.33333333,False,False,True,False,False,True,False,False,False,True,False
5000000000.0,35.0,,142857142.85714287,False,False,True,False,False,True,False,False,False,True,False
4000000000.0,56.0,,71428571.42857143,False,False,True,False,False,True,False,False,False,True,False
38000000000.0,150.0,,253333333.3333333,False,False,True,False,False,True,False,False,False,True,False
14000000000.0,72.0,6.0,194444444.44444445,False,False,False,False,False,True,False,False,False,True,False
2000000000.0,50.0,2.0,40000000.0,False,False,False,False,False,True,False,True,False,False,False
8500000000.0,55.0,7.0,154545454.54545453,False,False,False,False,False,True,False,False,False,True,False
7100000000.0,53.0,,133962264.1509434,False,False,True,False,False,True,False,False,False,True,False
1650000000.0,44.0,,37500000.0,False,False,True,False,False,True,False,False,False,True,False
5880000000.0,100.0,,58800000.0,False,False,True,False,False,True,False,False,False,False,True
10800000000.0,140.0,,77142857.14285715,False,False,True,False,False,True,True,False,False,False,False
9950000000.0,63.0,,157936507.93650794,False,False,True,False,False,True,False,False,False,True,False
5990000000.0,60.0,5.0,99833333.33333331,False,False,False,False,False,True,False,False,False,True,False
18000000000.0,200.0,,90000000.0,False,False,True,False,False,True,True,False,False,False,False
10000000000.0,292.0,30.0,34246575.34246575,False,False,False,False,False,True,False,False,False,True,False
16800000000.0,260.0,,64615384.615384616,False,False,True,False,False,True,False,False,False,True,False
4200000000.0,60.0,,70000000.0,False,False,True,False,False,True,False,False,False,False,True
5890000000.0,54.0,4.0,109074074.07407407,False,False,False,False,False,True,False,False,False,True,False
12500000000.0,120.0,6.0,104166666.66666669,False,False,False,False,False,True,True,False,False,False,False
4500000000.0,65.0,,69230769.23076923,False,False,True,False,False,True,False,False,False,False,True
7500000000.0,156.0,,48076923.07692308,False,False,True,False,False,True,False,False,False,False,True
13400000000.0,162.0,,82716049.38271604,False,False,True,False,False,True,False,False,False,False,True
7450000000.0,125.0,,59600000.0,False,False,True,False,False,True,False,False,False,True,False
6300000000.0,75.0,,84000000.0,False,False,True,False,False,True,False,False,False,True,False
10990000000.0,242.0,,45413223.14049587,False,False,True,False,False,True,False,False,False,False,True
4600000000.0,65.0,,70769230.76923077,False,False,True,False,False,True,False,False,False,True,False
8100000000.0,100.0,,81000000.0,False,False,True,False,False,True,False,False,False,True,False
4690000000.0,50.0,,93800000.0,False,False,True,False,False,True,False,False,False,True,False
2700000000.0,60.0,,45000000.0,False,False,True,False,False,True,False,False,False,False,True
6500000000.0,85.0,,76470588.23529412,False,False,True,False,False,True,False,False,False,True,False
2600000000.0,32.0,,81250000.0,False,False,True,False,False,True,False,False,False,True,False
4300000000.0,80.0,,53750000.0,False,False,True,False,False,True,False,False,False,True,False
9680000000.0,114.0,,84912280.70175439,False,False,True,False,False,True,False,False,False,True,False
6650000000.0,72.0,,92361111.1111111,False,False,True,False,False,True,False,False,False,True,False
8000000000.0,55.0,,145454545.45454547,False,False,True,False,False,True,False,False,False,True,False
1680000000.0,36.0,,46666666.66666666,False,False,True,False,False,True,False,False,False,True,False
6100000000.0,80.0,,76250000.0,False,False,True,False,False,True,False,False,False,True,False
7380000000.0,68.0,,108529411.76470588,False,False,True,False,False,True,False,False,False,True,False
11500000000.0,190.0,,60526315.78947368,False,False,True,False,False,True,False,False,False,False,True
23800000000.0,297.0,,80134680.13468014,False,False,True,False,False,True,False,False,False,True,False
3300000000.0,57.2,,57692307.69230769,False,False,True,False,False,True,False,False,False,True,False
25000000000.0,42.0,3.0,595238095.2380953,False,False,False,False,False,True,False,False,False,True,False
19990000000.0,38.0,,526052631.57894737,False,False,True,False,False,True,False,False,False,True,False
34000000000.0,60.0,,566666666.6666666,False,False,True,False,False,True,False,False,False,True,False
34000000000.0,60.0,,566666666.6666666,False,False,True,False,False,True,False,False,False,True,False
950000000.0,34.0,5.0,27941176.47058824,False,False,False,False,True,False,False,True,False,False,False
2600000000.0,66.0,2.0,39393939.39393939,False,False,False,False,True,False,False,True,False,False,False
2700000000.0,60.0,2.0,45000000.0,False,False,False,False,True,False,False,True,False,False,False
2950000000.0,60.0,,49166666.66666666,False,False,True,False,True,False,False,False,False,False,True
7000000000.0,124.0,,56451612.90322581,False,False,True,False,True,False,False,False,False,True,False
3800000000.0,67.0,2.0,56716417.91044776,False,False,False,False,True,False,False,True,False,False,False
5600000000.0,95.0,,58947368.42105264,False,False,True,False,True,False,False,False,False,True,False
4100000000.0,55.0,2.0,74545454.54545455,False,False,False,False,False,True,False,False,False,True,False
4900000000.0,70.0,,70000000.0,False,False,True,False,False,True,False,False,False,True,False
27500000000.0,282.0,,97517730.4964539,False,False,True,False,False,True,False,False,False,False,True
5990000000.0,147.0,,40748299.31972789,False,False,True,False,False,True,False,False,False,True,False
6590000000.0,200.6,4.0,32851445.66301097,False,False,False,False,False,True,False,False,False,True,False
2850000000.0,80.0,,35625000.0,False,False,True,False,False,True,False,False,False,False,True
39000000000.0,188.0,,207446808.5106383,False,False,True,False,False,True,False,False,False,True,False
10500000000.0,246.0,,42682926.82926829,False,False,True,False,False,True,False,False,False,False,True
5000000000.0,90.0,,55555555.55555555,False,False,True,False,False,True,False,False,False,True,False
5900000000.0,50.75,,116256157.63546798,False,False,True,False,False,True,False,False,False,True,False
5500000000.0,308.0,,17857142.85714286,False,False,True,False,False,True,False,False,False,False,True
4300000000.0,110.0,,39090909.09090909,False,False,True,False,False,True,False,False,False,True,False
5200000000.0,77.0,,67532467.53246753,False,False,True,False,False,True,False,True,False,False,False
3600000000.0,68.0,2.0,52941176.47058824,False,False,False,False,False,True,False,True,False,False,False
1350000000.0,55.0,,24545454.545454547,False,False,True,False,False,True,False,True,False,False,False
930000000.0,65.4,,14220183.486238532,False,False,True,False,False,True,False,False,False,True,False
2750000000.0,80.0,,34375000.0,False,False,True,False,False,True,False,False,False,False,True
700000000.0,36.0,2.0,19444444.444444444,False,False,False,False,False,True,False,False,False,True,False
2700000000.0,42.0,2.0,64285714.28571428,False,False,False,False,False,True,False,False,False,True,False
6500000000.0,200.0,2.0,32500000.0,False,False,False,False,False,True,False,False,False,False,True
5300000000.0,60.0,,88333333.33333333,False,False,True,False,False,True,True,False,False,False,False
5500000000.0,120.0,,45833333.333333336,False,False,True,False,False,True,True,False,False,False,False
3500000000.0,90.0,,38888888.88888889,False,False,True,False,False,True,False,False,False,False,True
2700000000.0,85.0,,31764705.88235294,False,False,True,False,False,True,False,False,False,False,True
450000000.0,24.0,2.0,18750000.0,False,False,False,False,False,True,False,False,False,True,False
2800000000.0,95.0,,29473684.21052632,False,False,True,False,False,True,False,False,False,False,True
6100000000.0,120.0,3.0,50833333.333333336,False,False,False,False,False,True,False,False,False,True,False
2700000000.0,56.0,3.0,48214285.71428572,False,False,False,False,False,True,False,False,False,True,False
6190000000.0,70.0,3.0,88428571.42857143,False,False,False,False,False,True,False,False,False,True,False
9800000000.0,80.0,2.0,122500000.0,False,False,False,False,False,True,False,False,False,True,False
6750000000.0,74.0,4.0,91216216.21621622,False,False,False,False,False,True,False,False,False,True,False
18000000000.0,144.0,,125000000.0,False,False,True,False,False,True,False,False,False,False,True
21900000000.0,90.0,4.0,243333333.3333333,False,False,False,False,False,True,False,False,False,True,False
8500000000.0,76.0,,111842105.26315787,False,False,True,False,False,True,False,False,False,True,False
7350000000.0,80.0,3.0,91875000.0,False,False,False,False,False,True,False,False,False,True,False
6200000000.0,108.0,4.0,57407407.40740741,False,False,False,False,False,True,False,False,False,True,False
7350000000.0,80.0,,91875000.0,False,False,True,False,False,True,False,False,False,True,False
7350000000.0,64.0,,114843750.0,False,False,True,False,False,True,False,False,False,True,False
10900000000.0,66.0,,165151515.15151516,False,False,True,False,False,True,False,False,False,True,False
9500000000.0,100.0,,95000000.0,False,False,True,False,False,True,False,False,False,False,True
6500000000.0,42.0,,154761904.76190478,False,False,True,False,False,True,False,False,False,True,False
5500000000.0,54.0,2.0,101851851.85185184,False,False,False,False,False,True,False,False,False,True,False
4600000000.0,55.0,4.0,83636363.63636364,False,False,False,False,False,True,False,False,False,True,False
6700000000.0,78.0,4.0,85897435.8974359,False,False,False,False,False,True,False,False,False,True,False
14500000000.0,117.0,,123931623.93162394,False,False,True,False,False,True,False,False,False,True,False
3900000000.0,30.0,4.0,130000000.0,False,False,False,False,False,True,False,False,False,True,False
2100000000.0,55.0,2.0,38181818.18181818,False,False,False,False,False,True,False,True,False,False,False
2500000000.0,26.0,2.0,96153846.15384616,False,False,False,False,False,True,False,False,False,True,False
20500000000.0,80.0,,256250000.0,False,False,True,False,False,True,False,False,False,True,False
6000000000.0,60.0,,100000000.0,False,False,True,False,False,True,False,False,False,True,False
21900000000.0,90.0,,243333333.3333333,False,False,True,False,False,True,False,False,False,True,False
3600000000.0,55.0,,65454545.45454545,False,False,True,False,False,True,False,True,False,False,False
7300000000.0,60.0,,121666666.66666669,False,False,True,False,False,True,False,False,False,False,True
8000000000.0,76.0,,105263157.89473684,False,False,True,False,False,True,False,False,False,True,False
3650000000.0,38.0,,96052631.57894737,False,False,True,False,False,True,False,False,False,True,False
5350000000.0,48.0,,111458333.33333331,False,False,True,False,False,True,False,False,False,True,False
6550000000.0,83.0,,78915662.65060242,False,False,True,False,False,True,False,False,False,True,False
7000000000.0,54.0,,129629629.62962964,False,False,True,False,False,True,False,False,False,True,False
7450000000.0,43.0,,173255813.95348838,False,False,True,False,False,True,False,False,False,True,False
8300000000.0,54.0,,153703703.7037037,False,False,True,False,False,True,False,False,False,True,False
6200000000.0,37.0,3.0,167567567.56756756,False,False,False,False,False,True,False,False,False,True,False
7500000000.0,72.0,2.0,104166666.66666669,False,False,False,False,False,True,False,True,False,False,False
6250000000.0,278.0,3.0,22482014.38848921,False,False,False,False,False,True,False,False,False,True,False
5800000000.0,53.0,2.0,109433962.26415096,False,False,False,False,False,True,False,False,False,True,False
10300000000.0,60.0,2.0,171666666.66666666,False,False,False,False,False,True,False,False,False,True,False
15800000000.0,100.0,,158000000.0,False,False,True,False,False,True,False,False,False,True,False
8600000000.0,80.0,,107500000.0,False,False,True,False,False,True,False,False,False,True,False
5800000000.0,53.0,2.0,109433962.26415096,False,False,False,False,False,True,False,False,False,True,False
7470000000.0,85.0,,87882352.94117647,False,False,True,False,False,True,False,False,False,True,False
5700000000.0,75.0,,76000000.0,False,False,True,False,False,True,False,False,False,True,False
6900000000.0,62.0,,111290322.58064516,False,False,True,False,False,True,False,False,False,True,False
9100000000.0,90.0,,101111111.1111111,False,False,True,False,False,True,False,False,False,True,False
21800000000.0,156.0,,139743589.74358973,False,False,True,False,False,True,True,False,False,False,False
7700000000.0,57.0,4.0,135087719.2982456,False,False,False,False,False,True,False,False,False,True,False
5990000000.0,57.0,,105087719.2982456,False,False,True,False,False,True,False,False,False,True,False
7900000000.0,71.0,,111267605.63380282,False,False,True,False,False,True,False,False,False,True,False
8400000000.0,80.0,4.0,105000000.0,False,False,False,False,False,True,False,False,False,True,False
10200000000.0,73.0,,139726027.39726028,False,False,True,False,False,True,False,False,False,True,False
8600000000.0,72.0,,119444444.44444443,False,False,True,False,False,True,False,False,False,True,False
4800000000.0,33.0,4.0,145454545.45454547,False,False,False,False,False,True,False,False,False,True,False
10700000000.0,118.0,,90677966.10169493,False,False,True,False,False,True,False,False,False,True,False
11700000000.0,76.0,,153947368.42105263,False,False,True,False,False,True,False,False,False,True,False
10500000000.0,60.0,,175000000.0,False,False,True,False,False,True,False,False,False,True,False
6500000000.0,51.0,,127450980.39215688,False,False,True,False,False,True,False,False,False,True,False
7700000000.0,51.0,4.0,150980392.15686274,False,False,False,False,False,True,False,False,False,True,False
22500000000.0,84.0,3.0,267857142.85714287,False,False,False,False,False,True,False,False,False,True,False
25000000000.0,146.0,,171232876.71232876,False,False,True,False,False,True,False,False,False,True,False
8000000000.0,57.0,5.0,140350877.1929825,False,False,False,False,False,True,False,False,False,True,False
7100000000.0,40.0,,177500000.0,False,False,True,False,False,True,False,False,False,True,False
8700000000.0,54.0,4.0,161111111.1111111,False,False,False,False,False,True,False,False,False,True,False
7580000000.0,54.0,4.0,140370370.37037036,False,False,False,False,False,True,False,False,False,True,False
5390000000.0,56.0,2.0,96250000.0,False,False,False,False,False,True,False,False,False,True,False
9400000000.0,80.0,,117500000.0,False,False,True,False,False,True,False,False,False,True,False
14300000000.0,110.0,,130000000.0,False,False,True,False,False,True,False,False,False,True,False
6300000000.0,50.0,2.0,126000000.0,False,False,False,False,False,True,False,False,False,True,False
5300000000.0,50.0,2.0,106000000.0,False,False,False,False,False,True,False,False,False,True,False
39000000000.0,106.0,,367924528.3018868,False,False,True,False,False,True,False,False,False,True,False
25000000000.0,120.0,,208333333.3333333,False,False,True,False,False,True,False,False,False,True,False
8500000000.0,52.0,,163461538.46153846,False,False,True,False,False,True,False,False,False,True,False
7800000000.0,30.0,,260000000.0,False,False,True,False,False,True,False,False,False,True,False
8500000000.0,40.0,,212500000.0,False,False,True,False,False,True,False,False,False,True,False
13200000000.0,120.0,,110000000.0,False,False,True,False,False,True,False,False,False,True,False
9200000000.0,76.0,,121052631.57894737,False,False,True,False,False,True,False,False,False,True,False
29000000000.0,180.0,,161111111.1111111,False,False,True,False,False,True,False,False,False,True,False
17900000000.0,80.0,11.0,223750000.0,False,False,False,False,False,True,False,False,False,True,False
5000000000.0,62.1,,80515297.90660225,False,False,True,False,False,True,False,False,False,False,True
11000000000.0,120.0,8.0,91666666.66666669,False,False,False,False,False,True,False,False,False,True,False
3280000000.0,64.0,,51250000.0,False,False,True,False,False,True,False,False,False,False,True
20600000000.0,260.0,,79230769.23076923,False,False,True,False,False,True,True,False,False,False,False
5050000000.0,60.0,,84166666.66666667,False,False,True,False,False,True,False,False,False,True,False
10500000000.0,158.0,,66455696.20253164,False,False,True,False,False,True,False,False,False,False,True
1290000000.0,12.0,,107500000.0,False,False,True,False,False,True,False,False,False,True,False
5300000000.0,100.0,,53000000.0,False,False,True,False,False,True,False,False,False,True,False
2480000000.0,50.0,2.0,49600000.0,False,False,False,False,False,True,False,False,False,True,False
6900000000.0,80.0,,86250000.0,False,False,True,False,False,True,False,False,False,True,False
5700000000.0,92.0,,61956521.73913044,False,False,True,False,False,True,False,False,False,True,False
11800000000.0,146.0,,80821917.80821918,False,False,True,False,False,True,False,False,False,True,False
12900000000.0,203.0,,63546798.02955665,False,False,True,False,False,True,False,False,False,True,False
3350000000.0,29.0,3.0,115517241.37931034,False,False,False,False,False,True,False,False,False,True,False
5500000000.0,55.0,,100000000.0,False,False,True,False,False,True,False,False,False,True,False
11780000000.0,220.0,,53545454.54545455,False,False,True,False,False,True,False,False,False,True,False
5699000000.0,60.0,,94983333.33333331,False,False,True,False,False,True,False,True,False,False,False
5950000000.0,103.0,,57766990.291262135,False,False,True,False,False,True,False,False,False,False,True
4500000000.0,90.0,,50000000.0,False,False,True,False,False,True,False,False,False,False,True
4100000000.0,80.0,3.0,51250000.0,False,False,False,False,False,True,False,False,False,True,False
12500000000.0,160.0,,78125000.0,False,False,True,False,False,True,False,False,False,True,False
4000000000.0,56.0,2.0,71428571.42857143,False,False,False,False,False,True,False,False,False,True,False
2480000000.0,32.0,3.0,77500000.0,False,False,False,False,False,True,False,False,False,True,False
7660000000.0,64.0,3.0,119687500.0,False,False,False,False,False,True,False,False,False,True,False
5900000000.0,95.0,,62105263.15789474,False,False,True,False,False,True,False,False,False,False,True
4600000000.0,61.0,,75409836.06557377,False,False,True,False,False,True,False,True,False,False,False
6200000000.0,67.0,4.0,92537313.43283582,False,False,False,False,False,True,False,False,False,True,False
4500000000.0,52.0,2.0,86538461.53846154,False,False,False,False,False,True,False,False,False,True,False
5220000000.0,70.0,4.0,74571428.57142857,False,False,False,False,False,True,False,False,False,True,False
3200000000.0,65.0,3.0,49230769.23076923,False,False,False,False,False,True,False,False,False,True,False
4100000000.0,25.0,2.0,164000000.0,False,False,False,False,False,True,False,False,False,True,False
35000000000.0,72.0,,486111111.1111111,False,False,True,False,False,True,False,False,False,True,False
14300000000.0,71.0,,201408450.70422536,False,False,True,False,False,True,False,True,False,False,False
17000000000.0,68.0,,250000000.0,False,False,True,False,False,True,False,True,False,False,False
1930000000.0,45.0,1.0,42888888.88888889,False,False,False,False,True,False,False,True,False,False,False
2150000000.0,40.0,,53750000.0,False,False,True,False,True,False,False,True,False,False,False
2620000000.0,94.0,,27872340.42553192,False,False,True,False,True,False,False,True,False,False,False
1930000000.0,45.0,1.0,42888888.88888889,False,False,False,False,True,False,False,True,False,False,False
2000000000.0,40.0,,50000000.0,False,False,True,False,True,False,False,True,False,False,False
3700000000.0,40.0,,92500000.0,False,False,True,False,False,True,False,False,False,True,False
13900000000.0,72.0,,193055555.55555555,False,False,True,False,False,True,False,False,False,True,False
18500000000.0,216.0,,85648148.14814815,False,False,True,False,False,True,False,False,False,False,True
23500000000.0,105.0,16.0,223809523.80952385,False,False,False,False,False,True,False,False,True,False,False
4800000000.0,33.0,3.0,145454545.45454547,False,False,False,False,False,True,False,False,False,True,False
7000000000.0,70.0,4.0,100000000.0,False,False,False,False,False,True,False,False,False,True,False
7000000000.0,68.0,5.0,102941176.47058824,False,False,False,False,False,True,False,False,False,True,False
11685000000.0,123.0,,95000000.0,False,False,True,False,False,True,False,True,False,False,False
4750000000.0,50.0,,95000000.0,False,False,True,False,False,True,False,False,False,False,True
4750000000.0,50.0,,95000000.0,False,False,True,False,False,True,False,False,False,False,True
38000000000.0,130.0,,292307692.3076923,False,False,True,False,False,True,False,False,True,False,False
3192000000.0,76.0,2.0,42000000.0,False,False,False,False,True,False,False,False,False,True,False
4200000000.0,140.0,,30000000.0,False,False,True,False,False,True,False,False,False,False,True
2255000000.0,45.0,,50111111.11111111,True,False,True,False,True,False,False,True,False,False,False
3657000000.0,69.0,,53000000.0,False,False,True,False,True,False,False,True,False,False,False
8190000000.0,65.0,,126000000.0,False,False,True,False,False,True,False,False,False,True,False
3795000000.0,110.0,,34500000.0,False,False,True,False,True,False,False,False,False,False,True
20500000000.0,210.0,,97619047.6190476,False,False,True,False,False,True,True,False,False,False,False
3900000000.0,75.0,,52000000.0,False,False,True,False,True,False,False,True,False,False,False
3828000000.0,66.0,,58000000.0,False,False,True,False,True,False,False,True,False,False,False
3172000000.0,61.0,,52000000.0,False,False,True,False,True,False,False,True,False,False,False
16900000000.0,171.6,,98484848.48484848,False,False,True,False,False,True,False,False,False,False,True
20500000000.0,210.0,,97619047.6190476,False,False,True,False,False,True,True,False,False,False,False
17500000000.0,182.0,32.0,96153846.15384616,False,False,False,False,False,True,False,False,True,False,False
1180000000.0,100.0,,11800000.0,False,False,True,False,True,False,False,False,True,False,False
5000000000.0,52.0,1.0,96153846.15384616,False,False,False,False,False,True,True,False,False,False,False
11500000000.0,45.0,4.0,255555555.55555555,False,False,False,False,False,True,False,False,False,True,False
14600000000.0,70.0,5.0,208571428.57142857,False,False,False,False,False,True,False,False,False,True,False
11500000000.0,45.0,4.0,255555555.55555555,False,False,False,False,False,True,False,False,False,True,False
10800000000.0,33.0,2.0,327272727.27272725,False,False,False,False,False,True,False,False,False,True,False
3400000000.0,84.0,2.0,40476190.47619048,False,False,False,False,False,True,False,True,False,False,False
14000000000.0,147.0,3.0,95238095.23809524,False,False,False,False,False,True,False,True,False,False,False
15500000000.0,49.0,,316326530.6122449,False,False,True,False,False,True,False,False,True,False,False
6100000000.0,60.0,4.0,101666666.66666669,False,False,False,False,False,True,False,False,False,True,False
7000000000.0,68.0,5.0,102941176.47058824,False,False,False,False,False,True,False,False,True,False,False
2500000000.0,60.0,2.0,41666666.66666666,False,False,False,False,True,False,False,False,True,False,False
33000000000.0,105.0,,314285714.28571427,False,False,True,False,False,True,False,False,True,False,False
6700000000.0,53.0,,126415094.33962265,False,False,True,False,False,True,False,False,False,True,False
3650000000.0,35.0,,104285714.28571428,False,False,True,False,False,True,False,True,False,False,False
3600000000.0,60.0,2.0,60000000.0,False,False,False,False,False,True,False,True,False,False,False
6500000000.0,200.0,4.0,32500000.0,False,False,False,False,False,True,False,False,False,True,False
5800000000.0,146.0,,39726027.39726027,False,False,True,False,False,True,False,False,False,True,False
3950000000.0,83.0,3.0,47590361.44578313,False,False,False,False,False,True,False,False,True,False,False
1250000000.0,100.0,,12500000.0,False,False,True,False,False,True,False,False,False,False,True
1350000000.0,100.0,,13500000.0,False,False,True,False,False,True,False,False,False,False,True
2150000000.0,56.0,,38392857.14285714,False,False,True,False,False,True,False,False,False,True,False
4100000000.0,60.0,,68333333.33333333,False,False,True,False,False,True,False,False,False,True,False
15000000000.0,26.27,,570993528.7400076,False,False,True,False,True,False,False,False,False,False,True
3400000000.0,73.0,,46575342.46575342,False,False,True,False,False,True,False,True,False,False,False
8400000000.0,88.0,3.0,95454545.45454544,False,False,False,False,False,True,False,True,False,False,False
10800000000.0,19.0,,568421052.6315789,False,False,True,False,False,True,False,False,False,True,False
8000000000.0,96.0,3.0,83333333.33333333,False,False,False,False,False,True,False,True,False,False,False
8700000000.0,110.0,,79090909.0909091,False,False,True,False,False,True,False,False,False,True,False
5200000000.0,87.0,,59770114.94252873,False,False,True,False,False,True,False,False,False,False,True
4200000000.0,73.0,,57534246.57534247,False,False,True,False,False,True,False,False,False,False,True
8200000000.0,41.0,,200000000.0,False,False,True,False,False,True,False,False,True,False,False
30000000000.0,67.0,,447761194.0298507,False,False,True,False,False,True,False,False,True,False,False
10800000000.0,33.5,2.0,322388059.70149255,False,False,False,False,False,True,False,False,False,True,False
10800000000.0,33.5,2.0,322388059.70149255,False,False,False,False,False,True,False,False,False,True,False
14500000000.0,168.0,,86309523.8095238,False,False,True,False,False,True,False,False,False,True,False
8025000000.0,289.0,,27768166.0899654,True,False,True,False,False,True,True,False,False,False,False
5600000000.0,147.8,2.0,37889039.24221921,False,False,False,False,False,True,False,False,False,True,False
4500000000.0,35.0,2.0,128571428.57142857,False,False,False,False,False,True,False,False,False,True,False
2200000000.0,76.0,2.0,28947368.42105263,False,False,False,False,False,True,False,True,False,False,False
1350000000.0,100.0,,13500000.0,False,False,True,False,False,True,False,False,False,False,True
1450000000.0,100.0,,14500000.0,False,False,True,False,False,True,False,False,False,False,True
7600000000.0,60.0,5.0,126666666.66666669,False,False,False,False,False,True,False,False,False,True,False
5950000000.0,68.0,2.0,87500000.0,False,False,False,False,False,True,False,False,False,True,False
6800000000.0,55.0,7.0,123636363.63636364,False,False,False,False,False,True,False,False,False,True,False
7050000000.0,59.0,2.0,119491525.4237288,False,True,False,False,False,True,False,False,False,True,False
6550000000.0,42.0,,155952380.95238096,False,False,True,False,False,True,False,False,False,True,False
8100000000.0,65.0,5.0,124615384.6153846,False,False,False,False,False,True,False,False,False,True,False
18000000000.0,90.4,,199115044.2477876,False,False,True,False,False,True,False,False,False,True,False
26250000000.0,200.0,8.0,131250000.0,True,False,False,False,False,True,False,False,True,False,False
3790000000.0,24.0,2.0,157916666.66666666,False,False,False,False,False,True,False,False,False,True,False
5500000000.0,79.0,2.0,69620253.16455697,False,False,False,False,False,True,False,False,False,True,False
2975000000.0,65.0,1.0,45769230.76923077,True,True,False,False,True,False,False,False,False,True,False
6400000000.0,68.0,,94117647.05882353,False,False,True,False,False,True,False,False,False,True,False
8400000000.0,73.0,,115068493.15068494,False,False,True,False,False,True,False,False,False,True,False
12600000000.0,75.0,,168000000.0,False,False,True,False,False,True,False,True,False,False,False
2750000000.0,200.0,,13750000.0,True,False,True,False,True,False,False,False,True,False,False
1500000000.0,100.0,,15000000.0,False,False,True,False,False,True,False,False,True,False,False
3680000000.0,40.0,10.0,92000000.0,False,False,False,False,False,True,False,False,False,True,False
5900000000.0,31.0,4.0,190322580.6451613,False,False,False,False,False,True,False,False,False,True,False
7200000000.0,35.0,4.0,205714285.7142857,False,False,False,False,False,True,False,False,False,True,False
5200000000.0,38.0,3.0,136842105.2631579,False,False,False,False,False,True,False,False,False,True,False
11000000000.0,110.0,,100000000.0,False,False,True,False,False,True,True,False,False,False,False
7300000000.0,65.0,4.0,112307692.3076923,False,False,False,False,False,True,False,False,False,True,False
8190000000.0,75.0,4.0,109200000.0,False,False,False,False,False,True,False,False,False,True,False
8700000000.0,51.0,6.0,170588235.29411766,False,False,False,False,False,True,False,False,False,True,False
5990000000.0,48.0,4.0,124791666.66666669,False,False,False,False,False,True,False,False,False,True,False
5250000000.0,47.0,4.0,111702127.65957446,False,False,False,False,False,True,False,False,False,True,False
6500000000.0,45.0,4.0,144444444.44444445,False,False,False,False,False,True,False,False,False,True,False
6500000000.0,43.0,2.0,151162790.69767442,False,False,False,False,False,True,False,False,False,True,False
6500000000.0,43.0,2.0,151162790.69767442,False,False,False,False,False,True,False,False,False,False,True
7600000000.0,62.0,4.0,122580645.16129032,False,False,False,False,False,True,False,False,False,True,False
17300000000.0,273.0,3.0,63369963.36996337,False,False,False,False,False,True,False,False,False,False,True
7000000000.0,120.0,2.0,58333333.333333336,False,False,False,False,False,True,False,False,False,True,False
10800000000.0,91.0,,118681318.68131869,False,False,True,False,False,True,False,True,False,False,False
7400000000.0,54.0,4.0,137037037.03703704,False,False,False,False,False,True,False,False,False,True,False
3350000000.0,21.0,,159523809.52380952,False,False,True,False,False,True,False,False,False,True,False
14800000000.0,185.0,5.0,80000000.0,False,False,False,False,False,True,False,True,False,False,False
20000000000.0,76.0,9.0,263157894.7368421,True,False,False,False,False,True,False,False,False,True,False
7300000000.0,54.0,4.0,135185185.1851852,False,False,False,False,False,True,False,False,False,True,False
6700000000.0,53.0,,126415094.33962265,False,False,True,False,False,True,False,False,False,True,False
20500000000.0,244.0,,84016393.44262294,False,False,True,False,False,True,False,False,False,True,False
3680000000.0,33.0,,111515151.51515152,False,False,True,False,False,True,False,False,False,True,False
2750000000.0,200.0,,13750000.0,True,False,True,False,True,False,False,False,True,False,False
8900000000.0,42.0,,211904761.9047619,False,False,True,False,False,True,False,False,False,True,False
6800000000.0,67.0,,101492537.31343284,False,False,True,False,False,True,False,False,False,True,False
6200000000.0,68.0,,91176470.58823527,False,False,True,False,False,True,False,False,False,False,True
11000000000.0,76.0,,144736842.10526314,False,False,True,True,False,False,False,False,False,True,False
1440000000.0,80.0,2.0,18000000.0,False,False,False,False,False,True,False,True,False,False,False
1350000000.0,100.0,,13500000.0,False,False,True,False,False,True,False,False,False,False,True
12000000000.0,88.0,,136363636.36363637,False,False,True,True,False,False,False,False,False,True,False
4700000000.0,56.0,2.0,83928571.42857143,False,False,False,False,False,True,False,False,False,True,False
2300000000.0,52.0,2.0,44230769.23076923,False,False,False,False,False,True,False,False,True,False,False
6050000000.0,80.0,2.0,75625000.0,False,False,False,False,False,True,False,False,False,True,False
10500000000.0,60.0,5.0,175000000.0,False,False,False,False,False,True,False,False,True,False,False
5700000000.0,94.0,5.0,60638297.872340426,False,False,False,False,False,True,False,False,False,True,False
8161000000.0,152.0,3.0,53690789.47368421,False,False,False,False,False,True,False,True,False,False,False
1600000000.0,27.0,2.0,59259259.25925926,False,False,False,False,False,True,False,True,False,False,False
2280000000.0,45.0,,50666666.66666666,False,False,True,False,False,True,False,False,False,True,False
6000000000.0,105.0,,57142857.14285714,False,False,True,False,False,True,False,False,False,False,True
3600000000.0,60.0,,60000000.0,False,False,True,False,False,True,False,False,False,False,True
23000000000.0,72.0,2.0,319444444.4444444,False,False,False,False,False,True,False,False,True,False,False
5000000000.0,53.0,3.0,94339622.64150944,False,False,False,False,False,True,False,False,False,True,False
13200000000.0,72.0,,183333333.3333333,False,False,True,False,False,True,False,False,True,False,False
4700000000.0,50.6,3.0,92885375.49407114,False,False,False,False,False,True,False,False,False,True,False
4950000000.0,28.0,,176785714.2857143,False,False,True,False,False,True,False,False,False,True,False
4800000000.0,64.0,,75000000.0,False,False,True,False,False,True,False,False,True,False,False
5050000000.0,116.0,,43534482.75862069,False,False,True,False,False,True,False,False,False,True,False
10500000000.0,29.0,,362068965.51724136,False,False,True,False,False,True,False,False,False,True,False
35000000000.0,175.0,,200000000.0,False,False,True,False,False,True,False,False,False,False,True
9600000000.0,53.0,4.0,181132075.4716981,False,False,False,False,False,True,False,False,False,True,False
7700000000.0,53.0,4.0,145283018.86792454,False,False,False,False,False,True,False,False,False,True,False
8900000000.0,77.0,4.0,115584415.58441558,False,False,False,False,False,True,False,False,False,True,False
8600000000.0,68.0,4.0,126470588.23529412,False,False,False,False,False,True,False,False,False,True,False
1350000000.0,100.0,,13500000.0,False,False,True,False,False,True,False,False,False,False,True
2500000000.0,50.0,,50000000.0,False,False,True,False,True,False,False,False,True,False,False
5800000000.0,150.0,5.0,38666666.66666666,False,False,False,False,False,True,False,False,False,True,False
4100000000.0,140.0,,29285714.285714287,False,False,True,False,True,False,False,False,False,False,True
3900000000.0,63.0,2.0,61904761.9047619,False,False,False,False,True,False,False,False,False,True,False
30900000000.0,75.0,,412000000.0,False,False,True,False,False,True,False,False,True,False,False
7800000000.0,39.0,,200000000.0,False,False,True,False,False,True,False,False,False,True,False
2230000000.0,62.5,,35680000.0,False,False,True,False,True,False,False,False,False,True,False
