link_nguon,tieu_de,vi_tri,gia_goc,dien_tich_goc,so_phong_ngu,khu_vuc_nhom,loai_bds,price_per_m2
https://nhadat.cafeland.vn/ban-can-ho-chung-cu-ban-can-ho-mizuki-park-56m2-2pn-1wc-so-hong-san-san-n-3183305.html,Bán căn hộ chung cư: Bán căn hộ Mizuki Park | 56m2 2PN 1WC | Sổ Hồng Sẵn | Sẵn N,"Bình Hưng, Thành phố Hồ Chí Minh",3500000000.0,56.0,2.0,TP.HCM (lõi cũ),Căn hộ/Chung cư,62500000.0
https://nhadat.cafeland.vn/chu-ket-tien-ban-gap-trong-thang-phan-van-tri-chi-6xx-ty-2288635.html,CHỦ KẸT TIỀN - BÁN GẤP TRONG THÁNG - PHAN VĂN TRỊ - CHỈ 6.XX TỶ,"Bình Lợi Trung, Thành phố Hồ Chí Minh",6450000000.0,47.0,3.0,TP.HCM (lõi cũ),Khác,137234042.55319148
https://nhadat.cafeland.vn/nha-mat-tien-quang-trung-tien-o-kinh-doanh-42m2-chi-615-ty-tl-2935772.html,"Nhà mặt tiền Quang Trung tiện ở & kinh doanh - 42m2- chỉ 6,15 tỷ TL","An Hội Tây, Thành phố Hồ Chí Minh",6150000000.0,42.0,,TP.HCM (lõi cũ),Nhà ở/Nhà phố,146428571.42857143
https://nhadat.cafeland.vn/nha-5-lau-dt-4x18m-mat-tien-duong-79-phuong-tan-quy-q7-2170245.html,nhà 5 lầu DT 4x18m mặt tiền đường 79 phường tân quy Q7,"Tân Hưng, Thành phố Hồ Chí Minh",20500000000.0,72.0,16.0,TP.HCM (lõi cũ),Nhà ở/Nhà phố,284722222.2222222
https://nhadat.cafeland.vn/ban-nha-rieng-1050-ty-so-hong-rieng-nha-c4-nguyen-van-kha-130m2-2-phong-ng-3185796.html,"Bán nhà riêng: 1,050 Tỷ, Sổ hồng riêng, Nhà c4 Nguyễn Văn Khạ, 130m2, 2 phòng ng","Tân An Hội, Thành phố Hồ Chí Minh",1050000000.0,130.0,2.0,TP.HCM (lõi cũ),Nhà ở/Nhà phố,8076923.076923077
https://nhadat.cafeland.vn/ban-can-ho-chung-cu-chuyen-nhuong-can-2pn-2wc-view-ho-boi-can-ho-cao-cap-g-3188550.html,Bán căn hộ chung cư: [ CHUYỂN NHƯỢNG CĂN 2PN-2WC VIEW HỒ BƠI ] Căn hộ cao cấp G,"Đức Nhuận, Thành phố Hồ Chí Minh",2575000000.0,69.0,2.0,TP.HCM (lõi cũ),Căn hộ/Chung cư,37318840.57971015
https://nhadat.cafeland.vn/ban-nha-rieng-goc-2-mat-tien-vi-tri-kinh-doanh-cuc-dep-dt-7x10-duc-3-tam-ban-1-3187879.html,Bán nhà riêng: Góc 2 mặt tiền vị trí kinh doanh cực đẹp! DT 7x10 đúc 3 tấm bán 1,"Bình Hưng Hòa, Thành phố Hồ Chí Minh",10700000000.0,70.0,,TP.HCM (lõi cũ),Nhà ở/Nhà phố,152857142.85714287
https://nhadat.cafeland.vn/khang-dien-va-keppel-land-mo-ban-nha-pho-biet-thu-chuan-singapore-3-mat-song-2289078.html,Khang Điền và Keppel Land mở bán nhà phố-Biệt thự chuẩn Singapore; 3 mặt sông,"Bình Trưng, Thành phố Hồ Chí Minh",30000000000.0,200.0,,TP.HCM (lõi cũ),Biệt thự,150000000.0
https://nhadat.cafeland.vn/chuyen-nhuong-nha-hem-xe-hoi-duong-le-thi-rieng-phuong-ben-thanh-quan-1-2480835.html,"Chuyển nhượng nhà hẻm xe hơi đường Lê Thị Riêng, phường Bến Thành, quận 1","Bến Thành, Thành phố Hồ Chí Minh",23000000000.0,99.0,,TP.HCM (lõi cũ),Nhà ở/Nhà phố,232323232.32323232
https://nhadat.cafeland.vn/ban-dat-tho-cu-ban-dat-kdc-phuc-dat-p-di-an-tp-ho-chi-minh-gan-kcn-vsip-i-60-3183090.html,"Bán đất thổ cư: Bán đất KDC Phúc Đạt P. Dĩ An TP. Hồ Chí Minh gần KCN Vsip I, 60","Đông Hòa, Thành phố Hồ Chí Minh",2950000000.0,60.0,,Bình Dương (mới sáp nhập),Đất nền,49166666.666666664
https://nhadat.cafeland.vn/ban-nha-rieng-nha-tan-phu-1-tret-1-lau-2-phong-ngu-hem-thong-ra-van-cao-3182245.html,"Bán nhà riêng: Nhà Tân Phú, 1 trệt 1 lầu, 2 phòng ngủ, hẻm thông ra Văn Cao","Phú Thọ Hòa, Thành phố Hồ Chí Minh",5390000000.0,56.0,2.0,TP.HCM (lõi cũ),Nhà ở/Nhà phố,96250000.0
https://nhadat.cafeland.vn/ban-nha-4-tang-mt-duong-canh-le-van-viet-ptan-phu-tp-thu-duc-dt-200m2-23-ty-2213000.html,"Bán nhà 4 Tầng MT đường cạnh Lê Văn Việt, P.Tân Phú TP. Thủ Đức DT 200m2, 23 tỷ","Long Bình, Thành phố Hồ Chí Minh",23000000000.0,192.0,,TP.HCM (lõi cũ),Nhà ở/Nhà phố,119791666.66666667
https://nhadat.cafeland.vn/ban-nha-rieng-nha-80m2-trung-tam-quan-7-canh-phu-my-hung-hon-7-toi-3183249.html,"Bán nhà riêng: Nhà 80m2 trung tâm Quận 7, cạnh Phú Mỹ Hưng, hơn 7 tỏi","Phú Thuận, Thành phố Hồ Chí Minh",7350000000.0,80.0,3.0,TP.HCM (lõi cũ),Nhà ở/Nhà phố,91875000.0
https://nhadat.cafeland.vn/ban-nha-rieng-lo-goc-cuc-thoang-sat-mt-duong-hem-xe-hoi-ngu-nha-gan-phu-thuan-q-3183250.html,Bán nhà riêng: Lô góc cực thoáng-sát MT đường-hẻm xe hơi ngủ nhà-gần Phú Thuận Q,"Phú Thuận, Thành phố Hồ Chí Minh",7800000000.0,52.0,,TP.HCM (lõi cũ),Nhà ở/Nhà phố,150000000.0
https://nhadat.cafeland.vn/nha-dep-3-tang-120m27x17duong-khieu-nang-tinhgan-quan-6-2934052.html,"Nhà đẹp 3 tầng 120m2(7x17),đường Khiếu Năng Tĩnh,gần Quận 6","An Lạc, Thành phố Hồ Chí Minh",8000000000.0,120.0,7.0,TP.HCM (lõi cũ),Nhà ở/Nhà phố,66666666.666666664
https://nhadat.cafeland.vn/ban-biet-thu-biet-thu-260m2-goc-2-mat-tien-co-thang-may-kdc-phu-nhuan-le-thi-ri-3182225.html,Bán biệt thự: Biệt thự 260m2 Góc 2 Mặt tiền có Thang máy KDC Phú Nhuận-Lê Thị Ri,"Thới An, Thành phố Hồ Chí Minh",20600000000.0,260.0,,TP.HCM (lõi cũ),Biệt thự,79230769.23076923
https://nhadat.cafeland.vn/ban-can-ho-chung-cu-ban-gap-1pn-gia-295-ty-view-song-cau-bason-quan-1-3184437.html,"Bán căn hộ chung cư: Bán gấp 1PN giá 2,95 tỷ view sông cầu Bason Quận 1","Thạnh Mỹ Tây, Thành phố Hồ Chí Minh",2950000000.0,40.0,1.0,TP.HCM (lõi cũ),Căn hộ/Chung cư,73750000.0
https://nhadat.cafeland.vn/no-hau-dau-35m-duoi-48m-4-tang-moi-dep-gieng-troi-ban-cong-khu-vuc-an-ninh-2324150.html,"nở hậu đầu 3.5m đuôi 4.8m, 4 tầng mới đẹp, giếng trời, ban công. Khu vực an ninh","Phú Nhuận, Thành phố Hồ Chí Minh",7800000000.0,41.0,,TP.HCM (lõi cũ),Khác,190243902.4390244
https://nhadat.cafeland.vn/nha-re-thu-nhap-on-dinh-mat-tien-tan-phuoc-3-x-18m-1-tret-1-lau-q10-tphcm-2234443.html,Nhà rẻ thu nhập ổn định mặt tiền Tân Phước 3 x 18m 1 trệt 1 lầu Q10 TP.HCM,"Diên Hồng, Thành phố Hồ Chí Minh",12500000000.0,54.0,,TP.HCM (lõi cũ),Nhà ở/Nhà phố,231481481.4814815
https://nhadat.cafeland.vn/top-nha-vi-tri-dep-re-6-tang-thang-may-ngo-gia-tu-q10-tphcm-2286339.html,Top nhà vị trí đẹp rẻ 6 tầng thang máy Ngô Gia Tự Q10 TP.HCM,"Vườn Lài, Thành phố Hồ Chí Minh",22000000000.0,40.0,,TP.HCM (lõi cũ),Nhà ở/Nhà phố,550000000.0
https://nhadat.cafeland.vn/chuyen-nhuong-nha-hem-xe-hoi-duong-nguyen-van-khoi-p-thong-tay-hoi-p9-2465697.html,"CHUYỂN NHƯỢNG NHÀ HẺM XE HƠI ĐƯỜNG NGUYỄN VĂN KHỐI, P THÔNG TÂY HỘI (P9)","Thông Tây Hội, Thành phố Hồ Chí Minh",6750000000.0,43.0,4.0,TP.HCM (lõi cũ),Nhà ở/Nhà phố,156976744.1860465
https://nhadat.cafeland.vn/can-ho-cao-cap-tran-5m3-duplex-1pn-1wc-them-gac-lung-2747451.html,"Căn Hộ Cao Cấp Trần 5m3 Duplex 1PN+ 1WC Thêm Gác Lửng,","Dĩ An, Thành phố Hồ Chí Minh",3300000000.0,55.0,1.0,Bình Dương (mới sáp nhập),Căn hộ/Chung cư,60000000.0
https://nhadat.cafeland.vn/ban-dat-92m2-vo-thi-lieu-pan-phu-dong-q12-2325375.html,bán đất 92m2 Võ Thị Liễu P.An Phú Đông Q12,"An Phú Đông, Thành phố Hồ Chí Minh",5500000000.0,92.0,,TP.HCM (lõi cũ),Đất nền,59782608.69565217
https://nhadat.cafeland.vn/ban-nha-rieng-nha-rieng-duoi-4-ty-tai-phuong-tan-hung-dien-tich-24m2-thiet-ke-h-3183241.html,Bán nhà riêng: Nhà riêng dưới 4 tỷ tại Phường Tân Hưng diện tích 24m2 thiết kế h,"Tân Hưng, Thành phố Hồ Chí Minh",3800000000.0,24.0,2.0,TP.HCM (lõi cũ),Nhà ở/Nhà phố,158333333.33333334
https://nhadat.cafeland.vn/ban-dat-tho-cu-chinh-chu-can-ban-gap-manh-mat-tien-hoang-phan-thai-binh-chanh-3184079.html,"Bán đất thổ cư: Chính chủ cần bán gấp mảnh mặt tiền Hoàng Phan Thái, Bình Chánh,","Bình Chánh, Thành phố Hồ Chí Minh",2400000000.0,80.0,,TP.HCM (lõi cũ),Đất nền,30000000.0
https://nhadat.cafeland.vn/gia-chi-tu-2-ty-da-so-huu-can-ho-pham-van-dong-2811770.html,Giá Chỉ Từ 2 tỷ đã sỡ hữu căn hộ phạm văn đồng,"Dĩ An, Thành phố Hồ Chí Minh",2000000000.0,36.0,,Bình Dương (mới sáp nhập),Căn hộ/Chung cư,55555555.55555555
https://nhadat.cafeland.vn/ban-nha-rieng-ban-nha-mat-pho-tai-duong-12-binh-hung-ho-chi-minh-10-ty-100m-3184516.html,"Bán nhà riêng: Bán nhà mặt phố tại đường 12, Bình Hưng, Hồ Chí Minh, 10 tỷ, 100m","Bình Hưng, Thành phố Hồ Chí Minh",10000000000.0,100.0,,TP.HCM (lõi cũ),Nhà ở/Nhà phố,100000000.0
https://nhadat.cafeland.vn/ban-nha-rieng-hem-5m-xe-hoi-do-cua-thong-thang-ra-to-hieu-ngay-nga-tu-4-xa-3182260.html,"Bán nhà riêng: Hẻm 5m xe hơi đỗ cửa, thông thẳng ra Tô Hiệu, ngay ngã tư 4 xã –","Phú Thạnh, Thành phố Hồ Chí Minh",8400000000.0,80.0,4.0,TP.HCM (lõi cũ),Nhà ở/Nhà phố,105000000.0
https://nhadat.cafeland.vn/ban-nha-mat-tien-duong-so-1akhu-ten-lua-6m-x-21m-x-4-tang-168-ty-tl-2289994.html,"BÁN NHÀ MẶT TIỀN ĐƯỜNG SỐ 1A,KHU TÊN LỬA (6m x 21m x 4 TẦNG) 16,8 TỶ TL","An Lạc, Thành phố Hồ Chí Minh",16800000000.0,126.0,5.0,TP.HCM (lõi cũ),Nhà ở/Nhà phố,133333333.33333333
https://nhadat.cafeland.vn/trung-tam-q10-tien-ich-day-du-gan-cho-bv-truong-tttm-nha-vuong-2558151.html,"Trung tâm q10, tiện ích đầy đủ, gần chợ, bv, trường, TTTM. Nhà vuông","Vườn Lài, Thành phố Hồ Chí Minh",3200000000.0,20.0,,TP.HCM (lõi cũ),Nhà ở/Nhà phố,160000000.0
https://nhadat.cafeland.vn/ban-nha-rieng-hot-gia-re-nha-2-tang-ke-kieu-dam-2pn-50m-53-ty-3184492.html,"Bán nhà riêng: Hot giá rẻ - nhà 2 tầng - kế kiều đàm - 2pn - 50m - 5,3 tỷ","Tân Hưng, Thành phố Hồ Chí Minh",5300000000.0,50.0,2.0,TP.HCM (lõi cũ),Nhà ở/Nhà phố,106000000.0
https://nhadat.cafeland.vn/ban-nha-rieng-ban-day-tro-10-phong250m2-dcay-trom-my-khanh-cu-chi-gia-11-ty-3187933.html,"Bán nhà riêng: Bán dãy trọ 10 phòng/250m2 Đ.Cây Trôm Mỹ Khánh Củ Chi, Giá 1,1 tỷ","Thái Mỹ, Thành phố Hồ Chí Minh",1100000000.0,250.0,10.0,TP.HCM (lõi cũ),Nhà ở/Nhà phố,4400000.0
https://nhadat.cafeland.vn/nha-dep-my-loc-can-giuoc-ban-gap-gia-mem-phap-ly-chuan-2556630.html,"NHÀ ĐẸP MỸ LỘC_ CẦN GIUỘC BÁN GẤP GIÁ MỀM, PHÁP LÝ CHUẨN","Bình Hưng Hòa, Thành phố Hồ Chí Minh",1750000000.0,112.0,,TP.HCM (lõi cũ),Nhà ở/Nhà phố,15625000.0
https://nhadat.cafeland.vn/nha-go-vap-gia-re-duong-so-7-ngang-4m-dai-8m-tret-lau-cu-2280140.html,Nhà Gò Vấp giá rẻ đường số 7 ngang 4m dài 8m trệt lầu củ.,"Hạnh Thông, Thành phố Hồ Chí Minh",3300000000.0,32.0,,TP.HCM (lõi cũ),Nhà ở/Nhà phố,103125000.0
https://nhadat.cafeland.vn/nha-nho-xinh-moi-lo-goc-2-mat-2pn2wc-hxh-gan-cho-noi-that-day-du-2812699.html,"Nhà nhỏ xinh mới, lô góc 2 mặt, 2pn2wc. Hxh, gần chợ. Nội thất đầy đủ","Gia Định, Thành phố Hồ Chí Minh",3950000000.0,21.0,2.0,TP.HCM (lõi cũ),Nhà ở/Nhà phố,188095238.0952381
https://nhadat.cafeland.vn/gia-chinh-chu-6ty100-luxgarden-131m2-3pn-view-landmark-so-hong-2811295.html,"[GIÁ CHÍNH CHỦ 6TY100] Luxgarden 131m2 3PN - view Landmark, Sổ hồng","Phú Thuận, Thành phố Hồ Chí Minh",6100000000.0,131.0,3.0,TP.HCM (lõi cũ),Khác,46564885.49618321
https://nhadat.cafeland.vn/nha-quan-10-hem-xe-hoi-nhieu-phong-duoi-9-ti-2554870.html,"nhà quận 10, hẻm xe hơi, nhiều phòng, dưới 9 tỉ","Vườn Lài, Thành phố Hồ Chí Minh",8900000000.0,53.0,5.0,TP.HCM (lõi cũ),Nhà ở/Nhà phố,167924528.3018868
https://nhadat.cafeland.vn/ban-nha-rieng-hiem-nha-1-tret-2-lau-mat-tien-tran-dai-nghia-kdt-chi-linh-v-3187677.html,"Bán nhà riêng: (Hiếm) Nhà 1 trệt 2 lầu mặt tiền Trần Đại Nghĩa, KĐT Chí Linh - V","Tam Thắng, Thành phố Hồ Chí Minh",11000000000.0,72.0,,Bà Rịa - Vũng Tàu (mới sáp nhập),Nhà ở/Nhà phố,152777777.7777778
https://nhadat.cafeland.vn/ban-can-ho-chung-cu-ban-can-ho-quan-3188515.html,Bán căn hộ chung cư: Bán căn hộ 𝟑𝐏𝐍 𝐕𝐈𝐍𝐇𝐎𝐌𝐄𝐒 𝐆𝐎𝐋𝐃𝐄𝐍 𝐑𝐈𝐕𝐄𝐑 - QUẬN 𝟏,"Sài Gòn, Thành phố Hồ Chí Minh",7365000000.0,118.0,3.0,TP.HCM (lõi cũ),Căn hộ/Chung cư,62415254.23728813
https://nhadat.cafeland.vn/ban-nha-rieng-ban-nha-mat-tien-thai-thi-giu-ba-diem-dien-tich-242m2-lo-goc-3187941.html,"Bán nhà riêng: Bán nhà mặt tiền Thái Thị Giữ, Bà Điểm, diện tích 242m2, lô góc","Bà Điểm, Thành phố Hồ Chí Minh",12900000000.0,240.0,,TP.HCM (lõi cũ),Nhà ở/Nhà phố,53750000.0
https://nhadat.cafeland.vn/duong-chinh-le-van-luong-phuong-tan-kieng-quan-7-dt-63x23m-nh-2278871.html,đường chính lê văn Lương phường Tân kiểng Quận 7. DT 6.3x23m NH,"Tân Hưng, Thành phố Hồ Chí Minh",27500000000.0,124.0,,TP.HCM (lõi cũ),Khác,221774193.5483871
https://nhadat.cafeland.vn/ban-nha-rieng-hem-vip-305-tan-son-nhi-quan-tan-phu-64m2-3-tang-85-ty-3184472.html,"Bán nhà riêng: Hẻm VIP!!! 305 Tân Sơn Nhì Quận Tân Phú; 64m2 3 tầng 8,5 tỷ","Tân Sơn Nhì, Thành phố Hồ Chí Minh",8500000000.0,64.0,,TP.HCM (lõi cũ),Nhà ở/Nhà phố,132812500.0
https://nhadat.cafeland.vn/can-ho-cao-cap-mt-tran-van-giau-noi-dai-gia-tu-12-ti-gop-6trthang-2477988.html,"CĂN HỘ CAO CẤP MT TRẦN VĂN GIÀU NỐI DÀI GIÁ TỪ 1,2 TỈ, GÓP 6TR/THÁNG.","Bình Chánh, Thành phố Hồ Chí Minh",1190000000.0,35.0,,TP.HCM (lõi cũ),Căn hộ/Chung cư,34000000.0
https://nhadat.cafeland.vn/ban-nha-rieng-ban-nha-1-tret-1-lau-52m2-ngay-kenh-nuoc-den-ke-ben-aeon-tan-phu-3187843.html,"Bán nhà riêng: Bán nhà 1 trệt 1 lầu 52m2 ngay Kênh Nước Đen, kế bên Aeon Tân Phú","Bình Hưng Hòa, Thành phố Hồ Chí Minh",5650000000.0,52.0,3.0,TP.HCM (lõi cũ),Nhà ở/Nhà phố,108653846.15384616
https://nhadat.cafeland.vn/ban-nha-rieng-nha-chdv-quan-7-dt-6x13m-gia-675-ty-3183252.html,"Bán nhà riêng: Nhà CHDV Quận 7 DT 6x13M Giá 6,75 Tỷ","Tân Mỹ, Thành phố Hồ Chí Minh",6700000000.0,74.0,4.0,TP.HCM (lõi cũ),Nhà ở/Nhà phố,90540540.54054055
https://nhadat.cafeland.vn/ban-nha-hem-86136-tran-xuan-soan-quan-7-tphcm-3180032.html,Bán nhà hẻm 861/36 Trần Xuân Soạn Quận 7 TPHCM,"Tân Hưng, Thành phố Hồ Chí Minh",3790000000.0,24.0,2.0,TP.HCM (lõi cũ),Nhà ở/Nhà phố,157916666.66666666
https://nhadat.cafeland.vn/ban-nha-rieng-ha-gia-ban-gap-nha-c4-sau-cho-ba-diem-hoc-mon-dt-65m2-so-rieng-3182338.html,Bán nhà riêng: Hạ giá bán gấp nhà c4 sau chợ bà điểm - hóc môn dt 65m2 sổ riêng,"Bà Điểm, Thành phố Hồ Chí Minh",930000000.0,65.4,,TP.HCM (lõi cũ),Nhà ở/Nhà phố,14220183.486238532
https://nhadat.cafeland.vn/nha-lo-goc-le-dinh-can-giap-ten-lua-hem-xe-hoi-68m2-2-tang-3pn-ko-lo-gioi-48t-3177195.html,NHÀ LÔ GÓC LÊ ĐÌNH CẨN GIÁP TÊN LỬA-HẺM XE HƠI-68M2-2 TẦNG-3PN-KO LỘ GIỚI-4.8T,"Tân Tạo, Thành phố Hồ Chí Minh",4800000000.0,68.0,3.0,TP.HCM (lõi cũ),Nhà ở/Nhà phố,70588235.29411764
https://nhadat.cafeland.vn/ban-nha-duong-an-duong-vuongphuong-an-lac-4m-x-18m-x-4-tang-73-ty-2481681.html,"BÁN NHÀ ĐƯỜNG AN DƯƠNG VƯƠNG,PHƯỜNG AN LẠC (4m x 18m x 4 TẦNG) 7,3 TỶ","An Lạc, Thành phố Hồ Chí Minh",7300000000.0,72.0,6.0,TP.HCM (lõi cũ),Nhà ở/Nhà phố,101388888.8888889
https://nhadat.cafeland.vn/ban-nha-duong-chien-luocphuong-binh-tri-dong-4m-x-16m-x-3-tang-7-ty-tl-2476468.html,"BÁN NHÀ ĐƯỜNG CHIẾN LƯỢC,PHƯỜNG BÌNH TRỊ ĐÔNG (4m x 16m x 3 TẦNG) 7 TỶ TL","Bình Trị Đông, Thành phố Hồ Chí Minh",7000000000.0,64.0,4.0,TP.HCM (lõi cũ),Nhà ở/Nhà phố,109375000.0
https://nhadat.cafeland.vn/ban-nha-rieng-ban-nha-2-tang-hem-3m-hem-hong-rieng-2x10m-duong-xo-viet-nghe-ti-3183199.html,"Bán nhà riêng: Bán nhà 2 tầng hẻm 3m, hẻm hông riêng 2x10m đường Xô Viết Nghệ Tĩ","Thạnh Mỹ Tây, Thành phố Hồ Chí Minh",5950000000.0,50.0,,TP.HCM (lõi cũ),Nhà ở/Nhà phố,119000000.0
https://nhadat.cafeland.vn/ban-nha-rieng-nha-2-tang-full-noi-that-bo-bao-tan-thang-sat-aeon-tan-phu-3186785.html,Bán nhà riêng: Nhà 2 tầng full nội thất Bờ Bao Tân Thắng sát AEON Tân Phú,"Tân Sơn Nhì, Thành phố Hồ Chí Minh",5500000000.0,48.0,2.0,TP.HCM (lõi cũ),Nhà ở/Nhà phố,114583333.33333333
https://nhadat.cafeland.vn/nha-cu-hem-6m-nguyen-van-yen-to-hieu-72m2-4x18-tien-xay-lai-chi-67-ty-tl-2484924.html,"Nhà cũ hẻm 6m, Nguyễn Văn Yến - Tô Hiệu, 72m2, 4x18, tiện xây lại, Chỉ 6.7 tỷ TL","Phú Thạnh, Thành phố Hồ Chí Minh",6700000000.0,72.0,,TP.HCM (lõi cũ),Nhà ở/Nhà phố,93055555.55555555
https://nhadat.cafeland.vn/ban-nha-rieng-biet-thu-vuon-goc-2-mt-apd09-11-x-30-co-nha-1-tret-1-lau-4pn-3185691.html,Bán nhà riêng: Biệt thự vườn góc 2 MT APD09 (11 x 30) - Có nhà 1 trệt 1 lầu 4PN,"An Phú Đông, Thành phố Hồ Chí Minh",10500000000.0,340.0,4.0,TP.HCM (lõi cũ),Biệt thự,30882352.94117647
https://nhadat.cafeland.vn/55m2-can-ho-2pn-hoang-hoa-tham-23-ty-so-san-bao-phi-full-noi-that-nhu-hinh-2831876.html,"55m2 Căn Hộ 2PN Hoàng Hoa Thám 2,3 tỷ- sổ sẵn bao phí Full Nội Thất như hình","Bình Lợi Trung, Thành phố Hồ Chí Minh",2300000000.0,55.0,2.0,TP.HCM (lõi cũ),Căn hộ/Chung cư,41818181.81818182
https://nhadat.cafeland.vn/ban-dat-tho-cu-dat-khu-phan-lo-dong-bo-huynh-thi-hai-trung-my-tay-duong-8m-3183174.html,"Bán đất thổ cư: Đất khu phân lô đồng bộ - Huỳnh Thị Hai, Trung Mỹ Tây - Đường 8m","Trung Mỹ Tây, Thành phố Hồ Chí Minh",4200000000.0,60.0,,TP.HCM (lõi cũ),Đất nền,70000000.0
https://nhadat.cafeland.vn/ban-can-ho-chung-cu-ban-can-ho-feliz-en-vista-quan-2-vi-tri-vang-trung-tam-3188549.html,Bán căn hộ chung cư: Bán căn hộ Feliz En Vista Quận 2 - Vị trí vàng trung tâm --,"Cát Lái, Thành phố Hồ Chí Minh",3310000000.0,85.0,2.0,TP.HCM (lõi cũ),Căn hộ/Chung cư,38941176.47058824
https://nhadat.cafeland.vn/ha-gia-ban-gap-nha-2-mat-tien-ngo-chi-quoc-vi-tri-sieu-pham-kinh-doanh-vip-3189793.html,HẠ GIÁ BÁN GẤP NHÀ 2 MẶT TIỀN NGÔ CHÍ QUỐC - VỊ TRÍ SIÊU PHẨM KINH DOANH VIP,"Tam Bình, Thành phố Hồ Chí Minh",3500000000.0,88.0,,TP.HCM (lõi cũ),Nhà ở/Nhà phố,39772727.27272727
https://nhadat.cafeland.vn/2pn-50m2-2-ty-hien-huu-100-don-o-ngay-so-trao-tay-bank-70-pccc-247-2831855.html,"2PN ( 50M2 - 2 TỶ ) Hiễn Hữu 100% ,Dọn ở ngay ,Sổ trao tay ,Bank 70% ,PCCC 24/7","Bình Lợi Trung, Thành phố Hồ Chí Minh",2000000000.0,50.0,2.0,TP.HCM (lõi cũ),Căn hộ/Chung cư,40000000.0
https://nhadat.cafeland.vn/ban-can-ho-chung-cu-ban-can-ho-silver-sea-47-ba-cu-105m2-2pn-2wc-gia-4-ty-200-3187702.html,"Bán căn hộ chung cư: Bán căn hộ Silver Sea 47 Ba Cu 105m2, 2PN, 2WC giá 4 tỷ 200","Vũng Tàu, Thành phố Hồ Chí Minh",4200000000.0,105.0,2.0,Bà Rịa - Vũng Tàu (mới sáp nhập),Căn hộ/Chung cư,40000000.0
https://nhadat.cafeland.vn/ban-can-ho-chung-cu-ban-nhanh-can-ho-2pn-masteri-thao-dien-dia-chi-159-vo-ng-3188571.html,Bán căn hộ chung cư: BÁN NHANH CĂN HỘ 2PN MASTERI THẢO ĐIỀN Địa chỉ: 159 Võ Ng,"An Khánh, Thành phố Hồ Chí Minh",3485000000.0,71.0,2.0,TP.HCM (lõi cũ),Căn hộ/Chung cư,49084507.042253524
https://nhadat.cafeland.vn/ban-dat-gia-re-long-dien-270-trieu-co-tho-cu-dan-cu-dong-2326150.html,BÁN ĐẤT GIÁ RẺ LONG ĐIỀN 270 TRIỆU – CÓ THỔ CƯ – DÂN CƯ ĐÔNG,"Long Điền, Thành phố Hồ Chí Minh",20250000000.0,75.0,,Bà Rịa - Vũng Tàu (mới sáp nhập),Đất nền,270000000.0
https://nhadat.cafeland.vn/ban-can-ho-chung-cu-can-ho-50m2-tang-full-noi-that-thanh-toan-399tr-ngung-den-k-3184954.html,Bán căn hộ chung cư: Căn hộ 50m2 tặng full nội thất thanh toán 399tr ngưng đến k,"Bình Lợi, Thành phố Hồ Chí Minh",1746000000.0,50.2,,TP.HCM (lõi cũ),Căn hộ/Chung cư,34780876.494023904
https://nhadat.cafeland.vn/chuyen-nhuong-nha-mat-tien-kinh-doanh-duong-ban-co-phuong-ban-co-quan-3-2478316.html,"Chuyển nhượng nhà mặt tiền kinh doanh đường Bàn Cờ, phường Bàn Cờ, quận 3","Bàn Cờ, Thành phố Hồ Chí Minh",24500000000.0,61.4,,TP.HCM (lõi cũ),Nhà ở/Nhà phố,399022801.3029316
https://nhadat.cafeland.vn/ban-nha-rieng-nha-pho-xay-moi-co-bao-ve-co-cong-vien-khu-dan-cu-huynh-tan-3188751.html,"Bán nhà riêng: Nhà Phố XÂY MỚI - CÓ BẢO VỆ, CÓ CÔNG VIÊN - Khu dân cư Huỳnh Tấn","Nhà Bè, Thành phố Hồ Chí Minh",9900000000.0,85.0,,TP.HCM (lõi cũ),Nhà ở/Nhà phố,116470588.23529412
https://nhadat.cafeland.vn/ban-dat-tho-cu-hiem-dat-1-sec-nguyen-thi-nhuan-5x10m-full-tho-cu-sat-ben-tru-3186741.html,"Bán đất thổ cư: Hiếm! Đất 1 sẹc Nguyễn Thị Nhuần, 5x10m full thổ cư. Sát bên trư","An Phú Đông, Thành phố Hồ Chí Minh",3900000000.0,50.0,,TP.HCM (lõi cũ),Đất nền,78000000.0
https://nhadat.cafeland.vn/ban-nha-rieng-khach-san-pho-ly-tu-trong-p-ben-thanh-q1-dt-60m2-kc-5-tang-thang-3183137.html,Bán nhà riêng: Khách sạn phố Lý Tự Trọng P Bến Thành Q1 DT 60M2 KC 5 tầng thang,"Bến Thành, Thành phố Hồ Chí Minh",34000000000.0,60.0,,TP.HCM (lõi cũ),Nhà ở/Nhà phố,566666666.6666666
https://nhadat.cafeland.vn/ban-dat-tho-cu-chinh-chu-ban-lo-dat-phuong-tan-son-nhi-tan-phu-ngang-41m-dai-3186780.html,"Bán đất thổ cư: Chính chủ bán lô đất phường Tân Sơn Nhì - Tân Phú ngang 4,1m dài","Tân Sơn Nhì, Thành phố Hồ Chí Minh",6700000000.0,91.0,,TP.HCM (lõi cũ),Đất nền,73626373.62637363
https://nhadat.cafeland.vn/ban-nha-rieng-5-ty-5-hem-160-nguyen-van-quy-2-tang-ngang-6m5-no-hau-3185769.html,Bán nhà riêng: 5 tỷ 5 - Hẻm 160 - Nguyễn Văn Quỳ - 2 tầng - Ngang 6m5 - Nở hậu -,"Phú Thuận, Thành phố Hồ Chí Minh",5500000000.0,55.0,3.0,TP.HCM (lõi cũ),Nhà ở/Nhà phố,100000000.0
https://nhadat.cafeland.vn/ban-nha-rieng-nha-hem-60-le-thi-rieng-p-ben-thanh-q1-dt-57m2-kc-2-lau-hxh-nga-3184400.html,Bán nhà riêng: Nhà Hẻm 60 Lê Thị Riêng P. Bến Thành Q.1 DT 57M2 KC 2 Lầu HXH Nga,"Bến Thành, Thành phố Hồ Chí Minh",25000000000.0,57.0,,TP.HCM (lõi cũ),Nhà ở/Nhà phố,438596491.2280702
https://nhadat.cafeland.vn/ban-dat-tho-cu-ban-dat-hxh-binh-thanh-bui-dinh-tuy-4x14-56-m2-dat-chi-76-ty-3184453.html,"Bán đất thổ cư: Bán đất HXH Bình Thạnh Bùi Đình Túy 4x14 56 m2 đất chỉ 7,6 tỷ","Bình Thạnh, Thành phố Hồ Chí Minh",7600000000.0,56.0,,TP.HCM (lõi cũ),Đất nền,135714285.7142857
https://nhadat.cafeland.vn/top-nha-pho-re-48-x-12m-1-tret-2-lau-lac-long-quan-tan-binh-tphcm-2933592.html,Top nhà phố rẻ 4.8 x 12m 1 trệt 2 lầu Lạc Long Quân Tân Bình TP.HCM,"Bảy Hiền, Thành phố Hồ Chí Minh",7200000000.0,60.0,,TP.HCM (lõi cũ),Nhà ở/Nhà phố,120000000.0
https://nhadat.cafeland.vn/can-ban-ma-vn48-276-vinhomes-green-paradise-can-gio-dien-tich-100m2-phap-ly-ro-rang-chot-nhanh-2489270.html,Cần bán mã VN48-276 Vinhomes Green Paradise Cần Giờ diện tích 100m2 pháp lý rõ ràng chốt nhanh,"Cần Giờ, Thành phố Hồ Chí Minh",15091000000.0,100.0,,TP.HCM (lõi cũ),Khác,150910000.0
https://nhadat.cafeland.vn/nha-hem-xe-tai-tren-duong-nguyen-thienthuat-q3-nha-cu-tien-xay-moi-2555522.html,"Nhà hẻm xe tải trên đường Nguyễn thiệnThuật, q3, nhà cũ tiện xây mới","Bàn Cờ, Thành phố Hồ Chí Minh",8200000000.0,31.0,,TP.HCM (lõi cũ),Nhà ở/Nhà phố,264516129.03225806
https://nhadat.cafeland.vn/can-ban-nha-mat-tien-moi-hoan-thien-kinh-doanh-phuong-tan-dinh-quan-1-2812536.html,Cần bán nhà Mặt Tiền mới hoàn thiện kinh doanh Phường Tân Đinh. Quận 1,"Tân Định, Thành phố Hồ Chí Minh",15500000000.0,50.0,4.0,TP.HCM (lõi cũ),Nhà ở/Nhà phố,310000000.0
https://nhadat.cafeland.vn/toa-nha-homestay-xay-moi-vi-tri-dep-tiem-nang-6tang-thang-may-18-chdv-khep-kin-3155492.html,"TOÀ NHÀ HOMESTAY XÂY MỚI VỊ TRÍ ĐẸP TIỀM NĂNG, 6TẦNG THANG MÁY 18 CHDV KHÉP KÍN","An Nhơn, Thành phố Hồ Chí Minh",21000000000.0,99.0,18.0,TP.HCM (lõi cũ),Nhà ở/Nhà phố,212121212.12121212
https://nhadat.cafeland.vn/nha-pho-re-4-x-16m-1-tret-1-lau-nguyen-cu-trinh-quan-1-tphcm-2282058.html,Nhà phố rẻ 4 x 16m 1 trệt 1 lầu Nguyễn Cư Trinh Quận 1 TP.HCM,"Cầu Ông Lãnh, Thành phố Hồ Chí Minh",22000000000.0,64.0,,TP.HCM (lõi cũ),Nhà ở/Nhà phố,343750000.0
https://nhadat.cafeland.vn/ban-nha-kdc-dong-bo-75m2-ngay-cau-vuot-linh-xuan-gia-5xx-ty-3189629.html,Bán Nhà KDC Đồng Bộ 75m2 - Ngay Cầu Vượt Linh Xuân - Giá 5.xx Tỷ,"Linh Xuân, Thành phố Hồ Chí Minh",5000000000.0,75.0,,TP.HCM (lõi cũ),Nhà ở/Nhà phố,66666666.666666664
https://nhadat.cafeland.vn/chon-ngay-ma-vn92-23-vinhomes-green-paradise-can-gio-dien-tich-2739m2-cho-dau-tu-dai-han-2489225.html,"Chọn ngay mã VN92-23 Vinhomes Green Paradise Cần Giờ diện tích 273,9m2 cho đầu tư dài hạn","Cần Giờ, Thành phố Hồ Chí Minh",31124000000.0,273.9,,TP.HCM (lõi cũ),Khác,113632712.66885726
https://nhadat.cafeland.vn/ban-nha-rieng-hem-nhua-8m-ban-nha-phan-van-tri-binh-thanh-4x10-lung-lau-gia-8-3182236.html,Bán nhà riêng: [HẺM NHỰA 8m] Bán nhà Phan Văn Trị Bình Thạnh 4x10 lửng lầu giá 8,"Bình Lợi Trung, Thành phố Hồ Chí Minh",8500000000.0,40.0,,TP.HCM (lõi cũ),Nhà ở/Nhà phố,212500000.0
https://nhadat.cafeland.vn/ban-dat-tinh-lo-10khu-ten-lua-120m2-6m-x-20m-hem-7m-thong-gia-101-ty-tl-2289807.html,"BÁN ĐẤT TỈNH LỘ 10,KHU TÊN LỬA (120m2 - 6m x 20m) HẺM 7M THÔNG - GIÁ 10,1 TỶ TL","Bình Trị Đông, Thành phố Hồ Chí Minh",10100000000.0,120.0,,TP.HCM (lõi cũ),Đất nền,84166666.66666667
https://nhadat.cafeland.vn/ban-can-ho-3pn-ngay-duong-ho-hao-hon-phuong-co-giang-quan-1-3176948.html,Bán căn hộ 3PN ngay đường Hồ Hảo Hớn phường cô giang Quận 1,"Cầu Ông Lãnh, Thành phố Hồ Chí Minh",8000000000.0,96.0,3.0,TP.HCM (lõi cũ),Căn hộ/Chung cư,83333333.33333333
https://nhadat.cafeland.vn/hot-qua-nhinh-10-ty-tau-nha-6-lau-moi-co-tmay-75m2-ngang-5m-thong-nhat-tang-nt-3189507.html,HOT QUÁ nhỉnh 10 tỷ tậu nhà 6 lầu mới có T.máy 75m2 ngang 5m Thống Nhất tặng NT,"An Hội Đông, Thành phố Hồ Chí Minh",10550000000.0,75.0,,TP.HCM (lõi cũ),Nhà ở/Nhà phố,140666666.66666666
https://nhadat.cafeland.vn/can-ban-can-ho-green-town-68m2-2pn-2wc-nguyen-thi-tu-binh-tan-2831824.html,Cần bán căn hộ Green Town 68m2 2pn 2wc Nguyễn Thị Tú Bình Tân,"Bình Tân, Thành phố Hồ Chí Minh",2750000000.0,68.0,2.0,TP.HCM (lõi cũ),Căn hộ/Chung cư,40441176.47058824
https://nhadat.cafeland.vn/ban-nha-rieng-nhinh-9-ty-mt-duong-van-duong-tan-phu-70m-dtxd-140m-phu-tho-h-3184019.html,Bán nhà riêng: Nhỉnh 9 tỷ | MT Dương Văn Dương Tân Phú 70m | ĐTXD 140m Phú Thọ H,"Phú Thọ Hòa, Thành phố Hồ Chí Minh",9000000000.0,70.0,3.0,TP.HCM (lõi cũ),Nhà ở/Nhà phố,128571428.57142857
https://nhadat.cafeland.vn/ban-3-kiot-mat-tien-to-ngoc-van-duong-12-met-khong-lo-gioi-3189967.html,BÁN 3 KIOT MẶT TIỀN TÔ NGỌC VÂN – ĐƯỜNG 12 MÉT KHÔNG LỘ GIỚI,"Tam Bình, Thành phố Hồ Chí Minh",3100000000.0,45.0,,TP.HCM (lõi cũ),Khác,68888888.8888889
https://nhadat.cafeland.vn/ban-nha-duong-so-17-tan-quy-vi-tri-kinh-doanh-dac-dia-quan-7-2287186.html,Bán nhà đường số 17 Tân Quy vị trí kinh doanh đắc địa quận 7,"Tân Hưng, Thành phố Hồ Chí Minh",14500000000.0,80.0,,TP.HCM (lõi cũ),Nhà ở/Nhà phố,181250000.0
https://nhadat.cafeland.vn/so-huu-suat-noi-bo-ngay-trung-tam-moi-tai-tphcm-chi-1-ty-180-so-hong-rieng-3178427.html,Sở hữu suất nội bộ ngay trung tâm mới tại TP.HCM - chỉ 1 tỷ 180 - sổ hồng riêng,"Phước Hòa, Thành phố Hồ Chí Minh",1180000000.0,100.0,,Bình Dương (mới sáp nhập),Khác,11800000.0
https://nhadat.cafeland.vn/ban-nha-rieng-chu-ban-lo-can-nha-hem-xe-hoi-2-tang-45m2-canh-ga-t3-tan-binh-3183994.html,"Bán nhà riêng: Chủ bán lỗ căn nhà hẻm xe hơi, 2 tầng 45m2 cạnh Ga T3 Tân Bình","Tân Sơn, Thành phố Hồ Chí Minh",4650000000.0,45.0,,TP.HCM (lõi cũ),Nhà ở/Nhà phố,103333333.33333333
https://nhadat.cafeland.vn/mtkd-khu-vip-bau-cat-co-via-he-64m2-3-tang-vua-o-vua-kd-125-ty-tl-2833657.html,"MTKD khu VIP Bàu Cát - Có vỉa hè, 64m2, 3 tầng, Vừa ở vừa KD, 12.5 tỷ TL","Tân Bình, Thành phố Hồ Chí Minh",12500000000.0,64.0,,TP.HCM (lõi cũ),Khác,195312500.0
https://nhadat.cafeland.vn/hang-hiem-hxh-5m-sat-cityland-phan-van-tri-70m2-shr-dep-4-tang-6pn-chi-10tyx-2324768.html,"Hàng hiếm HXH 5m sát Cityland Phan Văn Trị, 70m2 SHR đẹp, 4 tầng 6PN chỉ 10tỷX","An Hội Đông, Thành phố Hồ Chí Minh",9990000000.0,70.0,6.0,TP.HCM (lõi cũ),Khác,142714285.7142857
https://nhadat.cafeland.vn/nha-nat-4x20m-hem-3416-nguyen-thi-thap-phuong-binh-thuan-q7-2285737.html,nhà nát 4x20m hẻm 34/16 Nguyễn Thị Thập phường Bình Thuận Q7,"Tân Thuận, Thành phố Hồ Chí Minh",12500000000.0,80.0,,TP.HCM (lõi cũ),Nhà ở/Nhà phố,156250000.0
https://nhadat.cafeland.vn/can-nha-2-tang-nho-nhan-tien-ich-sat-cho-vuon-chuoi-cu-xa-do-thanh-gia-hon-4-ty-2289189.html,CĂN NHÀ 2 TẦNG NHỎ NHẮN TIỆN ÍCH SÁT CHỢ VƯỜN CHUỐI –CƯ XÁ ĐÔ THÀNH–GIÁ HƠN 4 TỶ,"Bàn Cờ, Thành phố Hồ Chí Minh",4250000000.0,17.0,,TP.HCM (lõi cũ),Nhà ở/Nhà phố,250000000.0
https://nhadat.cafeland.vn/dat-6x15m-duong-40-tan-quy-dong-p-tan-phong-quan-7-2249810.html,Đất 6x15m đường 40 Tân Quy Đông P Tân phong Quận 7,"Tân Hưng, Thành phố Hồ Chí Minh",22000000000.0,90.0,,TP.HCM (lõi cũ),Đất nền,244444444.44444445
https://nhadat.cafeland.vn/can-ho-1pn-noi-that-cao-cap-lien-ke-go-di-an-2933981.html,Căn hộ 1PN nội thất cao cấp liền kề Go! Dĩ AN,"Dĩ An, Thành phố Hồ Chí Minh",2750000000.0,50.0,1.0,Bình Dương (mới sáp nhập),Căn hộ/Chung cư,55000000.0
https://nhadat.cafeland.vn/ban-can-ho-chung-cu-can-ban-gap-ch-56-m2-gia-35-ty-full-nt-kdt-nguyen-van-linh-3183306.html,"Bán căn hộ chung cư: Cần bán gấp CH 56 m2 giá 3,5 tỷ full NT KĐT Nguyễn Văn Linh","Bình Hưng, Thành phố Hồ Chí Minh",3500000000.0,56.0,2.0,TP.HCM (lõi cũ),Căn hộ/Chung cư,62500000.0
https://nhadat.cafeland.vn/ban-nha-rieng-chinh-chu-ban-nhanh-day-tro-10-phong-348m2-gia-1ty850-shr-canh-3185794.html,Bán nhà riêng: Chính chủ: Bán nhanh dãy trọ 10 phòng -348m2 Giá 1tỷ850 SHR Cạnh,"Tân An Hội, Thành phố Hồ Chí Minh",1850000000.0,348.0,10.0,TP.HCM (lõi cũ),Nhà ở/Nhà phố,5316091.954022989
https://nhadat.cafeland.vn/ban-nha-biet-thu-hem-68-bung-ong-thoan-phuong-phu-huu-quan-9-vi-tri-dep-2474543.html,"BÁN NHÀ BIỆT THỰ HẺM 68 BƯNG ÔNG THOÀN, PHƯỜNG PHÚ HỮU, QUẬN 9, VỊ TRÍ ĐẸP","Long Trường, Thành phố Hồ Chí Minh",14000000000.0,160.0,,TP.HCM (lõi cũ),Biệt thự,87500000.0
https://nhadat.cafeland.vn/can-ban-nha-pho-4-x-17m-1-tret-5-lau-cao-ba-nha-q1-tphcm-2236034.html,Cần bán nhà phố 4 x 17m 1 trệt 5 lầu Cao Bá Nhạ Q1 TP.HCM,"Cầu Ông Lãnh, Thành phố Hồ Chí Minh",32000000000.0,68.0,,TP.HCM (lõi cũ),Nhà ở/Nhà phố,470588235.2941176
https://nhadat.cafeland.vn/ban-nha-mat-tien-kinh-duong-vuongquan-6-so-hong-rieng-108m2-gia-38-ty-tl-3127017.html,"BÁN NHÀ MẶT TIỀN KINH DƯƠNG VƯƠNG,QUẬN 6 - SỔ HỒNG RIÊNG - 108m²- GIÁ 38 TỶ TL","Phú Lâm, Thành phố Hồ Chí Minh",38000000000.0,108.0,,TP.HCM (lõi cũ),Nhà ở/Nhà phố,351851851.8518519
https://nhadat.cafeland.vn/ban-nha-rieng-mua-nha-co-ngay-dong-tien-40-trieu-thang-sat-coopmart-phan-van-3183143.html,Bán nhà riêng: Mua nhà có ngay dòng tiền 40 triệu/ tháng sát Co.opMart Phan Văn,"Đông Hưng Thuận, Thành phố Hồ Chí Minh",23800000000.0,297.0,,TP.HCM (lõi cũ),Nhà ở/Nhà phố,80134680.13468014
https://nhadat.cafeland.vn/ban-can-goc-84m2-tang-7-chung-cu-era-town-duc-khai-15b-nguyen-luong-bang-q7-2482073.html,"Bán căn góc 84m2 tầng 7 chung cư Era Town Đức Khải - 15B Nguyễn Lương Bằng, Q7","Tân Mỹ, Thành phố Hồ Chí Minh",3400000000.0,84.0,2.0,TP.HCM (lõi cũ),Căn hộ/Chung cư,40476190.47619048
https://nhadat.cafeland.vn/ban-nha-rieng-nha-duong-tan-son-nhi-tan-phu-5-tang-4x22m-3187783.html,"Bán nhà riêng: Nhà đường Tân Sơn Nhì - Tân Phú, 5 tầng, 4x22m","Tân Sơn Nhì, Thành phố Hồ Chí Minh",9300000000.0,88.0,5.0,TP.HCM (lõi cũ),Nhà ở/Nhà phố,105681818.18181819
https://nhadat.cafeland.vn/ban-nha-le-tan-bephuong-an-lac-so-hong-rieng-80m2-hem-8m-gia-duoi-7-ty-2827242.html,"Bán Nhà Lê Tấn Bê,Phường An Lạc - Sổ Hồng Riêng - 80m2 - Hẻm 8m - Giá Dưới 7 Tỷ","An Lạc, Thành phố Hồ Chí Minh",6990000000.0,80.0,,TP.HCM (lõi cũ),Nhà ở/Nhà phố,87375000.0
https://nhadat.cafeland.vn/can-ho-cao-cap-ven-song-lien-ke-phu-my-hung-phap-ly-chuan-chinh-ck-hap-dan-2832261.html,Căn hộ cao cấp ven sông liền kề Phú Mỹ Hưng - Pháp lý chuẩn chỉnh - CK hấp dẫn,"Phú Thuận, Thành phố Hồ Chí Minh",4350000000.0,56.0,,TP.HCM (lõi cũ),Căn hộ/Chung cư,77678571.42857143
https://nhadat.cafeland.vn/can-ho-biet-thu-tren-khong-tran-cao-53m-doc-ban-ngay-pham-van-dong-2557383.html,"CĂN HỘ ""BIỆT THỰ TRÊN KHÔNG"" – TRẦN CAO 5.3M ĐỘC BẢN NGAY PHẠM VĂN ĐỒNG","Dĩ An, Thành phố Hồ Chí Minh",3200000000.0,55.0,,Bình Dương (mới sáp nhập),Căn hộ/Chung cư,58181818.18181818
https://nhadat.cafeland.vn/ban-can-ho-chung-cu-ban-1-ty-620-thuoc-chung-cu-luxgarden-quan-7-dt-6-3188353.html,Bán căn hộ chung cư: BÁN 1 TỶ 620 - Thuộc chung cư Luxgarden quận 7. - DT: 6,"Phú Thuận, Thành phố Hồ Chí Minh",1620000000.0,68.0,2.0,TP.HCM (lõi cũ),Căn hộ/Chung cư,23823529.411764707
https://nhadat.cafeland.vn/quan-3-ban-co-hxh-5m-4-tang-sat-cho-vuon-chuoi-gia-69-ty-2403573.html,[QUẬN 3 – BÀN CỜ] HXH 5M – 4 TẦNG – SÁT CHỢ VƯỜN CHUỐI – GIÁ 6.9 TỶ,"Bàn Cờ, Thành phố Hồ Chí Minh",6900000000.0,33.0,4.0,TP.HCM (lõi cũ),Khác,209090909.0909091
https://nhadat.cafeland.vn/chi-tu-275-ty-so-huu-can-ho-lien-ke-sieu-thi-go-nhan-nha-quy-42026-2936323.html,"Chỉ từ 2,75 tỷ | Sở hữu căn hộ liền kề Siêu thị Go, nhận nhà quý 4.2026","Dĩ An, Thành phố Hồ Chí Minh",2750000000.0,50.0,,Bình Dương (mới sáp nhập),Căn hộ/Chung cư,55000000.0
https://nhadat.cafeland.vn/chinh-thuc-nhan-booking-co-hoan-lai-100-vinhomes-hoc-mon-2557914.html,Chính thức nhận Booking có hoàn lại 100% Vinhomes Hóc Môn,"Xuân Thới Sơn, Thành phố Hồ Chí Minh",5800000000.0,60.0,,TP.HCM (lõi cũ),Khác,96666666.66666667
https://nhadat.cafeland.vn/ban-nha-38-duong-44-khu-an-phu-hung-quan-7-2290025.html,Bán nhà 38 đường 44 Khu An Phú Hưng Quận 7,"Tân Hưng, Thành phố Hồ Chí Minh",21000000000.0,76.0,,TP.HCM (lõi cũ),Nhà ở/Nhà phố,276315789.4736842
https://nhadat.cafeland.vn/ban-nha-quoc-lo-1agan-vong-xoay-an-lac-4m-x-21m-x-3-tang-64-ty-tl-2555106.html,"BÁN NHÀ QUỐC LỘ 1A,GẦN VÒNG XOAY AN LẠC (4m x 21m x 3 TẦNG) 6,4 TỶ TL","An Lạc, Thành phố Hồ Chí Minh",6400000000.0,84.0,4.0,TP.HCM (lõi cũ),Nhà ở/Nhà phố,76190476.1904762
https://nhadat.cafeland.vn/ban-nha-rieng-huong-lo-2-6-tang-42x15m-5pn-full-noi-that-hxt-8m-gan-3187857.html,Bán nhà riêng: Hương Lộ 2 - 6 tầng (4.2x15m) 5PN - Full nội thất - HXT 8m - Gần,"Bình Trị Đông, Thành phố Hồ Chí Minh",8600000000.0,64.0,5.0,TP.HCM (lõi cũ),Nhà ở/Nhà phố,134375000.0
https://nhadat.cafeland.vn/ban-nha-rieng-ban-nha-duong-nhua-10-m-thong-gan-nga-tu-550-di-an-3184384.html,Bán nhà riêng: Bán nhà đường nhựa 10 m thông gần ngã tư 550 Dĩ An,"Dĩ An, Thành phố Hồ Chí Minh",3680000000.0,60.0,3.0,Bình Dương (mới sáp nhập),Nhà ở/Nhà phố,61333333.333333336
https://nhadat.cafeland.vn/ban-can-ho-chung-cu-ra-hang-nhanh-can-tang-2pn-2wc-tang-10-37-ty-view-noi-khu-3187688.html,"Bán căn hộ chung cư: Ra hàng nhanh căn tầng 2PN 2WC tầng 10 3,7 tỷ. View nội khu","Tam Thắng, Thành phố Hồ Chí Minh",3700000000.0,76.0,2.0,Bà Rịa - Vũng Tàu (mới sáp nhập),Căn hộ/Chung cư,48684210.526315786
https://nhadat.cafeland.vn/can-ho-officetel-re-nhat-lk-pham-van-dong-day-du-tien-ich-cao-cap-ho-tro-lai-su-2811031.html,Căn hộ Officetel rẻ nhất LK Phạm Văn Đồng đầy đủ tiện ích cao cấp. hỗ trợ lãi su,"Dĩ An, Thành phố Hồ Chí Minh",1700000000.0,32.0,,Bình Dương (mới sáp nhập),Căn hộ/Chung cư,53125000.0
https://nhadat.cafeland.vn/can-ho-khoi-de-2-tang-grand-duplex-doc-ban-so-huu-lau-dai-2811761.html,CĂN HỘ KHỐI ĐẾ 2 TẦNG - GRAND DUPLEX ĐỘC BẢN SỞ HỮU LÂU DÀI,"Thới An, Thành phố Hồ Chí Minh",7713000000.0,115.4,,TP.HCM (lõi cũ),Khác,66837088.3882149
https://nhadat.cafeland.vn/top-nha-pho-xinh-re-36-x-15m-1-tret-2-lau-au-co-tan-binh-tphcm-2933596.html,Top nhà phố xinh rẻ 3.6 x 15m 1 trệt 2 lầu Âu Cơ Tân Bình TP.HCM,"Tân Hòa, Thành phố Hồ Chí Minh",8300000000.0,54.0,,TP.HCM (lõi cũ),Nhà ở/Nhà phố,153703703.7037037
https://nhadat.cafeland.vn/ban-biet-thu-goc-2-mat-tien-phan-xich-long-phu-nhuan-12m-x-18m-36-ty-2832833.html,"BÁN BIỆT THỰ GÓC 2 MẶT TIỀN PHAN XÍCH LONG, PHÚ NHUẬN – 12M X 18M – 36 tỷ","Đức Nhuận, Thành phố Hồ Chí Minh",36000000000.0,207.0,,TP.HCM (lõi cũ),Biệt thự,173913043.47826087
https://nhadat.cafeland.vn/ban-dat-tho-cu-hang-ngop-kho-tim-80m2-1-ty-050-o-duong-truong-thi-nhu-ngay-3186843.html,Bán đất thổ cư: Hàng ngộp khó tìm 80m2 ( 1 tỷ 050 ) ở đường Trương Thị Như ngay,"Xuân Thới Sơn, Thành phố Hồ Chí Minh",1050000000.0,80.0,,TP.HCM (lõi cũ),Đất nền,13125000.0
https://nhadat.cafeland.vn/ban-nha-rieng-mtkd-duong-dong-hung-thuan-rong-10m-260m2-duong-xe-tai-tran-3183175.html,Bán nhà riêng: MTKD đường Đông Hưng Thuận - rộng 10m - 260m2 - đường xe tải trán,"Đông Hưng Thuận, Thành phố Hồ Chí Minh",16800000000.0,260.0,,TP.HCM (lõi cũ),Nhà ở/Nhà phố,64615384.615384616
https://nhadat.cafeland.vn/ban-can-ho-chung-cu-can-ho-compound-2-mat-huong-thuy-trellia-cove-mizuki-park-3183311.html,Bán căn hộ chung cư: Căn hộ Compound 2 mặt hướng thủy Trellia Cove - Mizuki Park,"Bình Hưng, Thành phố Hồ Chí Minh",4100000000.0,59.0,,TP.HCM (lõi cũ),Căn hộ/Chung cư,69491525.42372881
https://nhadat.cafeland.vn/nha-dep-hem-xe-hoi-do-cua-duong-huynh-tan-phat-nhinh-5ty-3160142.html,Nhà Đẹp - Hẻm Xe Hơi đỗ cửa - Đường Huỳnh Tấn Phát - Nhỉnh 5Tỷ,"Nhà Bè, Thành phố Hồ Chí Minh",5000000000.0,58.0,2.0,TP.HCM (lõi cũ),Nhà ở/Nhà phố,86206896.55172414
https://nhadat.cafeland.vn/lo-goc-2-mat-hem-ba-gac-nha-cu-ngang-5m-82m2-gan-cac-tien-ich-2557241.html,"Lô góc 2 mặt hẻm ba gác. Nhà cũ. Ngang 5m, 82m2. Gần các tiện ích","Vườn Lài, Thành phố Hồ Chí Minh",8900000000.0,82.0,,TP.HCM (lõi cũ),Nhà ở/Nhà phố,108536585.36585365
https://nhadat.cafeland.vn/ban-nha-rieng-ban-nha-tan-phu-doan-gioi-xe-hoi-ngu-trong-nha-49m2-chi-4-3187796.html,Bán nhà riêng: Bán nhà Tân Phú - Đoàn Giỏi - Xe hơi ngủ trong nhà - 49m2 - Chỉ 4,"Tân Sơn Nhì, Thành phố Hồ Chí Minh",5000000000.0,49.0,2.0,TP.HCM (lõi cũ),Nhà ở/Nhà phố,102040816.3265306
https://nhadat.cafeland.vn/ban-nha-hxh-vo-van-kietquan-6-52m-x-15m-x-2-tang-71-ty-tl-2289530.html,"BÁN NHÀ HXH VÕ VĂN KIỆT,QUẬN 6 (5,2m x 15m x 2 TẦNG) 7,1 TỶ TL","Bình Tiên, Thành phố Hồ Chí Minh",7100000000.0,74.0,3.0,TP.HCM (lõi cũ),Nhà ở/Nhà phố,95945945.94594595
https://nhadat.cafeland.vn/ban-nha-7x17m-goc-47-va-lam-van-ben-phuong-binh-thuan-quan-7-2171247.html,bán nhà 7x17m góc 47 và lâm văn bền phường bình thuận Quận 7,"Tân Thuận, Thành phố Hồ Chí Minh",37000000000.0,114.0,,TP.HCM (lõi cũ),Nhà ở/Nhà phố,324561403.50877196
https://nhadat.cafeland.vn/ban-nha-quan-3-phuong-ban-co-82m2-ngang-55m-5-tang-2556932.html,BÁN NHÀ QUẬN 3 – PHƯỜNG BÀN CỜ – 82M² – NGANG 5.5M – 5 TẦNG,"Bàn Cờ, Thành phố Hồ Chí Minh",16800000000.0,82.0,,TP.HCM (lõi cũ),Nhà ở/Nhà phố,204878048.7804878
https://nhadat.cafeland.vn/ban-nha-tan-hoa-dongquan-6-75m-10m-x-19m-x-4-tang-108-ty-tl-2289647.html,"BÁN NHÀ TÂN HOÀ ĐÔNG,QUẬN 6 (7,5m /10m x 19m x 4 TẦNG) 10,8 TỶ TL","Phú Lâm, Thành phố Hồ Chí Minh",10800000000.0,144.0,4.0,TP.HCM (lõi cũ),Nhà ở/Nhà phố,75000000.0
https://nhadat.cafeland.vn/nha-go-vap-tien-kinh-doanh-da-nganh-nghe-ket-hop-o-2pn-chi-5-ty-xx-2935776.html,Nhà Gò Vấp tiện kinh doanh đa ngành nghề kết hợp ở - 2PN - chỉ 5 tỷ XX,"An Hội Tây, Thành phố Hồ Chí Minh",5680000000.0,29.0,2.0,TP.HCM (lõi cũ),Nhà ở/Nhà phố,195862068.96551725
https://nhadat.cafeland.vn/ban-can-ho-2pn-2wc-748m2-full-nt-the-sun-avenue-ngay-trung-tam-quan-2-chi-7-ty-2272748.html,"Bán căn hộ 2PN 2WC 74,8m2 full NT The Sun Avenue ngay trung tâm quận 2 chỉ 7 tỷ","An Khánh, Thành phố Hồ Chí Minh",7000000000.0,74.8,2.0,TP.HCM (lõi cũ),Căn hộ/Chung cư,93582887.70053476
https://nhadat.cafeland.vn/ban-nha-duong-le-van-quoi-phuong-binh-hung-hoa-a-so-hong-rieng-92m2-78-t-2933374.html,"Bán nhà đường Lê Văn Quới, phường Bình Hưng Hòa A - sổ hồng riêng - 92m² - 7,8 T","Bình Hưng Hòa, Thành phố Hồ Chí Minh",7800000000.0,92.0,,TP.HCM (lõi cũ),Nhà ở/Nhà phố,84782608.69565217
https://nhadat.cafeland.vn/nha-pho-4m-21m-xay-moi-tk-thang-may-sieu-dep-ngay-tx22-thoi-an-q12-89t-3177114.html,"Nhà Phố 4m - 21m ,Xây mới | TK thang máy siêu đẹp ngay TX22, Thới An, Q12| 8.9T","Thới An, Thành phố Hồ Chí Minh",8900000000.0,80.0,4.0,TP.HCM (lõi cũ),Nhà ở/Nhà phố,111250000.0
https://nhadat.cafeland.vn/ban-nha-rieng-khu-vip-tan-son-nhi-85m2-2-tang-4-pn-nhinh-7d-3184012.html,Bán nhà riêng: Khu VIP Tân Sơn Nhì - 85m2 - 2 tầng - 4 PN - nhỉnh 7Đ,"Tân Sơn Nhì, Thành phố Hồ Chí Minh",7500000000.0,85.0,4.0,TP.HCM (lõi cũ),Nhà ở/Nhà phố,88235294.11764705
https://nhadat.cafeland.vn/ban-nha-rieng-nha-3-tang-kdc-pham-van-sang-ba-diem-giap-binh-tan-duong-8m-3184508.html,"Bán nhà riêng: Nhà 3 tầng, KDC Phạm Văn Sáng, Bà Điểm - Giáp Bình Tân. Đường 8m,","Bà Điểm, Thành phố Hồ Chí Minh",4800000000.0,98.0,,TP.HCM (lõi cũ),Nhà ở/Nhà phố,48979591.8367347
https://nhadat.cafeland.vn/ban-nha-rieng-sieu-pham-chdv-moi-100-35-phong-thu-nhap-250trieuthang-dien-tic-3184428.html,Bán nhà riêng: Siêu phẩm CHDV mới 100% 35 phòng thu nhập 250triệu/tháng diện tíc,"Bình Thạnh, Thành phố Hồ Chí Minh",39900000000.0,220.0,35.0,TP.HCM (lõi cũ),Nhà ở/Nhà phố,181363636.36363637
https://nhadat.cafeland.vn/ban-nha-mat-tien-dht-05-dong-hung-thuan-1284m2-3-tang-7pn-7wc-gia-134-ty-3155665.html,"Bán nhà mặt tiền ĐHT 05, Đông Hưng Thuận – 128,4m², 3 tầng, 7PN 7WC, giá 13,4 tỷ","Đông Hưng Thuận, Thành phố Hồ Chí Minh",13400000000.0,128.4,7.0,TP.HCM (lõi cũ),Nhà ở/Nhà phố,104361370.71651089
https://nhadat.cafeland.vn/can-ban-chcc-4pn-kingdom-101-to-hien-thanh-q10-tphcm-3175058.html,Cần bán CHCC 4PN Kingdom 101 Tô Hiến Thành Q10 TP.HCM,"Hòa Hưng, Thành phố Hồ Chí Minh",21000000000.0,150.0,4.0,TP.HCM (lõi cũ),Căn hộ/Chung cư,140000000.0
https://nhadat.cafeland.vn/nha-44x17m-duong-15-phuong-tan-kieng-q7-22ty-tl-2094775.html,"nhà 4,4x17m đường 15 phường tân kiểng Q7+ 22tỷ TL","Tân Hưng, Thành phố Hồ Chí Minh",22000000000.0,71.0,,TP.HCM (lõi cũ),Nhà ở/Nhà phố,309859154.92957747
https://nhadat.cafeland.vn/nha-hem-6m-thong-do-xuan-hop-p-phuoc-long-b-ngang-49-gan-cho-339-gia-49-3189981.html,Nhà hẻm 6m thông đỗ xuân hợp - P. Phước Long B (ngang 4.9) gần chợ 339- giá 4.9,"Phước Long, Thành phố Hồ Chí Minh",4900000000.0,46.0,,TP.HCM (lõi cũ),Nhà ở/Nhà phố,106521739.13043478
https://nhadat.cafeland.vn/ban-nha-rieng-co-nhung-can-nha-chi-can-buoc-vao-la-thay-chu-da-cham-chut-rat-k-3189218.html,Bán nhà riêng: Có những căn nhà chỉ cần bước vào là thấy chủ đã chăm chút rất k,"Bình Lợi Trung, Thành phố Hồ Chí Minh",1705000000.0,64.0,,TP.HCM (lõi cũ),Nhà ở/Nhà phố,26640625.0
https://nhadat.cafeland.vn/ban-can-ho-moonlight-boulevard-2pn-2wc-70m2nha-dep-lh-0933-654-662-2812497.html,"Bán căn hộ Moonlight Boulevard 2PN 2WC 70m2,nhà đẹp. LH 0933 654 662","An Lạc, Thành phố Hồ Chí Minh",3500000000.0,70.0,2.0,TP.HCM (lõi cũ),Căn hộ/Chung cư,50000000.0
https://nhadat.cafeland.vn/ban-nha-hem-3m-tran-ke-xuong-trung-tam-phu-nhuan-1t2l-3pn3wc-nha-moi-2554966.html,"Bán nhà hẻm 3m Trần Kế Xương trung tâm Phú Nhuận, 1T2L, 3PN3WC nhà mới","Cầu Kiệu, Thành phố Hồ Chí Minh",8700000000.0,43.0,3.0,TP.HCM (lõi cũ),Nhà ở/Nhà phố,202325581.39534885
https://nhadat.cafeland.vn/ban-nha-rieng-ban-nha-rieng-tai-13-duong-luu-chi-hieu-11-ty-106-m2-hang-hie-3185735.html,"Bán nhà riêng: Bán nhà riêng tại 13, Đường Lưu Chí Hiếu, 11 tỷ, 106 m2, hàng hiế","Tây Thạnh, Thành phố Hồ Chí Minh",11500000000.0,106.0,4.0,TP.HCM (lõi cũ),Nhà ở/Nhà phố,108490566.03773585
https://nhadat.cafeland.vn/chu-can-ban-gap-giam-sau-nha-mat-tien-duong-no-12m-200m2-biet-thu-3097678.html,"Chủ cần bán gấp, giảm sâu nhà Mặt tiền đường, nở 12m, 200m2, biệt thự","Xuân Hòa, Thành phố Hồ Chí Minh",40000000000.0,200.0,,TP.HCM (lõi cũ),Biệt thự,200000000.0
https://nhadat.cafeland.vn/ban-nha-rieng-hem-vip-27-nguyen-van-sang-phuong-tan-son-nhi-quan-tan-phu-52-3184025.html,Bán nhà riêng: Hẻm Vip!!! 27 Nguyễn Văn Săng Phường Tân Sơn Nhì Quận Tân Phú; 52,"Tân Sơn Nhì, Thành phố Hồ Chí Minh",7800000000.0,52.0,4.0,TP.HCM (lõi cũ),Nhà ở/Nhà phố,150000000.0
https://nhadat.cafeland.vn/ban-nha-mat-pho-tai-178-lam-van-ben-phuong-tan-q7-gia-uu-dai-275-ty-120m2-2477021.html,"Bán nhà mặt phố tại 178, Lâm Văn Bền, phường Tân Q7. giá ưu đãi 27,5 tỷ, 120m2","Tân Hưng, Thành phố Hồ Chí Minh",27500000000.0,100.0,,TP.HCM (lõi cũ),Nhà ở/Nhà phố,275000000.0
https://nhadat.cafeland.vn/ban-nha-rieng-ban-nha-hem-4m-phan-van-han-thong-bo-ke-truong-sa-3x155-1-lau-3183992.html,"Bán nhà riêng: Bán nhà hẻm 4m Phan Văn Hân thông Bờ Kè Trường Sa 3x15,5 1 lầu","Gia Định, Thành phố Hồ Chí Minh",7500000000.0,44.0,,TP.HCM (lõi cũ),Nhà ở/Nhà phố,170454545.45454547
https://nhadat.cafeland.vn/ban-nha-rieng-ban-chdv-20-phong-tai-dong-hung-thuan-27-p-dong-hung-thuan-tp-3185667.html,"Bán nhà riêng: Bán CHDV 20 phòng tại Đông Hưng Thuận 27, P. Đông Hưng Thuận, TP.","Đông Hưng Thuận, Thành phố Hồ Chí Minh",11200000000.0,105.0,20.0,TP.HCM (lõi cũ),Nhà ở/Nhà phố,106666666.66666667
https://nhadat.cafeland.vn/ban-nha-rieng-ha-gia-ban-nhanh-mt-cong-hoa-phuong-4-tan-binh-3182240.html,"Bán nhà riêng: Hạ giá bán nhanh MT Cộng Hòa, Phường 4, Tân Bình","Bảy Hiền, Thành phố Hồ Chí Minh",39000000000.0,106.0,,TP.HCM (lõi cũ),Nhà ở/Nhà phố,367924528.3018868
https://nhadat.cafeland.vn/ban-nha-pho-vung-tau-59-ty-108m2-vi-tri-dep-gan-clubhouse-2810978.html,"Bán Nhà Phố Vũng Tàu, 5,9 tỷ, 108m2, vị trí đẹp, gần Clubhouse","Vũng Tàu, Thành phố Hồ Chí Minh",5900000000.0,108.0,,Bà Rịa - Vũng Tàu (mới sáp nhập),Nhà ở/Nhà phố,54629629.62962963
https://nhadat.cafeland.vn/gio-hang-chuyen-nhuong-the-light-city-2290444.html,𝐆𝐈𝐎̉ 𝐇𝐀̀𝐍𝐆 𝐂𝐇𝐔𝐘𝐄̂̉𝐍 𝐍𝐇𝐔̛𝐎̛̣𝐍𝐆 𝐓𝐇𝐄 𝐋𝐈𝐆𝐇𝐓 𝐂𝐈𝐓𝐘,"Vũng Tàu, Thành phố Hồ Chí Minh",5900000000.0,100.0,,Bà Rịa - Vũng Tàu (mới sáp nhập),Khác,59000000.0
https://nhadat.cafeland.vn/ban-nha-rieng-nha-moi-o-ngay-chi-2-ty-340-ngay-tt-q-tan-phu-cach-mt-dt-3189170.html,"Bán nhà riêng: *Nhà Mới_Ở Ngay_Chỉ 2 Tỷ 340 * Ngay TT, Q. Tân Phú , Cách MT, Đ.T","Phú Thạnh, Thành phố Hồ Chí Minh",2340000000.0,52.0,2.0,TP.HCM (lõi cũ),Nhà ở/Nhà phố,45000000.0
https://nhadat.cafeland.vn/can-ho-officetel-re-nhat-lk-pham-van-dong-day-du-tien-ich-cao-cap-2585842.html,Căn hộ Officetel rẻ nhất LK Phạm Văn Đồng đầy đủ tiện ích cao cấp.,"Dĩ An, Thành phố Hồ Chí Minh",1700000000.0,32.0,,Bình Dương (mới sáp nhập),Căn hộ/Chung cư,53125000.0
https://nhadat.cafeland.vn/ban-can-ho-chung-cu-ban-nhanh-can-ho-jamona-city-dao-tri-q7-gia-chi-3450-ty-ca-3184498.html,"Bán căn hộ chung cư: Bán nhanh căn hộ Jamona City Đào Trí Q7 giá chỉ 3,450 tỷ că","Phú Thuận, Thành phố Hồ Chí Minh",3450000000.0,73.0,,TP.HCM (lõi cũ),Căn hộ/Chung cư,47260273.97260274
https://nhadat.cafeland.vn/hxh-5m-duong-pham-van-bach-60m2-ngang-42m-3-tang-4pn-o-ngay-chi-8-ty-tl-2811337.html,"HXH 5m đường Phạm Văn Bạch, 60m2, ngang 4.2m, 3 tầng, 4PN, ở ngay, chỉ 8 tỷ tl","Tân Sơn, Thành phố Hồ Chí Minh",8000000000.0,60.0,4.0,TP.HCM (lõi cũ),Khác,133333333.33333333
https://nhadat.cafeland.vn/ban-dat-tho-cu-lo-dat-mat-tien-huynh-tan-phat-xay-dung-duoc-6-tang-tho-cu-t-3189750.html,Bán đất thổ cư: Lô Đất MẶT TIỀN HUỲNH TẤN PHÁT - Xây dựng được 6 tầng - Thổ cư t,"Nhà Bè, Thành phố Hồ Chí Minh",11990000000.0,100.0,,TP.HCM (lõi cũ),Đất nền,119900000.0
https://nhadat.cafeland.vn/ban-gap-nha-dat-trong-thang-8-3166836.html,BÁN GẤP NHÀ ĐẤT TRONG THÁNG 8,"Tân Hiệp, Thành phố Hồ Chí Minh",3900000000.0,233.0,,Bình Dương (mới sáp nhập),Đất nền,16738197.424892703
https://nhadat.cafeland.vn/ban-can-nha-5-tang-moi-dep-long-lanh-ngay-khu-vip-phuong-ban-co-hxh-hon-8-ty-2484115.html,"Bán Căn Nhà 5 Tầng Mới, Đẹp Long Lanh Ngay Khu Vip Phường Bàn Cờ, HXH, Hơn 8 Tỷ","Bàn Cờ, Thành phố Hồ Chí Minh",8400000000.0,35.0,,TP.HCM (lõi cũ),Nhà ở/Nhà phố,240000000.0
https://nhadat.cafeland.vn/giu-tai-san-trong-thoi-lam-phat-lam-phat-tang-tien-mat-gia-dat-tang-gia-it-2477596.html,"GIỮ TÀI SẢN TRONG THỜI LẠM PHÁT LẠM PHÁT TĂNG – TIỀN MẤT GIÁ, ĐẤT TĂNG GIÁ ÍT","Đất Đỏ, Thành phố Hồ Chí Minh",1377000000.0,123.0,,Bà Rịa - Vũng Tàu (mới sáp nhập),Đất nền,11195121.951219512
https://nhadat.cafeland.vn/ban-nha-rieng-chu-giam-900tr-o-to-ngu-trong-nha-kdc-bo-cong-an-nguyen-van-quy-3183246.html,Bán nhà riêng: Chủ giảm 900tr ô tô ngủ trong nhà - KDC Bộ Công An Nguyễn Văn Quỳ,"Phú Thuận, Thành phố Hồ Chí Minh",6800000000.0,56.0,4.0,TP.HCM (lõi cũ),Nhà ở/Nhà phố,121428571.42857143
https://nhadat.cafeland.vn/ban-nha-rieng-hem-o-to-80m2-2-tang-gara-o-to-chuyen-dung-9-quan-7-7-3183245.html,Bán nhà riêng: Hẻm ô tô - 80m2 - 2 tầng - Gara ô tô - Chuyên Dùng 9 - Quận 7 - 7,"Phú Thuận, Thành phố Hồ Chí Minh",7350000000.0,80.0,3.0,TP.HCM (lõi cũ),Nhà ở/Nhà phố,91875000.0
https://nhadat.cafeland.vn/ban-nha-rieng-nha-pho-hien-dai-khu-dan-cu-cao-cap-van-minh-gia-rat-tot-khu-3185787.html,Bán nhà riêng: Nhà Phố Hiện Đại - Khu Dân Cư Cao Cấp Văn Minh - Giá Rất Tốt Khu,"Phú Thuận, Thành phố Hồ Chí Minh",12000000000.0,90.0,,TP.HCM (lõi cũ),Nhà ở/Nhà phố,133333333.33333333
https://nhadat.cafeland.vn/giam-gia-ban-gap-bds-nha-pho-co-so-da-hoan-cong-3164817.html,GIẢM GIÁ BÁN GẤP BĐS NHÀ PHỐ CÓ SỔ ĐÃ HOÀN CÔNG,"Tân Hiệp, Thành phố Hồ Chí Minh",3900000000.0,233.0,,Bình Dương (mới sáp nhập),Nhà ở/Nhà phố,16738197.424892703
https://nhadat.cafeland.vn/ban-nha-rieng-so-huu-nha-nho-van-tot-hon-o-tro-vua-khong-lo-tien-nha-vua-duoc-3182293.html,"Bán nhà riêng: Sở hữu nhà nhỏ vẫn tốt hơn ở trọ, vừa không lo tiền nhà, vừa được","Phú Thuận, Thành phố Hồ Chí Minh",2500000000.0,26.0,2.0,TP.HCM (lõi cũ),Nhà ở/Nhà phố,96153846.15384616
https://nhadat.cafeland.vn/nha-ma-lo-32m2-chi-3x-ti-khong-lo-gioikhong-quy-hoachso-rienghoan-cong-du-3189019.html,"(NHà Mã Lò) 32m2 chỉ 3.x Tỉ, KHÔNG lộ giới,KHÔNG quy hoạch,Sổ Riêng,Hoàn Công đủ","Bình Trị Đông, Thành phố Hồ Chí Minh",3990000000.0,32.0,,TP.HCM (lõi cũ),Nhà ở/Nhà phố,124687500.0
https://nhadat.cafeland.vn/ban-nha-hem-xe-hoi-duong-vuon-chuoi-phuong-ban-co-quan-3-so-hong-hoan-cong-2819995.html,BÁN NHÀ HẺM XE HƠI ĐƯỜNG VƯỜN CHUỐI PHƯỜNG BÀN CỜ QUẬN 3 – SỔ HỒNG HOÀN CÔNG,"Bàn Cờ, Thành phố Hồ Chí Minh",8500000000.0,33.0,,TP.HCM (lõi cũ),Nhà ở/Nhà phố,257575757.57575756
https://nhadat.cafeland.vn/ban-nha-rieng-ban-nha-ngang-6x22m-duong-quoc-lo-1a-phuong-tan-chanh-hiep-qu-3184412.html,Bán nhà riêng: Bán nhà ngang 6x22m - đường Quốc lộ 1A - Phường Tân Chánh Hiệp Qu,"Tân Thới Hiệp, Thành phố Hồ Chí Minh",4300000000.0,130.0,2.0,TP.HCM (lõi cũ),Nhà ở/Nhà phố,33076923.076923076
https://nhadat.cafeland.vn/can-ban-khuon-dat-68-x-13-hxh-le-duc-tho-an-nhon-go-vap-gan-tttm-lotte-3189723.html,"cần bán khuôn đất 6,8 x 13 HXH lê đức thọ, An Nhơn Gò Vấp gần TTTM lotte.","An Nhơn, Thành phố Hồ Chí Minh",7900000000.0,78.0,,TP.HCM (lõi cũ),Đất nền,101282051.28205128
https://nhadat.cafeland.vn/ban-nha-hem-xe-hoi-duong-le-van-sy-phuong-12-quan-3-2485772.html,"Bán nhà hẻm xe hơi đường Lê Văn Sỹ, Phường 12, Quận 3","Nhiêu Lộc, Thành phố Hồ Chí Minh",16500000000.0,111.0,,TP.HCM (lõi cũ),Nhà ở/Nhà phố,148648648.64864865
https://nhadat.cafeland.vn/ban-nha-rieng-sieu-pham-mat-tien-ngay-trung-tam-tan-phu-giap-tan-binh-3183202.html,"Bán nhà riêng: Siêu phẩm mặt tiền ngay trung tâm Tân Phú, giáp Tân Bình","Phú Thọ Hòa, Thành phố Hồ Chí Minh",12800000000.0,60.0,4.0,TP.HCM (lõi cũ),Nhà ở/Nhà phố,213333333.33333334
https://nhadat.cafeland.vn/ban-nha-rieng-nha-3-phong-ngu-full-noi-that-hem-xe-hoi-rong-gan-truong-tan-so-3184090.html,"Bán nhà riêng: Nhà 3 phòng ngủ full nội thất, hẻm xe hơi rộng, gần trường Tân Sơ","Linh Xuân, Thành phố Hồ Chí Minh",5000000000.0,38.0,3.0,TP.HCM (lõi cũ),Nhà ở/Nhà phố,131578947.36842105
https://nhadat.cafeland.vn/ban-dat-tho-cu-lo-dat-4m-x-25m-100m2-1-hem-nhua-5m-thoi-an-22-3184907.html,Bán đất thổ cư: Lô đất 4m x 25m. 100m2 1/ Hẻm nhựa 5M Thới An 22,"Thới An, Thành phố Hồ Chí Minh",4490000000.0,100.0,,TP.HCM (lõi cũ),Đất nền,44900000.0
https://nhadat.cafeland.vn/hxh-6m-huynh-thien-loc-77m2-4x19-5-tang-7pn-dt-30trth-an-ninh-115-ty-tl-2932086.html,"HXH 6m Huỳnh Thiện Lộc, 77m2, 4x19, 5 tầng, 7PN, DT 30tr/th, an ninh, 11.5 tỷ TL","Tân Phú, Thành phố Hồ Chí Minh",11500000000.0,77.0,7.0,TP.HCM (lõi cũ),Khác,149350649.35064936
https://nhadat.cafeland.vn/toa-nha-7x17m-goc-2mt-duong-so-pham-hung-cho-pham-the-hien-q8-3189943.html,TÒA NHÀ (7x17M) GÓC 2MT ĐƯỜNG SỐ PHẠM HÙNG – CHỢ PHẠM THẾ HIỂN Q8,"Chánh Hưng, Thành phố Hồ Chí Minh",14300000000.0,111.0,12.0,TP.HCM (lõi cũ),Nhà ở/Nhà phố,128828828.82882883
https://nhadat.cafeland.vn/mtkd-duong-do-bi-78m2-45x174-6-tang-co-ham-5pn-full-noi-that-132-ty-2931992.html,"MTKD đường Đỗ Bí, 78m2, 4.5x17.4, 6 tầng, có hầm, 5PN, full Nội thất, 13.2 tỷ","Phú Thạnh, Thành phố Hồ Chí Minh",13200000000.0,78.0,5.0,TP.HCM (lõi cũ),Khác,169230769.23076922
https://nhadat.cafeland.vn/can-ho-hoc-mon-gia-11-ty-bao-tat-ca-chi-phi2pn-1wc-2254315.html,"Căn hộ Hóc Môn giá 1.1 tỷ bao tất cả chi phí,2PN 1WC","Xuân Thới Sơn, Thành phố Hồ Chí Minh",1100000000.0,50.0,2.0,TP.HCM (lõi cũ),Căn hộ/Chung cư,22000000.0
https://nhadat.cafeland.vn/hem-10m-le-thuc-hoach-binh-long-88m2-4x24-4-tang-khu-vip-biet-thu-12-ty-2932352.html,"Hẻm 10m Lê Thúc Hoạch - Bình Long, 88m2, 4x24, 4 tầng, khu VIP biệt thự, 12 tỷ","Phú Thọ Hòa, Thành phố Hồ Chí Minh",12000000000.0,88.0,,TP.HCM (lõi cũ),Biệt thự,136363636.36363637
https://nhadat.cafeland.vn/ban-gap-nha-mat-tien-duong-so-2-truong-tho-107m2-3-tang-899-ty-tl-3189965.html,"BÁN GẤP NHÀ MẶT TIỀN ĐƯỜNG SỐ 2, TRƯỜNG THỌ – 107M² 3 TẦNG – 8.99 TỶ TL","Thủ Đức, Thành phố Hồ Chí Minh",9000000000.0,107.0,,TP.HCM (lõi cũ),Nhà ở/Nhà phố,84112149.53271028
https://nhadat.cafeland.vn/bcons-city-life-bcons-newsky-bcons-mien-dong-3127067.html,"Bcons City Life , Bcons Newsky , Bcons Miền Đông","Bình Dương, Thành phố Hồ Chí Minh",3500000000.0,90.0,,Bình Dương (mới sáp nhập),Khác,38888888.88888889
https://nhadat.cafeland.vn/ban-re-nha-mat-tien-hung-vuong-46-x-12m-1-tret-3-lau-quan-5-tphcm-2485009.html,Bán rẻ nhà mặt tiền Hùng Vương 4.6 x 12m 1 trệt 3 lầu Quận 5 TP.HCM,"Chợ Quán, Thành phố Hồ Chí Minh",24000000000.0,55.0,,TP.HCM (lõi cũ),Nhà ở/Nhà phố,436363636.3636364
https://nhadat.cafeland.vn/ban-nha-pho-3-tang-gan-70m2-hxh-toi-nha-6m-dien-bien-phu-gia-128-ty-2485202.html,BÁN NHÀ PHỐ 3 TẦNG GẦN 70M2 – HXH TỚI NHÀ 6M – ĐIỆN BIÊN PHỦ – GIÁ 12.8 TỶ,"Bàn Cờ, Thành phố Hồ Chí Minh",12800000000.0,67.0,,TP.HCM (lõi cũ),Nhà ở/Nhà phố,191044776.11940297
https://nhadat.cafeland.vn/ban-nha-mat-tien-duong-dht-45-phuong-dong-hung-thuan-quan-12-3189783.html,Bán nhà mặt tiền đường ĐHT 45 phường Đông Hưng Thuận Quận 12,"Đông Hưng Thuận, Thành phố Hồ Chí Minh",8700000000.0,110.0,,TP.HCM (lõi cũ),Nhà ở/Nhà phố,79090909.0909091
https://nhadat.cafeland.vn/ban-nha-rieng-gia-qua-tot-nha-pho-6m-x-20m-4-tang-thang-may-duong-truong-thi-h-3187730.html,Bán nhà riêng: Giá quá tốt Nhà Phố 6m x 20m. 4 tầng thang máy đường Trương Thị H,"Tân Thới Hiệp, Thành phố Hồ Chí Minh",8600000000.0,98.0,,TP.HCM (lõi cũ),Nhà ở/Nhà phố,87755102.04081632
https://nhadat.cafeland.vn/ban-nha-duong-so-3-p-tan-phu-q7-dt-4x10m-2-lau-gia-105-ty-3189850.html,"BÁN NHÀ ĐƯỜNG SỐ 3, P. TÂN PHÚ Q7 dt 4x10m, 2 lầu, giá 10,5 tỷ","Tân Mỹ, Thành phố Hồ Chí Minh",10500000000.0,40.0,,TP.HCM (lõi cũ),Nhà ở/Nhà phố,262500000.0
https://nhadat.cafeland.vn/nha-le-duc-tho-hxh-44m2-2-tang-3pn-tien-kinh-doanh-online-offline-2935811.html,Nhà Lê Đức Thọ HXH 44m2 - 2 tầng - 3PN - Tiện kinh doanh online & offline,"An Hội Đông, Thành phố Hồ Chí Minh",5980000000.0,44.0,3.0,TP.HCM (lõi cũ),Nhà ở/Nhà phố,135909090.9090909
https://nhadat.cafeland.vn/ban-nha-can-goc-2-mat-duong-10m-khu-dan-cu-sam-uat-go-vap-110m2-o-kd-vpcty-2832010.html,BÁN NHÀ CĂN GÓC 2 MẶT ĐƯỜNG 10M – KHU DÂN CƯ SẦM UẤT GÒ VẤP – 110M² – Ở KD VPCTY,"An Nhơn, Thành phố Hồ Chí Minh",18900000000.0,110.0,,TP.HCM (lõi cũ),Nhà ở/Nhà phố,171818181.8181818
https://nhadat.cafeland.vn/da-cat-noc-can-ho-pham-van-dong-full-noi-that-gia-chi-29-tytt-15-2811737.html,"ĐÃ CẤT NÓC- CĂN HỘ PHẠM VĂN ĐỒNG FULL NỘI THẤT- GIÁ CHỈ 2,9 TỶ/TT 15%","Dĩ An, Thành phố Hồ Chí Minh",2900000000.0,60.0,,Bình Dương (mới sáp nhập),Căn hộ/Chung cư,48333333.333333336
https://nhadat.cafeland.vn/ban-nha-ben-song-pham-van-dong-co-dong-tien-tien-xay-moi-gia-67-ty-3170050.html,Bán nhà bên sông Phạm Văn Đồng - có dòng tiền - tiện xây mới - giá 6.7 tỷ,"Hiệp Bình, Thành phố Hồ Chí Minh",6700000000.0,53.0,,TP.HCM (lõi cũ),Nhà ở/Nhà phố,126415094.33962265
https://nhadat.cafeland.vn/can-ban-nhanh-can-ho-duplex-nga-tu-pvd-2pn-tang-9-full-noi-that-gia-29x-ty-2490755.html,"Cần bán nhanh căn hộ duplex ngã tư PVĐ - 2PN tầng 9 full nội thất - giá 2,9x tỷ","Dĩ An, Thành phố Hồ Chí Minh",2955000000.0,53.6,2.0,Bình Dương (mới sáp nhập),Căn hộ/Chung cư,55130597.01492537
https://nhadat.cafeland.vn/ban-nha-rieng-hem-81-hoang-hoa-tham-xe-hoi-vao-nha-6x20m-4-lau-chi-132-ty-3182234.html,"Bán nhà riêng: Hẻm 81 Hoàng Hoa Thám xe hơi vào nhà 6x20m 4 lầu chỉ 13,2 tỷ","Gia Định, Thành phố Hồ Chí Minh",13200000000.0,120.0,,TP.HCM (lõi cũ),Nhà ở/Nhà phố,110000000.0
https://nhadat.cafeland.vn/ban-nha-rieng-nha-mat-tien-12m-cho-tan-huong-tan-phu-3183997.html,"Bán nhà riêng: Nhà mặt tiền 12m, Chợ Tân Hương, Tân Phú","Phú Thọ Hòa, Thành phố Hồ Chí Minh",9800000000.0,84.0,,TP.HCM (lõi cũ),Nhà ở/Nhà phố,116666666.66666667
https://nhadat.cafeland.vn/ban-can-officetel-happy-one-mori-tang-4-377m2-huong-dong-nam-view-noi-khu-2288307.html,Bán căn Officetel Happy One Mori tầng 4 - 37.7m2 Hướng Đông Nam view nội khu,"Lái Thiêu, Thành phố Hồ Chí Minh",1302000000.0,37.7,,Bình Dương (mới sáp nhập),Khác,34535809.01856764
https://nhadat.cafeland.vn/giam-3ty-biet-thu-kdc-ven-song-q7718m-ham-3-lau-gia-21-ty-tl-2281238.html,"Giảm 3Tỷ , biệt thự KDC ven sông Q.7(7×18m) hầm 3 lầu, giá 21 tỷ TL","Tân Hưng, Thành phố Hồ Chí Minh",21000000000.0,126.0,,TP.HCM (lõi cũ),Biệt thự,166666666.66666666
https://nhadat.cafeland.vn/ban-nha-duong-42-binh-trung-tay-2481666.html,Bán nhà đường 42 Bình Trưng Tây,"An Khánh, Thành phố Hồ Chí Minh",11000000000.0,65.6,4.0,TP.HCM (lõi cũ),Nhà ở/Nhà phố,167682926.8292683
https://nhadat.cafeland.vn/can-sang-nhuong-can-ho-destino-2pn-2wc-mat-tien-le-kha-phieu-ql1a-2812278.html,Cần sang nhượng căn hộ Destino 2pn 2wc mặt tiền Lê Khả Phiêu QL1A,"Bình Chánh, Thành phố Hồ Chí Minh",1679000000.0,56.0,2.0,TP.HCM (lõi cũ),Căn hộ/Chung cư,29982142.85714286
https://nhadat.cafeland.vn/nha-gan-cac-tien-ich-va-trung-tam-q10-co-pn-tret-2tang-kien-co-ply-chuan-2820616.html,Nhà gần các tiện ích và trung tâm q10. Có pn trệt. 2tầng kiên cố. PLy chuẩn,"Hòa Hưng, Thành phố Hồ Chí Minh",4350000000.0,27.0,2.0,TP.HCM (lõi cũ),Nhà ở/Nhà phố,161111111.1111111
https://nhadat.cafeland.vn/ban-nha-rieng-soc-nhiet-voi-sieu-pham-nha-pho-quan-12-co-thang-may-san-xe-ho-3186721.html,"Bán nhà riêng: Sốc nhiệt với siêu phẩm nhà phố Quận 12 - Có thang máy, sân xe hơ","Tân Thới Hiệp, Thành phố Hồ Chí Minh",6790000000.0,120.0,,TP.HCM (lõi cũ),Nhà ở/Nhà phố,56583333.333333336
https://nhadat.cafeland.vn/ban-nha-rieng-chinh-chu-ban-nha-ngay-tl27-chung-cu-thanh-loc3-lau-shr-3182212.html,"Bán nhà riêng: Chính chủ bán nhà ngay tl27 chung cư thạnh lộc,3 lầu shr","An Phú Đông, Thành phố Hồ Chí Minh",5699000000.0,60.0,,TP.HCM (lõi cũ),Căn hộ/Chung cư,94983333.33333333
https://nhadat.cafeland.vn/ban-nha-rieng-sieu-pham-trung-tam-quan-1-calmette-sat-mat-tien-vo-van-kiet-c-3186707.html,"Bán nhà riêng: Siêu phẩm trung tâm Quận 1 - Calmette sát mặt tiền Võ Văn Kiệt, c","Bến Thành, Thành phố Hồ Chí Minh",9900000000.0,53.0,3.0,TP.HCM (lõi cũ),Nhà ở/Nhà phố,186792452.8301887
https://nhadat.cafeland.vn/ban-nha-hem-ba-gac-duong-so-2-phuong-3-go-vap-cu-2557351.html,"Bán nhà hẻm ba gác đường Số 2, Phường 3, Gò Vấp cũ","Gò Vấp, Thành phố Hồ Chí Minh",6700000000.0,61.0,3.0,TP.HCM (lõi cũ),Nhà ở/Nhà phố,109836065.5737705
https://nhadat.cafeland.vn/hxh-lac-long-quan-tan-binh-nha-3-tang-dt-hon-50m2-gia-nhinh-7d-3179366.html,"HXH LẠC LONG QUÂN, TÂN BÌNH - NHÀ 3 TẦNG - DT HƠN 50m2 - GIÁ NHỈNH 7Đ","Tân Bình, Thành phố Hồ Chí Minh",7400000000.0,54.0,4.0,TP.HCM (lõi cũ),Nhà ở/Nhà phố,137037037.03703704
https://nhadat.cafeland.vn/ban-nha-rieng-ban-nhanh-nha-co-bac-dt-35-x-7m-2-tang-2pn-cach-mt-vai-buoc-ch-3182194.html,"Bán nhà riêng: Bán nhanh nhà Cô Bắc, DT 3,5 x 7m, 2 tầng 2PN cách MT vài bước ch","Bến Thành, Thành phố Hồ Chí Minh",4100000000.0,25.0,2.0,TP.HCM (lõi cũ),Nhà ở/Nhà phố,164000000.0
https://nhadat.cafeland.vn/ban-nha-mat-tien-nguyen-thi-dang-nguyen-anh-thu-8x20-3-tang-giam-tu-23t-con-158-2474538.html,Bán nhà mặt tiền Nguyễn thị Đặng-Nguyễn Ảnh Thủ 8x20 3 tầng giảm từ 23t còn 15.8,"Tân Thới Hiệp, Thành phố Hồ Chí Minh",15800000000.0,160.0,,TP.HCM (lõi cũ),Nhà ở/Nhà phố,98750000.0
https://nhadat.cafeland.vn/ban-nha-rieng-ban-nha-ba-diem-32m2-13-ty-1-tret-2-lau-ba-diem-3-nguyen-thi-3186849.html,"Bán nhà riêng: Bán nhà Bà Điểm 32m2, 1,3 tỷ, 1 trệt 2 lầu, Bà Điểm 3, Nguyễn Thị","Bà Điểm, Thành phố Hồ Chí Minh",1300000000.0,32.0,2.0,TP.HCM (lõi cũ),Nhà ở/Nhà phố,40625000.0
https://nhadat.cafeland.vn/ban-nha-rieng-mt-duong-duong-duc-hien-tan-phu7m6x20-cn-125m2-ham-5-tang-gia-33-3185749.html,Bán nhà riêng: MT Đường Dương Đức Hiền Tân Phú/7m6x20 CN 125m2 hầm 5 tầng giá 33,"Tây Thạnh, Thành phố Hồ Chí Minh",33000000000.0,135.0,,TP.HCM (lõi cũ),Nhà ở/Nhà phố,244444444.44444445
https://nhadat.cafeland.vn/ban-nha-binh-thanh-4-tang-47m2-hem-xe-hoi-so-hong-rieng-gan-cho-benh-vien-3179440.html,"bán nhà bình thạnh 4 tầng 47m2, hẽm xe hơi sổ hồng riêng, gần chợ, bệnh viện","Bình Thạnh, Thành phố Hồ Chí Minh",5250000000.0,47.0,4.0,TP.HCM (lõi cũ),Nhà ở/Nhà phố,111702127.65957446
https://nhadat.cafeland.vn/ban-nha-rieng-ban-nha-hem-o-to-ngo-chi-quoc-nha-moi-tinh-hem-o-to-toi-cua-so-3182371.html,"Bán nhà riêng: Bán nhà hẻm ô tô Ngô Chí Quốc, nhà mới tinh hẻm ô tô tới cửa, sổ","Tam Bình, Thành phố Hồ Chí Minh",4100000000.0,55.0,2.0,TP.HCM (lõi cũ),Nhà ở/Nhà phố,74545454.54545455
https://nhadat.cafeland.vn/ban-nha-rieng-nha-ban-khu-tai-dinh-cu-phu-my-pham-huu-lau-1-tret-3-lau-5x18m-3184052.html,Bán nhà riêng: Nhà Bán Khu Tái Định Cư Phú Mỹ Phạm Hữu Lầu 1 Trệt 3 Lầu 5x18m,"Phú Thuận, Thành phố Hồ Chí Minh",13000000000.0,90.0,3.0,TP.HCM (lõi cũ),Nhà ở/Nhà phố,144444444.44444445
https://nhadat.cafeland.vn/nha-vuon-the-gardenia-trong-khu-lumi-an-village-2477917.html,Nhà vườn The Gardenia (trong khu Lumi An village),"Đất Đỏ, Thành phố Hồ Chí Minh",3500000000.0,160.0,3.0,Bà Rịa - Vũng Tàu (mới sáp nhập),Biệt thự,21875000.0
https://nhadat.cafeland.vn/chinh-chu-ban-nha-hem-xh-625-ngay-lacasa-quan-7-2811930.html,"CHÍNH CHỦ BÁN NHÀ HẺM XH 6*25 NGAY LACASA, QUẬN 7","Phú Thuận, Thành phố Hồ Chí Minh",15500000000.0,150.0,,TP.HCM (lõi cũ),Nhà ở/Nhà phố,103333333.33333333
https://nhadat.cafeland.vn/duong-vong-cung-tay-bac-thanh-xuan-thoi-an-tuyen-2-duong-ha-huy-giap-2933222.html,"Đường Vòng Cung Tây Bắc. Thạnh Xuân Thới An. Tuyến 2, Đường Hà Huy Giáp","Thới An, Thành phố Hồ Chí Minh",5000000000.0,100.0,,TP.HCM (lõi cũ),Khác,50000000.0
https://nhadat.cafeland.vn/ban-dat-tho-cu-lo-dat-98m2-mat-tien-hem-xe-tai-nguyen-van-tang-ngay-thpt-nguyen-3189761.html,Bán đất thổ cư: Lô Đất 98m2 Mặt Tiền Hẻm Xe Tải Nguyễn Văn Tăng Ngay THPT Nguyễn,"Long Bình, Thành phố Hồ Chí Minh",5350000000.0,98.0,,TP.HCM (lõi cũ),Đất nền,54591836.73469388
https://nhadat.cafeland.vn/ban-can-ho-chung-cu-ban-chung-cu-nhat-lan-25-ty-68m2-lo-c-tan-tao-binh-tan-3189209.html,"Bán căn hộ chung cư: Bán chung cư Nhất Lan, 2,5 tỷ - 68m2 lô C Tân Tạo Bình Tân","Bình Tân, Thành phố Hồ Chí Minh",2500000000.0,68.0,,TP.HCM (lõi cũ),Căn hộ/Chung cư,36764705.88235294
https://nhadat.cafeland.vn/ban-nha-rieng-nha-dep-6-tang-92m2-16pn-dong-tien-15tynam-duong-12m-thong-3185786.html,Bán nhà riêng: Nhà đẹp 6 Tầng 92m2 16PN - Dòng tiền 1.5tỷ/năm - Đường 12m thông,"Tân Hưng, Thành phố Hồ Chí Minh",25000000000.0,92.0,16.0,TP.HCM (lõi cũ),Nhà ở/Nhà phố,271739130.4347826
https://nhadat.cafeland.vn/ban-nha-rieng-ban-chdv-2-tang-huynh-tan-phat-quan-7-nhinh-6-ty-3182298.html,"Bán nhà riêng: Bán CHDV 2 tầng Huỳnh Tấn Phát, Quận 7, nhỉnh 6 tỷ","Tân Mỹ, Thành phố Hồ Chí Minh",6700000000.0,78.0,4.0,TP.HCM (lõi cũ),Nhà ở/Nhà phố,85897435.8974359
https://nhadat.cafeland.vn/nha-4-tang-hem-4m-gan-hxh-duong-nguyen-duy-quan-8-3186743.html,NHÀ 4 TẦNG HẺM 4M GẦN HXH ĐƯỜNG NGUYỄN DUY QUẬN 8,"Chánh Hưng, Thành phố Hồ Chí Minh",4860000000.0,27.0,3.0,TP.HCM (lõi cũ),Nhà ở/Nhà phố,180000000.0
https://nhadat.cafeland.vn/ban-dat-xay-ham-5-tang-hem-300-nguyen-thai-son-216m2-ngang-8m-gan-cho-18-ty-hon-3181430.html,Bán đất xây hầm 5 tầng hẻm 300 Nguyễn Thái Sơn 216m2 ngang 8m gần chợ 18 tỷ hơn,"Hạnh Thông, Thành phố Hồ Chí Minh",18500000000.0,216.0,,TP.HCM (lõi cũ),Đất nền,85648148.14814815
https://nhadat.cafeland.vn/ban-nha-cu-mat-tien-duong-nhua-tan-xuan-7trung-my-tan-xuan-hoc-mon-2286079.html,"BÁN NHÀ CỦ MẶT TIỀN ĐƯỜNG NHỰA TÂN XUÂN 7,TRUNG MỸ TÂN XUÂN, HÓC MÔN","Bà Điểm, Thành phố Hồ Chí Minh",4350000000.0,83.0,3.0,TP.HCM (lõi cũ),Nhà ở/Nhà phố,52409638.55421687
https://nhadat.cafeland.vn/ban-dat-tai-thanh-loc-48-an-phu-dong-235-ty-270m2-hang-hiem-tai-uy-tin-2326000.html,"Bán Đất tại Thạnh Lộc 48, An Phú Đông, 23,5 tỷ, 270m2 hàng hiếm tại uy tín","An Phú Đông, Thành phố Hồ Chí Minh",23500000000.0,270.0,,TP.HCM (lõi cũ),Đất nền,87037037.03703703
https://nhadat.cafeland.vn/nha-605x25m-hem-591-tran-xuan-soan-phuong-tan-hung-q7-gia-133-ty-2477570.html,"Nhà 6,05x25m hẻm 591 Trần Xuân soạn Phường Tân Hưng Q7. giá 13,3 tỷ","Tân Hưng, Thành phố Hồ Chí Minh",13300000000.0,154.0,,TP.HCM (lõi cũ),Nhà ở/Nhà phố,86363636.36363636
https://nhadat.cafeland.vn/quan-3-phuong-ban-co-ban-can-nha-5-tang-dtsd-102m2-hxh-thong-chi-57-ty-2481866.html,"[Quận 3 – Phường Bàn Cờ] Bán Căn Nhà 5 Tầng –DTSD 102m² – HXH Thông – Chỉ 5,7 Tỷ","Bàn Cờ, Thành phố Hồ Chí Minh",5700000000.0,24.0,,TP.HCM (lõi cũ),Nhà ở/Nhà phố,237500000.0
https://nhadat.cafeland.vn/mo-khoa-khu-nam-sai-gon-don-song-ha-tang-x-lan-gia-tri-tai-vlasta-premier-2931431.html,"Mở khóa khu Nam Sài Gòn - Đón sóng hạ tầng, x lần giá trị tại Vlasta Premier","Phú Thuận, Thành phố Hồ Chí Minh",4350000000.0,50.0,,TP.HCM (lõi cũ),Khác,87000000.0
https://nhadat.cafeland.vn/ban-dat-tho-cu-dat-ta20-dt57m2-so-hong-rieng-chi-399-ty-3184409.html,"Bán đất thổ cư: Đất ta20, dt:57m2, sổ hồng riêng, chỉ 3.99 tỷ","Thới An, Thành phố Hồ Chí Minh",3990000000.0,57.0,,TP.HCM (lõi cũ),Đất nền,70000000.0
https://nhadat.cafeland.vn/ban-nha-duong-so-1-kdc-nam-long-tran-trong-cung-q7522m-5-lau-gia-185-ty-2279050.html,"Bán nhà đường số 1 KDC Nam Long - Trần Trọng Cung, Q.7(5×22m) 5 lầu, giá 18.5 tỷ","Tân Thuận, Thành phố Hồ Chí Minh",18500000000.0,110.0,,TP.HCM (lõi cũ),Nhà ở/Nhà phố,168181818.1818182
https://nhadat.cafeland.vn/chu-nha-eaton-park-ban-gap-nha-di-my-can-goc-2pn-view-landmark-81-2287169.html,Chủ nhà Eaton Park - bán gấp nhà đi Mỹ - căn góc 2PN - view Landmark 81,"An Khánh, Thành phố Hồ Chí Minh",10500000000.0,72.0,2.0,TP.HCM (lõi cũ),Nhà ở/Nhà phố,145833333.33333334
https://nhadat.cafeland.vn/ban-nha-rieng-nha-3-tang-xay-moi-kien-co-tai-duong-huynh-tan-phat-quan-7-3186804.html,"Bán nhà riêng: Nhà 3 tầng, xây mới kiên cố tại đường Huỳnh Tấn Phát, Quận 7","Phú Thuận, Thành phố Hồ Chí Minh",5390000000.0,42.5,,TP.HCM (lõi cũ),Nhà ở/Nhà phố,126823529.41176471
https://nhadat.cafeland.vn/hxh-6m-duong-nguyen-suy-75m2-ngang-45m-3-tang-4pn-xe-hoi-vao-nha-94-ty-2932338.html,"HXH 6m đường Nguyễn Súy, 75m2, ngang 4.5m, 3 tầng, 4PN, xe hơi vào nhà, 9.4 tỷ","Phú Thọ Hòa, Thành phố Hồ Chí Minh",9400000000.0,76.0,4.0,TP.HCM (lõi cũ),Nhà ở/Nhà phố,123684210.5263158
https://nhadat.cafeland.vn/ban-nha-duong-ma-lophuong-binh-hung-hoa-a-4-x-25-x-4-tang-gia-77-ty-tl-2491016.html,"BÁN NHÀ ĐƯỜNG MÃ LÒ,PHƯỜNG BÌNH HƯNG HOÀ A (4 x 25 x 4 TẦNG) GIÁ 7,7 TỶ TL","Bình Trị Đông, Thành phố Hồ Chí Minh",7700000000.0,100.0,6.0,TP.HCM (lõi cũ),Nhà ở/Nhà phố,77000000.0
https://nhadat.cafeland.vn/ban-can-ho-chung-cu-ban-can-ho-dlusso-emerald-thiet-ke-68m2-2pn-2wc-3188525.html,"Bán căn hộ chung cư: Bán Căn hộ D’LUSSO EMERALD. ️ Thiết kế: 68M², 2PN 2WC. 🧰","An Khánh, Thành phố Hồ Chí Minh",3180000000.0,68.0,2.0,TP.HCM (lõi cũ),Căn hộ/Chung cư,46764705.88235294
https://nhadat.cafeland.vn/ban-nha-rieng-ban-nha-chung-cu-tan-binh-bau-cat-2-da-co-so-49m-nhinh-2-3188415.html,Bán nhà riêng: Bán Nhà Chung Cư Tân Bình - Bàu Cát 2 - Đã Có Sổ - 49M - Nhỉnh 2,"Tân Bình, Thành phố Hồ Chí Minh",2750000000.0,49.0,,TP.HCM (lõi cũ),Căn hộ/Chung cư,56122448.97959184
https://nhadat.cafeland.vn/ban-nha-rieng-nha-dep-o-lien-1-lau-4pn-hem-3m-huynh-tan-phat-sat-phu-my-hung-q7-3182309.html,Bán nhà riêng: Nhà đẹp ở liền 1 lầu 4PN hẻm 3m Huỳnh Tấn Phát sát Phú Mỹ Hưng Q7,"Tân Mỹ, Thành phố Hồ Chí Minh",6200000000.0,108.0,4.0,TP.HCM (lõi cũ),Nhà ở/Nhà phố,57407407.40740741
https://nhadat.cafeland.vn/can-goc-3-mat-thoang-273m2-full-tho-cu-mat-tien-duong-gan-nguyen-duy-trinh-3179388.html,CĂN GÓC 3 MẶT THOÁNG- 273M² FULL THỔ CƯ- MẶT TIỀN ĐƯỜNG GẦN NGUYỄN DUY TRINH,"Bình Trưng, Thành phố Hồ Chí Minh",17300000000.0,273.0,3.0,TP.HCM (lõi cũ),Đất nền,63369963.36996337
https://nhadat.cafeland.vn/ban-dat-phuoc-hai-brvt-dien-tich-lon-318mv-duong-nhua-dan-cu-2820723.html,"BÁN ĐẤT PHƯỚC HẢI BRVT - DIỆN TÍCH LỚN 318mv, ĐƯỜNG NHỰA DÂN CƯ","Phước Hải, Thành phố Hồ Chí Minh",2450000000.0,318.0,,Bà Rịa - Vũng Tàu (mới sáp nhập),Đất nền,7704402.51572327
https://nhadat.cafeland.vn/ban-dat-tho-cu-chu-ngop-bank-can-ban-gap-lo-dat-tam-huyet-3183283.html,Bán đất thổ cư: Chủ ngộp bank cần bán gấp lô đất tâm huyết,"Tân An Hội, Thành phố Hồ Chí Minh",1400000000.0,100.0,,TP.HCM (lõi cũ),Đất nền,14000000.0
https://nhadat.cafeland.vn/2-ty-1-gia-chot-51m2-so-san-bao-vat-tang-cao-view-quan-1bank-5-nam-lai-thap-2485889.html,"2 TỶ 1 giá chốt - 51m2 ,Sổ sẵn bao VAT ,Tầng cao View Quận 1,Bank 5 năm lãi thấp","Bình Lợi Trung, Thành phố Hồ Chí Minh",2100000000.0,51.0,2.0,TP.HCM (lõi cũ),Khác,41176470.5882353
https://nhadat.cafeland.vn/chinh-chu-ban-nha-2mt-hem-cut-duong-cmt8-p11-q3-cu-2491948.html,Chính chủ bán nhà 2MT (hẻm cụt) đường CMT8 (P.11 Q.3 cũ),"Nhiêu Lộc, Thành phố Hồ Chí Minh",23500000000.0,93.0,,TP.HCM (lõi cũ),Nhà ở/Nhà phố,252688172.04301074
https://nhadat.cafeland.vn/ban-can-ho-chung-cu-ban-can-ho-midtown-phu-my-hung-block-h-m8-2pn-die-3188517.html,"Bán căn hộ chung cư: Bán căn hộ MIDTOWN PHÚ MỸ HƯNG – BLOCK H, M8 | 2PN Diệ","Tân Mỹ, Thành phố Hồ Chí Minh",3275000000.0,83.0,2.0,TP.HCM (lõi cũ),Căn hộ/Chung cư,39457831.32530121
https://nhadat.cafeland.vn/ban-dat-tho-cu-dat-nen-no-hau-86m2-tai-tinh-lo-10-binh-tan-vi-tri-dac-dia-k-3183233.html,"Bán đất thổ cư: Đất nền nở hậu 86m2 tại Tỉnh lộ 10, Bình Tân - Vị trí đắc địa, k","Bình Trị Đông, Thành phố Hồ Chí Minh",5500000000.0,86.0,,TP.HCM (lõi cũ),Đất nền,63953488.37209302
https://nhadat.cafeland.vn/ban-nha-rieng-ban-nha-le-van-quoi-binh-tan-o-to-5m-ngang-442m-x-12m-2-tan-3187887.html,"Bán nhà riêng: Bán nhà Lê Văn Quới, Bình Tân, ô tô 5m, ngang 4/4.2m x 12m, 2 tần","Bình Trị Đông, Thành phố Hồ Chí Minh",4500000000.0,49.0,3.0,TP.HCM (lõi cũ),Nhà ở/Nhà phố,91836734.69387755
https://nhadat.cafeland.vn/chinh-chu-can-ban-gap-can-nha-duong-tam-liem-shr-165-ty-2557778.html,"Chính chủ cần bán gấp căn nhà đường Tâm Liêm - SHR - 1,65 TỶ.","Bình Hưng, Thành phố Hồ Chí Minh",1650000000.0,144.0,4.0,TP.HCM (lõi cũ),Nhà ở/Nhà phố,11458333.333333334
https://nhadat.cafeland.vn/ban-nha-rieng-can-ban-gap-nha-dep-hxh-vuon-lai-3187793.html,Bán nhà riêng: Cần bán gấp nhà đẹp - hxh vườn lài,"Phú Thọ Hòa, Thành phố Hồ Chí Minh",5600000000.0,40.0,,TP.HCM (lõi cũ),Nhà ở/Nhà phố,140000000.0
https://nhadat.cafeland.vn/vi-tri-dac-dia-mat-tien-lam-van-ben-5x23m-phuong-tan-quy-quan-7-2257702.html,Vị trí đắc địa - mặt tiền Lâm Văn Bền (5x23m) - Phường Tân Quy - Quận 7,"Tân Hưng, Thành phố Hồ Chí Minh",26800000000.0,100.0,,TP.HCM (lõi cũ),Khác,268000000.0
https://nhadat.cafeland.vn/nen-nha-pho-c2-27-tan-phong-lo-goc-100m2-huong-tay-nam-dau-tu-sinh-loi-2281385.html,"[Nền nhà phố] C2-27 Tân Phong: Lô góc 100m², hướng Tây-Nam, đầu tư sinh lời","Tân Hưng, Thành phố Hồ Chí Minh",14200000000.0,100.0,,TP.HCM (lõi cũ),Nhà ở/Nhà phố,142000000.0
https://nhadat.cafeland.vn/ban-biet-thu-gio-hang-biet-thu-phan-khu-orchard-mansion-gio-hang-cuoi-cung-gia-3183937.html,"Bán biệt thự: Giỏ hàng biệt thự phân khu Orchard Mansion, giỏ hàng cuối cùng giá","Bình Dương, Thành phố Hồ Chí Minh",21600000000.0,163.0,,Bình Dương (mới sáp nhập),Biệt thự,132515337.42331289
https://nhadat.cafeland.vn/can-ho-hqc-hoc-mon-2pn-wc-gia-11-ty-khong-phat-sinh-them-2265833.html,"Căn hộ HQC Hóc Môn, 2PN, WC, giá 1.1 tỷ không phát sinh thêm","Xuân Thới Sơn, Thành phố Hồ Chí Minh",1100000000.0,50.0,2.0,TP.HCM (lõi cũ),Căn hộ/Chung cư,22000000.0
https://nhadat.cafeland.vn/khong-lo-gioi-nha-moi-dep-4-tang-ngang-hon-4m-dtsd-95m2-hoan-cong-du-2936687.html,"Không lộ giới, Nhà mới đẹp 4 tầng, ngang hơn 4m, dtsd 95m2. Hoàn công đủ","Hòa Hưng, Thành phố Hồ Chí Minh",5800000000.0,30.0,,TP.HCM (lõi cũ),Nhà ở/Nhà phố,193333333.33333334
https://nhadat.cafeland.vn/ban-can-ho-chung-cu-xo-re-ban-can-ho-2pn-2wc-64m2-tai-opal-skyline-195-ty-v-3187597.html,"Bán căn hộ chung cư: Xổ rẻ bán căn hộ 2PN, 2WC, 64m2 tại Opal Skyline, 1,95 tỷ V","Lái Thiêu, Thành phố Hồ Chí Minh",1950000000.0,64.0,2.0,Bình Dương (mới sáp nhập),Căn hộ/Chung cư,30468750.0
https://nhadat.cafeland.vn/ban-nha-hxh-duong-le-dinh-canphuong-tan-tao-4m-x-14m-x-3-tang-585-ty-tl-2482766.html,"BÁN NHÀ HXH ĐƯỜNG LÊ ĐÌNH CẨN,PHƯỜNG TÂN TẠO (4m x 14m x 3 TẦNG) 5,85 TỶ TL","Bình Trị Đông, Thành phố Hồ Chí Minh",5850000000.0,56.0,3.0,TP.HCM (lõi cũ),Nhà ở/Nhà phố,104464285.71428572
https://nhadat.cafeland.vn/ban-gap-lo-goc-2-mt-7x18m-khu-sadaco-ven-song-phuong-tan-phong-quan-7-2202257.html,bán gấp lô góc 2 mt 7x18m khu sadaco ven sông phường tân phong Quận 7,"Tân Hưng, Thành phố Hồ Chí Minh",21600000000.0,113.0,,TP.HCM (lõi cũ),Khác,191150442.4778761
https://nhadat.cafeland.vn/ban-nha-rieng-mat-tien-kinh-doanh-tan-son-nhi-phuong-tan-son-nhi-quan-tan-p-3183223.html,Bán nhà riêng: Mặt tiền kinh doanh !!! Tân Sơn Nhì Phường Tân Sơn Nhì Quận Tân P,"Tân Sơn Nhì, Thành phố Hồ Chí Minh",8500000000.0,30.0,4.0,TP.HCM (lõi cũ),Nhà ở/Nhà phố,283333333.3333333
https://nhadat.cafeland.vn/ban-nha-rieng-co-nhung-can-nha-nhin-qua-da-thay-ngay-bai-toan-dong-tien-nguy-3189220.html,Bán nhà riêng: Có những căn nhà nhìn qua đã thấy ngay bài toán dòng tiền. Nguy,"Bình Lợi Trung, Thành phố Hồ Chí Minh",3865000000.0,46.7,,TP.HCM (lõi cũ),Nhà ở/Nhà phố,82762312.63383298
https://nhadat.cafeland.vn/hxh-thoai-ngoc-hau-tan-phu-nha-1-tret-3-lau-dt-gan-90m2-gia-nhinh-10d-3167073.html,"HXH THOẠI NGỌC HẦU, TÂN PHÚ - NHÀ 1 TRỆT 3 LẦU - DT GẦN 90m2 - GIÁ NHỈNH 10Đ","Phú Thạnh, Thành phố Hồ Chí Minh",10900000000.0,89.0,4.0,TP.HCM (lõi cũ),Nhà ở/Nhà phố,122471910.11235955
https://nhadat.cafeland.vn/ban-lo-l1-dt-7x18m-khu-sadaco-ven-song-tan-phong-quan-7-goc-2-mat-tien-2278968.html,Bán Lô L1 dt 7x18m khu sadaco ven sông Tân Phong Quận 7. góc 2 mặt tiền,"Tân Hưng, Thành phố Hồ Chí Minh",21600000000.0,113.0,,TP.HCM (lõi cũ),Khác,191150442.4778761
https://nhadat.cafeland.vn/ban-nha-rieng-ban-gap-nha-ngay-sieu-thi-metro-duong-le-van-khuong-3183183.html,Bán nhà riêng: Bán gấp nhà ngay siêu thị metro đường lê văn khương,"Thới An, Thành phố Hồ Chí Minh",1650000000.0,44.0,,TP.HCM (lõi cũ),Nhà ở/Nhà phố,37500000.0
https://nhadat.cafeland.vn/ban-nha-rieng-nha-tan-thoi-hiep-75-m2-ban-6-ty-3-hem-xe-hoi-mot-truc-lh-nga-n-3183162.html,"Bán nhà riêng: Nhà Tân Thới Hiệp, 75 m2 Bán 6 tỷ 3 Hẻm Xe Hơi Một Trục. LH Ngà N","Tân Thới Hiệp, Thành phố Hồ Chí Minh",6300000000.0,75.0,,TP.HCM (lõi cũ),Nhà ở/Nhà phố,84000000.0
https://nhadat.cafeland.vn/ban-nha-rieng-nha-khu-dan-cu-dai-hai-3184952.html,Bán nhà riêng: nhà khu dân cư Đại Hải,"Bà Điểm, Thành phố Hồ Chí Minh",5300000000.0,80.0,4.0,TP.HCM (lõi cũ),Nhà ở/Nhà phố,66250000.0
https://nhadat.cafeland.vn/chi-tu-68-trieum2-shophouse-picity-sky-park-tao-song-cua-ngo-khu-dong-2555175.html,CHỈ TỪ 68 TRIỆU/M² - SHOPHOUSE PICITY SKY PARK TẠO SÓNG CỬA NGÕ KHU ĐÔNG,"Dĩ An, Thành phố Hồ Chí Minh",7412000000.0,109.0,,Bình Dương (mới sáp nhập),Khác,68000000.0
https://nhadat.cafeland.vn/ban-nha-rieng-ban-nha-rieng-le-van-duyet-gia-3ty350dien-tich-48m2-noi-that-da-3185712.html,"Bán nhà riêng: BÁN NHÀ RIÊNG LÊ VĂN DUYỆT, GIÁ 3tỷ350,diện tích 48m2 Nội Thất Đầ","Gia Định, Thành phố Hồ Chí Minh",3350000000.0,48.0,3.0,TP.HCM (lõi cũ),Nhà ở/Nhà phố,69791666.66666667
https://nhadat.cafeland.vn/hem-10m-thong-duong-binh-long-96m2-5x195-3-tang-3pn-nha-dep-chi-105-ty-2555855.html,"Hẻm 10m thông đường Bình Long, 96m2, 5x19.5, 3 tầng, 3PN, nhà đẹp, Chỉ 10.5 tỷ","Phú Thọ Hòa, Thành phố Hồ Chí Minh",10500000000.0,96.0,3.0,TP.HCM (lõi cũ),Nhà ở/Nhà phố,109375000.0
https://nhadat.cafeland.vn/nha-go-vap-3-ty-36-ngay-cho-thach-da-22m2-gom-2-tang-hem-ba-gac-35m-sach-se-2932837.html,"Nhà Gò Vấp 3 tỷ 36 ngay chợ Thạch Đà - 22m2 gồm 2 tầng, hẻm ba gác 3,5m sạch sẽ","An Hội Tây, Thành phố Hồ Chí Minh",3360000000.0,22.0,,TP.HCM (lõi cũ),Nhà ở/Nhà phố,152727272.72727272
https://nhadat.cafeland.vn/ban-nha-rieng-ban-nha-2-tang-ngang-7m-quoc-lo-1a-phuong-tan-thoi-quan-12-3184416.html,Bán nhà riêng: Bán nhà 2 tầng ngang 7m - Quốc lộ 1A - Phường Tân Thới Quận 12 -,"Tân Thới Hiệp, Thành phố Hồ Chí Minh",5300000000.0,112.0,,TP.HCM (lõi cũ),Nhà ở/Nhà phố,47321428.571428575
https://nhadat.cafeland.vn/ban-nha-rieng-ban-nha-mat-pho-12-dht-31-nguyen-van-qua-62-ty-43m2-gia-tot-3184417.html,"Bán nhà riêng: Bán nhà mặt phố 12 ĐHT 31, Nguyễn Văn Quá, 6,2 tỷ, 43m2 giá tốt","Đông Hưng Thuận, Thành phố Hồ Chí Minh",6200000000.0,43.0,,TP.HCM (lõi cũ),Nhà ở/Nhà phố,144186046.5116279
https://nhadat.cafeland.vn/ban-can-ho-chung-cu-hang-hot-gia-hoi-solary-vhgp-3pn-view-ho-boi-vin-3188530.html,Bán căn hộ chung cư: Hàng hot – GIÁ HỜI | SOLARY VHGP 3PN VIEW HỒ BƠI – Vin,"Long Bình, Thành phố Hồ Chí Minh",1470000000.0,81.8,3.0,TP.HCM (lõi cũ),Căn hộ/Chung cư,17970660.14669927
https://nhadat.cafeland.vn/ban-nha-rieng-ban-chdv-duong-12m-khu-ban-co-nguyen-van-qua-thu-nhap-30trth-3183981.html,"Bán nhà riêng: Bán CHDV đường 12m khu bàn cờ, Nguyễn Văn Quá, thu nhập 30tr/th,","Đông Hưng Thuận, Thành phố Hồ Chí Minh",8600000000.0,100.0,,TP.HCM (lõi cũ),Nhà ở/Nhà phố,86000000.0
https://nhadat.cafeland.vn/ban-nha-rieng-ban-nha-cap-4-san-co-139m2-tho-cu-tai-tan-an-hoi-cu-chi-gia-chi-3182322.html,"Bán nhà riêng: Bán nhà cấp 4 sẵn có 139m2 thổ cư tại Tân An Hội, Củ Chi, giá chỉ","Tân An Hội, Thành phố Hồ Chí Minh",790000000.0,139.0,,TP.HCM (lõi cũ),Đất nền,5683453.237410072
https://nhadat.cafeland.vn/chuyen-nhuong-nha-hem-xe-hoi-339-le-van-sy-phuong-13-quan-3-2476443.html,"Chuyển nhượng nhà hẻm xe hơi 339 Lê Văn Sỹ, Phường 13, Quận 3","Bàn Cờ, Thành phố Hồ Chí Minh",25000000000.0,116.0,,TP.HCM (lõi cũ),Nhà ở/Nhà phố,215517241.37931034
https://nhadat.cafeland.vn/ban-nha-duong-79-tan-quy-quan-7-can-goc-7mx19m-2290058.html,Bán nhà đường 79 Tân Quy Quận 7 căn góc 7mx19m,"Tân Hưng, Thành phố Hồ Chí Minh",29000000000.0,133.0,,TP.HCM (lõi cũ),Nhà ở/Nhà phố,218045112.78195488
https://nhadat.cafeland.vn/1613m2-tho-cu-950tr-cay-trom-my-khanh-so-hong-3189720.html,"161,3m2 thổ cư, 950tr, Cây Trôm Mỹ Khánh, sổ hồng","Thái Mỹ, Thành phố Hồ Chí Minh",950000000.0,161.3,,TP.HCM (lõi cũ),Đất nền,5889646.621202728
https://nhadat.cafeland.vn/ban-nha-pho-mat-tien-duong-so-19-quan-2-hcm-2481845.html,"Bán nhà phố mặt tiền đường số 19, Quận 2 HCM","An Khánh, Thành phố Hồ Chí Minh",18500000000.0,64.0,8.0,TP.HCM (lõi cũ),Nhà ở/Nhà phố,289062500.0
https://nhadat.cafeland.vn/nha-dep-an-hoi-dong-thong-cityland-nguyen-van-luong-btct-3pn-master-hxh-3189588.html,Nhà đẹp An Hội Đông thông Cityland Nguyễn Văn Lượng - BTCT 3PN master - HXH,"An Hội Đông, Thành phố Hồ Chí Minh",5980000000.0,34.4,3.0,TP.HCM (lõi cũ),Nhà ở/Nhà phố,173837209.30232558
https://nhadat.cafeland.vn/ban-nha-rieng-nha-mat-tien-kdc-trung-my-tay-13-nha-tret-lung-3pn-62m2-kh-3184407.html,"Bán nhà riêng: Nhà mặt tiền KDC Trung Mỹ Tây 13 - Nhà trệt lửng, 3PN - 62m2 - Kh","Trung Mỹ Tây, Thành phố Hồ Chí Minh",4500000000.0,63.0,3.0,TP.HCM (lõi cũ),Nhà ở/Nhà phố,71428571.42857143
https://nhadat.cafeland.vn/ban-nha-hxh-cach-1-can-ra-mat-duong-nha-shr-rong-dep-108m2-xay-cung-cap-3tang-2288835.html,"Bán nhà HXH cách 1 căn ra mặt đường, nhà SHR rộng đẹp 108m2, xây cứng cáp 3Tầng","Thông Tây Hội, Thành phố Hồ Chí Minh",12000000000.0,108.0,,TP.HCM (lõi cũ),Nhà ở/Nhà phố,111111111.1111111
https://nhadat.cafeland.vn/ban-nha-rieng-nha-2-tang-4pn-74m2-huynh-tan-phat-quan-7-3182317.html,Bán nhà riêng: Nhà 2 tầng - 4PN - 74m2 - Huỳnh Tấn Phát - Quận 7,"Tân Mỹ, Thành phố Hồ Chí Minh",6750000000.0,74.0,4.0,TP.HCM (lõi cũ),Nhà ở/Nhà phố,91216216.21621622
https://nhadat.cafeland.vn/ban-nha-rieng-giam-sau-350-trieu-nha-moi-dep-nguyen-anh-thu-ba-diem-4tang-3186844.html,Bán nhà riêng: Giảm sâu 350 triệu- nhà mới đẹp Nguyễn ảnh thủ (bà điểm) -4tầng-,"Bà Điểm, Thành phố Hồ Chí Minh",4000000000.0,50.0,,TP.HCM (lõi cũ),Nhà ở/Nhà phố,80000000.0
https://nhadat.cafeland.vn/can-ho-nguyen-thuong-hien-2pn192-ty-view-dep-o-ngay-so-lien-full-noi-that-2829997.html,"Căn Hộ Nguyễn Thượng Hiền 2PN/1,92 tỷ view đẹp ở ngay sổ liền full nội thất","Hạnh Thông, Thành phố Hồ Chí Minh",1920000000.0,48.0,2.0,TP.HCM (lõi cũ),Căn hộ/Chung cư,40000000.0
https://nhadat.cafeland.vn/ban-nha-mat-tien-duong-lo-gomgan-cau-hau-giang-4-x-15-x-4-tang-87-ty-tl-2555314.html,"BÁN NHÀ MẶT TIỀN ĐƯỜNG LÒ GỐM,GẦN CẦU HẬU GIANG (4 x 15 x 4 TẦNG) 8,7 TỶ TL","Bình Phú, Thành phố Hồ Chí Minh",8700000000.0,60.0,4.0,TP.HCM (lõi cũ),Nhà ở/Nhà phố,145000000.0
https://nhadat.cafeland.vn/ban-nha-goc-2-mat-hem-duong-nguyen-xi-phuong-26-quan-binh-thanh-2483539.html,"Bán nhà góc 2 mặt hẻm đường Nguyễn Xí, phường 26, quận Bình Thạnh","Bình Thạnh, Thành phố Hồ Chí Minh",20000000000.0,222.0,3.0,TP.HCM (lõi cũ),Nhà ở/Nhà phố,90090090.0900901
https://nhadat.cafeland.vn/chuyen-nhuong-nha-hem-xe-hoi-duong-dien-bien-phu-phuong-15-quan-binh-thanh-2481125.html,"Chuyển nhượng nhà hẻm xe hơi đường Điện Biên Phủ, phường 15, quận Bình Thạnh","Bình Thạnh, Thành phố Hồ Chí Minh",30000000000.0,130.4,,TP.HCM (lõi cũ),Nhà ở/Nhà phố,230061349.69325152
https://nhadat.cafeland.vn/hqc-hoc-mon-duong-nguyen-thi-soccan-53m2-gia-1150-ty2pnlh-0909-456-158-2272126.html,"HQC HÓC MÔN ĐƯỜNG NGUYỄN THỊ SÓC,CĂN 53M2 GIÁ 1.150 TỶ,2PN.LH 0909 456 158","Xuân Thới Sơn, Thành phố Hồ Chí Minh",1150000000.0,53.0,2.0,TP.HCM (lõi cũ),Khác,21698113.20754717
https://nhadat.cafeland.vn/ban-can-ho-chung-cu-chinh-chu-gui-ban-gap-ch-kingston-residence-gia-co-698-ty-3184935.html,"Bán căn hộ chung cư: Chính chủ gửi bán gấp CH Kingston Residence, giá có 6,98 tỷ","Phú Nhuận, Thành phố Hồ Chí Minh",6980000000.0,80.0,,TP.HCM (lõi cũ),Căn hộ/Chung cư,87250000.0
https://nhadat.cafeland.vn/ban-can-ho-chung-cu-ban-can-ho-orchard-garden-sieu-hot-chi-2-ty-170-trieu-f-3188347.html,Bán căn hộ chung cư: 🤩Bán căn hộ Orchard Garden siêu HOT (chỉ 2 tỷ 170 triệu) F,"Đức Nhuận, Thành phố Hồ Chí Minh",2170000000.0,72.0,2.0,TP.HCM (lõi cũ),Căn hộ/Chung cư,30138888.888888888
https://nhadat.cafeland.vn/ban-nha-rieng-ban-gap-nha-53m-no-hau-582m-x-24m-duong-quoc-lo-1a-q12-ngay-cau-3186749.html,Bán nhà riêng: Bán gấp nhà 5.3m nở hậu 5.82m x 24m đường Quốc Lộ 1A Q12 ngay cầu,"Thới An, Thành phố Hồ Chí Minh",5790000000.0,123.0,3.0,TP.HCM (lõi cũ),Nhà ở/Nhà phố,47073170.73170732
https://nhadat.cafeland.vn/hot-hot-chinh-chu-can-ban-can-ho-quan-4-gia-tot-3189909.html,HOT HOT – CHÍNH CHỦ CẦN BÁN CĂN HỘ QUẬN 4 – GIÁ TỐT,"Khánh Hội, Thành phố Hồ Chí Minh",3400000000.0,53.0,1.0,TP.HCM (lõi cũ),Căn hộ/Chung cư,64150943.39622641
https://nhadat.cafeland.vn/ban-dat-mat-tien-to-ngoc-van-thu-duc-xay-cao-tang-khai-thac-ngay-2477060.html,"Bán đất mặt tiền Tô Ngọc Vân, Thủ Đức – xây cao tầng, khai thác ngay","Thủ Đức, Thành phố Hồ Chí Minh",16900000000.0,153.0,,TP.HCM (lõi cũ),Đất nền,110457516.33986928
https://nhadat.cafeland.vn/ban-nha-rieng-ban-nha-cap-4-mat-tien-ngo-quyen-p-rach-dua-tp-ho-chi-minh-1-3187700.html,"Bán nhà riêng: Bán nhà cấp 4 mặt tiền Ngô Quyền, P. Rạch Dừa, TP. Hồ Chí Minh, 1","Rạch Dừa, Thành phố Hồ Chí Minh",9200000000.0,158.0,,Bà Rịa - Vũng Tàu (mới sáp nhập),Nhà ở/Nhà phố,58227848.101265825
https://nhadat.cafeland.vn/ban-nha-rieng-ban-nha-1-tret-2-lau-khu-dan-cu-dai-hai-hoc-mon-dien-tich-90m2-3183287.html,"Bán nhà riêng: Bán nhà 1 trệt 2 lầu khu dân cư Đại Hải, Hóc Môn, diện tích 90m2","Bà Điểm, Thành phố Hồ Chí Minh",6300000000.0,90.0,,TP.HCM (lõi cũ),Nhà ở/Nhà phố,70000000.0
https://nhadat.cafeland.vn/ban-nha-rieng-ban-nha-cap-4-hem-xe-hoi-duong-le-van-luong-hiep-phuoc-nha-be-4-3185822.html,"Bán nhà riêng: Bán nhà cấp 4 hẻm xe hơi đường lê văn lương, hiệp phước, nhà bè 4","Hiệp Phước, Thành phố Hồ Chí Minh",3690000000.0,95.0,,TP.HCM (lõi cũ),Nhà ở/Nhà phố,38842105.2631579
https://nhadat.cafeland.vn/lo-goc-mat-tien-duong-10m-vua-o-vua-kinh-doanh-tai-nha-gan-bo-song-tiem-nang-3178967.html,"Lô góc, Mặt tiền đường 10m, vừa ở vừa kinh doanh tại nhà - Gần bờ sông tiềm năng","An Phú Đông, Thành phố Hồ Chí Minh",18500000000.0,150.0,,TP.HCM (lõi cũ),Nhà ở/Nhà phố,123333333.33333333
https://nhadat.cafeland.vn/can-1pn-sieu-hiem-tai-sunshine-sky-city-phu-thuan-view-phu-my-hung-gia-tot-2978872.html,"Căn 1PN siêu hiếm tại Sunshine Sky City Phú Thuận, view Phú Mỹ Hưng, Giá tốt","Tân Mỹ, Thành phố Hồ Chí Minh",4400000000.0,45.0,1.0,TP.HCM (lõi cũ),Khác,97777777.77777778
https://nhadat.cafeland.vn/ban-can-ho-chung-cu-gap-ban-can-ho-cc-thoi-an-72m2-2pn-nha-dep-o-ngay-3186752.html,Bán căn hộ chung cư: Gấp bán căn hộ cc thới an - 72m2 - 2pn - nhà đẹp ở ngay,"Thới An, Thành phố Hồ Chí Minh",2800000000.0,72.0,2.0,TP.HCM (lõi cũ),Căn hộ/Chung cư,38888888.88888889
https://nhadat.cafeland.vn/biet-thu-3-tang-duong-nguyen-hoicanh-ben-xe-mien-taygiap-quan-6-2812282.html,"Biệt thự 3 tầng đường Nguyễn Hới,cạnh Bến xe miền tây,giáp Quận 6","An Lạc, Thành phố Hồ Chí Minh",28500000000.0,275.0,7.0,TP.HCM (lõi cũ),Biệt thự,103636363.63636364
https://nhadat.cafeland.vn/ban-nha-rieng-q7-hon-9-ty-o-to-dau-cua-ngang-45m-kdc-himlam-giam-sau-3-ty-gan-3185763.html,"Bán nhà riêng: Q7 hơn 9 tỷ ô tô đậu cửa, ngang 4,5m KDC HIMLAM giảm sâu 3 tỷ gần","Tân Hưng, Thành phố Hồ Chí Minh",9600000000.0,60.0,4.0,TP.HCM (lõi cũ),Nhà ở/Nhà phố,160000000.0
https://nhadat.cafeland.vn/ban-nha-rieng-khu-biet-thu-kieu-dam-q7-3-tang-4pn-dtsd-153-m2-3186811.html,Bán nhà riêng: Khu biệt thự Kiều Đàm Q7. 3 tầng 4PN _ DTSD 153 m2.,"Tân Hưng, Thành phố Hồ Chí Minh",9700000000.0,53.0,4.0,TP.HCM (lõi cũ),Biệt thự,183018867.9245283
https://nhadat.cafeland.vn/ban-nha-rieng-nha-mat-tien-vip-tan-hung-quan-7-665m2-1-tret-2-lau-san-thuong-3185757.html,"Bán nhà riêng: Nhà mặt tiền vip Tân Hưng Quận 7, 66,5m2, 1 trệt 2 lầu sân thượng","Tân Hưng, Thành phố Hồ Chí Minh",7500000000.0,66.5,,TP.HCM (lõi cũ),Nhà ở/Nhà phố,112781954.88721804
https://nhadat.cafeland.vn/9xt-95m25m19m-shr-vuong-vuc-3tang-khu-phan-lo-ban-co-duong-xe-tai-thong-3155502.html,"9.xT, 95m2(5m×19m) SHR VUÔNG VỨC, 3TẦNG KHU PHÂN LÔ BÀN CỜ, ĐƯỜNG XE TẢI THÔNG","An Hội Tây, Thành phố Hồ Chí Minh",9700000000.0,95.0,,TP.HCM (lõi cũ),Khác,102105263.15789473
https://nhadat.cafeland.vn/ban-nha-rieng-ban-nha-cap-4-dt-103m2-hem-xe-hoi-duong-phuoc-thien-ngay-vinhome-3189612.html,"Bán nhà riêng: Bán Nhà Cấp 4, DT 103m2 Hẻm Xe Hơi Đường Phước Thiện Ngay Vinhome","Long Bình, Thành phố Hồ Chí Minh",5500000000.0,103.0,3.0,TP.HCM (lõi cũ),Nhà ở/Nhà phố,53398058.25242718
https://nhadat.cafeland.vn/emart-phan-van-tri-ch-moi-57m2-view-landmark-gia-chot-2-ty-3-bao-so-hong-2811988.html,"Emart Phan Văn Trị - Ch mới 57M2 , View Landmark , giá chốt 2 tỷ 3 bao sổ hồng","An Nhơn, Thành phố Hồ Chí Minh",2300000000.0,57.0,2.0,TP.HCM (lõi cũ),Khác,40350877.19298246
https://nhadat.cafeland.vn/ban-toa-nha-39-phong-thu-nhap-150trthang-duong-ly-phuc-man-q7-2268016.html,Bán tòa nhà 39 phòng thu nhập 150tr/tháng đường lý phục man .Q7,"Tân Thuận, Thành phố Hồ Chí Minh",34000000000.0,150.0,39.0,TP.HCM (lõi cũ),Nhà ở/Nhà phố,226666666.66666666
https://nhadat.cafeland.vn/ban-dat-tho-cu-co-hoi-dau-tu-an-cu-tai-cu-chi-so-hong-rieng-xay-dung-ngay-3187938.html,"Bán đất thổ cư: cơ hội đầu tư / an cư tại củ chi – sổ hồng riêng, xây dựng ngay","Tân An Hội, Thành phố Hồ Chí Minh",690000000.0,210.0,,TP.HCM (lõi cũ),Đất nền,3285714.285714286
https://nhadat.cafeland.vn/nha-goc-8m-x-20m-kdt-van-phuc-city-khong-gian-o-kinh-doanh-ly-tuong-2952908.html,NHÀ GÓC 8m x 20m KĐT VẠN PHÚC CITY – KHÔNG GIAN Ở & KINH DOANH LÝ TƯỞNG,"Hiệp Bình, Thành phố Hồ Chí Minh",26500000000.0,160.0,,TP.HCM (lõi cũ),Nhà ở/Nhà phố,165625000.0
https://nhadat.cafeland.vn/ban-nha-rieng-nhinh-2-ty-co-nha-ngay-khu-am-thuc-phan-xich-long-15m2-2-tang-3183226.html,Bán nhà riêng: Nhỉnh 2 tỷ có nhà ngay Khu Ẩm Thực Phan Xích Long - 15m2 2 tầng -,"Phú Nhuận, Thành phố Hồ Chí Minh",2500000000.0,15.0,,TP.HCM (lõi cũ),Nhà ở/Nhà phố,166666666.66666666
https://nhadat.cafeland.vn/ban-can-ho-chung-cu-ban-gap-can-2pn-50m2-175-ty-full-thue-phi-view-noi-khu-3184955.html,"Bán căn hộ chung cư: Bán gấp căn 2pn 50m2 1,75 tỷ full thuế phí view nội khu","Bình Chánh, Thành phố Hồ Chí Minh",1750000000.0,50.0,2.0,TP.HCM (lõi cũ),Căn hộ/Chung cư,35000000.0
https://nhadat.cafeland.vn/suat-thanh-ly-gia-3-ty-tai-chung-cu-blue-sky-tower-hqc-binh-trung-dong-2265560.html,Suất thanh lý giá 3 tỷ tại chung cư Blue Sky Tower (HQC Bình Trưng Đông),"Bình Trưng, Thành phố Hồ Chí Minh",3000000000.0,69.0,2.0,TP.HCM (lõi cũ),Căn hộ/Chung cư,43478260.86956522
https://nhadat.cafeland.vn/ban-can-ho-chung-cu-can-59m2-hoang-kim-so-hong-san-noi-that-thanh-toan-950tr-3188510.html,"Bán căn hộ chung cư: Căn 59m2 Hoàng Kim sổ hồng sẵn, nội thất, thanh toán 950tr","Bình Trị Đông, Thành phố Hồ Chí Minh",3150000000.0,59.0,,TP.HCM (lõi cũ),Căn hộ/Chung cư,53389830.50847457
https://nhadat.cafeland.vn/quan-3-ban-nha-5-tang-hxh-cao-thang-cho-ban-co-dong-tien-300tr-gia-85-ty-2286753.html,[QUẬN 3] BÁN NHÀ 5 TẦNG HXH CAO THẮNG -CHỢ BÀN CỜ- DÒNG TIỀN 300TR - GIÁ 8.5 TỶ,"Bàn Cờ, Thành phố Hồ Chí Minh",8500000000.0,32.0,4.0,TP.HCM (lõi cũ),Nhà ở/Nhà phố,265625000.0
https://nhadat.cafeland.vn/ban-nha-rieng-qua-ngon-chi-4t150-dt-4x13m-hem-8m-thong-2-tang-duong-so-7-3187839.html,Bán nhà riêng: Quá ngon. Chỉ 4t150. Dt 4x13m. Hẻm 8m thông. 2 tầng. Đường Số 7.,"An Lạc, Thành phố Hồ Chí Minh",4150000000.0,46.0,3.0,TP.HCM (lõi cũ),Nhà ở/Nhà phố,90217391.30434783
https://nhadat.cafeland.vn/ngang-hon-4m-no-46m-gan-mat-tien-duong-nha-noi-that-dep-chu-can-ban-gap-2933978.html,"Ngang hơn 4m, nở 4.6m. Gần mặt tiền đường, nhà nội thất đẹp. Chủ cần bán gấp","Nhiêu Lộc, Thành phố Hồ Chí Minh",12600000000.0,48.0,,TP.HCM (lõi cũ),Nhà ở/Nhà phố,262500000.0
https://nhadat.cafeland.vn/mtkd-ha-thi-dat-128m2-ngang-46m-no-hau-7m-5-tang-thang-may-full-nt-175-ty-2932847.html,"MTKD Hà Thị Đát, 128m2, ngang 4.6m nở hậu 7m, 5 tầng thang máy, full NT, 17.5 tỷ","Tân Sơn Nhì, Thành phố Hồ Chí Minh",17500000000.0,128.0,,TP.HCM (lõi cũ),Khác,136718750.0
https://nhadat.cafeland.vn/can-nha-4-tang-ngay-trong-khu-cho-ban-co-so-vuong-van-38m2-gia-89-ty-2325073.html,CĂN NHÀ 4 TẦNG NGAY TRONG KHU CHỢ BÀN CỜ – SỔ VUÔNG VẮN - 38M² – GIÁ 8.9 TỶ,"Bàn Cờ, Thành phố Hồ Chí Minh",8900000000.0,38.0,,TP.HCM (lõi cũ),Nhà ở/Nhà phố,234210526.31578946
https://nhadat.cafeland.vn/nguyen-oanh-ch-view-goc-ho-boi-55m2-vay-65-duyet-nhanhso-cong-chung-moi-100-3164824.html,"Nguyễn Oanh CH view góc hồ bơi 55M2 ,Vay 65% duyệt nhanh,Sổ công chứng ,mới 100%","An Nhơn, Thành phố Hồ Chí Minh",2200000000.0,55.0,,TP.HCM (lõi cũ),Khác,40000000.0
https://nhadat.cafeland.vn/eaton-park-quan-2-ban-can-goc-3pn-khach-tim-mua-nhieu-nhat-huong-dong-bac-2555977.html,"Eaton Park - Quận 2 - bán căn Góc 3PN - khách tìm mua nhiều nhất, hướng Đông Bắc","An Khánh, Thành phố Hồ Chí Minh",17900000000.0,104.0,3.0,TP.HCM (lõi cũ),Khác,172115384.6153846
https://nhadat.cafeland.vn/ban-can-ho-chung-cu-ban-chung-cu-duc-khai-nguyen-luong-bang-97m2-quan-7-tk-3185783.html,"Bán căn hộ chung cư: Bán chung cư, Đức Khải, Nguyễn Lương Bằng, 97m2, Quận 7, tk","Phú Thuận, Thành phố Hồ Chí Minh",2600000000.0,97.0,2.0,TP.HCM (lõi cũ),Căn hộ/Chung cư,26804123.711340208
https://nhadat.cafeland.vn/ban-nha-cap-4-gia-re-duong-hung-nhon-shr-680-tr-2267800.html,BÁN NHÀ CẤP 4 GIÁ RẺ ĐƯỜNG HƯNG NHƠN - SHR - 680 TR,"Tân Nhựt, Thành phố Hồ Chí Minh",680000000.0,90.0,2.0,TP.HCM (lõi cũ),Nhà ở/Nhà phố,7555555.555555556
https://nhadat.cafeland.vn/gan-mat-tien-xe-hoi-toi-cua-ngang-5m-4-tang-hoan-cong-du-5pn-3176926.html,"Gần mặt tiền, xe hơi tới cửa, ngang 5m, 4 tầng hoàn công đủ, 5pn.","Tân Bình, Thành phố Hồ Chí Minh",9800000000.0,60.0,5.0,TP.HCM (lõi cũ),Khác,163333333.33333334
https://nhadat.cafeland.vn/ban-nha-rieng-ban-nha-2-tang-huong-lo-2-binh-tan-dt-4-5x125m-gia-chi-439-ty-3187826.html,"Bán nhà riêng: Bán nhà 2 tầng Hương lộ 2 Bình Tân dt 4, 5x12,5m giá chỉ 4,39 tỷ","Bình Trị Đông, Thành phố Hồ Chí Minh",4390000000.0,56.0,,TP.HCM (lõi cũ),Nhà ở/Nhà phố,78392857.14285715
https://nhadat.cafeland.vn/nha-c4-hem-12m-ho-dac-di-130m2-ngang-5m-tien-xay-moi-hay-xay-chdv-132-ty-2734046.html,"Nhà C4 hẻm 12m Hồ Đắc Di, 130m2, ngang 5m, tiện xây mới hay xây chdv, 13.2 tỷ","Tây Thạnh, Thành phố Hồ Chí Minh",13200000000.0,130.0,,TP.HCM (lõi cũ),Nhà ở/Nhà phố,101538461.53846154
https://nhadat.cafeland.vn/thanh-toan-truoc-699-trieu-so-huu-ngay-dat-nen-kdt-tai-alana-city-tphcm-2284733.html,Thanh toán trước 699 triệu - sở hữu ngay đất nền KĐT tại Alana City TP.HCM,"Phước Hòa, Thành phố Hồ Chí Minh",1200000000.0,75.0,,Bình Dương (mới sáp nhập),Đất nền,16000000.0
https://nhadat.cafeland.vn/ban-dat-tho-cu-hang-hiem-lo-dat-5x20m-mat-tien-hem-xe-tai-nguyen-thi-thap-qu-3187920.html,"Bán đất thổ cư: Hàng hiếm - Lô đất 5x20m mặt tiền hẻm xe tải Nguyễn Thị Thập, Qu","Tân Mỹ, Thành phố Hồ Chí Minh",9500000000.0,100.0,,TP.HCM (lõi cũ),Đất nền,95000000.0
https://nhadat.cafeland.vn/ban-dat-hem-xe-hoi-thong-gan-cho-di-an-dat-140m2-co-san-70m2-tho-cu-ngang-4-3179156.html,"BÁN ĐẤT HẺM XE HƠI THÔNG GẦN CHỢ DĨ AN - ĐẤT 140M2 CÓ SẴN 70M2 THỔ CƯ - NGANG 4,","Dĩ An, Thành phố Hồ Chí Minh",4100000000.0,140.0,,Bình Dương (mới sáp nhập),Đất nền,29285714.285714287
https://nhadat.cafeland.vn/can-ho-chung-cu-gia-re-quan-2da-giao-nha-tu-2022gia-chi-tu-26tycan-2pn-1713150.html,"Căn hộ chung cư giá rẻ Quận 2,đã giao nhà từ 2022,giá chỉ từ 2.6tỷ/căn 2PN","Bình Trưng, Thành phố Hồ Chí Minh",2600000000.0,59.0,2.0,TP.HCM (lõi cũ),Căn hộ/Chung cư,44067796.61016949
https://nhadat.cafeland.vn/ban-nha-rieng-ban-nha-mt-ngang-5-x-20m-2-lau-gan-truong-hoc-le-lai-p-tay-thanh-3185740.html,Bán nhà riêng: Bán nhà MT ngang 5 x 20m 2 lầu gần Trường Học Lê Lai P. Tây Thạnh,"Tây Thạnh, Thành phố Hồ Chí Minh",12500000000.0,100.0,3.0,TP.HCM (lõi cũ),Nhà ở/Nhà phố,125000000.0
https://nhadat.cafeland.vn/chuyen-nhuong-nha-mat-tien-duong-nguyen-van-dau-phuong-11-quan-binh-thanh-2478171.html,"Chuyển nhượng nhà mặt tiền đường Nguyễn Văn Đậu, phường 11, quận Bình Thạnh","Bình Thạnh, Thành phố Hồ Chí Minh",13500000000.0,57.0,,TP.HCM (lõi cũ),Nhà ở/Nhà phố,236842105.2631579
https://nhadat.cafeland.vn/ban-nha-rieng-mt-tan-thoi-hiep-13-45m-x-20m-77m2-duc-1-tret-3-lau-kd-da-3185686.html,"Bán nhà riêng: MT Tân Thới Hiệp 13 - 4,5m x 20m ( 77m2 ) Đúc 1 Trệt 3 Lầu KD Đa","Tân Thới Hiệp, Thành phố Hồ Chí Minh",7490000000.0,77.0,4.0,TP.HCM (lõi cũ),Nhà ở/Nhà phố,97272727.27272727
https://nhadat.cafeland.vn/hay-thuc-hien-uoc-mo-cua-vo-ve-gia-co-vuon-nho-de-trong-hoa-1983447.html,Hãy Thực Hiện Ước Mơ Của Vợ: Về Già Có Vườn Nhỏ Để Trồng Hoa,"Hiệp Bình, Thành phố Hồ Chí Minh",16500000000.0,212.5,,TP.HCM (lõi cũ),Khác,77647058.8235294
https://nhadat.cafeland.vn/ban-biet-thu-mat-tien-kdc-phu-nhuan-phuong-thoi-an-ngang-10m-dong-tien-3183965.html,Bán biệt thự: Mặt tiền KDC Phú Nhuận - Phường Thới An - Ngang 10M - Dòng tiền -,"Thới An, Thành phố Hồ Chí Minh",10480000000.0,155.0,,TP.HCM (lõi cũ),Biệt thự,67612903.22580644
https://nhadat.cafeland.vn/ban-dat-tho-cu-lo-dat-dep-10m-x-18m-180m2-view-cong-vien-kdc-phu-nhuan-le-thi-3184906.html,Bán đất thổ cư: Lô đất đẹp 10m x 18m. 180m2. view Công viên KDC Phú Nhuận Lê Thị,"Thới An, Thành phố Hồ Chí Minh",10290000000.0,180.0,,TP.HCM (lõi cũ),Đất nền,57166666.666666664
https://nhadat.cafeland.vn/ban-nha-quan-7-duong-mai-van-vinh-dt-65x20m4-lau-gia-265-ty-2288918.html,"Bán nhà Quận 7 đường Mai Văn Vĩnh dt 6,5x20m,4 lầu giá 26,5 tỷ","Tân Hưng, Thành phố Hồ Chí Minh",26500000000.0,113.0,,TP.HCM (lõi cũ),Nhà ở/Nhà phố,234513274.33628318
https://nhadat.cafeland.vn/ban-nha-duong-phan-anhphuong-phu-thanhtan-phu-hem-8m-68m2-gia-88-ty-tl-2820617.html,"Bán Nhà Đường Phan Anh,Phường Phú Thạnh,Tân Phú - Hẻm 8m - 68m2 - giá 8,8 Tỷ TL","Phú Thạnh, Thành phố Hồ Chí Minh",8800000000.0,68.0,5.0,TP.HCM (lõi cũ),Nhà ở/Nhà phố,129411764.70588236
https://nhadat.cafeland.vn/hxh-6m-duong-van-duong-51m2-4x13-5-tang-4pn-nha-dep-o-ngay-chi-81-ty-tl-2557165.html,"HXH 6m Dương Văn Dương, 51m2, 4x13, 5 tầng, 4PN, nhà đẹp ở ngay, Chỉ 8.1 tỷ TL","Tân Sơn Nhì, Thành phố Hồ Chí Minh",8100000000.0,51.0,4.0,TP.HCM (lõi cũ),Nhà ở/Nhà phố,158823529.4117647
https://nhadat.cafeland.vn/kiem-dau-ra-nha-cong-hoa-4-tang-110m2-ngang-hiem-gan-5m-ma-gia-chi-14-ty-2324781.html,"KIẾM ĐÂU RA NHÀ CÔNG HOÀ 4 TẦNG, 110M2 NGANG HIẾM GẦN 5M, MÀ GIÁ CHỈ 14 TỶ","Tân Bình, Thành phố Hồ Chí Minh",14600000000.0,110.0,,TP.HCM (lõi cũ),Nhà ở/Nhà phố,132727272.72727273
https://nhadat.cafeland.vn/ban-nha-rieng-chinh-chu-ban-de-chuyen-sang-nha-moi-6869-thoi-an-20-575-ty-3185676.html,"Bán nhà riêng: Chính chủ bán để chuyển sang nhà mới, 68/69 Thới An 20, 5,75 tỷ,","Thới An, Thành phố Hồ Chí Minh",5750000000.0,49.0,3.0,TP.HCM (lõi cũ),Nhà ở/Nhà phố,117346938.7755102
https://nhadat.cafeland.vn/nha-1-tret-1-lau-duong-lam-van-ben-phuong-tan-quy-q7-2281330.html,nhà 1 trệt 1 lầu đường Lâm Văn Bền Phường Tân Quy Q7,"Tân Hưng, Thành phố Hồ Chí Minh",23500000000.0,76.0,,TP.HCM (lõi cũ),Nhà ở/Nhà phố,309210526.31578946
https://nhadat.cafeland.vn/buoc-vao-can-ho-1pn-the-emerald-boulevard-vi-sao-ai-cung-bat-ngo-3190041.html,"Bước Vào Căn Hộ 1PN+ The Emerald Boulevard, Vì Sao Ai Cũng Bất Ngờ?","Bình Hòa, Thành phố Hồ Chí Minh",3020000000.0,46.0,1.0,Bình Dương (mới sáp nhập),Căn hộ/Chung cư,65652173.91304348
https://nhadat.cafeland.vn/nha-dep-binh-thanh-don-vao-o-ngay-hem-thong-tang-bat-ho-5p-qua-q1-2289569.html,NHÀ ĐẸP BÌNH THẠNH - DỌN VÀO Ở NGAY– HẺM THÔNG TĂNG BẠT HỔ – 5P QUA Q1,"Bình Lợi Trung, Thành phố Hồ Chí Minh",6800000000.0,36.0,5.0,TP.HCM (lõi cũ),Nhà ở/Nhà phố,188888888.8888889
https://nhadat.cafeland.vn/chi-khoang-38trm2-dat-100m2-ngang-7m-hem-nhua-o-to-5m-gan-to-ngoc-van-3189931.html,CHỈ KHOẢNG 38TR/M² – ĐẤT 100M² NGANG 7M – HẺM NHỰA Ô TÔ 5M – GẦN TÔ NGỌC VÂN,"Thới An, Thành phố Hồ Chí Minh",3800000000.0,98.0,,TP.HCM (lõi cũ),Đất nền,38775510.20408163
https://nhadat.cafeland.vn/ban-nha-rieng-ban-nha-2-mat-tien-duong-nguyen-thi-lang-cu-chi-dien-tich-189m2-3183277.html,"Bán nhà riêng: Bán nhà 2 mặt tiền đường Nguyễn Thị Lắng, Củ Chi, diện tích 189m2","Tân An Hội, Thành phố Hồ Chí Minh",4500000000.0,189.0,,TP.HCM (lõi cũ),Nhà ở/Nhà phố,23809523.80952381
https://nhadat.cafeland.vn/nha-4-tang-hem-8m-le-trong-tan-100m2-ngang-54m-5pn-chi-125-ty-tl-2325181.html,"Nhà 4 tầng hẻm 8m Lê Trọng Tấn, 100m2, ngang 5.4m, 5PN, Chỉ 12.5 tỷ TL","Tây Thạnh, Thành phố Hồ Chí Minh",12500000000.0,100.0,5.0,TP.HCM (lõi cũ),Nhà ở/Nhà phố,125000000.0
https://nhadat.cafeland.vn/ban-can-ho-bcons-garden-57m2-so-hong-san-gia-chi-1-ty-990-bao-thue-phi-2474502.html,BÁN CĂN HỘ BCONS GARDEN 57M² – SỔ HỒNG SẴN – GIÁ CHỈ 1 TỶ 990 BAO THUẾ PHÍ,"Dĩ An, Thành phố Hồ Chí Minh",1990000000.0,57.0,2.0,Bình Dương (mới sáp nhập),Căn hộ/Chung cư,34912280.701754384
https://nhadat.cafeland.vn/nha-pho-chi-1-tret-4-lau-o-gia-dinh-dai-han-thich-quang-duc-phu-nhuan-tphcm-3176924.html,Nhà phố chỉ 1 trệt 4 lầu - ở gia đình dài hạn Thích Quảng Đức Phú Nhuận TP.HCM,"Đức Nhuận, Thành phố Hồ Chí Minh",6990000000.0,30.0,,TP.HCM (lõi cũ),Nhà ở/Nhà phố,233000000.0
https://nhadat.cafeland.vn/ban-dat-tho-cu-chu-gui-ban-lo-dat-dep-khu-bt-kien-tao-vung-tau-dt-223m2-gia-2-3187665.html,Bán đất thổ cư: Chủ gửi bán lô đất đẹp khu BT Kiến Tạo Vũng Tàu - DT 223m2 giá 2,"Tam Thắng, Thành phố Hồ Chí Minh",20000000000.0,223.0,,Bà Rịa - Vũng Tàu (mới sáp nhập),Đất nền,89686098.65470852
https://nhadat.cafeland.vn/ban-dat-tang-nha-mat-tien-le-van-thinh-ngang-6m-gan-benh-vien-quan-2-2287047.html,"Bán đất tặng nhà mặt tiền Lê Văn Thịnh, ngang 6m, gần Bệnh viện Quận 2","Bình Trưng, Thành phố Hồ Chí Minh",32500000000.0,189.0,,TP.HCM (lõi cũ),Đất nền,171957671.95767197
https://nhadat.cafeland.vn/nha-hxh-6m-duong-nguyen-quang-dieu-84m2-3pn-duc-btct-chi-79-ty-tl-2480678.html,"Nhà hxh 6m đường Nguyễn Quang Diêu, 84m2, 3PN, đúc BTCT, Chỉ 7.9 tỷ TL","Phú Thọ Hòa, Thành phố Hồ Chí Minh",7900000000.0,84.0,3.0,TP.HCM (lõi cũ),Nhà ở/Nhà phố,94047619.04761904
https://nhadat.cafeland.vn/ban-nha-rieng-biet-thu-goc-2-mat-tien-hem-10m-nguyen-anh-thu-ptrung-my-tay-n-3183171.html,"Bán nhà riêng: Biệt thự Góc 2 Mặt tiền Hẻm 10m Nguyễn Ảnh Thủ, P.Trung Mỹ Tây, N","Trung Mỹ Tây, Thành phố Hồ Chí Minh",12500000000.0,120.0,6.0,TP.HCM (lõi cũ),Biệt thự,104166666.66666667
https://nhadat.cafeland.vn/mo-ban-can-vn83-09-tai-vinhomes-green-paradise-can-gio-vi-tri-dep-dien-tich-2813m2-don-song-dau-tu-2489232.html,"Mở bán căn VN83-09 tại Vinhomes Green Paradise Cần Giờ vị trí đẹp diện tích 281,3m2 đón sóng đầu tư","Cần Giờ, Thành phố Hồ Chí Minh",30867000000.0,281.3,,TP.HCM (lõi cũ),Khác,109729825.8087451
https://nhadat.cafeland.vn/ban-can-dep-vn48-190-vinhomes-green-paradise-can-gio-dien-tich-1504m2-trong-khu-do-thi-lan-bien-2489275.html,"Bán căn đẹp VN48-190 Vinhomes Green Paradise Cần Giờ diện tích 150,4m2 trong khu đô thị lấn biển","Cần Giờ, Thành phố Hồ Chí Minh",19211000000.0,150.4,,TP.HCM (lõi cũ),Khác,127732712.76595744
https://nhadat.cafeland.vn/ban-lo-dat-tho-cu-dep-hxh-10m-so-hong-chinh-chu-thanh-loc-37-2289516.html,BÁN LÔ ĐẤT THỔ CƯ ĐẸP – HXH 10M – SỔ HỒNG CHÍNH CHỦ – THẠNH LỘC 37,"An Phú Đông, Thành phố Hồ Chí Minh",6500000000.0,120.0,,TP.HCM (lõi cũ),Đất nền,54166666.666666664
https://nhadat.cafeland.vn/ban-nha-rieng-ban-nha-hem-8m-le-trong-tan-tan-phu-4x20m-nha-cap-4-gan-truong-3185730.html,"Bán nhà riêng: Bán nhà hẻm 8m Lê Trọng Tấn, Tân Phú 4x20m nhà cấp 4. Gần trường","Tây Thạnh, Thành phố Hồ Chí Minh",6500000000.0,79.0,,TP.HCM (lõi cũ),Nhà ở/Nhà phố,82278481.01265822
https://nhadat.cafeland.vn/nha-48x18m-4-lau-lam-van-ben-phuong-tan-quy-quan-7-2282772.html,nhà 4.8x18m 4 lầu Lâm văn Bền phường Tân Quy Quận 7,"Tân Hưng, Thành phố Hồ Chí Minh",26900000000.0,74.0,,TP.HCM (lõi cũ),Nhà ở/Nhà phố,363513513.5135135
https://nhadat.cafeland.vn/ban-can-ho-chung-cu-ban-can-ho-canary-heights-94m2-gia-2ty-620-trieu-ngay-aeon-3182159.html,Bán căn hộ chung cư: Bán căn hộ Canary Heights 94m2 giá 2tỷ 620 triệu ngay Aeon,"Thuận Giao, Thành phố Hồ Chí Minh",2620000000.0,94.0,,Bình Dương (mới sáp nhập),Căn hộ/Chung cư,27872340.425531916
https://nhadat.cafeland.vn/bcons-aria-canh-ga-metro-bank-ho-tro-lai-suat-co-dinh-69-3179259.html,bcons aria cạnh ga metro - bank hỗ trợ lãi suất cố định 6.9,"Bình Dương, Thành phố Hồ Chí Minh",2438000000.0,53.0,,Bình Dương (mới sáp nhập),Khác,46000000.0
https://nhadat.cafeland.vn/ban-nha-rieng-gap-ban-biet-thu-vip-phuong-tan-hung-quan-7-ngang-106m-6-tan-3183266.html,"Bán nhà riêng: Gấp bán biệt thự vip phường tân hưng quận 7 | ngang 10,6m | 6 tần","Tân Hưng, Thành phố Hồ Chí Minh",28000000000.0,170.0,6.0,TP.HCM (lõi cũ),Biệt thự,164705882.3529412
https://nhadat.cafeland.vn/ban-biet-thu-ban-biet-thu-phu-my-hung-khu-compound-hung-thai-2-trang-bi-smar-3187907.html,"Bán biệt thự: Bán biệt thự Phú Mỹ Hưng, khu compound Hưng Thái 2 - trang bị smar","Tân Hưng, Thành phố Hồ Chí Minh",35800000000.0,126.0,4.0,TP.HCM (lõi cũ),Biệt thự,284126984.1269841
https://nhadat.cafeland.vn/ban-nha-rieng-xuong-dep-10m-x-22m-220m2-mt-nhua-8m-thong-1-tan-thoi-hiep-21-3182213.html,Bán nhà riêng: Xưởng đẹp 10m x 22m. 220m2 MT Nhựa 8m Thông 1/ Tân Thới Hiệp 21,"Tân Thới Hiệp, Thành phố Hồ Chí Minh",11780000000.0,220.0,,TP.HCM (lõi cũ),Nhà ở/Nhà phố,53545454.54545455
https://nhadat.cafeland.vn/ban-nha-rieng-nha-dep-nguyen-van-cu-quan-1-55m2-4-tang-hem-xe-hoi-1-truc-3183150.html,"Bán nhà riêng: Nhà đẹp Nguyễn Văn Cừ, Quận 1, 55m2, 4 tầng, hẻm xe hơi 1 trục","Bến Thành, Thành phố Hồ Chí Minh",8000000000.0,55.0,,TP.HCM (lõi cũ),Nhà ở/Nhà phố,145454545.45454547
https://nhadat.cafeland.vn/ban-nha-rieng-nha-moi-xay-2-tang-tai-binh-tri-dong-dien-tich-60m2-gia-4-ty-3187810.html,"Bán nhà riêng: Nhà mới xây 2 tầng tại Bình Trị Đông, diện tích 60m2, giá 4 tỷ","Bình Trị Đông, Thành phố Hồ Chí Minh",4000000000.0,60.0,,TP.HCM (lõi cũ),Nhà ở/Nhà phố,66666666.666666664
https://nhadat.cafeland.vn/nha-vi-tri-dep-38-x-17m-1-tret-3-lau-tran-dien-quan-5-tphcm-2284237.html,Nhà vị trí đẹp 3.8 x 17m 1 trệt 3 lầu Trần Điện Quận 5 TP.HCM,"Chợ Lớn, Thành phố Hồ Chí Minh",15500000000.0,62.0,,TP.HCM (lõi cũ),Nhà ở/Nhà phố,250000000.0
https://nhadat.cafeland.vn/ban-nha-rieng-nha-2-lau-4x16m-mat-nhua-7m-phan-van-hon-vo-150m-gan-nga-3-ba-3185805.html,"Bán nhà riêng: Nhà 2 lầu 4x16m, mặt nhựa 7m, Phan Văn Hớn vô 150m, gần ngã 3 Bà","Bà Điểm, Thành phố Hồ Chí Minh",5890000000.0,64.0,4.0,TP.HCM (lõi cũ),Nhà ở/Nhà phố,92031250.0
https://nhadat.cafeland.vn/ban-nha-duong-phan-dang-luu-quan-phu-nhuan-cu-2485775.html,"Bán nhà đường Phan Đăng Lưu, quận Phú Nhuận cũ","Đức Nhuận, Thành phố Hồ Chí Minh",10500000000.0,91.7,10.0,TP.HCM (lõi cũ),Nhà ở/Nhà phố,114503816.79389313
https://nhadat.cafeland.vn/suat-noi-bo-nha-pho-gold-coast-vung-tau-so-huu-lau-dai-chi-7-ty-1can-2558010.html,Suất nội bộ nhà phố Gold Coast Vũng Tàu sở hữu lâu dài chỉ 7 tỷ 1/căn,"Vũng Tàu, Thành phố Hồ Chí Minh",7100000000.0,108.0,,Bà Rịa - Vũng Tàu (mới sáp nhập),Nhà ở/Nhà phố,65740740.74074074
https://nhadat.cafeland.vn/ban-can-ho-chung-cu-ban-gap-cc-tai-bau-cat-ii-259-ty-55m2-2pn-1wc-noi-th-3183993.html,"Bán căn hộ chung cư: Bán gấp CC tại Bàu Cát II, 2,59 tỷ, 55m2, 2PN + 1WC, nội th","Tân Sơn Nhất, Thành phố Hồ Chí Minh",2590000000.0,55.0,2.0,TP.HCM (lõi cũ),Căn hộ/Chung cư,47090909.09090909
https://nhadat.cafeland.vn/ban-biet-thu-pho-2-mat-oto-thong-chu-xay-cung-cap-5-tang-co-thang-may-5pn-6wc-2287366.html,"BÁN BIỆT THỰ PHỐ 2 MẶT ÔTÔ THÔNG, CHỦ XÂY CỨNG CÁP 5 TẦNG CÓ THANG MÁY 5PN 6WC","Thông Tây Hội, Thành phố Hồ Chí Minh",15499000000.0,90.0,5.0,TP.HCM (lõi cũ),Biệt thự,172211111.1111111
https://nhadat.cafeland.vn/ban-nha-rieng-hot-ban-gap-nha-mat-tien-kd-van-cao-tan-phu-60m2-2-tang-nhinh-3182273.html,"Bán nhà riêng: Hot, Bán gấp Nhà Mặt Tiền KD Văn Cao Tân Phú, 60m2, 2 tầng, nhỉnh","Phú Thọ Hòa, Thành phố Hồ Chí Minh",10300000000.0,60.0,2.0,TP.HCM (lõi cũ),Nhà ở/Nhà phố,171666666.66666666
https://nhadat.cafeland.vn/ban-can-duplex-hiceling-tran-cao-53m-70m2-2pn-gia-37-ty-mien-lai-2-nam-2555166.html,"Bán Căn Duplex Hiceling Trần Cao 5.3m 70m2, 2PN Giá 3,7 tỷ. Miễn lãi 2 năm","Dĩ An, Thành phố Hồ Chí Minh",3700000000.0,70.0,2.0,Bình Dương (mới sáp nhập),Khác,52857142.85714286
https://nhadat.cafeland.vn/ban-nha-rieng-mot-can-nha-dep-khong-nhat-thiet-phai-pho-truong-chi-can-dung-vi-3185736.html,Bán nhà riêng: Một căn nhà đẹp không nhất thiết phải phô trương chỉ cần đúng vị,"Phú Thạnh, Thành phố Hồ Chí Minh",9990000000.0,72.0,,TP.HCM (lõi cũ),Nhà ở/Nhà phố,138750000.0
https://nhadat.cafeland.vn/ban-can-ho-chung-cu-hot-can-ho-delasol-dia-chi-so-1-ton-that-thuyet-phuo-3188545.html,"Bán căn hộ chung cư: HOT! CĂN HỘ DELASOL Địa chỉ: Số 1 Tôn Thất Thuyết, Phườ","Xóm Chiếu, Thành phố Hồ Chí Minh",3295000000.0,71.0,2.0,TP.HCM (lõi cũ),Căn hộ/Chung cư,46408450.704225354
https://nhadat.cafeland.vn/chinh-chu-ban-dat-tho-cu-225m2-46-ti-gan-cho-binh-chanh-duong-truoc-mat-2485885.html,Chính chủ bán Đất thổ cư - 225m2 - 4.6 tỉ - Gần chợ Bình Chánh - Đường trước mặt,"Bình Chánh, Thành phố Hồ Chí Minh",4600000000.0,225.0,,TP.HCM (lõi cũ),Đất nền,20444444.444444444
https://nhadat.cafeland.vn/ban-dat-duong-so-49-quan-7-ngang-85m-dai-15m-2284523.html,Bán đất đường số 49 Quận 7 ngang 8.5m dài 15m,"Tân Thuận, Thành phố Hồ Chí Minh",14850000000.0,110.0,,TP.HCM (lõi cũ),Đất nền,135000000.0
https://nhadat.cafeland.vn/ban-can-ho-chung-cu-ban-can-ho-2pn-71m2-masteri-an-phu-noi-that-full-view-d-3188534.html,"Bán căn hộ chung cư: Bán căn hộ 2PN 71m2 Masteri An Phú, nội thất full, view đ","An Khánh, Thành phố Hồ Chí Minh",3675000000.0,71.0,2.0,TP.HCM (lõi cũ),Căn hộ/Chung cư,51760563.38028169
https://nhadat.cafeland.vn/chi-1389-1582-ty-so-huu-khong-gian-song-ma-nhieu-nguoi-phai-tra-tien-tri-2482123.html,"CHỈ 1.389 _-1,582 TỶ – SỞ HỮU KHÔNG GIAN SỐNG MÀ NHIỀU NGƯỜI PHẢI TRẢ TIỀN TRI","Đất Đỏ, Thành phố Hồ Chí Minh",1582000000.0,140.0,,Bà Rịa - Vũng Tàu (mới sáp nhập),Khác,11300000.0
https://nhadat.cafeland.vn/41m2-4-tang-hem-cao-thang-quan-3-chi-82-ty-3180297.html,"41m2 - 4 tầng hẻm Cao Thắng, Quận 3 chỉ 8.2 tỷ","Bàn Cờ, Thành phố Hồ Chí Minh",8200000000.0,41.0,,TP.HCM (lõi cũ),Khác,200000000.0
https://nhadat.cafeland.vn/ban-can-ho-chung-cu-green-skyline-215-ty-so-huu-can-ho-hien-thanh-toan-chi-15-3182161.html,"Bán căn hộ chung cư: Green Skyline 2,15 tỷ sở hữu căn hộ hiện thanh toán chỉ 15%","Đông Hòa, Thành phố Hồ Chí Minh",2150000000.0,40.0,,Bình Dương (mới sáp nhập),Căn hộ/Chung cư,53750000.0
https://nhadat.cafeland.vn/hxh-le-van-thinh-nha-4-tang-dep-62m2-5m-x-125m-vuong-van-gan-cho-cay-xoai-3179390.html,HXH LÊ VĂN THỊNH -NHÀ 4 TẦNG ĐẸP -62M2 (5M X 12.5M)-VUÔNG VẮN- GẦN CHỢ CÂY XOÀI,"Cát Lái, Thành phố Hồ Chí Minh",7600000000.0,62.0,4.0,TP.HCM (lõi cũ),Nhà ở/Nhà phố,122580645.16129032
https://nhadat.cafeland.vn/ban-nha-rieng-mat-tien-kinh-doanh-da-nganh-nghe-cach-100-m-ra-trung-my-100m2-3184072.html,Bán nhà riêng: Mặt tiền Kinh doanh đa ngành nghề cách 100 M ra Trung Mỹ _ 100M2_,"Bà Điểm, Thành phố Hồ Chí Minh",6200000000.0,100.0,,TP.HCM (lõi cũ),Nhà ở/Nhà phố,62000000.0
https://nhadat.cafeland.vn/ban-can-duplex-2-tang-picity-sky-park-mien-lai-2-namtang-noi-that-180-trieu-2811857.html,"Bán Căn Duplex 2 Tầng Picity Sky Park .Miễn Lãi 2 Năm,Tặng Nội Thất 180 triệu","Dĩ An, Thành phố Hồ Chí Minh",3600000000.0,60.0,,Bình Dương (mới sáp nhập),Khác,60000000.0
https://nhadat.cafeland.vn/cx-do-thanh-khu-vuc-hiem-nha-ban-hxh-ngang-hon-4m-nha-moi-dep-2828406.html,"Cx Đô Thành, khu vực hiếm nhà bán. Hxh, ngang hơn 4m. Nhà mới đẹp.","Bàn Cờ, Thành phố Hồ Chí Minh",16000000000.0,41.0,6.0,TP.HCM (lõi cũ),Nhà ở/Nhà phố,390243902.4390244
https://nhadat.cafeland.vn/nha-dt-79x185m-duong-79-phuong-tan-quy-q7-vi-tri-kinh-doanh-2476350.html,"nhà Dt 7.9x18,5m Đường 79 phường Tân Quy Q7. vị trí Kinh doanh","Tân Hưng, Thành phố Hồ Chí Minh",31000000000.0,146.0,,TP.HCM (lõi cũ),Nhà ở/Nhà phố,212328767.12328768
https://nhadat.cafeland.vn/ban-nha-rieng-ban-nha-45m-x-21m-co-no-hau-115m2-mat-tien-thong-cach-100m-ra-3183983.html,"Bán nhà riêng: Bán nhà 4,5m x 21m có nở hậu (115m2). Mặt tiền thông cách 100m ra","Đông Hưng Thuận, Thành phố Hồ Chí Minh",7280000000.0,120.0,,TP.HCM (lõi cũ),Nhà ở/Nhà phố,60666666.666666664
https://nhadat.cafeland.vn/ban-can-ho-chung-cu-ch-mat-tien-ql13-ga-metro-thanh-toan-400-trieu-nhan-nha-fu-3184868.html,"Bán căn hộ chung cư: CH mặt tiền QL13, ga Metro thanh toán 400 triệu nhận nhà fu","Thuận Giao, Thành phố Hồ Chí Minh",2103000000.0,56.0,2.0,Bình Dương (mới sáp nhập),Căn hộ/Chung cư,37553571.428571425
https://nhadat.cafeland.vn/chuyen-nhuong-nha-mat-tien-duong-tran-hung-dao-phuong-nguyen-cu-trinh-quan-1-2474908.html,"Chuyển nhượng nhà mặt tiền đường Trần Hưng Đạo, phường Nguyễn Cư Trinh, quận 1","Cầu Ông Lãnh, Thành phố Hồ Chí Minh",29000000000.0,67.8,,TP.HCM (lõi cũ),Nhà ở/Nhà phố,427728613.5693216
https://nhadat.cafeland.vn/ban-can-ho-chung-cu-ban-can-ho-the-tresor-39-ben-van-don-thong-tin-can-ho-3188540.html,Bán căn hộ chung cư: BÁN CĂN HỘ THE TRESOR – 39 Bến Vân Đồn Thông tin căn hộ:,"Xóm Chiếu, Thành phố Hồ Chí Minh",2580000000.0,60.0,2.0,TP.HCM (lõi cũ),Căn hộ/Chung cư,43000000.0
https://nhadat.cafeland.vn/ban-dat-tho-cu-dat-tho-cu-mat-tien-duong-truc-chinh-my-xuan-phu-my-3186807.html,"Bán đất thổ cư: Đất thổ cư mặt tiền đường trục chính Mỹ Xuân, Phú Mỹ","Phú Thuận, Thành phố Hồ Chí Minh",1250000000.0,100.0,,TP.HCM (lõi cũ),Đất nền,12500000.0
https://nhadat.cafeland.vn/nha-can-goc-nguyen-thien-thuat-quan-3-ngang-6m-hem-thong-cho-ban-co-65-ty-2286317.html,Nhà Căn Góc - Nguyễn Thiện Thuật Quận 3 - Ngang 6m Hẻm Thông Chợ Bàn Cờ - 6.5 Tỷ,"Bàn Cờ, Thành phố Hồ Chí Minh",6500000000.0,41.0,4.0,TP.HCM (lõi cũ),Nhà ở/Nhà phố,158536585.36585367
https://nhadat.cafeland.vn/ban-dat-ngay-khu-do-thi-binh-duong-nay-thuoc-phuoc-hoa-tp-ho-chi-minh-2276738.html,Bán đất ngay khu đô thị Bình Dương nay thuộc Phước Hòa - TP. Hồ Chí Minh,"Vĩnh Tân, Thành phố Hồ Chí Minh",1200000000.0,80.0,,Bình Dương (mới sáp nhập),Đất nền,15000000.0
https://nhadat.cafeland.vn/ban-nha-shr-70m2-dtsd-132m2-gia-146-ty-tai-nguyen-van-troi-phu-nhuan-tp-hcm-3180888.html,Bán Nhà SHR 70m2 DTSD 132m2 giá 14.6 tỷ tại Nguyễn Văn Trỗi Phú Nhuận Tp HCM,"Phú Nhuận, Thành phố Hồ Chí Minh",14600000000.0,70.0,5.0,TP.HCM (lõi cũ),Nhà ở/Nhà phố,208571428.57142857
https://nhadat.cafeland.vn/chuyen-nhuong-nha-goc-2mt-cmt8-phuong-hoa-hung-2472550.html,"CHUYỂN NHƯỢNG NHÀ GÓC 2MT CMT8, PHƯỜNG HÒA HƯNG","Bàn Cờ, Thành phố Hồ Chí Minh",39800000000.0,193.5,,TP.HCM (lõi cũ),Nhà ở/Nhà phố,205684754.52196383
https://nhadat.cafeland.vn/ban-nha-vuon-so-hong-rieng-11mx16m-1ngan-le-thi-hatan-xuanhoc-mon-2290222.html,"Bán nhà vườn sổ hồng riêng 11mx16m 1/ngắn Lê Thị Hà,Tân Xuân,Hóc Môn","An Lạc, Thành phố Hồ Chí Minh",5450000000.0,176.0,3.0,TP.HCM (lõi cũ),Nhà ở/Nhà phố,30965909.09090909
https://nhadat.cafeland.vn/gio-hang-dep-ma-tl-199-vinhomes-green-paradise-can-gio-dien-tich-100m2-xem-gia-tot-ngay-2489279.html,Giỏ hàng đẹp mã TL-199 Vinhomes Green Paradise Cần Giờ diện tích 100m2 xem giá tốt ngay,"Cần Giờ, Thành phố Hồ Chí Minh",18553000000.0,100.0,,TP.HCM (lõi cũ),Khác,185530000.0
https://nhadat.cafeland.vn/can-ho-chung-cu-gateway-3pn-cuc-hiem-full-noi-that-gia-re-2832614.html,Căn hộ chung cư Gateway 3pn cực hiếm Full nội thất giá rẻ,"Vũng Tàu, Thành phố Hồ Chí Minh",6700000000.0,138.0,3.0,Bà Rịa - Vũng Tàu (mới sáp nhập),Căn hộ/Chung cư,48550724.63768116
https://nhadat.cafeland.vn/ban-nha-rieng-ban-nha-chinh-chu-o-hoc-mon-495tr-co-so-bao-test-giay-to-3183294.html,Bán nhà riêng: bán nhà CHÍNH CHỦ ở Hóc Môn 495tr có sổ bao test giấy tờ,"Xuân Thới Sơn, Thành phố Hồ Chí Minh",495000000.0,86.9,,TP.HCM (lõi cũ),Nhà ở/Nhà phố,5696202.531645569
https://nhadat.cafeland.vn/ban-dat-tho-cu-ban-cap-dat-56m-nh-7m-x-25m-duong-le-van-khuong-pthoi-an-q12-3185688.html,Bán đất thổ cư: Bán cặp đất 5.6m NH 7m x 25m đường Lê Văn Khương P.Thới An - Q12,"Thới An, Thành phố Hồ Chí Minh",5390000000.0,145.3,,TP.HCM (lõi cũ),Đất nền,37095664.143152095
https://nhadat.cafeland.vn/ban-shophouse-gold-coast-vung-tau-co-hoi-dau-tu-kinh-doanh-sieu-loi-nhuan-2474385.html,BÁN SHOPHOUSE GOLD COAST VŨNG TÀU – CƠ HỘI ĐẦU TƯ & KINH DOANH SIÊU LỢI NHUẬN,"Long Điền, Thành phố Hồ Chí Minh",10239000000.0,150.0,,Bà Rịa - Vũng Tàu (mới sáp nhập),Khác,68260000.0
https://nhadat.cafeland.vn/dat-tho-cu-huong-bac-hem-xe-tai-huynh-tan-phat-nha-be-1579-m2-8-ty-2932466.html,"Đất thổ cư hướng bắc, hẻm xe tải. Huỳnh tấn phát nhà bè 157,9 m2 8 tỷ","Nhà Bè, Thành phố Hồ Chí Minh",8000000000.0,157.9,,TP.HCM (lõi cũ),Đất nền,50664977.834072195
https://nhadat.cafeland.vn/ban-can-ho-2pn-green-skyline-cuoi-nam-nhan-nha-o-ngay-tt-10-ky-hdmb-2933690.html,Bán căn hộ 2PN Green Skyline - Cuối năm nhận nhà ở ngay - TT 10% ký HĐMB,"Dĩ An, Thành phố Hồ Chí Minh",3830000000.0,67.0,2.0,Bình Dương (mới sáp nhập),Căn hộ/Chung cư,57164179.104477614
https://nhadat.cafeland.vn/ban-lo-dat-duong-xe-tai-khu-kieu-dam-tan-hung-quan-7-2485858.html,"Bán lô đất đường xe tải khu Kiều Đàm, Tân Hưng, Quận 7","Tân Hưng, Thành phố Hồ Chí Minh",25000000000.0,152.7,,TP.HCM (lõi cũ),Đất nền,163719711.85330716
https://nhadat.cafeland.vn/genduplex-picity-high-park-quan-12-can-ho-biet-thu-chuan-resort-2812153.html,"GENDUPLEX PICITY HIGH PARK QUẬN 12 – CĂN HỘ ""BIỆT THỰ"" CHUẨN RESORT","Thới An, Thành phố Hồ Chí Minh",9000000000.0,216.0,,TP.HCM (lõi cũ),Căn hộ/Chung cư,41666666.666666664
https://nhadat.cafeland.vn/ban-dat-tang-nha-hem-8m-nguyen-van-khoi-72m2-ngang-4m-gan-cv-lang-hoa-8-ty-2556617.html,Bán đất tặng nhà hẻm 8m Nguyễn Văn Khối 72m2 ngang 4m gần CV Làng Hoa 8 tỷ,"Thông Tây Hội, Thành phố Hồ Chí Minh",8000000000.0,72.0,,TP.HCM (lõi cũ),Đất nền,111111111.1111111
https://nhadat.cafeland.vn/ban-biet-thu-vinhomes-saigon-park-hoc-mon-ve-o-som-ck-10-tang-vang-ck-9-3183289.html,Bán biệt thự: Vinhomes Saigon Park Hóc Môn - Về ở sớm ck 10% + tặng vàng + ck 9%,"Xuân Thới Sơn, Thành phố Hồ Chí Minh",4990000000.0,50.0,,TP.HCM (lõi cũ),Biệt thự,99800000.0
https://nhadat.cafeland.vn/ban-can-ho-luxgarden-69m2-tang-cao-view-noi-khu-tp-cau-phu-my-gia-36-ty-2937442.html,"Bán căn hộ LuxGarden 69m2 tầng cao, view nội khu – TP – cầu Phú Mỹ, giá 3,6 tỷ","Phú Thuận, Thành phố Hồ Chí Minh",3600000000.0,69.0,,TP.HCM (lõi cũ),Căn hộ/Chung cư,52173913.04347826
https://nhadat.cafeland.vn/ban-nha-rieng-nha-mat-tien-duong-kinh-doanh-sam-uat-bac-nhat-quan-tan-phu-3182251.html,Bán nhà riêng: Nhà mặt tiền đường kinh doanh sầm uất bậc nhất Quận Tân Phú,"Phú Thọ Hòa, Thành phố Hồ Chí Minh",22500000000.0,84.0,3.0,TP.HCM (lõi cũ),Nhà ở/Nhà phố,267857142.85714287
https://nhadat.cafeland.vn/ban-can-ho-dich-vu-6-lau-hem-791-tran-xuan-soan-phuong-tan-hung-q7-dt-7x20m-2220978.html,bán căn hộ dịch vụ 6 lầu hẻm 791 Trần xuân soạn phường tân hưng Q7. Dt 7x20m,"Tân Hưng, Thành phố Hồ Chí Minh",32000000000.0,140.0,29.0,TP.HCM (lõi cũ),Căn hộ/Chung cư,228571428.57142857
https://nhadat.cafeland.vn/ban-nha-rieng-ban-nha-pho-lien-ke-phuoc-loc-can-gio-chi-4-ty-3-so-hong-san-3182344.html,Bán nhà riêng: Bán nhà phố liền kề Phước Lộc - Cần Giờ - Chỉ 4 tỷ 3 sổ hồng sẵn,"Cần Giờ, Thành phố Hồ Chí Minh",4300000000.0,110.0,,TP.HCM (lõi cũ),Nhà ở/Nhà phố,39090909.09090909
https://nhadat.cafeland.vn/ban-nha-mat-tien-cu-xa-phu-lam-a-dai-40m-2-mat-tien-14-ty-155-m2-view-cv-2933278.html,"Bán Nhà Mặt tiền Cư Xá Phú Lâm A, dài 40m, 2 mặt tiền, 14 tỷ, 155 m2, view cv","Phú Lâm, Thành phố Hồ Chí Minh",14000000000.0,155.0,,TP.HCM (lõi cũ),Nhà ở/Nhà phố,90322580.64516129
https://nhadat.cafeland.vn/top-chcc-3-phong-ngu-full-noi-that-galaxy-9-trung-tam-sai-gon-2934645.html,Top CHCC 3 phòng ngủ full nội thất Galaxy 9 trung tâm Sài Gòn,"Vĩnh Hội, Thành phố Hồ Chí Minh",9500000000.0,95.0,3.0,TP.HCM (lõi cũ),Căn hộ/Chung cư,100000000.0
https://nhadat.cafeland.vn/nha-4x18m-tret-2-lau-san-thuong-duong-31-khu-an-phu-hung-quan-7-2244756.html,nhà 4x18m trệt 2 lầu sân thượng đường 31 khu An phú hưng Quận 7,"Tân Hưng, Thành phố Hồ Chí Minh",16000000000.0,72.0,4.0,TP.HCM (lõi cũ),Nhà ở/Nhà phố,222222222.2222222
https://nhadat.cafeland.vn/pi-city-sky-park-khu-do-thi-so-thong-minh-hien-dai-nhat-ban-giao-quy-1-2027-2556609.html,Pi City Sky Park khu đô thị số thông minh - hiện đại nhất bàn giao quý 1-2027,"Dĩ An, Thành phố Hồ Chí Minh",2850000000.0,61.0,,Bình Dương (mới sáp nhập),Khác,46721311.475409836
https://nhadat.cafeland.vn/can-lk-vinhomes-can-gio-re-nhat-gio-cdt-70m2-gia-104-ty-lien-he-em-coc-ngay-2557751.html,"Căn LK Vinhomes Cần Giờ rẻ nhất giỏ CĐT 70m2 - Giá 10.4 tỷ, liên hệ em cọc ngay","Cần Giờ, Thành phố Hồ Chí Minh",10400000000.0,70.0,,TP.HCM (lõi cũ),Khác,148571428.57142857
https://nhadat.cafeland.vn/ban-gap-130m2-gia-re-mat-tien-bung-ong-thoan-p-phu-huu-quan-9-cu-3181000.html,"Bán gấp 130m2 giá rẻ mặt tiền Bưng Ông Thoàn, P. Phú Hữu, Quận 9 cũ","Long Trường, Thành phố Hồ Chí Minh",9000000000.0,130.0,,TP.HCM (lõi cũ),Khác,69230769.23076923
https://nhadat.cafeland.vn/toi-can-ban-lo-dat-tho-cu-duong-cay-keo-thu-duc-co-so-do-rieng-2285884.html,"TÔI CẦN BÁN LÔ ĐẤT THỔ CỨ ĐƯỜNG CÂY KEO THỦ ĐỨC, CÓ SỔ ĐỎ RIÊNG","Tam Bình, Thành phố Hồ Chí Minh",4750000000.0,50.0,,TP.HCM (lõi cũ),Đất nền,95000000.0
https://nhadat.cafeland.vn/ban-biet-thu-nha-pho-60m2-gia-tot-vi-tri-dep-dai-hoc-quoc-te-5300-ty-full-uu-3182333.html,"Bán biệt thự: Nhà phố 60m2 giá tốt vị trí đẹp Đại học Quốc tế, 5,300 tỷ full ưu","Xuân Thới Sơn, Thành phố Hồ Chí Minh",5300000000.0,60.0,,TP.HCM (lõi cũ),Biệt thự,88333333.33333333
https://nhadat.cafeland.vn/ban-nha-rieng-nha-hem-xe-hoi-5m-duong-tan-quy-ptan-son-nhi-tret-lung-3-lau-3185742.html,"Bán nhà riêng: Nhà hẻm xe hơi 5m Đường Tân quý_p.Tân Sơn Nhì, trệt lửng, 3 lầu,","Tân Sơn Nhì, Thành phố Hồ Chí Minh",8200000000.0,48.0,,TP.HCM (lõi cũ),Nhà ở/Nhà phố,170833333.33333334
https://nhadat.cafeland.vn/ban-dat-tho-cu-dat-51x16-duong-nhua-7m-thong-3183314.html,"Bán đất thổ cư: Đất 5,1x16 đường nhựa 7m thông","Đông Thạnh, Thành phố Hồ Chí Minh",3900000000.0,81.0,,TP.HCM (lõi cũ),Đất nền,48148148.14814815
https://nhadat.cafeland.vn/ban-nha-tro-co-thu-nhap-san-6-trieuthang-2504770.html,BÁN NHÀ TRỌ – CÓ THU NHẬP SẴN 6 TRIỆU/THÁNG,"Tân Đông Hiệp, Thành phố Hồ Chí Minh",3500000000.0,120.0,,Bình Dương (mới sáp nhập),Nhà ở/Nhà phố,29166666.666666668
https://nhadat.cafeland.vn/ban-toa-nha-chdv-hem-xe-tai-gan-mt-khu-tt-go-vap-dan-cu-sam-uat-nhieu-tien-ich-2284129.html,"BÁN TOÀ NHÀ CHDV HẺM XE TẢI GẦN MT, KHU TT GÒ VẤP DÂN CƯ SẦM UẤT NHIỀU TIỆN ÍCH","Gò Vấp, Thành phố Hồ Chí Minh",23500000000.0,193.0,24.0,TP.HCM (lõi cũ),Nhà ở/Nhà phố,121761658.03108808
https://nhadat.cafeland.vn/ban-nha-rieng-ban-nha-quan-12-1-tret-1-lau-gia-chi-13-ty-3186716.html,"Bán nhà riêng: Bán nhà Quận 12, 1 trệt 1 lầu, giá chỉ 1.3 tỷ","An Phú Đông, Thành phố Hồ Chí Minh",1300000000.0,36.0,,TP.HCM (lõi cũ),Nhà ở/Nhà phố,36111111.11111111
https://nhadat.cafeland.vn/ban-nha-rieng-nha-moi-xay-1-sec-le-van-khuong-q12-thiet-ke-hien-dai-phong-cach-3182220.html,Bán nhà riêng: Nhà mới xây 1 sẹc Lê Văn Khương Q12. Thiết kế hiện đại phong cách,"Tân Thới Hiệp, Thành phố Hồ Chí Minh",2480000000.0,50.0,2.0,TP.HCM (lõi cũ),Nhà ở/Nhà phố,49600000.0
https://nhadat.cafeland.vn/ban-nha-rieng-can-ban-nha-moi-dep-san-xe-hoi-dien-tich-43m2-2-mat-hem-gia-mem-3187803.html,"Bán nhà riêng: Cần bán nhà mới đẹp, sân xe hơi Diện tích 43m2, 2 mặt hẻm Giá mềm","Cầu Kiệu, Thành phố Hồ Chí Minh",8500000000.0,43.0,,TP.HCM (lõi cũ),Nhà ở/Nhà phố,197674418.60465115
https://nhadat.cafeland.vn/ban-nha-rieng-ban-nha-1-duong-nguyen-van-qua-3x10m-3-tang-so-rieng-3185698.html,"Bán nhà riêng: Bán nhà 1/ đường Nguyễn Văn Quá, 3x10m, 3 tầng, sổ riêng","Đông Hưng Thuận, Thành phố Hồ Chí Minh",2500000000.0,30.0,3.0,TP.HCM (lõi cũ),Nhà ở/Nhà phố,83333333.33333333
https://nhadat.cafeland.vn/chinh-thuc-kickoff-du-an-the-light-city-vung-tau-2812144.html,CHÍNH THỨC KICKOFF DỰ ÁN THE LIGHT CITY VŨNG TÀU,"Phước Thắng, Thành phố Hồ Chí Minh",6400000000.0,110.0,,Bà Rịa - Vũng Tàu (mới sáp nhập),Khác,58181818.18181818
https://nhadat.cafeland.vn/nha-quan-10-gan-mat-tien-hxh-ngang-31m-26m2-3-tang-btct-2pn-2830136.html,"Nhà quận 10, gần mặt tiền, hxh, ngang 3.1m, 26m2, 3 tầng btct, 2pn","Vườn Lài, Thành phố Hồ Chí Minh",2750000000.0,26.0,2.0,TP.HCM (lõi cũ),Nhà ở/Nhà phố,105769230.76923077
https://nhadat.cafeland.vn/ban-nha-rieng-ban-dat-tang-mat-tien-kinh-doanh-chan-dai-thang-tap-no-hau-3185818.html,Bán nhà riêng: Bán đất tặng mặt tiền kinh doanh - chân dài thẳng tắp - nở hậu -,"Bình Hưng, Thành phố Hồ Chí Minh",7500000000.0,110.0,,TP.HCM (lõi cũ),Đất nền,68181818.18181819
https://nhadat.cafeland.vn/ban-nha-rieng-ban-can-goc-2-mat-tien-duong-so-14-pbinh-an-quan-2-gia-tot-3189184.html,"Bán nhà riêng: Bán căn góc 2 mặt tiền đường số 14 P.Bình An, Quận 2, giá tốt","An Khánh, Thành phố Hồ Chí Minh",9500000000.0,76.0,14.0,TP.HCM (lõi cũ),Nhà ở/Nhà phố,125000000.0
https://nhadat.cafeland.vn/ban-nha-kcn-nam-tan-uyen-binh-duong-gan-cho-gia-3-ty-9-3157855.html,Bán Nhà KCN Nam Tân Uyên Bình Dương Gần CHợ GIÁ 3 TỶ 9,"Tân Hiệp, Thành phố Hồ Chí Minh",3990000000.0,67.5,,Bình Dương (mới sáp nhập),Nhà ở/Nhà phố,59111111.11111111
https://nhadat.cafeland.vn/ban-nha-rieng-nha-pho-3tang-le-van-luong-ptan-hung-q7-4pn-3wc-hem-ba-gac-39-3182296.html,"Bán nhà riêng: Nhà phố 3tầng lê văn lương p.tân hưng, q7 4pn 3wc hẻm ba gác 3.9","Tân Hưng, Thành phố Hồ Chí Minh",3900000000.0,30.0,4.0,TP.HCM (lõi cũ),Nhà ở/Nhà phố,130000000.0
https://nhadat.cafeland.vn/green-skyline-chi-59trm2-so-huu-2pn-doi-dien-go-di-an-ql-1k-view-ngam-phao-hoa-2464154.html,Green Skyline Chỉ 59tr/m² sở hữu 2PN đối diện GO! Dĩ An QL 1K View ngắm pháo hoa,"Đông Hòa, Thành phố Hồ Chí Minh",4120000000.0,66.0,2.0,Bình Dương (mới sáp nhập),Khác,62424242.42424242
https://nhadat.cafeland.vn/ban-nha-pho-du-an-ban-nha-dep-so-41-duong-thoi-an-35-q12-1-tret-2-lau-duong-3188489.html,"Bán nhà phố dự án: Bán nhà đẹp số 41 đường Thới An 35, Q12 – 1 trệt 2 lầu, đường","Tân Thới Hiệp, Thành phố Hồ Chí Minh",2480000000.0,32.0,3.0,TP.HCM (lõi cũ),Nhà ở/Nhà phố,77500000.0
https://nhadat.cafeland.vn/can-ho-16-ty-chi-400-trieu-so-huu-ngay-2490769.html,"CĂN HỘ 1,6 TỶ - CHỈ 400 TRIỆU SỞ HỮU NGAY","Dĩ An, Thành phố Hồ Chí Minh",1650000000.0,32.0,,Bình Dương (mới sáp nhập),Căn hộ/Chung cư,51562500.0
https://nhadat.cafeland.vn/ban-can-ho-chung-cu-e-cu-dan-can-ban-can-ho-vo-dinh-q12-87-m-28-bot-loc-3186766.html,Bán căn hộ chung cư: E cư dân cần bán căn hộ Võ Đình q12 87 m 2.8 bớt Lộc,"Thới An, Thành phố Hồ Chí Minh",2800000000.0,87.0,2.0,TP.HCM (lõi cũ),Căn hộ/Chung cư,32183908.04597701
https://nhadat.cafeland.vn/ban-nha-rieng-ban-nha-bui-huu-nghia-43m-4pn-gia-66-ty-3186767.html,"Bán nhà riêng: Bán nhà Bùi Hữu Nghĩa 43m 4PN Giá 6,6 Tỷ","Gia Định, Thành phố Hồ Chí Minh",6500000000.0,43.0,4.0,TP.HCM (lõi cũ),Nhà ở/Nhà phố,151162790.69767442
https://nhadat.cafeland.vn/mtkd-ke-chung-cu-son-ky-aeon-mall-60m2-khong-lo-gioi-tien-xay-lai-chi-8-ty-2812353.html,"MTKD Kế chung cư Sơn Kỳ - AEON MALL, 60m2, không lộ giới, tiện xây lại, chỉ 8 tỷ","Tây Thạnh, Thành phố Hồ Chí Minh",8000000000.0,60.0,,TP.HCM (lõi cũ),Căn hộ/Chung cư,133333333.33333333
https://nhadat.cafeland.vn/ban-dat-tho-cu-giup-chu-ba-con-oi-ngop-qua-roi-ban-lo-lay-tien-ve-que-900tr-1-3187936.html,"Bán đất thổ cư: Giúp chủ bà con ơi, ngộp quá rồi. Bán lỗ lấy tiền về quê 900tr 1","Tân An Hội, Thành phố Hồ Chí Minh",900000000.0,186.0,,TP.HCM (lõi cũ),Đất nền,4838709.677419355
https://nhadat.cafeland.vn/ban-biet-thu-chu-nhiet-ban-biet-thu-140m2-4-tang-ha-huy-giap-thoi-an-quan-1-3183180.html,Bán biệt thự: Chủ nhiệt bán biệt thự 140m2. 4 tầng. Hà Huy Giáp. Thới An. Quận 1,"Thới An, Thành phố Hồ Chí Minh",10800000000.0,140.0,,TP.HCM (lõi cũ),Biệt thự,77142857.14285715
https://nhadat.cafeland.vn/xuong-hem-xe-tai-d-vo-van-van-shr-160m2-gia-79-ty-sx-da-nghanh-nghe-2488463.html,XƯỞNG HẺM XE TẢI Đ. VÕ VĂN VÂN - SHR 160M2 - GIÁ 7.9 TỶ SX ĐA NGHÀNH NGHỀ,"Tân Vĩnh Lộc, Thành phố Hồ Chí Minh",7900000000.0,120.0,,TP.HCM (lõi cũ),Khác,65833333.333333336
https://nhadat.cafeland.vn/ban-gap-nha-hem-114-to-ngoc-van-ngang-45m-tien-xay-chdv-135m2-gan-kenh-tl-93ty-3189826.html,BÁN GẤP nhà hẻm 114 Tô Ngọc Vân ngang 4.5m tiện xây CHDV 135m2 gần kênh TL 9.3tỷ,"An Hội Đông, Thành phố Hồ Chí Minh",9300000000.0,135.0,,TP.HCM (lõi cũ),Nhà ở/Nhà phố,68888888.8888889
https://nhadat.cafeland.vn/ban-nha-rieng-ban-nha-2-tang-kien-co-hem-xe-hoi-thong-gan-benh-vien-da-khoa-t-3185655.html,"Bán nhà riêng: Bán nhà 2 tầng kiên cố, hẻm xe hơi thông, gần Bệnh viện Đa khoa T","Trung Mỹ Tây, Thành phố Hồ Chí Minh",3500000000.0,81.0,2.0,TP.HCM (lõi cũ),Nhà ở/Nhà phố,43209876.54320987
https://nhadat.cafeland.vn/ban-nha-rieng-hem-xe-hoi-doc-lap-tan-phu-80m2-4-tang-full-noi-that-3185747.html,Bán nhà riêng: Hẻm xe hơi Độc Lập Tân Phú | 80m2 4 tầng full nội thất,"Phú Thọ Hòa, Thành phố Hồ Chí Minh",9400000000.0,80.0,5.0,TP.HCM (lõi cũ),Nhà ở/Nhà phố,117500000.0
https://nhadat.cafeland.vn/ban-nha-rieng-nha-quan-7-duong-so-41-tan-quy-65m2-ngang-gan-6m-xe-hoi-do-cua-3183271.html,"Bán nhà riêng: Nhà Quận 7, đường số 41 Tân Quy, 65m2 ngang gần 6m, xe hơi đỗ cửa","Tân Hưng, Thành phố Hồ Chí Minh",7500000000.0,65.0,,TP.HCM (lõi cũ),Nhà ở/Nhà phố,115384615.38461539
https://nhadat.cafeland.vn/can-ho-cao-cap-gia-f0-chua-qua-dau-tu-2558006.html,Căn hộ cao cấp giá f0 chưa qua đầu tư,"An Đông, Thành phố Hồ Chí Minh",4300000000.0,43.0,,TP.HCM (lõi cũ),Căn hộ/Chung cư,100000000.0
https://nhadat.cafeland.vn/green-skyline-so-huu-can-1pn-fullnt-tt-275tr-ky-hdmb-nhan-nha-2026-2935981.html,Green Skyline sở hữu căn 1PN FullNT TT 275tr ký HĐMB nhận nhà 2026,"Dĩ An, Thành phố Hồ Chí Minh",3830000000.0,67.0,1.0,Bình Dương (mới sáp nhập),Nhà ở/Nhà phố,57164179.104477614
https://nhadat.cafeland.vn/nha-mat-tien-kinh-doanh-cho-tan-my-phuong-tan-phu-quan-7-dt-4x20m-2194207.html,nhà mặt tiền kinh doanh chợ tân mỹ phường tân phú quận 7. DT 4x20m,"Tân Mỹ, Thành phố Hồ Chí Minh",38000000000.0,80.0,,TP.HCM (lõi cũ),Nhà ở/Nhà phố,475000000.0
https://nhadat.cafeland.vn/ban-nha-rieng-hot-gia-re-nha-2-tang-ke-kieu-dam-2pn-50m2-53-ty-3187925.html,Bán nhà riêng: Hot giá rẻ - nhà 2 tầng - kế kiều đàm - 2pn - 50m² - 5.3 tỷ,"Tân Hưng, Thành phố Hồ Chí Minh",5300000000.0,50.0,2.0,TP.HCM (lõi cũ),Nhà ở/Nhà phố,106000000.0
https://nhadat.cafeland.vn/ban-nha-rieng-nha-2-tang-nguyen-thi-thap-quan-7-khong-qh-chi-499-ty-3184495.html,"Bán nhà riêng: Nhà 2 tầng Nguyễn Thị Thập, Quận 7, không QH, chỉ 4.99 tỷ","Tân Mỹ, Thành phố Hồ Chí Minh",4990000000.0,54.0,4.0,TP.HCM (lõi cũ),Nhà ở/Nhà phố,92407407.4074074
https://nhadat.cafeland.vn/ban-nha-hem-oto-1-sec-o-kinh-doanh-nha-4-tang-cung-cap-khu-ho-le-thach-lam-2557177.html,"Bán nhà hẻm ôtô 1 sẹc Ở Kinh doanh, nhà 4 tầng cứng cáp, khu họ Lê - Thạch Lam","Phú Thạnh, Thành phố Hồ Chí Minh",9000000000.0,75.0,,TP.HCM (lõi cũ),Nhà ở/Nhà phố,120000000.0
https://nhadat.cafeland.vn/ban-nha-rieng-ha-2-ty-ban-nha-gia-sieu-re-xay-cao-ham-7-tang-bui-dinh-tuy-binh-3187748.html,"Bán nhà riêng: Hạ 2 tỷ bán nhà giá siêu rẻ xây cao hầm 7 tầng Bùi Đình Túy, Bình","Bình Thạnh, Thành phố Hồ Chí Minh",20500000000.0,200.0,,TP.HCM (lõi cũ),Nhà ở/Nhà phố,102500000.0
https://nhadat.cafeland.vn/ban-nha-rieng-ban-nha-hem-86136-tran-xuan-soan-quan-7-tphcm-gia-3-ty-790-tr-3185765.html,Bán nhà riêng: Bán nhà hẻm 861/36 Trần Xuân Soạn Quận 7 TPHCM giá 3 tỷ 790 tr,"Tân Hưng, Thành phố Hồ Chí Minh",3790000000.0,24.0,2.0,TP.HCM (lõi cũ),Nhà ở/Nhà phố,157916666.66666666
https://nhadat.cafeland.vn/ban-nha-duong-so-59-phuong-an-hoi-tay-p14-cu-go-vap-2477029.html,"Bán nhà đường số 59, Phường An Hội Tây (P14 cũ), Gò Vấp","Gò Vấp, Thành phố Hồ Chí Minh",6950000000.0,40.0,4.0,TP.HCM (lõi cũ),Nhà ở/Nhà phố,173750000.0
https://nhadat.cafeland.vn/ban-nha-rieng-hem-nhua-8m-sat-cho-son-ky-vua-o-vua-kinh-doanh-khu-vuc-sam-uat-3182259.html,"Bán nhà riêng: Hẻm nhựa 8m sát chợ Sơn Kỳ, vừa ở vừa kinh doanh, khu vực sầm uất","Tân Sơn Nhì, Thành phố Hồ Chí Minh",10200000000.0,73.0,,TP.HCM (lõi cũ),Nhà ở/Nhà phố,139726027.39726028
https://nhadat.cafeland.vn/ban-nha-rieng-nha-rieng-chinh-chu-gia-chi-765tr-sang-ten-cong-chung-ngay-3187942.html,Bán nhà riêng: Nhà riêng chính chủ giá chỉ 765tr sang tên công chứng ngay,"Xuân Thới Sơn, Thành phố Hồ Chí Minh",765000000.0,40.0,,TP.HCM (lõi cũ),Nhà ở/Nhà phố,19125000.0
https://nhadat.cafeland.vn/ban-dat-tho-cu-ban-dat-p-tan-thanh-tp-ho-chi-minh-gia-1150-ty-3187693.html,"Bán đất thổ cư: Bán đất P. Tân Thành - TP Hồ Chí Minh, giá 1,150 tỷ","Tân Thành, Thành phố Hồ Chí Minh",1150000000.0,139.0,,Bà Rịa - Vũng Tàu (mới sáp nhập),Đất nền,8273381.2949640285
https://nhadat.cafeland.vn/ban-nha-hem-5m-481-truong-chinh-p14-tan-binh-140m2-so-hoan-cong-135-ty-2357736.html,Bán Nhà Hẻm 5m 481 Trường Chinh P14 Tân Bình – 140m² – Sổ Hoàn Công – 13.5 Tỷ,"Tân Bình, Thành phố Hồ Chí Minh",13500000000.0,140.0,,TP.HCM (lõi cũ),Nhà ở/Nhà phố,96428571.42857143
https://nhadat.cafeland.vn/ban-nha-rieng-9-ty-x-nha-dep-o-ngay-khu-kieu-dam-quan-7-xe-hoi-do-cua-ngay-lott-3186818.html,Bán nhà riêng: 9 tỷ x Nhà đẹp ở ngay khu Kiều Đàm Quận 7 xe hơi đổ cửa ngay Lott,"Tân Hưng, Thành phố Hồ Chí Minh",9700000000.0,55.0,,TP.HCM (lõi cũ),Nhà ở/Nhà phố,176363636.36363637
https://nhadat.cafeland.vn/ban-biet-thu-0d-so-huu-nha-pho-vinhomes-sai-gon-park-can-gioi-han-0902546280-3185806.html,"Bán biệt thự: 0đ sở hữu nhà phố Vinhomes Sài Gòn Park, căn giới hạn 0902546280","Xuân Thới Sơn, Thành phố Hồ Chí Minh",3500000000.0,50.0,,TP.HCM (lõi cũ),Biệt thự,70000000.0
https://nhadat.cafeland.vn/ban-nha-rieng-giam-200-trieu-nha-moi-btct-kien-co-tan-hung-quan-7-3184032.html,"Bán nhà riêng: Giảm 200 triệu nhà mới BTCT kiên cố Tân Hưng, Quận 7.","Tân Hưng, Thành phố Hồ Chí Minh",5300000000.0,48.0,2.0,TP.HCM (lõi cũ),Nhà ở/Nhà phố,110416666.66666667
https://nhadat.cafeland.vn/ban-nha-mat-tien-kinh-doanh-duong-thien-phuoc-phuong-9-quan-tan-binh-2481783.html,"Bán nhà mặt tiền kinh doanh đường Thiên Phước, phường 9, quận Tân Bình","Tân Bình, Thành phố Hồ Chí Minh",16600000000.0,261.0,,TP.HCM (lõi cũ),Nhà ở/Nhà phố,63601532.56704981
https://nhadat.cafeland.vn/nha-lau-nam-lo-goc-2-can-lien-ke-no-hau-gan-mat-tien-duong-2936334.html,"Nhà lâu năm, lô góc, 2 căn liền kề, nở hậu, gần mặt tiền đường","Hòa Hưng, Thành phố Hồ Chí Minh",15500000000.0,102.0,3.0,TP.HCM (lõi cũ),Nhà ở/Nhà phố,151960784.3137255
https://nhadat.cafeland.vn/dat-duong-nhua-khu-dan-cu-dong-cac-duon-tl-329-khoang-200m2-2555878.html,"Đất đường nhựa khu dân cư đông, các đườn TL 329 khoảng 200m2","Hòa Hội, Thành phố Hồ Chí Minh",235000000.0,56.0,,Bà Rịa - Vũng Tàu (mới sáp nhập),Đất nền,4196428.571428572
https://nhadat.cafeland.vn/ban-dat-tho-cu-ban-dat-tho-cu-goc-2-mat-tien-duong-dt-7x20m-gia-790tr-trong-k-3184506.html,Bán đất thổ cư: Bán đất thổ cư góc 2 mặt tiền đường (DT 7x20m Giá 790Tr) trong K,"Tân An Hội, Thành phố Hồ Chí Minh",790000000.0,156.0,,TP.HCM (lõi cũ),Đất nền,5064102.564102564
https://nhadat.cafeland.vn/nha-pho-5-tang-thang-may-view-rooftop-may-bay-khu-vip-duong-quang-ham-2477597.html,Nhà phố 5 tầng thang máy - view rooftop “máy bay” - khu VIP Dương Quảng Hàm,"An Nhơn, Thành phố Hồ Chí Minh",12500000000.0,68.0,,TP.HCM (lõi cũ),Nhà ở/Nhà phố,183823529.4117647
https://nhadat.cafeland.vn/ban-nha-rieng-ban-can-2-tang-ngay-le-van-quoi-gia-hoi-khu-vuc-hien-tai-chi-3187864.html,Bán nhà riêng: Bán Căn 2 Tầng Ngay Lê Văn Quới - Giá hời Khu Vực Hiện Tại - Chỉ,"Bình Trị Đông, Thành phố Hồ Chí Minh",4000000000.0,40.0,,TP.HCM (lõi cũ),Nhà ở/Nhà phố,100000000.0
https://nhadat.cafeland.vn/gia-dau-tu-23-ty-so-huu-ngay-can-2pn-tai-the-crest-the-metropole-san-so-hong-3179229.html,Gía đầu tư! 23 tỷ sở hữu ngay căn 2PN tại The Crest - The Metropole sẵn sổ hồng,"An Khánh, Thành phố Hồ Chí Minh",23000000000.0,72.0,2.0,TP.HCM (lõi cũ),Khác,319444444.4444444
https://nhadat.cafeland.vn/ban-nha-lac-long-quantrung-tamquan-11so-hong-rienghem-6m50m2-3138096.html,"BÁN NHÀ LẠC LONG QUÂN,TRUNG TÂM,QUẬN 11,SỔ HỒNG RIÊNG,HẺM 6M,50M2","Hòa Bình, Thành phố Hồ Chí Minh",7200000000.0,50.0,,TP.HCM (lõi cũ),Nhà ở/Nhà phố,144000000.0
https://nhadat.cafeland.vn/ban-nha-130m2-175ty-6-lau-thang-may-dong-tien-tren-80trthang-mat-tien-12m-2264006.html,"Bán Nhà 130m2-17,5tỷ, 6 lầu, thang máy, dòng tiền trên 80tr/tháng, mặt tiền 12m","Trung Mỹ Tây, Thành phố Hồ Chí Minh",17500000000.0,130.0,,TP.HCM (lõi cũ),Nhà ở/Nhà phố,134615384.6153846
https://nhadat.cafeland.vn/ban-nha-huong-lo-2binh-tan-thang-may-so-hong-rieng-80m2-gia-79-ty-3149991.html,"BÁN NHÀ HƯƠNG LỘ 2,BÌNH TÂN - THANG MÁY - SỔ HỒNG RIÊNG - 80M² - GIÁ 7,9 TỶ","Bình Trị Đông, Thành phố Hồ Chí Minh",7900000000.0,80.0,,TP.HCM (lõi cũ),Nhà ở/Nhà phố,98750000.0
https://nhadat.cafeland.vn/can-ban-ma-vn80-07-vinhomes-green-paradise-can-gio-dien-tich-2699m2-phap-ly-ro-rang-chot-nhanh-2489239.html,"Cần bán mã VN80-07 Vinhomes Green Paradise Cần Giờ diện tích 269,9m2 pháp lý rõ ràng chốt nhanh","Cần Giờ, Thành phố Hồ Chí Minh",33308000000.0,269.9,,TP.HCM (lõi cũ),Khác,123408669.8777325
https://nhadat.cafeland.vn/ban-can-ho-chung-cu-ban-can-ho-phuc-yen-3-gia-tot-50m2-2pn-2wc-fu-3188567.html,Bán căn hộ chung cư: Bán căn hộ PHÚC YÊN 3 – GIÁ TỐT 50m² | 2PN – 2WC | Fu,"Tân Sơn, Thành phố Hồ Chí Minh",1310000000.0,50.0,2.0,TP.HCM (lõi cũ),Căn hộ/Chung cư,26200000.0
https://nhadat.cafeland.vn/eaton-park-ban-can-2pn-tang-3x-75-m2-view-phao-hoa-quan-1-khong-chan-2555983.html,Eaton Park - bán căn 2PN - tầng 3x - 75 m2 - view pháo hoa Quận 1 không chắn,"An Khánh, Thành phố Hồ Chí Minh",11300000000.0,75.0,2.0,TP.HCM (lõi cũ),Khác,150666666.66666666
https://nhadat.cafeland.vn/ban-can-1pn-lavida-q7-55m2-day-du-noi-that-dep-cao-cap-gia-41-ty-nha-moi-deplh-2453513.html,"Bán căn 1pn lavida q7 55m2 đầy đủ nội thất đẹp cao cấp giá 4,1 tỷ nhà mới đẹp,lh","Tân Hưng, Thành phố Hồ Chí Minh",4100000000.0,55.0,1.0,TP.HCM (lõi cũ),Nhà ở/Nhà phố,74545454.54545455
https://nhadat.cafeland.vn/ban-nha-rieng-ban-nha-4x15mduc-3-tam-khu-dong-bo-depduong-ta16phuong-thoi-an-3186755.html,"Bán nhà riêng: Bán Nhà 4x15m.Đúc 3 Tấm khu Đồng bộ Đẹp.Đường TA16,phường Thới An","Thới An, Thành phố Hồ Chí Minh",4950000000.0,60.0,3.0,TP.HCM (lõi cũ),Nhà ở/Nhà phố,82500000.0
https://nhadat.cafeland.vn/nha-5x19m-ham-3-tang-duong-tan-thuan-nam-2-quan-7-2278717.html,nhà 5x19m Hầm 3 tầng đường Tân Thuận nam 2 Quận 7,"Phú Thuận, Thành phố Hồ Chí Minh",16500000000.0,96.0,,TP.HCM (lõi cũ),Nhà ở/Nhà phố,171875000.0
https://nhadat.cafeland.vn/can-ban-ma-vn84-14-vinhomes-green-paradise-can-gio-dien-tich-2866m2-phap-ly-ro-rang-chot-nhanh-2489229.html,"Cần bán mã VN84-14 Vinhomes Green Paradise Cần Giờ diện tích 286,6m2 pháp lý rõ ràng chốt nhanh","Cần Giờ, Thành phố Hồ Chí Minh",31155000000.0,286.6,,TP.HCM (lõi cũ),Khác,108705512.90997906
https://nhadat.cafeland.vn/ban-nha-mat-tien-quoc-lo-51-phu-my-hcm-2490843.html,bán nhà mặt tiền quốc lộ 51 phú mỹ-HCM,"Phú Mỹ, Thành phố Hồ Chí Minh",17000000000.0,297.0,,TP.HCM (lõi cũ),Nhà ở/Nhà phố,57239057.239057235
https://nhadat.cafeland.vn/nha-moi-100-hem-6m-chien-luoc-80m2-4x20-3pn-chi-67-ty-ko-lo-gioi-2324672.html,"Nhà mới 100%, hẻm 6m Chiến Lược, 80m2, 4x20, 3PN, Chỉ 6.7 tỷ, ko lộ giới","Bình Trị Đông, Thành phố Hồ Chí Minh",6700000000.0,80.0,3.0,TP.HCM (lõi cũ),Nhà ở/Nhà phố,83750000.0
https://nhadat.cafeland.vn/ban-dat-tho-cu-khu-dan-cu-cu-chi-phuong-tan-an-hoi-tphcm-1-ty-dien-tich-3184505.html,"Bán đất thổ cư: Khu dân cư Củ Chi, Phường Tân An Hội TPHCM - 1 tỷ ** Diện tích:","Tân An Hội, Thành phố Hồ Chí Minh",1500000000.0,100.0,,TP.HCM (lõi cũ),Đất nền,15000000.0
https://nhadat.cafeland.vn/ban-nha-hem-xe-hoi-tran-binh-trong-phuong-5-binh-thanh-2557349.html,"Bán nhà hẻm xe hơi Trần Bình Trọng, Phường 5, Bình Thạnh","Bình Thạnh, Thành phố Hồ Chí Minh",13800000000.0,58.7,,TP.HCM (lõi cũ),Nhà ở/Nhà phố,235093696.76320273
https://nhadat.cafeland.vn/ban-nha-rieng-chi-335-ty-nha-3-tang-hem-4m-thong-gan-cho-tran-van-quang-p-b-3184459.html,"Bán nhà riêng: Chỉ 3,35 tỷ nhà 3 tầng hẻm 4m thông - gần chợ Trần Văn Quang P. B","Bảy Hiền, Thành phố Hồ Chí Minh",3350000000.0,23.0,3.0,TP.HCM (lõi cũ),Nhà ở/Nhà phố,145652173.91304347
https://nhadat.cafeland.vn/ban-nha-mat-tien-nguyen-trieu-luat-phuong-tan-tao-so-hong-rieng-100m2-67-2933217.html,"Bán nhà mặt tiền Nguyễn Triệu Luật, phường Tân Tạo - sổ hồng riêng - 100m2 - 6,7","Bình Tân, Thành phố Hồ Chí Minh",6700000000.0,100.0,,TP.HCM (lõi cũ),Nhà ở/Nhà phố,67000000.0
https://nhadat.cafeland.vn/nha-5x30m-ham-7-tang-le-thi-cho-phuong-phu-thuan-q7-29p-tn-70trth-2283411.html,nhà 5x30m hầm 7 Tầng lê Thị chợ Phường phú thuận Q7. 29P TN 70tr/th,"Phú Thuận, Thành phố Hồ Chí Minh",26500000000.0,152.0,29.0,TP.HCM (lõi cũ),Nhà ở/Nhà phố,174342105.2631579
https://nhadat.cafeland.vn/nha-pho-xinh-re-1-tret-4-lau-thich-quang-duc-phu-nhuan-tphcm-2285556.html,Nhà phố xinh rẻ 1 trệt 4 lầu Thích Quảng Đức Phú Nhuận TP.HCM,"Đức Nhuận, Thành phố Hồ Chí Minh",7250000000.0,30.0,,TP.HCM (lõi cũ),Nhà ở/Nhà phố,241666666.66666666
https://nhadat.cafeland.vn/ban-can-ho-cao-cap-picity-sky-park-pham-van-dong-2490730.html,Bán căn hộ cao cấp picity Sky park - phạm văn đồng,"Dĩ An, Thành phố Hồ Chí Minh",3300000000.0,55.0,,Bình Dương (mới sáp nhập),Căn hộ/Chung cư,60000000.0
https://nhadat.cafeland.vn/ban-gapday-tro-1-ty-300tr-12-phong-tan-tao-binh-tan-gan-kcn-tan-tao-tphcm-2488391.html,BÁN GÂP#DÃY TRỌ 1 TỶ 300TR-12 PHÒNG-TÂN TẠO-BÌNH TÂN (GẦN KCN TÂN TẠO) TPHCM,Thành phố Hồ Chí Minh,1300000000.0,300.0,12.0,TP.HCM (lõi cũ),Khác,4333333.333333333
https://nhadat.cafeland.vn/chi-15-ty-so-huu-khong-gian-song-ma-nhieu-nguoi-phai-tra-tien-trieu-moi-dem-2481741.html,CHỈ 1.5 TỶ – SỞ HỮU KHÔNG GIAN SỐNG MÀ NHIỀU NGƯỜI PHẢI TRẢ TIỀN TRIỆU MỖI ĐÊM,"Đất Đỏ, Thành phố Hồ Chí Minh",1582000000.0,140.0,,Bà Rịa - Vũng Tàu (mới sáp nhập),Khác,11300000.0
https://nhadat.cafeland.vn/nha-4-tang-6pn-khep-kin-phu-hop-cho-gd-3-the-he-no-hau-tai-loc-3152226.html,"Nhà 4 tầng, 6pn khép kín phù hợp cho gđ 3 thế hệ. Nở hậu tài lộc","Diên Hồng, Thành phố Hồ Chí Minh",7800000000.0,52.0,6.0,TP.HCM (lõi cũ),Nhà ở/Nhà phố,150000000.0
https://nhadat.cafeland.vn/ban-jamona-home-resort-nha-hoan-thien-moi-noi-that-moi-toantranvillas-2026991.html,"Bán Jamona Home Resort Nhà Hoàn Thiện Mới, Nội Thất Mới - ToanTranVillas","Hiệp Bình, Thành phố Hồ Chí Minh",14000000000.0,146.0,,TP.HCM (lõi cũ),Biệt thự,95890410.9589041
https://nhadat.cafeland.vn/can-ban-gap-can-ho-duong-ly-thuong-kiet-quan-10-gan-dai-hoc-bach-khoa-2485192.html,Cần bán gấp căn hộ đường Lý Thường Kiệt Quận 10 gần Đại học Bách Khoa,"Diên Hồng, Thành phố Hồ Chí Minh",6750000000.0,75.0,2.0,TP.HCM (lõi cũ),Căn hộ/Chung cư,90000000.0
https://nhadat.cafeland.vn/ban-can-ho-chung-cu-chi-3-ty-can-mat-tien-nguyen-huu-tho-cach-phu-my-hung-50m-3187900.html,"Bán căn hộ chung cư: Chỉ 3 tỷ căn, mặt tiền Nguyễn Hữu Thọ, cách Phú Mỹ Hưng 50m","Tân Hưng, Thành phố Hồ Chí Minh",3000000000.0,54.0,,TP.HCM (lõi cũ),Căn hộ/Chung cư,55555555.55555555
https://nhadat.cafeland.vn/ban-nha-rieng-ban-nha-phung-van-cung-khuon-65m-x-8m-vuong-dep-cach-phan-da-3187808.html,"Bán nhà riêng: Bán nhà Phùng Văn Cung - khuôn 6,5m x 8m vuông đẹp - cách Phan Đă","Đức Nhuận, Thành phố Hồ Chí Minh",15200000000.0,52.0,,TP.HCM (lõi cũ),Nhà ở/Nhà phố,292307692.3076923
https://nhadat.cafeland.vn/ban-can-ho-cao-cap-1pn-ngay-duong-song-hanh-an-phu-quan-2-2488868.html,Bán căn hộ cao cấp 1PN ngay đường Song Hành An Phú Quận 2,"Bình Trưng, Thành phố Hồ Chí Minh",6700000000.0,49.0,1.0,TP.HCM (lõi cũ),Căn hộ/Chung cư,136734693.87755102
https://nhadat.cafeland.vn/chuyen-nhuong-nha-mat-tien-duong-kdc-tan-tao-nguyen-hoang-phuong-an-phu-q2-2480825.html,"Chuyển nhượng nhà mặt tiền đường KDC Tân Tạo - Nguyễn Hoàng, phường An Phú, q2","An Khánh, Thành phố Hồ Chí Minh",40000000000.0,140.0,,TP.HCM (lõi cũ),Nhà ở/Nhà phố,285714285.71428573
https://nhadat.cafeland.vn/hxh-7m-nguyen-nhu-lam-pho-am-thuc-nguyen-son-68m2-ngang-43m-chi-785-ty-tl-2828288.html,"HXH 7m Nguyễn Nhữ Lãm – phố ẩm thực Nguyễn Sơn, 68m², ngang 4.3m, chỉ 7.85 tỷ TL","Phú Thọ Hòa, Thành phố Hồ Chí Minh",7850000000.0,68.0,,TP.HCM (lõi cũ),Khác,115441176.47058824
https://nhadat.cafeland.vn/ban-nha-rieng-nha-moi-dep-5-tang-50m2-no-hau-5pn-hem-xe-hoi-p-binh-loi-tru-3185710.html,Bán nhà riêng: Nhà mới đẹp 5 tầng 50m2 nở hậu 5PN - hẻm xe hơi - P. Bình Lợi Tru,"Bình Lợi Trung, Thành phố Hồ Chí Minh",8700000000.0,53.0,5.0,TP.HCM (lõi cũ),Nhà ở/Nhà phố,164150943.3962264
https://nhadat.cafeland.vn/ban-nha-rieng-nha-mat-tien-thoi-an-quan-12-dien-tich-84m2-3-tang-kinh-doanh-3187716.html,"Bán nhà riêng: Nhà mặt tiền Thới An, Quận 12, diện tích 84m2, 3 tầng, kinh doanh","Thới An, Thành phố Hồ Chí Minh",6900000000.0,84.0,,TP.HCM (lõi cũ),Nhà ở/Nhà phố,82142857.14285715
https://nhadat.cafeland.vn/ban-nha-rieng-ban-nha-hem-so-1-nguyen-the-truyen-tan-quy-hem-nhua-7m-2-lau-s-3187778.html,"Bán nhà riêng: Bán nhà hẻm số 1 Nguyễn Thế Truyện, Tân Quý, hẻm nhựa 7m, 2 lầu s","Tân Sơn Nhì, Thành phố Hồ Chí Minh",8200000000.0,50.0,,TP.HCM (lõi cũ),Nhà ở/Nhà phố,164000000.0
https://nhadat.cafeland.vn/mat-tien-do-nhuan-70m2-4x175-4-tang-4pn-tien-o-kd-chi-985-ty-tl-2492210.html,"Mặt tiền Đỗ Nhuận, 70m2, 4x17.5, 4 tầng, 4PN, Tiện Ở + KD, Chỉ 9.85 tỷ TL","Tây Thạnh, Thành phố Hồ Chí Minh",9850000000.0,70.0,4.0,TP.HCM (lõi cũ),Khác,140714285.7142857
https://nhadat.cafeland.vn/biet-thu-cao-cap-khu-vip-tay-thanh-ngay-nha-ga-t3-metro-so-2-vi-tri-dac-dia-2933263.html,"BIỆT THỰ CAO CẤP KHU VIP TÂY THẠNH NGAY NHÀ GA T3 - METRO SỐ 2, VỊ TRÍ ĐẮC ĐỊA","Tây Thạnh, Thành phố Hồ Chí Minh",22000000000.0,119.0,6.0,TP.HCM (lõi cũ),Biệt thự,184873949.57983193
https://nhadat.cafeland.vn/ban-nha-rieng-chot-ngay-sieu-pham-nha-4-tang-khu-biet-thu-tan-son-nhi-6m-x-20m-3185719.html,"Bán nhà riêng: Chốt ngay siêu phẩm nhà 4 tầng khu biệt thự Tân Sơn Nhì, 6m x 20m","Phú Thọ Hòa, Thành phố Hồ Chí Minh",14000000000.0,120.0,,TP.HCM (lõi cũ),Biệt thự,116666666.66666667
https://nhadat.cafeland.vn/hxh-6m-duong-tay-thanh-68m2-ngang-5m-4-tang-4pn-khu-dan-tri-cao-108-ty-tl-2832021.html,"HXH 6m đường Tây Thạnh, 68m2, ngang 5m, 4 tầng, 4PN, khu dân trí cao, 10.8 tỷ TL","Tây Thạnh, Thành phố Hồ Chí Minh",10800000000.0,68.0,4.0,TP.HCM (lõi cũ),Khác,158823529.4117647
https://nhadat.cafeland.vn/ban-2-lo-tai-kdc-so-van-hoa-tt-q9-90m2-mat-tien-lien-phuong-va-dg-12m-100m2-2233313.html,"Bán 2 lô tại KDC Sở Văn Hoá TT Q9, 90m2 mặt tiền Liên Phường và đg 12m 100m2","Phước Long, Thành phố Hồ Chí Minh",3900000000.0,100.0,,TP.HCM (lõi cũ),Khác,39000000.0
https://nhadat.cafeland.vn/biet-thu-ven-song-lo-goc-ngang-12m-6pn-san-vuon-phap-ly-chuan-2953717.html,"Biệt thự ven sông, lô góc, ngang 12m, 6pn, sân vườn. Pháp lý chuẩn","Bình Lợi Trung, Thành phố Hồ Chí Minh",33000000000.0,183.0,6.0,TP.HCM (lõi cũ),Biệt thự,180327868.852459
https://nhadat.cafeland.vn/ban-dat-tho-cu-dat-gia-re-tai-binh-an-thanh-pho-ho-chi-minh-3185830.html,"Bán đất thổ cư: Đất giá rẻ tại Bình An, thành phố Hồ Chí Minh","An Khánh, Thành phố Hồ Chí Minh",600000000.0,95.0,,TP.HCM (lõi cũ),Đất nền,6315789.47368421
https://nhadat.cafeland.vn/nha-ban-vo-duy-ninh-3-tang-so-hong-rieng-gan-q1-so-hong-rieng-3178442.html,"nhà bán võ duy ninh 3 tầng sổ hồng riêng, gần q1, sổ hồng riêng","Thạnh Mỹ Tây, Thành phố Hồ Chí Minh",6500000000.0,45.0,4.0,TP.HCM (lõi cũ),Nhà ở/Nhà phố,144444444.44444445
https://nhadat.cafeland.vn/nha-tret-lung-3-lau-st-duong-37-phuong-tan-quy-quan-7-2072362.html,nhà trệt lửng 3 lầu st đường 37 phường tân quy Quận 7+,"Tân Hưng, Thành phố Hồ Chí Minh",20500000000.0,80.0,6.0,TP.HCM (lõi cũ),Nhà ở/Nhà phố,256250000.0
https://nhadat.cafeland.vn/ban-lo-dat-gan-cho-lang-dai-sat-ql55-2273668.html,Bán lô đất gần chợ Láng Dài sát QL55,"Đất Đỏ, Thành phố Hồ Chí Minh",1200000000.0,140.0,15.0,Bà Rịa - Vũng Tàu (mới sáp nhập),Đất nền,8571428.57142857
https://nhadat.cafeland.vn/ban-nha-rieng-mat-tien-kinh-doanh-tan-son-nhi-p-tan-son-nhi-quan-tan-phu-3-3184002.html,Bán nhà riêng: Mặt tiền kinh doanh!!! Tân Sơn Nhì P. Tân Sơn Nhì Quận Tân Phú; 3,"Tân Sơn Nhì, Thành phố Hồ Chí Minh",9500000000.0,30.0,,TP.HCM (lõi cũ),Nhà ở/Nhà phố,316666666.6666667
https://nhadat.cafeland.vn/ban-nha-mat-tien-kinh-duong-vuongphuong-an-lac-55m-x-53m-x-3-tang-32-ty-tl-2289986.html,"BÁN NHÀ MẶT TIỀN KINH DƯƠNG VƯƠNG,PHƯỜNG AN LẠC (5,5m x 53m x 3 TẦNG) 32 TỶ TL","An Lạc, Thành phố Hồ Chí Minh",32000000000.0,276.0,4.0,TP.HCM (lõi cũ),Nhà ở/Nhà phố,115942028.98550725
https://nhadat.cafeland.vn/ban-nha-rieng-ban-gap-nha-moi-100-ngay-nguyen-van-sang-tan-son-nhi-dt-4-3187789.html,Bán nhà riêng: Bán gấp nhà mới 100% - Ngay Nguyễn Văn Săng - Tân Sơn Nhì - DT 4.,"Tân Sơn Nhì, Thành phố Hồ Chí Minh",6000000000.0,36.0,,TP.HCM (lõi cũ),Nhà ở/Nhà phố,166666666.66666666
https://nhadat.cafeland.vn/ban-nha-rieng-ban-nha-2-mat-tien-ngay-mahatan-quan-1-42m-x-19m-6-tang-gia-3184897.html,"Bán nhà riêng: Bán nhà 2 mặt tiền ngay Mahatan, Quận 1, 4.2m x 19m, 6 tầng, gíá","Bến Thành, Thành phố Hồ Chí Minh",39000000000.0,79.8,,TP.HCM (lõi cũ),Nhà ở/Nhà phố,488721804.5112782
https://nhadat.cafeland.vn/ban-nha-rieng-nha-dep-1-tret-2-lau-duong-ta10-quan-12-o-to-ngu-trong-nha-3187720.html,"Bán nhà riêng: Nhà đẹp 1 trệt, 2 lầu đường TA10, quận 12, ô tô ngủ trong nhà","Thới An, Thành phố Hồ Chí Minh",7400000000.0,80.4,,TP.HCM (lõi cũ),Nhà ở/Nhà phố,92039800.99502487
https://nhadat.cafeland.vn/ban-nha-rieng-mat-tien-le-cong-phep-p-an-lac-hcm-3188326.html,"Bán nhà riêng: Mặt tiền Lê Công Phép, P. An Lạc, HCM","An Lạc, Thành phố Hồ Chí Minh",9800000000.0,85.0,,TP.HCM (lõi cũ),Nhà ở/Nhà phố,115294117.64705883
https://nhadat.cafeland.vn/the-river-2pn-84m2-21-ty-all-in-3189872.html,THE RIVER | 2PN | 84M² | 21 TỶ ALL-IN,"An Khánh, Thành phố Hồ Chí Minh",21000000000.0,84.0,2.0,TP.HCM (lõi cũ),Khác,250000000.0
https://nhadat.cafeland.vn/gio-hang-truc-tiep-cdt-nha-san-so-san-tt-10-nhan-nha-mien-lai-12-thang-2482083.html,"Giỏ hàng trực tiếp CĐT nhà sẵn , sổ sẵn, TT 10 % nhận nhà, miễn lãi 12 tháng.","Lái Thiêu, Thành phố Hồ Chí Minh",260000000.0,52.0,,Bình Dương (mới sáp nhập),Nhà ở/Nhà phố,5000000.0
https://nhadat.cafeland.vn/ban-nha-rieng-ban-nha-hem-xe-hoi-duong-so-16-binh-hung-hoa-3187842.html,Bán nhà riêng: Bán nhà hẻm xe hơi đường số 16 Bình Hưng Hòa,"Bình Hưng Hòa, Thành phố Hồ Chí Minh",6200000000.0,50.0,,TP.HCM (lõi cũ),Nhà ở/Nhà phố,124000000.0
https://nhadat.cafeland.vn/ban-nha-rieng-nha-3-tang-ngang-85m-4pn-tuong-lai-ra-mat-tien-nhinh-7-ty-3183254.html,"Bán nhà riêng: Nhà 3 tầng ngang 8.5m, 4PN, tương lai ra mặt tiền, nhỉnh 7 tỷ","Tân Hưng, Thành phố Hồ Chí Minh",7550000000.0,94.0,4.0,TP.HCM (lõi cũ),Nhà ở/Nhà phố,80319148.9361702
https://nhadat.cafeland.vn/biet-thu-san-vuon-go-vap-duong-10m-co-via-he-gia-tot-2488879.html,"Biệt Thự Sân Vườn Gò Vấp – Đường 10m Có Vỉa Hè, Giá Tốt","An Hội Đông, Thành phố Hồ Chí Minh",22500000000.0,207.0,,TP.HCM (lõi cũ),Biệt thự,108695652.17391305
https://nhadat.cafeland.vn/ban-nha-rieng-ban-nha-mat-tien-duong-man-thien-ptang-nhon-phu-a-quan-9-3189173.html,Bán nhà riêng: Bán Nhà Mặt Tiền Đường Man Thiện P.Tăng Nhơn Phú A Quận 9,"Tăng Nhơn Phú, Thành phố Hồ Chí Minh",20000000000.0,122.7,,TP.HCM (lõi cũ),Nhà ở/Nhà phố,162999185.004075
https://nhadat.cafeland.vn/nha-tho-ngay-cong-vien-so-hong-cho-de-xe-oto-chi-14-ty-1983444.html,"Nhà thô ngay công viên, sổ hồng, chỗ để xe ôtô chỉ 14 tỷ","Hiệp Bình, Thành phố Hồ Chí Minh",14500000000.0,172.0,,TP.HCM (lõi cũ),Nhà ở/Nhà phố,84302325.58139534
https://nhadat.cafeland.vn/mat-tien-kinh-doanh-nguyen-anh-thu-150m2-45x34-4-tang-8pn-giam-manh-gia-13-2820042.html,"MẶT TIỀN KINH DOANH NGUYỄN ẢNH THỦ 150M2, 4.5X34, 4 TẦNG, 8PN. GIẢM MẠNH, GIÁ 13","Trung Mỹ Tây, Thành phố Hồ Chí Minh",13600000000.0,150.0,8.0,TP.HCM (lõi cũ),Khác,90666666.66666667
https://nhadat.cafeland.vn/can-ban-can-ho-green-town-68m2-2pn-2wc-full-noi-that-3167588.html,Cần bán căn hộ Green Town 68m2 2pn 2wc full nội thất,"Bình Tân, Thành phố Hồ Chí Minh",2750000000.0,68.0,2.0,TP.HCM (lõi cũ),Căn hộ/Chung cư,40441176.47058824
https://nhadat.cafeland.vn/ban-dat-tho-cu-ban-232m2-dat-co-san-6-phong-tro-d-nguyen-thi-ranh-gan-kcn-tay-3187932.html,Bán đất thổ cư: Bán 232m2 đất có sẵn 6 phòng trọ. Đ. Nguyễn Thị Rành gần KCN Tây,"Tân An Hội, Thành phố Hồ Chí Minh",1500000000.0,232.0,6.0,TP.HCM (lõi cũ),Đất nền,6465517.24137931
https://nhadat.cafeland.vn/ban-dat-tho-cu-ban-lo-dat-hem-188-lo-lu-truong-thanh-ngay-can-ho-gamuda-land-3188381.html,Bán đất thổ cư: Bán Lô Đất Hẻm 188 Lò Lu Trường Thạnh Ngay Căn Hộ GAMUDA LAND,"Long Phước, Thành phố Hồ Chí Minh",4700000000.0,56.0,,TP.HCM (lõi cũ),Căn hộ/Chung cư,83928571.42857143
https://nhadat.cafeland.vn/gio-hang-habitat-gia-tot-thang-22026-chi-10-ky-hdmb-thanh-toan-30-nhan-nha-2292107.html,"Giỏ hàng Habitat giá tốt tháng 2/2026, chỉ 10% ký HĐMB, thanh toán 30% nhận nhà,","Bình Hòa, Thành phố Hồ Chí Minh",2700000000.0,79.0,,Bình Dương (mới sáp nhập),Nhà ở/Nhà phố,34177215.18987342
https://nhadat.cafeland.vn/ban-dat-tho-cu-dat-mat-tien-ngay-cho-duong-p-an-phu-dong-3183986.html,Bán đất thổ cư: đất mặt tiền ngay chợ Đường-p. An Phú Đông,"An Phú Đông, Thành phố Hồ Chí Minh",3790000000.0,84.0,,TP.HCM (lõi cũ),Đất nền,45119047.61904762
https://nhadat.cafeland.vn/ban-gap-mtkd-da-nghe-ngang-5m-5-lau-102m2-le-quang-dinh-gan-bv-gia-dinh-245-ty-2481721.html,Bán GẤP MTKD đa nghề ngang 5m 5 lầu 102m2 Lê Quang Định gần BV Gia Định 24.5 tỷ,"Bình Thạnh, Thành phố Hồ Chí Minh",24500000000.0,102.0,,TP.HCM (lõi cũ),Khác,240196078.43137255
https://nhadat.cafeland.vn/nha-go-vap-61-m2-34-ty-tl-le-duc-tho-p17-o-to-do-cua-so-rieng-2555531.html,"Nhà Gò Vấp - 61 m2 - 3,4 tỷ TL - Lê Đức Thọ P17 - Ô tô đổ cửa - Sổ riêng","Gò Vấp, Thành phố Hồ Chí Minh",3400000000.0,61.0,,TP.HCM (lõi cũ),Nhà ở/Nhà phố,55737704.91803279
https://nhadat.cafeland.vn/ban-can-ho-chung-cu-ban-chung-cu-khanh-hoi-1-360c-ben-van-don-p-vinh-hoi-qua-3188315.html,"Bán căn hộ chung cư: BÁN CHUNG CƯ KHÁNH HỘI 1 360C Bến Vân Đồn, P Vĩnh Hội, Quậ","Vĩnh Hội, Thành phố Hồ Chí Minh",1825000000.0,72.0,2.0,TP.HCM (lõi cũ),Căn hộ/Chung cư,25347222.222222224
https://nhadat.cafeland.vn/mtkd-do-doc-loc-93m2-3pn-khu-dan-tri-cao-noi-an-cu-ly-tuong-75-ty-tl-2827140.html,"MTKD Đô Đốc Lộc, 93m², 3PN, khu dân trí cao, nơi an cư lý tưởng, 7.5 tỷ TL","Phú Thọ Hòa, Thành phố Hồ Chí Minh",7500000000.0,93.0,3.0,TP.HCM (lõi cũ),Khác,80645161.29032259
https://nhadat.cafeland.vn/don-dau-can-gio-voi-ma-vn89-03-vinhomes-green-paradise-dien-tich-270m2-vi-tri-noi-bat-hom-nay-2489227.html,Đón đầu Cần Giờ với mã VN89-03 Vinhomes Green Paradise diện tích 270m2 vị trí nổi bật hôm nay,"Cần Giờ, Thành phố Hồ Chí Minh",30822000000.0,270.0,,TP.HCM (lõi cũ),Khác,114155555.55555555
https://nhadat.cafeland.vn/mat-tien-thut-tsa-sat-q1-no-hau-51m-110m2-nha-thong-thoang-lay-gio-tu-nhien-2830210.html,"Mặt tiền thụt T.Sa sát q1, nở hậu 5.1m, 110m2. Nhà thông thoáng lấy gió tự nhiên","Nhiêu Lộc, Thành phố Hồ Chí Minh",28000000000.0,110.0,5.0,TP.HCM (lõi cũ),Nhà ở/Nhà phố,254545454.54545453
https://nhadat.cafeland.vn/mat-tien-thong-nhat-doi-dien-bv-hong-duc-44x33-ban-chia-tai-san-gia-100-trm2-2557877.html,MẶT TIỀN THỐNG NHẤT ĐỐI DIỆN BV HỒNG ĐỨC 4.4X33 BÁN CHIA TÀI SẢN. GIÁ 100 TR/M2,"Thông Tây Hội, Thành phố Hồ Chí Minh",15500000000.0,143.5,,TP.HCM (lõi cũ),Khác,108013937.28222996
https://nhadat.cafeland.vn/ban-dat-4x20m-khu-nam-long-phu-thuan-phuong-phu-thuan-q7-2112476.html,bán Đất 4x20m khu nam long phú thuận phường phú thuận Q7+,"Phú Thuận, Thành phố Hồ Chí Minh",11000000000.0,80.0,,TP.HCM (lõi cũ),Đất nền,137500000.0
https://nhadat.cafeland.vn/nha-can-hoa-hau-duy-nhat-lusso-2pn-60m2-ngay-tram-metro-chi-2ty9-2484232.html,Nhả căn Hoa hậu Duy nhất - Lusso 2Pn 60m2 - ngay trạm metro chỉ 2ty9,"Thuận An, Thành phố Hồ Chí Minh",2900000000.0,62.0,2.0,Bình Dương (mới sáp nhập),Khác,46774193.548387095
https://nhadat.cafeland.vn/khu-dong-bo-duong-rong-15m-ho-dac-di-80m2-3-tang-view-cong-vien-125-ty-tl-2325886.html,"Khu đồng bộ đường rộng 15m Hồ Đắc Di, 80m2, 3 tầng, view Công viên, 12.5 tỷ TL","Tây Thạnh, Thành phố Hồ Chí Minh",12500000000.0,80.0,,TP.HCM (lõi cũ),Khác,156250000.0
https://nhadat.cafeland.vn/ban-nha-thien-phuoc-ptan-hoa-tphcm-dtsd-145m2-gia-115-tyd-3180890.html,Bán Nhà Thiên Phước P.Tân Hoà TP.HCM DTSD 145m2 giá 11.5 tỷđ,"Tân Hòa, Thành phố Hồ Chí Minh",11500000000.0,45.0,4.0,TP.HCM (lõi cũ),Nhà ở/Nhà phố,255555555.55555555
https://nhadat.cafeland.vn/ban-nha-rieng-nha-moi-3-lau-can-goc-dien-tich-45m2-gia-52-ty-hem-3m-huynh-3184034.html,"Bán nhà riêng: Nhà mới 3 lầu, căn góc, Diện tích 45m2, giá 5,2 tỷ, Hẻm 3m Huỳnh","Phú Thuận, Thành phố Hồ Chí Minh",5200000000.0,45.0,,TP.HCM (lõi cũ),Nhà ở/Nhà phố,115555555.55555555
https://nhadat.cafeland.vn/chdv-135-mat-tien-tran-ba-giao-san-dong-tien-30trthang-gia-11-ty-3189721.html,CHDV 135 MẶT TIỀN TRẦN BÁ GIAO – SẴN DÒNG TIỀN 30TR/THÁNG. GIÁ 11 TỶ,"An Nhơn, Thành phố Hồ Chí Minh",11000000000.0,77.0,10.0,TP.HCM (lõi cũ),Khác,142857142.85714287
https://nhadat.cafeland.vn/ban-nha-rieng-hem-o-to-80m2-gara-o-to-chuyen-dung-9-huynh-tan-phat-qu-3182307.html,Bán nhà riêng: Hẻm ô tô - 80m2 - Gara ô tô - Chuyên Dùng 9 - Huỳnh Tấn Phát - Qu,"Phú Thuận, Thành phố Hồ Chí Minh",7350000000.0,80.0,,TP.HCM (lõi cũ),Nhà ở/Nhà phố,91875000.0
https://nhadat.cafeland.vn/ban-nha-duong-hiep-binh-thu-duc-dt-95x16-gia-tot-126-ty-3167019.html,"Bán nhà đường Hiệp Bình Thủ Đức, DT 9.5x16, giá tốt, 12.6 tỷ","Hiệp Bình, Thành phố Hồ Chí Minh",12600000000.0,152.0,4.0,TP.HCM (lõi cũ),Nhà ở/Nhà phố,82894736.84210527
https://nhadat.cafeland.vn/mtkd-hong-lac-gan-cho-tan-binh-60m2-4x15-4-tang-5pnkinh-doanh-dinh-113-ty-2933508.html,"MTKD Hồng Lạc gần chợ Tân Bình, 60m2, 4x15, 4 tầng, 5PN,kinh doanh đỉnh, 11.3 tỷ","Bảy Hiền, Thành phố Hồ Chí Minh",11300000000.0,60.0,5.0,TP.HCM (lõi cũ),Khác,188333333.33333334
https://nhadat.cafeland.vn/ban-nha-rieng-giam-1-ty-mat-tien-nguyen-thi-dang-120m2-ngang-5m-4-tang-3182227.html,Bán nhà riêng: Giảm 1 tỷ - mặt tiền Nguyễn Thị Đặng - 120m² ngang 5m - 4 tầng -,"Tân Thới Hiệp, Thành phố Hồ Chí Minh",11000000000.0,120.0,8.0,TP.HCM (lõi cũ),Nhà ở/Nhà phố,91666666.66666667
https://nhadat.cafeland.vn/ban-nha-rieng-an-phu-dong-50-m2-chi-2x-ty-3184904.html,"Bán nhà riêng: An phú đông 50 m2 , chỉ 2,X tỷ","An Phú Đông, Thành phố Hồ Chí Minh",2600000000.0,50.0,,TP.HCM (lõi cũ),Nhà ở/Nhà phố,52000000.0
https://nhadat.cafeland.vn/ban-nha-rieng-chinh-chu-gui-ban-nha-pho-lien-ke-hem-oto-khu-phan-lo-duong-so-7-3189171.html,Bán nhà riêng: Chính Chủ Gửi Bán Nhà Phố Liền Kề Hẻm Oto Khu Phân Lô Đường Số 7,"Bình Trưng, Thành phố Hồ Chí Minh",9800000000.0,61.0,7.0,TP.HCM (lõi cũ),Nhà ở/Nhà phố,160655737.70491803
https://nhadat.cafeland.vn/ban-nha-chinh-chu-tang-kem-noi-that-1-tret-2-lau-so-hoan-cong-2330465.html,Bán nhà chính chủ tặng kèm nội thất 1 trệt 2 lầu sổ hoàn công,"Tân Hiệp, Thành phố Hồ Chí Minh",2150000000.0,60.0,4.0,Bình Dương (mới sáp nhập),Nhà ở/Nhà phố,35833333.333333336
https://nhadat.cafeland.vn/ban-nha-rieng-nha-5-tang-khu-trung-son-lien-ke-quan-7-3187954.html,Bán nhà riêng: Nhà 5 tầng khu Trung Sơn liền kề Quận 7,"Bình Hưng, Thành phố Hồ Chí Minh",22500000000.0,120.0,,TP.HCM (lõi cũ),Nhà ở/Nhà phố,187500000.0
https://nhadat.cafeland.vn/nha-pho-re-1-tret-5-lau-2-mat-tien-khu-cu-xa-bac-hai-quan-10-tphcm-2259549.html,Nhà phố rẻ 1 trệt 5 lầu 2 mặt tiền khu Cư Xá Bắc Hải Quận 10 TP.HCM,"Hòa Hưng, Thành phố Hồ Chí Minh",20000000000.0,57.0,,TP.HCM (lõi cũ),Nhà ở/Nhà phố,350877192.98245615
https://nhadat.cafeland.vn/dang-ki-giu-cho-som-de-huong-1-chiet-khau-cho-toa-v8-v9-voi-gia-tu-98-trieum2-2475760.html,"Đăng kí Giữ chỗ sớm để hưởng 1% chiết khấu cho tòa V8, V9 với giá từ 98 triệu/m2","Phú Thuận, Thành phố Hồ Chí Minh",7000000000.0,69.0,,TP.HCM (lõi cũ),Khác,101449275.36231884
https://nhadat.cafeland.vn/ban-nha-hxh-huong-lo-3gan-aeon-mall-43m-x-16m-x-2-tang-67-ty-tl-2477885.html,"BÁN NHÀ HXH HƯƠNG LỘ 3,GẦN AEON MALL (4,3m x 16m x 2 TẦNG) 6,7 TỶ TL","Bình Hưng Hòa, Thành phố Hồ Chí Minh",6700000000.0,70.0,2.0,TP.HCM (lõi cũ),Nhà ở/Nhà phố,95714285.71428572
https://nhadat.cafeland.vn/ban-dat-tho-cu-ban-dat-tang-nha-1-tret-1-lau-va-9-phong-tro-thu-nhap-30-trieut-3186742.html,Bán đất thổ cư: Bán đất tặng nhà 1 trệt 1 lầu và 9 phòng trọ thu nhập 30 triệu/t,"An Phú Đông, Thành phố Hồ Chí Minh",9900000000.0,200.0,9.0,TP.HCM (lõi cũ),Đất nền,49500000.0
https://nhadat.cafeland.vn/ban-can-ho-chung-cu-can-sang-can-ho-bcons-city-513m2-de-tra-no-ngan-hang-3184397.html,Bán căn hộ chung cư: Cần sang căn hộ Bcons City 51.3m2 để trả nợ ngân hàng,"Đông Hòa, Thành phố Hồ Chí Minh",2270000000.0,51.3,,Bình Dương (mới sáp nhập),Căn hộ/Chung cư,44249512.67056531
https://nhadat.cafeland.vn/ban-nha-rieng-ngang-6m-x-dai-20m-vuong-vuc-duong-to-ngoc-van-q12-gia-7-ty-0-3185671.html,"Bán nhà riêng: Ngang 6m x Dài 20m Vuông Vức. Đường Tô Ngọc Vân, Q12 - Giá 7 Tỷ 0","Thới An, Thành phố Hồ Chí Minh",7090000000.0,120.0,4.0,TP.HCM (lõi cũ),Nhà ở/Nhà phố,59083333.333333336
https://nhadat.cafeland.vn/ban-nha-rieng-nha-pho-mat-duong-phu-thuan-quan-7-520-chi-18-ty-vi-tri-dep-3189196.html,Bán nhà riêng: Nhà phố mặt đường Phú Thuận Quận 7. 5*20 chỉ 18 tỷ. Vị trí đẹp.,"Phú Thuận, Thành phố Hồ Chí Minh",18000000000.0,100.0,,TP.HCM (lõi cũ),Nhà ở/Nhà phố,180000000.0
https://nhadat.cafeland.vn/dat-dep-gia-tot-dt750-dau-tieng-binh-duong-2279445.html,ĐẤT ĐẸP GIÁ TỐT – ĐT750 DẦU TIẾNG BÌNH DƯƠNG,"Long Hòa, Thành phố Hồ Chí Minh",1150000000.0,235.0,,Bình Dương (mới sáp nhập),Đất nền,4893617.021276596
https://nhadat.cafeland.vn/dat-chinh-chu-gui-ban-nen-dat-75m2-gan-cum-khu-cong-nghiep-vsip-2-binh-duong-2483994.html,Đất chính chủ gửi bán nền đất 75m2 gần cụm khu công nghiệp Vsip 2 Bình Dương,"Vĩnh Tân, Thành phố Hồ Chí Minh",990000000.0,75.0,,Bình Dương (mới sáp nhập),Đất nền,13200000.0
https://nhadat.cafeland.vn/nha-6x15m-3-lau-duong-65-khu-tan-quy-dong-phuong-tan-phong-q7-gia-thuong-luong-2121727.html,nhà 6x15m 3 lầu đường 65 khu tân quy đông phường tân phong Q7 giá thương lượng,"Tân Hưng, Thành phố Hồ Chí Minh",29800000000.0,90.0,,TP.HCM (lõi cũ),Nhà ở/Nhà phố,331111111.1111111
https://nhadat.cafeland.vn/ban-biet-thu-vuon-73m-x-23m-1-tran-thi-bocthoi-tam-thon-hoc-mon-2480362.html,"BÁN BIỆT THỰ VƯỜN 7,3M X 23M 1/ TRẦN THỊ BỐC,THỚI TAM THÔN , HÓC MÔN","Thới An, Thành phố Hồ Chí Minh",5900000000.0,168.0,,TP.HCM (lõi cũ),Biệt thự,35119047.61904762
https://nhadat.cafeland.vn/dat-gan-ho-tram-so-hong-rieng-don-dau-cao-toc-long-thanh-ho-tram-2935830.html,ĐẤT GẦN HỒ TRÀM – SỔ HỒNG RIÊNG – ĐÓN ĐẦU CAO TỐC LONG THÀNH – HỒ TRÀM,"Hòa Hội, Thành phố Hồ Chí Minh",1559000000.0,343.0,,Bà Rịa - Vũng Tàu (mới sáp nhập),Đất nền,4545189.504373178
https://nhadat.cafeland.vn/hem-5m-nguyen-tieu-la-q10-sat-vinh-vien-45m2-4x112-3-tang-tien-o-kd-67-2931740.html,"Hẻm 5m Nguyễn Tiểu La Q10, sát Vĩnh Viễn, 45m2, 4x11.2, 3 tầng, tiện ở + KD, 6.7","Diên Hồng, Thành phố Hồ Chí Minh",6700000000.0,45.0,,TP.HCM (lõi cũ),Khác,148888888.8888889
https://nhadat.cafeland.vn/1-duong-xe-tai-thong-o-kd-vpcty-spa-nha-shr-vuong-dep-xay-moi-6-tang-thang-may-2290295.html,"1/ đường xe tải thông ở KD VPCTy Spa, nhà SHR vuông đẹp xây mới 6 tầng thang máy","Thông Tây Hội, Thành phố Hồ Chí Minh",12500000000.0,80.0,,TP.HCM (lõi cũ),Nhà ở/Nhà phố,156250000.0
https://nhadat.cafeland.vn/hqc-hoc-mon-gia-1-ty-200trieu-can-65m2-co-2pn2-tolet-tang-thapnhan-nha-o-ngay-2254053.html,"HQC HÓC MÔN giá 1 tỷ 200triệu căn 65m2 có 2pn,2 tolet TẦNG THẤP,nhận nhà ở ngay","Xuân Thới Sơn, Thành phố Hồ Chí Minh",1200000000.0,65.0,2.0,TP.HCM (lõi cũ),Nhà ở/Nhà phố,18461538.46153846
https://nhadat.cafeland.vn/nha-pho-xinh-42-x-85m-no-hau-duong-ba-trac-q8-tphcm-2283107.html,Nhà phố xinh 4.2 x 8.5m nở hậu Dương Bá Trạc Q8 TP.HCM,"Chánh Hưng, Thành phố Hồ Chí Minh",6500000000.0,49.0,,TP.HCM (lõi cũ),Nhà ở/Nhà phố,132653061.2244898
https://nhadat.cafeland.vn/hem-10m-trinh-dinh-trong-90m2-43x22-4-tang-4pn-kien-co-an-ninh-115-ty-2812243.html,"Hẻm 10m Trịnh Đình Trọng, 90m2, 4.3x22, 4 tầng, 4PN, kiên cố, an ninh, 11.5 tỷ","Tân Phú, Thành phố Hồ Chí Minh",11500000000.0,90.0,4.0,TP.HCM (lõi cũ),Khác,127777777.77777778
https://nhadat.cafeland.vn/nha-pho-xinh-re-5-x-10m-1-tret-2-lau-an-duong-vuong-quan-5-tphcm-2933599.html,Nhà phố xinh rẻ 5 x 10m 1 trệt 2 lầu An Dương Vương Quận 5 TP.HCM,"Chợ Quán, Thành phố Hồ Chí Minh",8900000000.0,50.0,,TP.HCM (lõi cũ),Nhà ở/Nhà phố,178000000.0
https://nhadat.cafeland.vn/ban-nha-rieng-ban-nha-mtnb-12m-kdc-vinh-loc-dt-4x15-nha-c4-gia-re-chi-63-ty-3189594.html,Bán nhà riêng: Bán nhà MTNB 12m KDC Vĩnh lộc- DT 4x15- nhà C4 giá rẻ chỉ 6.3 TỶ,"Bình Tân, Thành phố Hồ Chí Minh",6280000000.0,60.0,,TP.HCM (lõi cũ),Nhà ở/Nhà phố,104666666.66666667
https://nhadat.cafeland.vn/ban-can-ho-1pn-dt-70m2-opera-metropole-thu-thiem-2278269.html,Bán căn hộ 1PN+ DT 70m2 Opera Metropole Thủ Thiêm,"An Khánh, Thành phố Hồ Chí Minh",19500000000.0,70.0,1.0,TP.HCM (lõi cũ),Căn hộ/Chung cư,278571428.5714286
https://nhadat.cafeland.vn/ban-biet-thu-ban-biet-thu-tai-vuon-lai-gia-re-18-ty-200m2-3183177.html,"Bán biệt thự: Bán biệt thự tại Vườn Lài, giá rẻ: 18 tỷ, 200m2.","An Phú Đông, Thành phố Hồ Chí Minh",18000000000.0,200.0,,TP.HCM (lõi cũ),Biệt thự,90000000.0
https://nhadat.cafeland.vn/goc-dau-tu-chi-15-ty-so-huu-officetel-cam-ket-dong-tien-loi-nhuan-kep-2555135.html,"[GÓC ĐẦU TƯ] CHỈ 1.5 Tỷ SỞ HỮU OFFICETEL CAM KẾT DÒNG TIỀN, LỢI NHUẬN KÉP","Dĩ An, Thành phố Hồ Chí Minh",1500000000.0,31.0,,Bình Dương (mới sáp nhập),Khác,48387096.77419355
https://nhadat.cafeland.vn/nha-go-vap-khu-duong-quang-ham-gan-dh-van-lang-60m2-o-to-ngu-nha-nhinh-7-ty-2933352.html,Nhà Gò Vấp khu Dương Quảng Hàm gần ĐH Văn Lang - 60m2- ô tô ngủ nhà -nhỉnh 7 tỷ,"An Nhơn, Thành phố Hồ Chí Minh",7700000000.0,60.0,4.0,TP.HCM (lõi cũ),Nhà ở/Nhà phố,128333333.33333333
https://nhadat.cafeland.vn/ban-nha-mtkd-duong-10m-co-le-nha-ngang-5m-rong-thoang-tien-o-kd-khu-sam-uat-2286147.html,"Bán nhà MTKD đường 10m có lề, nhà ngang 5m rộng thoáng, tiện ở KD khu sầm uất","Gò Vấp, Thành phố Hồ Chí Minh",19399000000.0,90.0,,TP.HCM (lõi cũ),Nhà ở/Nhà phố,215544444.44444445
https://nhadat.cafeland.vn/duy-nhat-1-can-ho-1pn-1-gia-tot-tai-opera-gia-ban-all-in-2287344.html,"Duy nhất 1 căn hộ 1PN+ 1 giá tốt tại Opera, giá bán all in","An Khánh, Thành phố Hồ Chí Minh",20000000000.0,70.0,1.0,TP.HCM (lõi cũ),Căn hộ/Chung cư,285714285.71428573
https://nhadat.cafeland.vn/nha-dep-4-tang-135m2-47-x-28-duong-hau-giangquan-6-2812273.html,"Nhà đẹp 4 tầng, 135M² (4.7 x 28) đường Hậu Giang,Quận 6","Phú Lâm, Thành phố Hồ Chí Minh",14000000000.0,135.0,10.0,TP.HCM (lõi cũ),Nhà ở/Nhà phố,103703703.7037037
https://nhadat.cafeland.vn/ban-dat-mat-tien-dong-hung-thuan-12x165-xay-duoc-8-tang-chi-hon-168t-2474526.html,"Bán đất mặt tiền Đông Hưng Thuận 12x16.5 xây được 8 tầng chỉ hơn 16,8T","Đông Hưng Thuận, Thành phố Hồ Chí Minh",16800000000.0,196.0,,TP.HCM (lõi cũ),Đất nền,85714285.71428572
https://nhadat.cafeland.vn/mat-tien-duong-t8-tay-thanh-100m2-4x25-kinh-doanh-dinh-chi-10-ty-tl-2484239.html,"Mặt tiền đường T8, Tây Thạnh, 100m2, 4x25, kinh doanh đỉnh, Chỉ 10 tỷ TL","Tây Thạnh, Thành phố Hồ Chí Minh",10000000000.0,100.0,,TP.HCM (lõi cũ),Khác,100000000.0
https://nhadat.cafeland.vn/ban-nha-rieng-tan-my-nha-3-phong-ngu-huynh-tan-phat-quan-7-3183256.html,Bán nhà riêng: Tân Mỹ - Nhà 3 phòng ngủ - Huỳnh Tấn Phát - Quận 7,"Tân Mỹ, Thành phố Hồ Chí Minh",5000000000.0,46.0,3.0,TP.HCM (lõi cũ),Nhà ở/Nhà phố,108695652.17391305
https://nhadat.cafeland.vn/serena-riverside-can-ho-view-song-sai-gon-lien-ke-quoc-lo-13-3189913.html,Serena Riverside căn hộ view sông sài gòn liền kề quốc lộ 13,"Lái Thiêu, Thành phố Hồ Chí Minh",3864000000.0,69.0,,Bình Dương (mới sáp nhập),Căn hộ/Chung cư,56000000.0
https://nhadat.cafeland.vn/ban-nhanh-can-2pn-gia-2ty8-full-vat-cuoi-nam-nay-nhan-nha-duoc-htls-den-2029-2811767.html,Bán nhanh căn 2PN giá 2ty8 Full Vat - Cuối năm nay nhận nhà - Được HTLS đến 2029,"Dĩ An, Thành phố Hồ Chí Minh",2800000000.0,55.0,2.0,Bình Dương (mới sáp nhập),Nhà ở/Nhà phố,50909090.90909091
https://nhadat.cafeland.vn/ban-nha-rieng-ban-nha-moi-xay-150m2-tai-ap-cay-sop-tan-an-hoi-cu-chi-3186825.html,"Bán nhà riêng: Bán nhà mới xây 150m2 tại ấp Cây Sộp, Tân An Hội, Củ Chi","Tân An Hội, Thành phố Hồ Chí Minh",2500000000.0,150.0,,TP.HCM (lõi cũ),Nhà ở/Nhà phố,16666666.666666666
https://nhadat.cafeland.vn/ban-can-ho-chung-cu-ban-can-ho-bien-vung-tau-phap-ly-so-huu-lau-dai-do-tap-doan-3187676.html,Bán căn hộ chung cư: Bán căn hộ biển Vũng Tàu pháp lý sở hữu lâu dài do tập đoàn,"Rạch Dừa, Thành phố Hồ Chí Minh",4690000000.0,69.0,,Bà Rịa - Vũng Tàu (mới sáp nhập),Căn hộ/Chung cư,67971014.49275362
https://nhadat.cafeland.vn/goc-2-mt-duong-81-phuong-tan-quy-q7-dt-52x18m-gia-25-ty-2265508.html,góc 2 Mt đường 81 phường tân quy Q7. Dt 5.2x18m giá 25 tỷ,"Tân Hưng, Thành phố Hồ Chí Minh",25000000000.0,78.0,,TP.HCM (lõi cũ),Khác,320512820.51282054
https://nhadat.cafeland.vn/ban-nha-rieng-ban-nha-mt-193-co-giang-p-cau-ong-lanh-q1-3183141.html,Bán nhà riêng: Bán nhà MT 193 Cô Giang P Cầu Ông Lãnh Q1,"Bến Thành, Thành phố Hồ Chí Minh",25000000000.0,42.0,3.0,TP.HCM (lõi cũ),Nhà ở/Nhà phố,595238095.2380953
https://nhadat.cafeland.vn/nha-pho-53m2-3-tang-hoan-cong-du-duong-o-to-gan-cho-long-truong-5-ty-2943293.html,"NHÀ PHỐ 53M2, 3 TẦNG, HOÀN CÔNG ĐỦ, ĐƯỜNG Ô TÔ, GẦN CHỢ LONG TRƯỜNG 5 TỶ","Long Trường, Thành phố Hồ Chí Minh",5000000000.0,53.0,3.0,TP.HCM (lõi cũ),Nhà ở/Nhà phố,94339622.64150943
https://nhadat.cafeland.vn/ban-nha-rieng-nha-khu-phan-lo-2-tang-ngay-phan-anh-giap-quan-6-4x20m-duon-3187867.html,Bán nhà riêng: Nhà Khu phân lô 2 tầng - Ngay Phan Anh giáp Quận 6 - 4x20m - đườn,"Bình Trị Đông, Thành phố Hồ Chí Minh",6600000000.0,80.0,,TP.HCM (lõi cũ),Nhà ở/Nhà phố,82500000.0
https://nhadat.cafeland.vn/khu-bau-cat-ba-van-nha-moi-no-hau-36m-khu-day-du-tien-ich-2781736.html,"Khu Bàu Cát_Ba Vân, nhà mới, nở hậu 3.6m, khu đầy đủ tiện ích","Tân Bình, Thành phố Hồ Chí Minh",3900000000.0,40.0,,TP.HCM (lõi cũ),Nhà ở/Nhà phố,97500000.0
https://nhadat.cafeland.vn/nha-trung-tam-phu-nhuan-37m2-hxh-cach-20m-khu-dan-tri-hiem-nha-ban-6x-t-2945537.html,"Nhà Trung tâm Phú Nhuận - 37m2 - HXH cách 20m - Khu dân trí Hiếm nhà bán - 6,X T","Đức Nhuận, Thành phố Hồ Chí Minh",6700000000.0,37.0,,TP.HCM (lõi cũ),Nhà ở/Nhà phố,181081081.0810811
https://nhadat.cafeland.vn/hxh-tan-ky-tan-quy-95m2-ngang-9m-4-tang-tien-o-lam-van-phong-chi-115-ty-2557203.html,"HXH Tân Kỳ Tân Quý, 95m2, ngang 9m, 4 tầng, tiện ở, làm văn phòng, Chỉ 11.5 tỷ","Tân Sơn Nhì, Thành phố Hồ Chí Minh",11500000000.0,95.0,,TP.HCM (lõi cũ),Khác,121052631.57894737
https://nhadat.cafeland.vn/ban-nha-tan-hoa-dongquan-6-so-hong-rieng-42m2-2-tang-gia-49-ty-2933808.html,"BÁN NHÀ TÂN HOÀ ĐÔNG,QUẬN 6 - SỔ HỒNG RIÊNG - 42m² - 2 TẦNG - GIÁ 4,9 TỶ","Phú Lâm, Thành phố Hồ Chí Minh",4900000000.0,42.0,,TP.HCM (lõi cũ),Nhà ở/Nhà phố,116666666.66666667
https://nhadat.cafeland.vn/ban-nha-rieng-ban-nha-2-tang-ngang-5x20-quoc-lo-1a-phuong-tan-chanh-hiep-quan-3184410.html,Bán nhà riêng: Bán nhà 2 tầng ngang 5x20 quốc lộ 1a-phường tân chánh hiệp -quận,"Tân Thới Hiệp, Thành phố Hồ Chí Minh",4450000000.0,100.0,2.0,TP.HCM (lõi cũ),Nhà ở/Nhà phố,44500000.0
https://nhadat.cafeland.vn/mtkd-khuong-viet-80m2-4x20-5-tang-6pn-vi-tri-kinh-doanh-dinh-152-ty-tl-2823974.html,"MTKD Khuông Việt, 80m², 4x20, 5 tầng, 6PN, vị trí kinh doanh đỉnh, 15.2 tỷ TL","Tân Phú, Thành phố Hồ Chí Minh",15200000000.0,80.0,6.0,TP.HCM (lõi cũ),Khác,190000000.0
https://nhadat.cafeland.vn/270tr-so-huu-nha-hcm-san-so-nhan-nha-o-ngay-tra-gop-cdt-8trthang-khong-vay-ban-3179140.html,"270TR SỞ HỮU NHÀ HCM SẴN SỔ NHẬN NHÀ Ở NGAY TRẢ GÓP CĐT 8TR/THÁNG, KHÔNG VAY BAN","Thuận Giao, Thành phố Hồ Chí Minh",2230000000.0,62.5,,Bình Dương (mới sáp nhập),Nhà ở/Nhà phố,35680000.0
https://nhadat.cafeland.vn/ban-nha-rieng-o-to-do-cua-hxh-thong-no-hau-moi-4-tang-binh-thanh-ket-3189217.html,Bán nhà riêng: Ô tô đỗ cửa • HXH THÔNG • NỞ HẬU • MỚI 4 TẦNG • BÌNH THẠNH - Kết,"Bình Lợi Trung, Thành phố Hồ Chí Minh",3855000000.0,45.0,3.0,TP.HCM (lõi cũ),Nhà ở/Nhà phố,85666666.66666667
https://nhadat.cafeland.vn/ban-dat-tho-cu-dat-hiem-ngang-8-gia-chi-1ty297-cach-bien-phuoc-hai-500m-3187698.html,Bán đất thổ cư: Đất hiếm ngang 8 giá chỉ 1ty297 cách biển phước hải 500m,"Phước Hải, Thành phố Hồ Chí Minh",1297000000.0,155.0,,Bà Rịa - Vũng Tàu (mới sáp nhập),Đất nền,8367741.935483871
https://nhadat.cafeland.vn/ban-nha-rieng-ban-nha-hxh-6m-bui-tu-toan-5-tang-dep-o-ngay-chi-54-ty-3188404.html,Bán nhà riêng: Bán Nhà HXH 6m Bùi Tư Toàn 5 tầng Đẹp Ở ngay Chỉ 5.4 Tỷ,"An Lạc, Thành phố Hồ Chí Minh",5400000000.0,32.0,3.0,TP.HCM (lõi cũ),Nhà ở/Nhà phố,168750000.0
https://nhadat.cafeland.vn/chuyen-nhuong-toa-nha-goc-3-mat-tien-khu-dan-cu-kim-son-duong-nguyen-huu-tho-2478464.html,"Chuyển nhượng tòa nhà góc 3 mặt tiền khu dân cư Kim Sơn, đường Nguyễn Hữu Thọ","Tân Thuận, Thành phố Hồ Chí Minh",35000000000.0,105.0,,TP.HCM (lõi cũ),Nhà ở/Nhà phố,333333333.3333333
https://nhadat.cafeland.vn/ban-nha-vuon-hem-2228-thanh-pho-vung-tau-2269451.html,Bán nhà vườn hẻm 22/28 Thành Phố Vũng Tàu,"Vũng Tàu, Thành phố Hồ Chí Minh",18500000000.0,300.0,,Bà Rịa - Vũng Tàu (mới sáp nhập),Nhà ở/Nhà phố,61666666.666666664
https://nhadat.cafeland.vn/hxh-gan-aeon-mall-72m2-4x18-4-tang-btct-4pn-nha-dep-lung-linh-95-ty-2796951.html,"HXH gần Aeon Mall, 72m2, 4x18, 4 tầng BTCT, 4PN, nhà đẹp lung linh, 9.5 tỷ","Tây Thạnh, Thành phố Hồ Chí Minh",9500000000.0,72.0,4.0,TP.HCM (lõi cũ),Nhà ở/Nhà phố,131944444.44444445
https://nhadat.cafeland.vn/nha-moi-dep-7-tang-thang-may-hxh-tran-quang-dieu-quan-3-3185931.html,"Nhà Mới Đẹp 7 Tầng thang máy HXH Trần Quang Diệu, Quận 3","Nhiêu Lộc, Thành phố Hồ Chí Minh",24500000000.0,323.0,,TP.HCM (lõi cũ),Nhà ở/Nhà phố,75851393.18885449
https://nhadat.cafeland.vn/ban-nha-rieng-chu-gap-ban-tong-giam-hon-500tr-gia-moi-chi-4-ty-950-tr-3184903.html,Bán nhà riêng: Chủ gấp bán tổng giảm hơn 500tr giá mới chỉ : 4 tỷ 950 tr,"Thới An, Thành phố Hồ Chí Minh",4950000000.0,56.1,3.0,TP.HCM (lõi cũ),Nhà ở/Nhà phố,88235294.11764705
https://nhadat.cafeland.vn/ban-nha-rieng-ban-khach-san-7-lau-300m2-28-phong-mat-tien-thoi-an-quan-12-3185700.html,"Bán nhà riêng: Bán khách sạn 7 lầu 300m2 - 28 phòng - mặt tiền Thới An, Quận 12","Thới An, Thành phố Hồ Chí Minh",29000000000.0,300.0,28.0,TP.HCM (lõi cũ),Nhà ở/Nhà phố,96666666.66666667
https://nhadat.cafeland.vn/can-goc-le-quang-dinhview-ho-boi-2-ty-2-55m2-bank-nhe-nhang-8-9-trieu-o-ngay-2932300.html,"Căn Góc Lê Quang Định,View Hồ Bơi 2 Tỷ 2 /55m2 ,Bank nhẹ nhàng 8-9 Triệu, Ở Ngay","Bình Lợi Trung, Thành phố Hồ Chí Minh",2200000000.0,48.0,2.0,TP.HCM (lõi cũ),Nhà ở/Nhà phố,45833333.333333336
https://nhadat.cafeland.vn/ban-nha-rieng-nha-3-tang-san-thuong-nguyen-son-xe-hoi-thong-gia-cuc-yeu-3183206.html,"Bán nhà riêng: Nhà 3 tầng sân thượng Nguyễn Sơn, xe hơi thông, giá cực yêu","Phú Thạnh, Thành phố Hồ Chí Minh",4000000000.0,105.0,,TP.HCM (lõi cũ),Nhà ở/Nhà phố,38095238.0952381
https://nhadat.cafeland.vn/ban-nha-rieng-chu-dang-ngop-ngan-hang-ban-nhanh-chi-329-ty-1-lau-tan-ky-ta-3184016.html,Bán nhà riêng: Chủ đang ngộp ngân hàng bán nhanh chỉ 3.29 tỷ - 1 lầu - Tân Kỳ Tâ,"Tân Sơn Nhì, Thành phố Hồ Chí Minh",3290000000.0,40.0,,TP.HCM (lõi cũ),Nhà ở/Nhà phố,82250000.0
https://nhadat.cafeland.vn/ban-nha-rieng-pink-truong-quoc-dung-p8-phu-nhuan-54m2-5x12-a4-30m-ra-3182280.html,"Bán nhà riêng: PINK - Trương Quốc Dung, P8, Phú Nhuận - 54m² (5x12) A4 - 30m ra","Phú Nhuận, Thành phố Hồ Chí Minh",8300000000.0,54.0,,TP.HCM (lõi cũ),Nhà ở/Nhà phố,153703703.7037037
https://nhadat.cafeland.vn/ban-can-ho-chung-cu-quy-hang-studio-1pn-2pn-view-bien-sunworld-gia-f0-truc-tie-3187674.html,"Bán căn hộ chung cư: Quỹ hàng studio 1PN 2PN view biển, Sunworld giá F0 trực tiế","Rạch Dừa, Thành phố Hồ Chí Minh",2700000000.0,59.0,1.0,Bà Rịa - Vũng Tàu (mới sáp nhập),Căn hộ/Chung cư,45762711.86440678
https://nhadat.cafeland.vn/ban-nha-rieng-nha-mtnb-khu-ten-lua-p-tan-tao-q-binh-tan-dt-5x20m-35-tam-3187889.html,"Bán nhà riêng: Nhà MTNB Khu Tên Lửa. P. Tân Tạo, Q. Bình Tân, DT 5x20m, 3,5 tấm,","Bình Tân, Thành phố Hồ Chí Minh",8500000000.0,100.0,,TP.HCM (lõi cũ),Nhà ở/Nhà phố,85000000.0
https://nhadat.cafeland.vn/ban-nha-rieng-ban-nha-hem-xe-hoi-pham-dang-giang-nha-dep-hem-nhua-3187813.html,"Bán nhà riêng: Bán nhà hẻm xe hơi Phạm Đăng Giảng nhà đẹp, hẻm nhựa","Bình Hưng Hòa, Thành phố Hồ Chí Minh",6500000000.0,60.0,,TP.HCM (lõi cũ),Nhà ở/Nhà phố,108333333.33333333
https://nhadat.cafeland.vn/so-huu-dat-tan-huong-cuoc-song-resort-2825931.html,SỞ HỮU ĐẤT – TẬN HƯỞNG CUỘC SỐNG RESORT,"Đất Đỏ, Thành phố Hồ Chí Minh",1392000000.0,123.0,,Bà Rịa - Vũng Tàu (mới sáp nhập),Đất nền,11317073.170731707
https://nhadat.cafeland.vn/ban-nha-tho-du-an-baria-city-gate-gia-chi-ngang-gia-dat-trung-tam-2494782.html,Bán Nhà Thô Dự Án Baria City Gate - Giá Chỉ Ngang Giá Đất Trung Tâm,"Bà Rịa, Thành phố Hồ Chí Minh",4500000000.0,132.0,,Bà Rịa - Vũng Tàu (mới sáp nhập),Đất nền,34090909.09090909
https://nhadat.cafeland.vn/can-ho-duplex-hiceling-2-tang-tran-cao-53m2-gia-32-ty-mien-lai-2-nam-2505422.html,"Căn Hộ Duplex Hiceling 2 Tầng, Trần Cao 5.3m2. Giá 3,2 tỷ. Miễn lãi 2 năm","Dĩ An, Thành phố Hồ Chí Minh",3200000000.0,55.0,,Bình Dương (mới sáp nhập),Căn hộ/Chung cư,58181818.18181818
https://nhadat.cafeland.vn/ban-cc-lavida-plus-nguyen-van-linh-tan-phong-q7-hcm-535-ty-74m2lh-xem-2459789.html,"Bán CC Lavida Plus, Nguyễn Văn Linh, Tân Phong, Q7, HCM, 5.35 tỷ, 74m2,lh xem","Tân Hưng, Thành phố Hồ Chí Minh",5350000000.0,74.0,2.0,TP.HCM (lõi cũ),Căn hộ/Chung cư,72297297.2972973
https://nhadat.cafeland.vn/3-ty-62m2-gan-vinhomes-vd3-19-phut-metro-duong-oto-tranh-khong-ngap-2932840.html,"3 tỷ 62m2 - Gần Vinhomes, VD3, 19 phút Metro - Đường ôtô tránh, không ngập","Long Bình, Thành phố Hồ Chí Minh",3000000000.0,62.0,,TP.HCM (lõi cũ),Khác,48387096.77419355
https://nhadat.cafeland.vn/ban-nha-rieng-phan-xich-long-hem-oto-5-tang-ngang-51m-3187804.html,Bán nhà riêng: Phan xích long - hẻm oto - 5 tầng - ngang 5.1m,"Cầu Kiệu, Thành phố Hồ Chí Minh",8300000000.0,40.0,3.0,TP.HCM (lõi cũ),Nhà ở/Nhà phố,207500000.0
https://nhadat.cafeland.vn/ban-re-lo-dat-dep-8-x-15m-huynh-tan-phat-quan-7-tphcm-2265184.html,Bán rẻ lô đất đẹp 8 x 15m Huỳnh Tấn Phát Quận 7 TP.HCM,"Tân Mỹ, Thành phố Hồ Chí Minh",8600000000.0,120.0,,TP.HCM (lõi cũ),Đất nền,71666666.66666667
https://nhadat.cafeland.vn/can-ban-nhan-can-ho-green-town-68m2-binh-tan-2483552.html,Cần bán nhan căn hộ Green Town 68m2 Bình Tân,"Bình Tân, Thành phố Hồ Chí Minh",2750000000.0,68.0,2.0,TP.HCM (lõi cũ),Căn hộ/Chung cư,40441176.47058824
https://nhadat.cafeland.vn/nha-4x18m-tret-2-lau-st-duong-13-phuong-tan-kieng-q7-2286809.html,nhà 4x18m trệt 2 lầu st Đường 13 Phường Tân kiểng Q7,"Tân Hưng, Thành phố Hồ Chí Minh",15600000000.0,73.0,,TP.HCM (lõi cũ),Nhà ở/Nhà phố,213698630.13698632
https://nhadat.cafeland.vn/ban-nha-mat-tien-duong-so-55kdc-binh-phu-4m-x-12m-x-4-tang-85-ty-tl-2555925.html,"BÁN NHÀ MẶT TIỀN ĐƯỜNG SỐ 55,KDC BÌNH PHÚ (4m x 12m x 4 TẦNG) 8,5 TỶ TL","Bình Phú, Thành phố Hồ Chí Minh",8500000000.0,48.0,3.0,TP.HCM (lõi cũ),Nhà ở/Nhà phố,177083333.33333334
https://nhadat.cafeland.vn/ban-nha-mt-tran-quoc-toan-q3-dt-31x12m-2-tang-125-ty-2833704.html,"Bán nhà Mt Trần Quốc Toản Q3 DT 3,1x12m 2 tầng 12,5 tỷ","Xuân Hòa, Thành phố Hồ Chí Minh",12500000000.0,34.0,,TP.HCM (lõi cũ),Nhà ở/Nhà phố,367647058.8235294
https://nhadat.cafeland.vn/ban-nha-6mx20m-mat-tien-duong-65-tan-phong-quan-7-2196517.html,"Bán nhà (6mx20m), mặt tiền đường 65, Tân Phong, Quận 7","Tân Hưng, Thành phố Hồ Chí Minh",35000000000.0,120.0,,TP.HCM (lõi cũ),Nhà ở/Nhà phố,291666666.6666667
https://nhadat.cafeland.vn/ban-bt-4pn-4wc-108m2-vung-tau-78-ty-2474402.html,"Bán BT 4PN, 4WC, 108m2, Vũng Tàu, 7,8 tỷ","Bà Rịa, Thành phố Hồ Chí Minh",7800000000.0,150.0,4.0,Bà Rịa - Vũng Tàu (mới sáp nhập),Khác,52000000.0
https://nhadat.cafeland.vn/ban-nha-rieng-nha-so-cam-tay-hem-oto-gia-450-trieu-3182328.html,Bán nhà riêng: Nhà sổ cầm tay hẻm oto - giá 450 triệu,"Xuân Thới Sơn, Thành phố Hồ Chí Minh",450000000.0,24.0,2.0,TP.HCM (lõi cũ),Nhà ở/Nhà phố,18750000.0
https://nhadat.cafeland.vn/ban-nha-rieng-ban-nha-binh-thanh-d1-nguyen-van-thuong-5x7-4-tang-xe-hoi-do-cu-3182237.html,Bán nhà riêng: Bán nhà Bình Thạnh D1 (Nguyễn Văn Thương) 5x7 4 tầng xe hơi đổ cử,"Thạnh Mỹ Tây, Thành phố Hồ Chí Minh",7800000000.0,30.0,,TP.HCM (lõi cũ),Nhà ở/Nhà phố,260000000.0
https://nhadat.cafeland.vn/chinh-chu-ban-lo-500tr-can-1pn-the-song-vung-tau-2-ty-pham-yen-3189541.html,Chính chủ bán lỗ 500tr căn 1PN The Sóng Vũng Tàu 2 tỷ. Phạm Yến,"Phước Thắng, Thành phố Hồ Chí Minh",2000000000.0,48.0,1.0,Bà Rịa - Vũng Tàu (mới sáp nhập),Khác,41666666.666666664
https://nhadat.cafeland.vn/ban-biet-thu-chu-giam-manh-4-ty-ban-nha-lacasa-hoang-quoc-viet-quan-7-nha-88m2-3186822.html,"Bán biệt thự: Chủ giảm mạnh 4 tỷ bán nhà LaCasa Hoàng Quốc Việt Quận 7, nhà 88m2","Phú Thuận, Thành phố Hồ Chí Minh",10000000000.0,88.0,,TP.HCM (lõi cũ),Biệt thự,113636363.63636364
https://nhadat.cafeland.vn/chan-dong-chdv-6l-quang-trung-no-hau-8m-182m2-32pn-tmay-dt-105tr-gan-bv-175-ty-3181028.html,Chấn động CHDV 6L Quang Trung nở hậu 8m 182m2 32PN T.máy DT 105tr gần BV 17.5 tỷ,"Thông Tây Hội, Thành phố Hồ Chí Minh",17500000000.0,182.0,32.0,TP.HCM (lõi cũ),Khác,96153846.15384616
https://nhadat.cafeland.vn/ban-nha-rieng-ban-nha-2-tang-hem-vo-van-hat-phuong-long-truong-quan-9-3185824.html,"Bán nhà riêng: Bán nhà 2 tầng hẻm Võ Văn Hát, phường Long Trường, Quận 9","Long Trường, Thành phố Hồ Chí Minh",2600000000.0,45.0,,TP.HCM (lõi cũ),Nhà ở/Nhà phố,57777777.777777776
https://nhadat.cafeland.vn/ban-dat-tho-cu-ban-cap-dat-lien-ke-hxh-nguyen-van-tao-nha-be-5-x-20-gia-2-3184088.html,"Bán đất thổ cư: Bán cặp đất liền kề, hxh, Nguyễn Văn Tạo, Nhà Bè, 5 x 20, giá 2,","Hiệp Phước, Thành phố Hồ Chí Minh",2750000000.0,100.0,,TP.HCM (lõi cũ),Đất nền,27500000.0
https://nhadat.cafeland.vn/ban-can-ho-chung-cu-can-ban-nhieu-can-q7-riverside-1-2-3pn-view-ho-boi-don-gi-3183272.html,"Bán căn hộ chung cư: Cần bán nhiều căn q7 riverside 1-2-3pn, view hồ bơi, đón gi","Phú Thuận, Thành phố Hồ Chí Minh",2900000000.0,53.0,3.0,TP.HCM (lõi cũ),Căn hộ/Chung cư,54716981.13207547
https://nhadat.cafeland.vn/ban-nha-rieng-vi-tri-dep-ngay-tuyen-duong-sam-uat-giap-ranh-giua-quan-tan-phu-3183204.html,"Bán nhà riêng: Vị trí đẹp, ngay tuyến đường sầm uất, giáp ranh giữa Quận Tân Phú","Phú Thạnh, Thành phố Hồ Chí Minh",12500000000.0,132.0,,TP.HCM (lõi cũ),Nhà ở/Nhà phố,94696969.6969697
https://nhadat.cafeland.vn/ban-dat-tho-cu-ban-gap-lo-dat-150m2-full-tho-khu-dan-cu-cao-cap-501-ha-huy-gia-3187722.html,Bán đất thổ cư: Bán gấp lô đất 150m2 full thổ -khu dân cư cao cấp 501 hà huy giá,"Thới An, Thành phố Hồ Chí Minh",4900000000.0,150.0,,TP.HCM (lõi cũ),Đất nền,32666666.666666668
https://nhadat.cafeland.vn/ban-nha-rieng-ban-toa-nha-van-phong-mat-tien-khu-san-bay-5x24-gia-chi-nhinh-2-3182239.html,"Bán nhà riêng: Bán tòa nhà văn phòng mặt tiền khu sân bay, 5x24, giá chỉ nhỉnh 2","Tân Sơn Nhất, Thành phố Hồ Chí Minh",25000000000.0,120.0,,TP.HCM (lõi cũ),Nhà ở/Nhà phố,208333333.33333334
https://nhadat.cafeland.vn/chon-ngay-ma-tl-247-vinhomes-green-paradise-can-gio-dien-tich-150m2-cho-dau-tu-dai-han-2489276.html,Chọn ngay mã TL-247 Vinhomes Green Paradise Cần Giờ diện tích 150m2 cho đầu tư dài hạn,"Cần Giờ, Thành phố Hồ Chí Minh",23560000000.0,150.0,,TP.HCM (lõi cũ),Khác,157066666.66666666
https://nhadat.cafeland.vn/ban-nha-rieng-ban-goc-2-mt-duong-so-12-p-an-khanh-quan-2-dt9x30m-gia-399-ty-3188537.html,"Bán nhà riêng: Bán góc 2 MT đường số 12 P, An Khánh Quận 2, dt:9x30m giá 39.9 tỷ","An Khánh, Thành phố Hồ Chí Minh",39900000000.0,269.0,12.0,TP.HCM (lõi cũ),Nhà ở/Nhà phố,148327137.5464684
https://nhadat.cafeland.vn/ban-nha-rieng-nha-dep-3-tang-hem-xe-hoi-tran-xuan-soan-tan-hung-quan-7-3186806.html,"Bán nhà riêng: Nhà đẹp 3 tầng hẻm xe hơi Trần Xuân Soạn, Tân Hưng, Quận 7","Tân Hưng, Thành phố Hồ Chí Minh",10800000000.0,64.0,,TP.HCM (lõi cũ),Nhà ở/Nhà phố,168750000.0
https://nhadat.cafeland.vn/ban-dat-hem-1627-huynh-tan-phat-quan-7-2288886.html,Bán đất hẻm 1627 Huỳnh Tấn Phát Quận 7,"Tân Mỹ, Thành phố Hồ Chí Minh",4800000000.0,50.9,,TP.HCM (lõi cũ),Đất nền,94302554.02750492
https://nhadat.cafeland.vn/lo-h04-khu-sadaco-ven-song-phuong-tan-phong-q7-dt-55x19m-2268566.html,"lô H04 khu sadaco Ven sông phường Tân Phong Q7. Dt 5,5x19m","Tân Hưng, Thành phố Hồ Chí Minh",16720000000.0,105.0,,TP.HCM (lõi cũ),Khác,159238095.23809522
https://nhadat.cafeland.vn/ban-biet-thu-biet-thu-mini-gan-ben-xe-q8-152m2-nhinh-11-ty-8pn-3-tang-han-3183309.html,"Bán biệt thự: Biệt thự mini, gần Bến xe Q8, 152m2, nhỉnh 11 tỷ, 8PN, 3 tầng, hàn","Bình Hưng, Thành phố Hồ Chí Minh",11500000000.0,152.0,8.0,TP.HCM (lõi cũ),Biệt thự,75657894.73684211
https://nhadat.cafeland.vn/ban-nha-rieng-nguyen-kiem-phu-nhuan-hem-xe-hoi-nha-moi-dep-full-noi-tha-3189214.html,Bán nhà riêng: Nguyễn Kiệm – Phú Nhuận | HẺM XE HƠI – NHÀ MỚI ĐẸP FULL NỘI THẤ,"Đức Nhuận, Thành phố Hồ Chí Minh",3135000000.0,52.0,,TP.HCM (lõi cũ),Nhà ở/Nhà phố,60288461.538461536
https://nhadat.cafeland.vn/ban-nha-hxh-khu-phan-lo-giap-go-vap-nha-ngang-rong-chu-xay-tam-huyet-4-tang-2557272.html,"BÁN NHÀ HXH KHU PHÂN LÔ GIÁP GÒ VẤP, NHÀ NGANG RỘNG, CHỦ XÂY TÂM HUYẾT 4 TẦNG","An Hội Tây, Thành phố Hồ Chí Minh",9890000000.0,114.0,,TP.HCM (lõi cũ),Nhà ở/Nhà phố,86754385.96491228
https://nhadat.cafeland.vn/ban-nha-rieng-nha-2-tang-dien-tich-54m2-tai-duong-tan-chanh-hiep-35-quan-12-3183142.html,"Bán nhà riêng: Nhà 2 tầng diện tích 54m2 tại đường Tân Chánh Hiệp 35, Quận 12","Trung Mỹ Tây, Thành phố Hồ Chí Minh",3300000000.0,57.2,,TP.HCM (lõi cũ),Nhà ở/Nhà phố,57692307.69230769
https://nhadat.cafeland.vn/ban-toa-nha-chdv-moi-mat-tien-duong-10m-khu-vip-go-vap-ke-binh-thanh-san-bay-2284577.html,"BÁN TOÀ NHÀ CHDV MỚI, MẶT TIỀN ĐƯỜNG 10M, KHU VIP GÒ VẤP KỀ BÌNH THẠNH - SÂN BAY","Hạnh Thông, Thành phố Hồ Chí Minh",38500000000.0,120.0,,TP.HCM (lõi cũ),Nhà ở/Nhà phố,320833333.3333333
https://nhadat.cafeland.vn/ban-nha-rieng-mat-tien-le-thi-rieng-quan-nhat-45m2-x4t-kinh-doanh-1999-ty-3183138.html,"Bán nhà riêng: Mặt tiền Lê Thị Riêng quận Nhất 45m2 x4T kinh doanh 19,99 tỷ","Bến Thành, Thành phố Hồ Chí Minh",19990000000.0,38.0,,TP.HCM (lõi cũ),Nhà ở/Nhà phố,526052631.57894737
https://nhadat.cafeland.vn/ban-dat-mat-tien-duong-go-cat-phuong-phu-huu-q9-cu-2482664.html,"Bán đất mặt tiền đường Gò Cát, phường Phú Hữu, q9 cũ","Long Trường, Thành phố Hồ Chí Minh",7300000000.0,90.0,,TP.HCM (lõi cũ),Đất nền,81111111.1111111
https://nhadat.cafeland.vn/ban-nha-1tret-1-lau-moi-44m-shc-2-trung-dong-6-xa-thoi-tam-thon-hoc-mon-2267767.html,"BÁN NHÀ 1TRỆT 1 LẦU MỚI 44m SHC 2/ TRUNG ĐÔNG 6 , XÃ THỚI TAM THÔN , HÓC MÔN","Đông Thạnh, Thành phố Hồ Chí Minh",2100000000.0,44.0,2.0,TP.HCM (lõi cũ),Nhà ở/Nhà phố,47727272.72727273
https://nhadat.cafeland.vn/nha-4-tang-hxh-go-dau-83m2-5x17-4pn-sat-aeon-mall-so-vuong-chi-83-ty-2477905.html,"Nhà 4 tầng HXH Gò Dầu, 83m2, 5x17, 4PN, Sát AEON Mall, sổ vuông, Chỉ 8.3 tỷ","Tân Sơn Nhì, Thành phố Hồ Chí Minh",8300000000.0,83.0,4.0,TP.HCM (lõi cũ),Nhà ở/Nhà phố,100000000.0
https://nhadat.cafeland.vn/mat-tien-xe-hoi-10m-view-song-full-tho-cu-81m2-xd-7-tang-tu-do-sau-ubnd-quy-duc-2481873.html,Mặt Tiền xe hơi 10m View Sông Full Thổ Cư 81m2 xd 7 tầng tự do sau UBND Quy Đức,"Hưng Long, Thành phố Hồ Chí Minh",2630000000.0,81.0,,TP.HCM (lõi cũ),Đất nền,32469135.802469134
https://nhadat.cafeland.vn/ban-nha-rieng-ban-nha-mat-tien-tran-xuan-soan-tan-hung-q7-4x16m-gia-98-ty-3187923.html,"Bán nhà riêng: Bán nhà mặt tiền Trần Xuân Soạn Tân Hưng, Q7 4x16m | Giá 9,8 tỷ","Tân Hưng, Thành phố Hồ Chí Minh",9800000000.0,64.0,,TP.HCM (lõi cũ),Nhà ở/Nhà phố,153125000.0
https://nhadat.cafeland.vn/ban-nha-duong-to-hieutan-phuhem-8m-4m-x-18m-x-3-tang-84-ty-tl-manh-2489098.html,"BÁN NHÀ ĐƯỜNG TÔ HIỆU,TÂN PHÚ,HẺM 8M (4m x 18m x 3 TẦNG) 8,4 TỶ TL MẠNH","Phú Thạnh, Thành phố Hồ Chí Minh",8400000000.0,72.0,4.0,TP.HCM (lõi cũ),Nhà ở/Nhà phố,116666666.66666667
https://nhadat.cafeland.vn/an-ninh-247-so-hong-53m2-bao-vat-dep-sang-moi-hien-dai-2026-bank-20-nam-3167174.html,"An ninh 24/7 , sổ hồng 53m2 bao Vat ,đẹp ,sang ,mới hiện đại 2026 ,Bank 20 năm","Bình Lợi Trung, Thành phố Hồ Chí Minh",2200000000.0,53.0,,TP.HCM (lõi cũ),Khác,41509433.96226415
https://nhadat.cafeland.vn/ban-biet-thu-sieu-pham-xe-khe-112m2-vinhomes-hoc-mon-gia-chi-85-ty-kinh-doanh-3187949.html,Bán biệt thự: Siêu phẩm xẻ khe 112m2 Vinhomes Hóc Môn giá chỉ 8.5 tỷ kinh doanh,"Xuân Thới Sơn, Thành phố Hồ Chí Minh",8500000000.0,112.0,,TP.HCM (lõi cũ),Biệt thự,75892857.14285715
https://nhadat.cafeland.vn/mtkd-tran-hung-dao-95m2-ngang-45m-4-tang-5pn-moi-dep-o-kd-176-ty-2557712.html,"MTKD Trần Hưng Đạo, 95m2, ngang 4.5m, 4 tầng, 5PN, mới đẹp, Ở + KD, 17.6 tỷ","Tân Sơn Nhì, Thành phố Hồ Chí Minh",17600000000.0,95.0,5.0,TP.HCM (lõi cũ),Khác,185263157.89473686
https://nhadat.cafeland.vn/ban-nha-duong-an-duong-vuongphuong-an-lac-7-x-20-x-2-tang-105-ty-tl-2289898.html,"BÁN NHÀ ĐƯỜNG AN DƯƠNG VƯƠNG,PHƯỜNG AN LẠC (7 x 20 x 2 TẦNG) 10,5 TỶ TL","An Lạc, Thành phố Hồ Chí Minh",10500000000.0,143.0,3.0,TP.HCM (lõi cũ),Nhà ở/Nhà phố,73426573.42657343
https://nhadat.cafeland.vn/ban-nha-dep-15-duong-so-19-phuong-tan-quy-dt-7x18m-tret-2-lau-gia-tot-2287179.html,"Bán nhà đẹp 15 đường Số 19, Phường Tân Quy DT 7x18m trệt + 2 lầu giá tốt","Tân Hưng, Thành phố Hồ Chí Minh",25000000000.0,126.0,,TP.HCM (lõi cũ),Nhà ở/Nhà phố,198412698.41269842
https://nhadat.cafeland.vn/mtkd-khu-vip-bau-cat-72m2-4x18-4-tang4pn-kd-dinhgan-chocong-vien-163-ty-2833855.html,"MTKD khu VIP Bàu Cát, 72m2, 4x18, 4 tầng,4PN, KD đỉnh,gần chợ,công viên, 16.3 tỷ","Bảy Hiền, Thành phố Hồ Chí Minh",16300000000.0,72.0,4.0,TP.HCM (lõi cũ),Khác,226388888.8888889
https://nhadat.cafeland.vn/ban-nha-rieng-ban-nha-dep-42m-x-15m-3-tang-2-mat-hem-duong-dong-bac-ptrung-m-3183172.html,"Bán nhà riêng: Bán nhà đẹp 4.2m x 15m 3 tầng, 2 mặt hẻm đường Đông Bắc P.Trung M","Trung Mỹ Tây, Thành phố Hồ Chí Minh",5890000000.0,54.0,4.0,TP.HCM (lõi cũ),Nhà ở/Nhà phố,109074074.07407407
https://nhadat.cafeland.vn/gia-tot-57trm2-ban-dat-2-mat-tien-duong-chien-luoc-8x13m-6-ty-tang-day-tro-shr-2950872.html,Giá Tốt 57tr/m2 Bán Đất 2 Mặt Tiền Đường Chiến Lược 8x13m 6 Tỷ Tặng Dãy Trọ SHR,"Bình Trị Đông, Thành phố Hồ Chí Minh",6000000000.0,105.0,,TP.HCM (lõi cũ),Đất nền,57142857.14285714
https://nhadat.cafeland.vn/ban-biet-thu-song-lap-no-hau-vin-can-gio-189m2-vi-tri-vang-gia-cuc-tot-2485986.html,"Bán Biệt Thự Song Lập Nở Hậu Vin Cần Giờ 189m2 - Vị trí vàng, Giá cực tốt","Cần Giờ, Thành phố Hồ Chí Minh",19000000000.0,183.0,,TP.HCM (lõi cũ),Biệt thự,103825136.61202186
https://nhadat.cafeland.vn/go-vap-hem-80-duong-quang-ham-chu-di-dinh-cu-can-ban-gap-108-m2-nhinh-8-ty-2290159.html,"Gò Vấp, Hẻm 80 Dương Quảng Hàm, Chủ đi định cư cần bán gấp 108 m2, nhỉnh 8 tỷ","An Nhơn, Thành phố Hồ Chí Minh",8400000000.0,108.0,,TP.HCM (lõi cũ),Khác,77777777.77777778
https://nhadat.cafeland.vn/ban-nha-rieng-ban-nha-goc-2mt-vo-van-tan-p5-quan-3-dt5x18m-5-tang-gia-40-ty-3188339.html,"Bán nhà riêng: Bán nhà góc 2MT Võ Văn Tần P5 Quận 3, dt:5x18m, 5 tầng giá 40 tỷ","Bàn Cờ, Thành phố Hồ Chí Minh",40000000000.0,90.0,,TP.HCM (lõi cũ),Nhà ở/Nhà phố,444444444.4444444
https://nhadat.cafeland.vn/35-ty-so-huu-nha-pho-vuon-co-hoi-hiem-trong-thoi-lam-phat-2485701.html,"3,5 tỷ sở hữu nhà phố vườn – cơ hội hiếm trong thời lạm phát","Đất Đỏ, Thành phố Hồ Chí Minh",3500000000.0,164.0,3.0,Bà Rịa - Vũng Tàu (mới sáp nhập),Nhà ở/Nhà phố,21341463.414634146
https://nhadat.cafeland.vn/ban-nha-rieng-ket-cau-xay-tret-3-lau-san-thuong-moi-lau-la-1-phong-ngu-lon-c-3184944.html,"Bán nhà riêng: Kết cấu xây trệt 3 lầu, sân thượng, mỗi lầu là 1 phòng ngủ lớn, c","Tân Mỹ, Thành phố Hồ Chí Minh",5200000000.0,30.5,1.0,TP.HCM (lõi cũ),Nhà ở/Nhà phố,170491803.27868852
https://nhadat.cafeland.vn/dat-no-hau-kiet-xe-tang-3140822.html,Đất nở hậu Kiệt xe tăng,"Bình Hưng Hòa, Thành phố Hồ Chí Minh",3365000000.0,58.0,,TP.HCM (lõi cũ),Đất nền,58017241.37931035
https://nhadat.cafeland.vn/chuan-bi-mo-ban-thap-hoa-hau-du-an-green-skyline-ban-giao-full-noi-that-3095151.html,Chuẩn bị mở bán tháp hoa hậu dự án green skyline bàn giao full nội thất,"Đông Hòa, Thành phố Hồ Chí Minh",4290000000.0,66.0,,Bình Dương (mới sáp nhập),Khác,65000000.0
https://nhadat.cafeland.vn/ban-dat-phuoc-hai-gan-bien-brvt-full-tho-cu-gia-chi-1-ty-450-trieu-2820721.html,BÁN ĐẤT PHƯỚC HẢI GẦN BIỂN (BRVT) – FULL THỔ CƯ – GIÁ CHỈ 1 TỶ 450 TRIỆU,"Phước Hải, Thành phố Hồ Chí Minh",1450000000.0,88.0,,Bà Rịa - Vũng Tàu (mới sáp nhập),Đất nền,16477272.727272727
https://nhadat.cafeland.vn/ban-nha-rieng-duong-5m-thong-nha-le-lieu-tan-son-nhi-gan-aeon-mall-tan-phu-3183217.html,Bán nhà riêng: Đường 5m thông nhà Lê Liễu Tân Sơn Nhì gần Aeon Mall Tân Phú.,"Tân Sơn Nhì, Thành phố Hồ Chí Minh",6950000000.0,48.0,,TP.HCM (lõi cũ),Nhà ở/Nhà phố,144791666.66666666
https://nhadat.cafeland.vn/nha-gan-truong-40m2-phu-hop-gia-dinh-co-con-nho-trung-tam-ban-co-quan-3-2555891.html,"NHÀ GẦN TRƯỜNG – 40M2 – PHÙ HỢP GIA ĐÌNH CÓ CON NHỎ – TRUNG TÂM BÀN CỜ, QUẬN 3","Bàn Cờ, Thành phố Hồ Chí Minh",7100000000.0,36.0,2.0,TP.HCM (lõi cũ),Nhà ở/Nhà phố,197222222.2222222
https://nhadat.cafeland.vn/ban-nha-phuoc-hai-brvt-gan-bien-gia-tot-chi-1-ty-650-2557194.html,"BÁN NHÀ PHƯỚC HẢI – BRVT - GẦN BIỂN, GIÁ TỐT CHỈ 1 TỶ 650","Phước Hải, Thành phố Hồ Chí Minh",1650000000.0,160.0,,Bà Rịa - Vũng Tàu (mới sáp nhập),Nhà ở/Nhà phố,10312500.0
https://nhadat.cafeland.vn/chi-3tx-can-ho-cao-cap-53m2-2pn-vo-o-ngay-giap-go-vap-tien-di-hoc-di-lam-sg-2933437.html,"Chỉ 3T.x, Căn hộ cao cấp 53m² 2PN vô ở ngay, giáp Gò Vấp, tiện đi học đi làm SG","Thới An, Thành phố Hồ Chí Minh",3400000000.0,53.03,2.0,TP.HCM (lõi cũ),Căn hộ/Chung cư,64114652.08372619
https://nhadat.cafeland.vn/ban-biet-thu-ban-bt-50m2-39-ty-o-duong-thanh-nien-xa-xuan-thoi-son-hcm-gia-3186846.html,"Bán biệt thự: Bán BT 50m2, 3,9 tỷ ở Đường Thanh Niên, Xã Xuân Thới Sơn, HCM giá","Xuân Thới Sơn, Thành phố Hồ Chí Minh",3900000000.0,50.0,6.0,TP.HCM (lõi cũ),Biệt thự,78000000.0
https://nhadat.cafeland.vn/nha-moi-hxh-hoa-binh-thong-ra-phan-anh-57m2-3-tang-4pnfull-noi-that-74-ty-2833859.html,"Nhà mới HXH Hòa Bình, thông ra Phan Anh, 57m2, 3 tầng, 4PN,full Nội thất, 7.4 tỷ","Phú Thạnh, Thành phố Hồ Chí Minh",7400000000.0,57.0,4.0,TP.HCM (lõi cũ),Nhà ở/Nhà phố,129824561.40350877
https://nhadat.cafeland.vn/ban-biet-thu-keo-thom-biet-thu-2-lau-ap-mai-kdc-bo-cong-an-phu-thuan-quan-7-3188437.html,"Bán biệt thự: Kèo thơm - Biệt thự 2 lầu áp mái KDC Bộ Công An, Phú Thuận, Quận 7","Phú Thuận, Thành phố Hồ Chí Minh",16000000000.0,156.0,5.0,TP.HCM (lõi cũ),Biệt thự,102564102.56410256
https://nhadat.cafeland.vn/ban-nha-rieng-ban-nha-dep-kdc-thoi-an-35-q12-1-tret-2-lau-3pn-duong-nhua-7-3187745.html,"Bán nhà riêng: Bán nhà đẹp KDC Thới An 35, Q12 – 1 trệt 2 lầu, 3PN, đường nhựa 7","Thới An, Thành phố Hồ Chí Minh",2480000000.0,32.0,3.0,TP.HCM (lõi cũ),Nhà ở/Nhà phố,77500000.0
https://nhadat.cafeland.vn/ban-dat-tho-cu-ban-lo-dat-so-hong-rieng-mt-nhua-gan-cho-ub-xa-xtt-cu-nay-ba-d-3186840.html,Bán đất thổ cư: Bán lô đất sổ hồng riêng MT nhựa gần chợ UB xã XTT cũ ( Nay Bà Đ,"Bà Điểm, Thành phố Hồ Chí Minh",3450000000.0,130.0,,TP.HCM (lõi cũ),Đất nền,26538461.53846154
https://nhadat.cafeland.vn/ban-nha-rieng-419-ty-nha-4-tang-5-phong-ngu-shr-hoan-cong-ba-diem-3186845.html,"Bán nhà riêng: 4,19 tỷ - Nhà 4 tầng 5 phòng ngủ SHR hoàn công Bà Điểm","Bà Điểm, Thành phố Hồ Chí Minh",4190000000.0,50.0,5.0,TP.HCM (lõi cũ),Nhà ở/Nhà phố,83800000.0
https://nhadat.cafeland.vn/ban-biet-thu-biet-thu-vuon-300m2-ngang-15m-gan-nguyen-anh-thu-quan-12-3184901.html,"Bán biệt thự: Biệt thự vườn 300m2, ngang 15m, gần Nguyễn Ảnh Thủ, Quận 12","Trung Mỹ Tây, Thành phố Hồ Chí Minh",8000000000.0,300.0,,TP.HCM (lõi cũ),Biệt thự,26666666.666666668
https://nhadat.cafeland.vn/ban-nha-rieng-2x-ty-dtsd-30m2-nha-hem-xe-hoi-binh-thanh-giap-phu-nhuan-go-3185709.html,"Bán nhà riêng: 2.x tỷ, dtsd 30m2. Nhà hẻm xe hơi Bình Thạnh, giáp Phú Nhuận, Gò","Bình Lợi Trung, Thành phố Hồ Chí Minh",2600000000.0,16.0,,TP.HCM (lõi cũ),Nhà ở/Nhà phố,162500000.0
https://nhadat.cafeland.vn/ban-toa-nha-van-phong-136m25m-6tang-trong-co-thang-may-ham-de-xe-tt-go-vap-2284409.html,"BÁN TOÀ NHÀ VĂN PHÒNG (13.6M×25M) 6TẦNG TRỐNG, CÓ THANG MÁY HẦM ĐỂ XE, TT GÒ VẤP","Gò Vấp, Thành phố Hồ Chí Minh",39000000000.0,316.0,,TP.HCM (lõi cũ),Nhà ở/Nhà phố,123417721.51898734
https://nhadat.cafeland.vn/chinh-chu-ban-can-ho-cat-lai-so-hong-can-goc-chinh-chu-citisoho-gia-thuong-l-3151977.html,"Chính chủ bán căn hộ Cát Lái, sổ hồng, căn góc, chính chủ Citisoho, giá thương l","Cát Lái, Thành phố Hồ Chí Minh",2950000000.0,60.0,,TP.HCM (lõi cũ),Căn hộ/Chung cư,49166666.666666664
https://nhadat.cafeland.vn/nha-dat-duong-36-77-79-81-85-phuong-tan-quy-quan-7-sat-truc-ntt-2188567.html,Nhà đất đường 36-77- 79-81-85 Phường tân quy Quận 7. sát Trục NTT,"Tân Hưng, Thành phố Hồ Chí Minh",13800000000.0,82.0,,TP.HCM (lõi cũ),Đất nền,168292682.92682928
https://nhadat.cafeland.vn/ban-nha-rieng-ban-nha-mt-tinh-lo-10-p-binh-tri-dong-q-bt-155-ty-3187890.html,"Bán nhà riêng: Bán nhà MT Tỉnh Lộ 10, P. Bình Trị Đông, Q. BT 15,5 tỷ","Bình Trị Đông, Thành phố Hồ Chí Minh",15500000000.0,140.0,2.0,TP.HCM (lõi cũ),Nhà ở/Nhà phố,110714285.71428572
https://nhadat.cafeland.vn/ban-nha-rieng-ban-nha-moi-cung-2-mat-tien-truoc-sau-hxh-637-ha-huy-giap-56m2-3186746.html,Bán nhà riêng: Bán nhà mới cứng 2 mặt tiền trước sau HXH 637 Hà Huy Giáp - 56m2,"Thới An, Thành phố Hồ Chí Minh",4500000000.0,56.0,3.0,TP.HCM (lõi cũ),Nhà ở/Nhà phố,80357142.85714285
https://nhadat.cafeland.vn/can-ban-gap-nha-can-goc-hem-41-luong-van-cang-p15-q8-cu-phuong-phu-dinh-moi-2469035.html,"Cần bán gấp nhà căn góc, Hẻm 41 Lương Văn Cang, P15, Q8 cũ (Phường Phú Định mới)","Phú Định, Thành phố Hồ Chí Minh",3650000000.0,32.8,,TP.HCM (lõi cũ),Nhà ở/Nhà phố,111280487.80487806
https://nhadat.cafeland.vn/ban-can-ho-chung-cu-can-ban-can-ho-chung-cu-khang-gia-phuong-an-hoi-tay-p14-3188535.html,Bán căn hộ chung cư: CẦN BÁN CĂN HỘ CHUNG CƯ KHANG GIA . phường An hội tây( p14,"An Hội Tây, Thành phố Hồ Chí Minh",1220000000.0,75.0,2.0,TP.HCM (lõi cũ),Căn hộ/Chung cư,16266666.666666666
https://nhadat.cafeland.vn/ban-can-ho-cc-blue-sky-tower-gia-3-ty-tai-hqc-binh-trung-dong-2254610.html,Bán căn hộ cc Blue Sky Tower Giá 3 tỷ tại HQC Bình Trưng Đông,"Bình Trưng, Thành phố Hồ Chí Minh",2800000000.0,60.0,2.0,TP.HCM (lõi cũ),Căn hộ/Chung cư,46666666.666666664
https://nhadat.cafeland.vn/ban-nha-rieng-ban-nha-hem-xe-hoi-le-van-quoi-binh-tri-dong-binh-tan-88m2-t-3187858.html,"Bán nhà riêng: Bán nhà hẻm xe hơi Lê Văn Quới, Bình Trị Đông, Bình Tân - 88m2, T","Bình Trị Đông, Thành phố Hồ Chí Minh",7200000000.0,88.0,,TP.HCM (lõi cũ),Nhà ở/Nhà phố,81818181.81818181
https://nhadat.cafeland.vn/ban-nha-mat-tien-dep-go-vap-165m2-ngang-52m-no-hau-3tang-nhinh-100trm2-2832006.html,"BÁN NHÀ MẶT TIỀN ĐẸP GÒ VẤP – 165M², NGANG 5.2M NỞ HẬU – 3TẦNG - NHỈNH 100Tr./m2","An Hội Đông, Thành phố Hồ Chí Minh",16990000000.0,165.0,8.0,TP.HCM (lõi cũ),Nhà ở/Nhà phố,102969696.96969697
https://nhadat.cafeland.vn/ban-nha-rieng-23-ty-vi-tri-thuong-hieu-nguyen-gia-tri-p25-binh-thanh-4x20m-3187750.html,"Bán nhà riêng: 23 Tỷ! Vị trí Thương Hiệu Nguyễn Gia Trí, P25, Bình Thạnh - 4x20m","Thạnh Mỹ Tây, Thành phố Hồ Chí Minh",23000000000.0,80.0,,TP.HCM (lõi cũ),Nhà ở/Nhà phố,287500000.0
https://nhadat.cafeland.vn/ban-nha-rieng-nha-ngang-5m-50m2-2-tang-3pn-tran-xuan-soan-q7-chi-419-ty-3185775.html,"Bán nhà riêng: Nhà ngang 5m, 50m2, 2 tầng, 3PN, Trần Xuân Soạn, Q7, chỉ 4.19 tỷ","Tân Hưng, Thành phố Hồ Chí Minh",4190000000.0,50.0,3.0,TP.HCM (lõi cũ),Nhà ở/Nhà phố,83800000.0
https://nhadat.cafeland.vn/lo-dat-ngay-ho-but-thien-gan-bo-ke-phuoc-hai-2274183.html,Lô đất ngay hồ Bút Thiền gần bờ kè Phước Hải,"Phước Hải, Thành phố Hồ Chí Minh",1200000000.0,150.0,10.0,Bà Rịa - Vũng Tàu (mới sáp nhập),Đất nền,8000000.0
https://nhadat.cafeland.vn/can-ban-ma-vn48-90-vinhomes-green-paradise-can-gio-dien-tich-100m2-phap-ly-ro-rang-chot-nhanh-2489260.html,Cần bán mã VN48-90 Vinhomes Green Paradise Cần Giờ diện tích 100m2 pháp lý rõ ràng chốt nhanh,"Cần Giờ, Thành phố Hồ Chí Minh",14739000000.0,100.0,,TP.HCM (lõi cũ),Khác,147390000.0
https://nhadat.cafeland.vn/can-ban-can-2pn-the-song-vung-tau-view-pho-bien-sieu-dep-full-noi-that-25-ty-3189550.html,Cần bán căn 2PN The Sóng Vũng Tàu view phố biển siêu đẹp full nội thất 2.5 tỷ,"Phước Thắng, Thành phố Hồ Chí Minh",2500000000.0,50.0,2.0,Bà Rịa - Vũng Tàu (mới sáp nhập),Khác,50000000.0
https://nhadat.cafeland.vn/chuyen-nhuong-nha-hem-xe-hoi-duong-so-8-phuong-thao-dien-quan-2-2481527.html,"Chuyển nhượng nhà hẻm xe hơi đường số 8, phường Thảo Điền, quận 2","An Khánh, Thành phố Hồ Chí Minh",12000000000.0,47.0,2.0,TP.HCM (lõi cũ),Nhà ở/Nhà phố,255319148.93617022
https://nhadat.cafeland.vn/nha-go-vap-3-ty-6-tl-40m2-2-tang-vuong-vuc-30m-ra-hxh-khong-lo-gioi-3176388.html,"Nhà Gò Vấp 3 tỷ 6 TL - 40m2 - 2 tầng, vuông vức - 30m ra HXH - Không lộ giới","An Hội Tây, Thành phố Hồ Chí Minh",3590000000.0,40.0,2.0,TP.HCM (lõi cũ),Nhà ở/Nhà phố,89750000.0
https://nhadat.cafeland.vn/ban-nha-rieng-nhinh-6-ty-so-huu-nha-62m2-4-tang-hxh-2-mat-hem-le-trong-ta-3184474.html,Bán nhà riêng: Nhỉnh 6 tỷ sở hữu nhà 62m2 - 4 tầng - hxh - 2 mặt hẻm Lê Trọng Tấ,"Tây Thạnh, Thành phố Hồ Chí Minh",6900000000.0,62.0,,TP.HCM (lõi cũ),Nhà ở/Nhà phố,111290322.58064516
https://nhadat.cafeland.vn/ban-dat-tho-cu-ban-dat-hem-xe-hoi-duong-nguyen-van-qua-so-hong-rieng-4m-x17m-3185684.html,Bán đất thổ cư: Bán đất hẻm xe hơi đường Nguyễn Văn Quá - Sổ hồng riêng 4m x17m,"Đông Hưng Thuận, Thành phố Hồ Chí Minh",4500000000.0,65.0,,TP.HCM (lõi cũ),Đất nền,69230769.23076923
https://nhadat.cafeland.vn/hxh-1-duong-pham-van-bach-60m2-42x145-3-tang-4pn-dep-o-ngay-799-ty-2812665.html,"HXH 1/ đường Phạm Văn Bạch, 60m2, 4.2x14.5, 3 tầng, 4PN, đẹp ở ngay, 7.99 tỷ","Tân Sơn, Thành phố Hồ Chí Minh",7990000000.0,60.0,4.0,TP.HCM (lõi cũ),Khác,133166666.66666667
https://nhadat.cafeland.vn/hem-8m-do-nhuan-gan-cho-son-ky-73m2-4x18-3-tang-4pn-ua-o-kd-chi-116ty-2555535.html,"Hẻm 8m Đỗ Nhuận, gần chợ Sơn Kỳ, 73m2, 4x18, 3 tầng, 4PN, ừa ở + KD, Chỉ 11.6tỷ","Tân Sơn Nhì, Thành phố Hồ Chí Minh",11600000000.0,73.0,4.0,TP.HCM (lõi cũ),Khác,158904109.58904108
https://nhadat.cafeland.vn/ch-studio-dt-35m2-nt-cao-cap-tt-25-nhan-nha-tien-ich-day-du-5-he-thong-iot-2491369.html,"CH Studio Dt 35m2, NT cao cấp, TT 25% nhận nhà, Tiện ích đầy đủ 5* +Hệ thống IOT","Dĩ An, Thành phố Hồ Chí Minh",2000000000.0,35.0,,Bình Dương (mới sáp nhập),Nhà ở/Nhà phố,57142857.14285714
https://nhadat.cafeland.vn/ban-can-ho-chung-cu-ban-can-ho-saigon-royal-3pn-view-bitexco-ben-van-don-qu-3188513.html,Bán căn hộ chung cư: BÁN CĂN HỘ SAIGON ROYAL 3PN VIEW BITEXCO Bến Vân Đồn – Qu,"Xóm Chiếu, Thành phố Hồ Chí Minh",3285000000.0,114.37,3.0,TP.HCM (lõi cũ),Căn hộ/Chung cư,28722567.106758766
https://nhadat.cafeland.vn/ban-nha-rieng-ngop-hiem-hem-thong-o-to-khu-bau-cat-55m2-65-ty-tl-3189599.html,"Bán nhà riêng: Ngộp( Hiếm) hẻm thông ô tô Khu Bàu cát, 55m2, 6,5 tỷ TL","Bảy Hiền, Thành phố Hồ Chí Minh",6500000000.0,55.0,3.0,TP.HCM (lõi cũ),Nhà ở/Nhà phố,118181818.18181819
https://nhadat.cafeland.vn/ban-dat-tho-cu-dat-tho-cu-so-hong-rieng-62m2-hem-xe-hoi-1-chi-36-ty-3189752.html,Bán đất thổ cư: Đất Thổ Cư Sổ Hồng Riêng 62m2 Hẻm xe hơi 1/ chỉ 3.6 tỷ,"Bình Tân, Thành phố Hồ Chí Minh",3600000000.0,62.0,,TP.HCM (lõi cũ),Đất nền,58064516.12903226
https://nhadat.cafeland.vn/ban-nha-can-goc-2-mat-tien-so-2-duong-so-26-kdc-van-phat-hung-phu-xuan-2453496.html,"Bán Nhà căn góc 2 mặt tiền số 2 đường số 26, KDC Vạn Phát Hưng, Phú Xuân","Nhà Bè, Thành phố Hồ Chí Minh",14500000000.0,168.0,,TP.HCM (lõi cũ),Nhà ở/Nhà phố,86309523.8095238
https://nhadat.cafeland.vn/p-ban-co-ban-can-ho-mat-tien-cao-thang-quan-3-46m2-co-thang-may-gia-37-ty-2288391.html,"[P Bàn Cờ] Bán Căn Hộ Mặt Tiền Cao Thắng Quận 3, 46m², Có Thang Máy, Giá 3.7 Tỷ","Bàn Cờ, Thành phố Hồ Chí Minh",3700000000.0,46.0,,TP.HCM (lõi cũ),Căn hộ/Chung cư,80434782.60869566
https://nhadat.cafeland.vn/ban-nha-rieng-nha-xinh-duong-thi-muoi-o-to-vao-tan-cua-gia-yeu-thuong-3186718.html,"Bán nhà riêng: Nhà xinh Dương Thị Mười, ô tô vào tận cửa, giá yêu thương","Trung Mỹ Tây, Thành phố Hồ Chí Minh",4700000000.0,60.0,,TP.HCM (lõi cũ),Nhà ở/Nhà phố,78333333.33333333
https://nhadat.cafeland.vn/nha-quan-1-sat-bo-ke-ngang-7m-khu-vuc-an-ninh-yen-tinh-2812245.html,"Nhà quận 1, sát bờ kè, ngang 7m, khu vực an ninh yên tĩnh","Tân Định, Thành phố Hồ Chí Minh",4800000000.0,42.0,2.0,TP.HCM (lõi cũ),Nhà ở/Nhà phố,114285714.28571428
https://nhadat.cafeland.vn/ban-nha-hem-xe-hoi-7m-thich-quang-duc-phuong-4-quan-phu-nhuan-2483537.html,"Bán nhà hẻm xe hơi 7m Thích Quảng Đức, phường 4, quận Phú Nhuận","Đức Nhuận, Thành phố Hồ Chí Minh",16200000000.0,74.0,9.0,TP.HCM (lõi cũ),Nhà ở/Nhà phố,218918918.9189189
https://nhadat.cafeland.vn/ban-lo-dat-gan-cho-lang-dai-duong-nhua-khu-dan-cu-2273937.html,Bán lô đất gần chợ Láng Dài đường nhựa khu dân cư,"Đất Đỏ, Thành phố Hồ Chí Minh",1200000000.0,140.0,,Bà Rịa - Vũng Tàu (mới sáp nhập),Đất nền,8571428.57142857
https://nhadat.cafeland.vn/ban-nha-rieng-o-to-dau-cua-nha-2-tang-dep-5x16m-chi-41-ty-khong-lo-gioi-tran-3182209.html,"Bán nhà riêng: Ô tô đậu cửa-Nhà 2 tầng đẹp- 5x16m-Chỉ 4,1 tỷ-Không lộ giới Trần","Tân Thới Hiệp, Thành phố Hồ Chí Minh",4100000000.0,80.0,3.0,TP.HCM (lõi cũ),Nhà ở/Nhà phố,51250000.0
https://nhadat.cafeland.vn/ban-nha-rieng-ban-nha-hem-duong-so-8-binh-hung-hoa-a-binh-tan-cu-55m2-2-tan-3184941.html,"Bán nhà riêng: Bán nhà hẻm đường số 8, Bình Hưng Hòa A, Bình Tân cũ, 55m2, 2 tần","Bình Trị Đông, Thành phố Hồ Chí Minh",4650000000.0,55.0,,TP.HCM (lõi cũ),Nhà ở/Nhà phố,84545454.54545455
https://nhadat.cafeland.vn/nha-pho-duong-47-p-tan-quy-q7-tan-hung-moi-dt-8x18m-ham-3-tang-2287183.html,Nhà Phố Đường 47 P. Tân Quy Q7 (Tân Hưng mới) DT 8x18m Hầm 3 Tầng,"Tân Hưng, Thành phố Hồ Chí Minh",33000000000.0,144.0,47.0,TP.HCM (lõi cũ),Nhà ở/Nhà phố,229166666.66666666
https://nhadat.cafeland.vn/ban-nha-rieng-5-tang-tran-quang-dieu-q3-gia-2-ty-830-tl-dien-tich-6-3189212.html,Bán nhà riêng: ⭐️ 5 tầng TRẦN QUANG DIỆU – Q3 GIÁ 2 TỶ 830 TL -Diện tích 6,"Nhiêu Lộc, Thành phố Hồ Chí Minh",2830000000.0,35.0,,TP.HCM (lõi cũ),Nhà ở/Nhà phố,80857142.85714285
https://nhadat.cafeland.vn/ban-dat-tho-cu-hang-ngop-ngay-duong-nguyen-huu-tri-tan-tuc-lo-80m2-chu-ban-g-3182350.html,"Bán đất thổ cư: Hàng ngộp ngay Đường Nguyễn Hữu Trí, Tân Túc Lô 80m2 - Chủ bán g","Tân Nhựt, Thành phố Hồ Chí Minh",2850000000.0,80.0,,TP.HCM (lõi cũ),Đất nền,35625000.0
https://nhadat.cafeland.vn/ban-can-nha-2-tang-o-to-do-cua-khu-cu-xa-do-thanh-ban-co-gia-5x-ty-2931747.html,BÁN CĂN NHÀ 2 TẦNG Ô TÔ ĐỖ CỬA KHU CƯ XÁ ĐÔ THÀNH BÀN CỜ GIÁ 5.x TỶ,"Bàn Cờ, Thành phố Hồ Chí Minh",5250000000.0,30.0,2.0,TP.HCM (lõi cũ),Nhà ở/Nhà phố,175000000.0
https://nhadat.cafeland.vn/ban-dat-tho-cu-dat-vang-kinh-doanh-2-mat-tien-thoang-dang-tai-thai-my-cu-chi-3187930.html,"Bán đất thổ cư: Đất vàng kinh doanh, 2 mặt tiền thoáng đãng tại Thái Mỹ, Củ Chi","Thái Mỹ, Thành phố Hồ Chí Minh",2250000000.0,150.0,,TP.HCM (lõi cũ),Đất nền,15000000.0
https://nhadat.cafeland.vn/ban-nha-rieng-gap-ban-giam-27-ty-nha-3-tang-khu-biet-thu-kieu-dam-ngang-45m-3185774.html,Bán nhà riêng: GẤP BÁN GIẢM 2.7 tỷ. Nhà 3 tầng khu biệt thự Kiều Đàm. Ngang 4.5m,"Tân Hưng, Thành phố Hồ Chí Minh",9700000000.0,51.0,,TP.HCM (lõi cũ),Biệt thự,190196078.43137255
https://nhadat.cafeland.vn/hxh-8m-thoai-ngoc-hau-117m2-5x23-vuong-vuc-nha-dep-o-ngay-chi-133-ty-tl-2621176.html,"HXH 8m Thoại Ngọc Hầu, 117m2, 5x23, vuông vức, nhà đẹp ở ngay, Chỉ 13.3 tỷ TL","Phú Thạnh, Thành phố Hồ Chí Minh",13300000000.0,117.0,,TP.HCM (lõi cũ),Nhà ở/Nhà phố,113675213.67521368
https://nhadat.cafeland.vn/ban-nha-rieng-trung-tam-phu-nhuan-ngang-55m-4-phong-ngu-chi-7x-ty-3186797.html,Bán nhà riêng: Trung tâm Phú Nhuận - ngang 5.5m - 4 phòng ngủ - chỉ 7.x tỷ,"Cầu Kiệu, Thành phố Hồ Chí Minh",7450000000.0,46.0,4.0,TP.HCM (lõi cũ),Nhà ở/Nhà phố,161956521.73913044
https://nhadat.cafeland.vn/ban-nha-phuong-3-quan-go-vap-duong-so-7-ngang-4m-dai-8m-hem-rong-2279444.html,"Bán nhà Phường 3, Quận Gò Vấp đường số 7 ngang 4m dài 8m hẻm rộng","Hạnh Thông, Thành phố Hồ Chí Minh",3300000000.0,32.0,,TP.HCM (lõi cũ),Nhà ở/Nhà phố,103125000.0
https://nhadat.cafeland.vn/nha-linh-xuan-3-tang-2-mat-hem-xe-tai-65m2-ngang-46m-be-the-btct-3181295.html,"NHÀ LINH XUÂN – 3 TẦNG 2 MẶT HẺM XE TẢI – 65M2 NGANG 4,6M BỀ THẾ - BTCT","Thủ Đức, Thành phố Hồ Chí Minh",8190000000.0,65.0,,TP.HCM (lõi cũ),Nhà ở/Nhà phố,126000000.0
https://nhadat.cafeland.vn/ban-dat-tho-cu-ban-dat-tai-duong-tinh-lo-329-xa-hoa-hoi-huyen-xuyen-moc-650-3187660.html,"Bán đất thổ cư: Bán đất tại đường Tỉnh Lộ 329, xã Hòa Hội, huyện Xuyên Mộc, 650","Hòa Hội, Thành phố Hồ Chí Minh",650000000.0,260.0,,Bà Rịa - Vũng Tàu (mới sáp nhập),Đất nền,2500000.0
https://nhadat.cafeland.vn/nha-pho-dep-re-6-x-187m-1-tret-2-lau-duong-song-hanh-q12-tphcm-2271545.html,Nhà phố đẹp rẻ 6 x 18.7m 1 trệt 2 lầu đường song hành Q12 TP.HCM,"Trung Mỹ Tây, Thành phố Hồ Chí Minh",8800000000.0,112.0,,TP.HCM (lõi cũ),Nhà ở/Nhà phố,78571428.57142857
https://nhadat.cafeland.vn/chuyen-nhuong-nha-goc-2-mat-tien-kinh-doanh-khu-cong-ich-quan-7-2557363.html,"Chuyển nhượng nhà góc 2 mặt tiền kinh doanh khu Công Ích, Quận 7","Tân Thuận, Thành phố Hồ Chí Minh",16800000000.0,95.0,4.0,TP.HCM (lõi cũ),Nhà ở/Nhà phố,176842105.2631579
https://nhadat.cafeland.vn/ban-can-ho-chung-cu-can-ban-can-ho-1pn-1wc-chung-cu-c-sky-view-1833-ty-bao-so-3187596.html,"Bán căn hộ chung cư: Cần bán căn hộ 1PN 1WC chung cư C Sky View 1.833 tỷ bao sổ,","Thủ Dầu Một, Thành phố Hồ Chí Minh",1830000000.0,53.0,1.0,Bình Dương (mới sáp nhập),Căn hộ/Chung cư,34528301.88679245
https://nhadat.cafeland.vn/chuyen-nhuong-nha-goc-hai-mat-tien-duong-tan-son-nhi-p-tan-son-nhi-q-tan-phu-2472573.html,"CHUYỂN NHƯỢNG NHÀ GÓC HAI MẶT TIỀN ĐƯỜNG TÂN SƠN NHÌ, P TÂN SƠN NHÌ, Q TÂN PHÚ","Tân Sơn Nhì, Thành phố Hồ Chí Minh",18500000000.0,80.0,,TP.HCM (lõi cũ),Nhà ở/Nhà phố,231250000.0
https://nhadat.cafeland.vn/ban-nha-pho-moi-hoan-thien-full-noi-that-hem-thoang-huynh-tan-phat-q7-2820665.html,Bán nhà phố mới hoàn thiện full nội thất hẽm thoáng Huỳnh Tân Phát. Q7,"Phú Thuận, Thành phố Hồ Chí Minh",4800000000.0,52.0,3.0,TP.HCM (lõi cũ),Nhà ở/Nhà phố,92307692.3076923
https://nhadat.cafeland.vn/ban-dat-tho-cu-dat-tho-cu-hem-xe-tai-dong-thanh-gia-chi-2-ty-790-trieu-3185808.html,Bán đất thổ cư: Đất thổ cư - hẻm xe tải - Đông Thạnh giá chỉ 2 tỷ 790 triệu,"Đông Thạnh, Thành phố Hồ Chí Minh",2800000000.0,100.0,,TP.HCM (lõi cũ),Đất nền,28000000.0
https://nhadat.cafeland.vn/ban-nha-rieng-tan-phu-gan-aeon-mall-nha-moi-vao-o-ngay-hem-4m-thong-khap-nga-3182253.html,"Bán nhà riêng: Tân Phú, gần Aeon Mall nhà mới vào ở ngay, hẻm 4m thông khắp ngả,","Tây Thạnh, Thành phố Hồ Chí Minh",6500000000.0,51.0,,TP.HCM (lõi cũ),Nhà ở/Nhà phố,127450980.39215687
https://nhadat.cafeland.vn/ban-nha-rieng-chu-giam-300-trieu-nha-ngang-6m-5pn-gan-lotte-mart-q7-gia-moi-3184501.html,"Bán nhà riêng: Chủ giảm 300 triệu, nhà ngang 6m, 5PN, gần Lotte Mart Q7, giá mới","Tân Hưng, Thành phố Hồ Chí Minh",7690000000.0,65.0,5.0,TP.HCM (lõi cũ),Nhà ở/Nhà phố,118307692.3076923
https://nhadat.cafeland.vn/ban-nha-rieng-hot-ban-gap-chia-tai-san-tay-thanh-tan-phu-64m2-2-tang-chi-4-3184460.html,"Bán nhà riêng: Hot, Bán gấp chia tài sản, Tây Thạnh Tân Phú, 64m2, 2 tầng chỉ 4","Tây Thạnh, Thành phố Hồ Chí Minh",4050000000.0,64.0,3.0,TP.HCM (lõi cũ),Nhà ở/Nhà phố,63281250.0
https://nhadat.cafeland.vn/vo-ck-toi-can-ban-gap-nen-dat-tho-cu-tran-dai-nghia-1tynen-lh-0938557926-1233876.html,Vợ ck tôi cần bán gấp nền đất thổ cư Trần Đại Nghĩa 1tỷ/nền. LH 0938557926,"Bình Lợi, Thành phố Hồ Chí Minh",1000000000.0,80.0,,TP.HCM (lõi cũ),Đất nền,12500000.0
https://nhadat.cafeland.vn/picity-skyzen-chuan-song-5-chuan-quoc-te-giua-long-sai-gon-2811762.html,PICITY SKYZEN - CHUẨN SỐNG 5* CHUẨN QUỐC TẾ GIỮA LÒNG SÀI GÒN,"Dĩ An, Thành phố Hồ Chí Minh",3691000000.0,69.0,,Bình Dương (mới sáp nhập),Khác,53492753.623188406
https://nhadat.cafeland.vn/nha-khu-vip-an-ninh-phan-anh-62m2-ngang-77m4-tang-6pngara-xe-hoi-679-ty-2324074.html,"Nhà khu VIP an ninh Phan Anh, 62m2, ngang 7.7m,4 tầng, 6PN,gara xe hơi, 6.79 tỷ","Bình Trị Đông, Thành phố Hồ Chí Minh",6790000000.0,62.0,6.0,TP.HCM (lõi cũ),Nhà ở/Nhà phố,109516129.03225806
https://nhadat.cafeland.vn/can-ban-nhanh-ecoxuan-lai-thieu-42m2-da-co-so-noi-that-day-du-tu-16-ty-3179246.html,"Cần bán nhanh EcoXuân Lái Thiêu 42m², đã có sổ, nội thất đầy đủ, từ 1,6 tỷ","Lái Thiêu, Thành phố Hồ Chí Minh",1600000000.0,42.0,,Bình Dương (mới sáp nhập),Khác,38095238.0952381
https://nhadat.cafeland.vn/ban-penthouse-bien-gateway-vung-tau-view-phao-hoa-blanca-city-2481571.html,Bán Penthouse Biển Gateway Vũng Tàu - View Pháo Hoa Blanca City,"Vũng Tàu, Thành phố Hồ Chí Minh",13000000000.0,235.0,,Bà Rịa - Vũng Tàu (mới sáp nhập),Khác,55319148.93617021
https://nhadat.cafeland.vn/biet-thu-song-lap-200m2-can-goc-duong-lon-gia-chi-29-ty-toantranvillas-2006435.html,Biệt thự song lập ~200m2 căn góc đường lớn giá chỉ 29 tỷ ToanTranVillas,"Hiệp Bình, Thành phố Hồ Chí Minh",29000000000.0,200.0,,TP.HCM (lõi cũ),Biệt thự,145000000.0
https://nhadat.cafeland.vn/mat-tien-duong-a-khu-biet-thu-adc-dang-cap-an-ninh-85m2-5-tang-7pn-13-ty-2324159.html,"Mặt tiền đường A, khu biệt thự ADC Đẳng cấp, an ninh, 85m2, 5 tầng, 7PN, 13 tỷ","Phú Thạnh, Thành phố Hồ Chí Minh",13000000000.0,85.0,7.0,TP.HCM (lõi cũ),Biệt thự,152941176.47058824
https://nhadat.cafeland.vn/ban-can-ho-chung-cu-can-ban-can-goc-2pn2wc-tai-the-emerald-golf-view-32-ty-ful-3184866.html,Bán căn hộ chung cư: Cần bán căn góc 2PN2WC tại The Emerald Golf View 3.2 tỷ ful,"Lái Thiêu, Thành phố Hồ Chí Minh",3200000000.0,76.0,2.0,Bình Dương (mới sáp nhập),Căn hộ/Chung cư,42105263.15789474
https://nhadat.cafeland.vn/ban-biet-thu-hem-vip-8m-duong-le-van-sy-phuong-13-quan-3-2477866.html,"Bán biệt thự hẻm VIP 8m đường Lê Văn Sỹ, Phường 13, Quận 3","Bàn Cờ, Thành phố Hồ Chí Minh",38500000000.0,130.4,,TP.HCM (lõi cũ),Biệt thự,295245398.77300614
https://nhadat.cafeland.vn/ban-nha-rieng-nha-dep-hem-4m-gan-nguyen-thi-thap-ke-ben-lotte-mart-q7-4-tang-4-3184030.html,Bán nhà riêng: Nhà đẹp-hẻm 4m-gần Nguyễn Thị Thập-kế bên Lotte Mart Q7-4 tầng-(4,"Tân Hưng, Thành phố Hồ Chí Minh",9500000000.0,74.0,,TP.HCM (lõi cũ),Nhà ở/Nhà phố,128378378.37837838
https://nhadat.cafeland.vn/ban-can-ho-chung-cu-ban-can-ho-republic-plaza-view-san-bay-sieu-dep-gia-3188529.html,Bán căn hộ chung cư: ️ Bán căn hộ REPUBLIC PLAZA – view SÂN BAY SIÊU ĐẸP – GIÁ,"Tân Sơn Nhất, Thành phố Hồ Chí Minh",1799000000.0,54.0,1.0,TP.HCM (lõi cũ),Căn hộ/Chung cư,33314814.814814813
https://nhadat.cafeland.vn/ban-nha-rieng-ban-nha-4-x-20m-x-3-tang-4pn-gan-aeon-mall-tan-phu-gia-7-ty-3187820.html,Bán nhà riêng: Bán nhà 4 x 20m x 3 tầng 4PN gần Aeon Mall Tân Phú. Giá 7 tỷ,"Bình Hưng Hòa, Thành phố Hồ Chí Minh",7000000000.0,80.0,4.0,TP.HCM (lõi cũ),Nhà ở/Nhà phố,87500000.0
https://nhadat.cafeland.vn/ban-nha-mat-tien-duong-phan-anhtan-phu-so-hong-rieng-350m2-gia-34-ty-2933976.html,"BÁN NHÀ MẶT TIỀN ĐƯỜNG PHAN ANH,TÂN PHÚ - SỔ HỒNG RIÊNG - 350m² - GIÁ 34 TỶ","Phú Thạnh, Thành phố Hồ Chí Minh",34000000000.0,350.0,,TP.HCM (lõi cũ),Nhà ở/Nhà phố,97142857.14285715
https://nhadat.cafeland.vn/ban-nha-rieng-hiemban-nha-mtkd-ten-lua-6x20m-4-tang-gan-ds-7-dang-co-hdt-50-3189770.html,Bán nhà riêng: HIẾMBán nhà MTKD Tên Lửa 6x20m 4 Tầng GẦN ĐS 7 - ĐANG CÓ HĐT 50,"An Lạc, Thành phố Hồ Chí Minh",30000000000.0,120.0,,TP.HCM (lõi cũ),Nhà ở/Nhà phố,250000000.0
https://nhadat.cafeland.vn/ban-nha-mat-tien-duong-so-26khu-ten-luabinh-tan-so-hong-rieng-80m2-gia-119-2932333.html,"Bán Nhà Mặt Tiền Đường Số 26,Khu Tên Lửa,Bình Tân - Sổ Hồng Riêng 80m2- giá 11,9","An Lạc, Thành phố Hồ Chí Minh",11900000000.0,80.0,3.0,TP.HCM (lõi cũ),Nhà ở/Nhà phố,148750000.0
https://nhadat.cafeland.vn/ban-nha-rieng-nha-dep-nho-kien-truc-nha-dep-vai-nam-co-the-quen-mat-nhung-s-3189206.html,"Bán nhà riêng: NHÀ ĐẸP NHỜ KIẾN TRÚC - Nhà đẹp vài năm có thể quen mắt, nhưng s","Cầu Kiệu, Thành phố Hồ Chí Minh",2345000000.0,105.0,,TP.HCM (lõi cũ),Nhà ở/Nhà phố,22333333.333333332
https://nhadat.cafeland.vn/ban-lo-dat-mat-tien-duong-so-12-an-phu-an-khanh-quan-2-dien-tich-2481695.html,"Bán lô đất mặt tiền đường số 12, An Phú - An Khánh, Quận 2 Diện tích:","An Khánh, Thành phố Hồ Chí Minh",27000000000.0,99.0,,TP.HCM (lõi cũ),Đất nền,272727272.72727275
https://nhadat.cafeland.vn/ban-nha-rieng-ban-nha-100m2-x-3-tang-mtkd-kenh-195-p-tay-thanh-gia-128-ty-3187788.html,"Bán nhà riêng: Bán nhà 100m2 x 3 tầng MTKD Kênh 19/5 P. Tây Thạnh, Giá 12,8 tỷ","Tây Thạnh, Thành phố Hồ Chí Minh",12800000000.0,100.0,5.0,TP.HCM (lõi cũ),Nhà ở/Nhà phố,128000000.0
https://nhadat.cafeland.vn/ban-nha-1-tret-2-lau-full-noi-that-gia-22-ty-gan-ngay-cho-vsip-2a-3190053.html,"Bán nhà 1 trệt 2 lầu, full nội thất giá 2,2 tỷ gần ngay chợ Vsip 2A","Chánh Phú Hòa, Thành phố Hồ Chí Minh",2200000000.0,135.0,,Bình Dương (mới sáp nhập),Nhà ở/Nhà phố,16296296.296296297
https://nhadat.cafeland.vn/can-ho-cao-tran-53m-duy-nhat-tai-picity-skypark-thanh-toan-450-trieu-nhan-nha-2811483.html,CĂN HỘ CAO TRẦN 5.3M DUY NHẤT TẠI PICITY SKYPARK THANH TOÁN 450 TRIỆU NHẬN NHÀ!,"Dĩ An, Thành phố Hồ Chí Minh",3200000000.0,55.0,,Bình Dương (mới sáp nhập),Căn hộ/Chung cư,58181818.18181818
https://nhadat.cafeland.vn/ban-nha-pho-du-an-shophouse-nha-pho-cach-tttm-lon-nhat-dna-7ha-chi-300m-nha-s-3184871.html,Bán nhà phố dự án: Shophouse - Nhà Phố cách TTTM lớn nhất ĐNA 7ha chỉ 300m nhà s,"Thủ Dầu Một, Thành phố Hồ Chí Minh",7200000000.0,110.0,,Bình Dương (mới sáp nhập),Nhà ở/Nhà phố,65454545.45454545
https://nhadat.cafeland.vn/ban-biet-thu-view-song-cong-vien-can-goc-3-lau-dep-quan-7-2557767.html,Bán biệt thự view sông công viên căn góc 3 lầu đẹp Quận 7,"Tân Hưng, Thành phố Hồ Chí Minh",30000000000.0,203.58,,TP.HCM (lõi cũ),Biệt thự,147362216.32773355
https://nhadat.cafeland.vn/ban-nha-rieng-nha-hem-o-to-huong-lo-2-quan-binh-tan-118m2-4-x-295m-gia-9-t-3184028.html,"Bán nhà riêng: Nhà hẻm ô tô Hương Lộ 2, Quận Bình Tân, 118m², 4 x 29,5m, giá 9 t","Bình Trị Đông, Thành phố Hồ Chí Minh",9000000000.0,173.0,3.0,TP.HCM (lõi cũ),Nhà ở/Nhà phố,52023121.387283236
https://nhadat.cafeland.vn/ban-nha-rieng-sieu-pham-4-tang-kdc-phu-nhuan-duong-le-thi-rieng-thoi-an-dien-3183152.html,"Bán nhà riêng: Siêu phẩm 4 tầng KDC Phú Nhuận đường Lê Thị Riêng, Thới An, diện","Thới An, Thành phố Hồ Chí Minh",9680000000.0,114.0,,TP.HCM (lõi cũ),Nhà ở/Nhà phố,84912280.70175439
https://nhadat.cafeland.vn/ban-nha-rieng-hiem-nha-kieu-dam-quan-7-chi-nhinh-9-ty-duong-7m-3-tang-4-3187914.html,"Bán nhà riêng: Hiếm - Nhà Kiều Đàm Quận 7 - Chỉ nhỉnh 9 tỷ - Đường 7m, 3 tầng, 4","Tân Hưng, Thành phố Hồ Chí Minh",9690000000.0,51.0,4.0,TP.HCM (lõi cũ),Nhà ở/Nhà phố,190000000.0
https://nhadat.cafeland.vn/so-huu-ngay-ma-vn48-242-vinhomes-green-paradise-can-gio-dien-tich-100m2-gia-hap-dan-cho-nha-dau-tu-2489272.html,Sở hữu ngay mã VN48-242 Vinhomes Green Paradise Cần Giờ diện tích 100m2 giá hấp dẫn cho nhà đầu tư,"Cần Giờ, Thành phố Hồ Chí Minh",14987000000.0,100.0,,TP.HCM (lõi cũ),Nhà ở/Nhà phố,149870000.0
https://nhadat.cafeland.vn/ban-nha-rieng-ban-khach-san-8-tang-30-phong-mat-tien-thoi-an-quan-12-3183176.html,"Bán nhà riêng: Bán khách sạn 8 tầng - 30 phòng - mặt tiền Thới An, Quận 12","Thới An, Thành phố Hồ Chí Minh",10000000000.0,292.0,30.0,TP.HCM (lõi cũ),Nhà ở/Nhà phố,34246575.34246575
https://nhadat.cafeland.vn/ban-nha-hxh-le-thi-rieng-quan-1-2481669.html,"Bán nhà HXH Lê Thị Riêng, Quận 1","Bến Thành, Thành phố Hồ Chí Minh",28500000000.0,99.0,,TP.HCM (lõi cũ),Nhà ở/Nhà phố,287878787.8787879
https://nhadat.cafeland.vn/ban-dat-tho-cu-ban-lo-dat-5x26-no-hau-73m-tho-cu-o-to-toi-dat-ngay-cho-dong-3184069.html,"Bán đất thổ cư: Bán Lô Đất 5x26 Nở Hậu 7,3M Thổ Cư, Ô Tô Tới Đất, Ngay Chợ Đông","Đông Thạnh, Thành phố Hồ Chí Minh",3680000000.0,141.0,,TP.HCM (lõi cũ),Đất nền,26099290.780141845
https://nhadat.cafeland.vn/ban-nha-rieng-ban-nha-goc-2mt-le-van-sy-p12-quan-3-dt54x18m-5-tang-gia-38-ty-3188552.html,"Bán nhà riêng: Bán nhà góc 2MT Lê Văn Sỹ P12 Quận 3, dt:5.4x18m 5 tầng giá 38 tỷ","Nhiêu Lộc, Thành phố Hồ Chí Minh",38000000000.0,98.2,,TP.HCM (lõi cũ),Nhà ở/Nhà phố,386965376.7820774
https://nhadat.cafeland.vn/nha-pho-goc-mat-tien-d11-bcons-city-life-dien-tich-104m2-vi-tri-vang-kinh-2931342.html,Nhà phố góc mặt tiền D11 - Bcons City Life - Diện tích 104m2 - Vị trí vàng kinh,"Tân Uyên, Thành phố Hồ Chí Minh",1456000000.0,104.0,,Bình Dương (mới sáp nhập),Nhà ở/Nhà phố,14000000.0
https://nhadat.cafeland.vn/giam-ngay-200-trieu-con-6-ty-180-trieu-ban-nha-moi-xay-an-cu-lac-nghiep-2812023.html,GIẢM NGAY 200 TRIỆU CÒN 6 TỶ 180 TRIỆU Bán Nhà Mới Xây - An Cư Lạc Nghiệp,"Thới An, Thành phố Hồ Chí Minh",6180000000.0,56.0,,TP.HCM (lõi cũ),Nhà ở/Nhà phố,110357142.85714285
https://nhadat.cafeland.vn/nha-4-tang-hem-5m-duong-to-hieu-73m2-khu-an-ninh-sat-dam-sen-chi-85-ty-tl-2476915.html,"Nhà 4 tầng hẻm 5m đường Tô Hiệu, 73m2, khu an ninh, sát Đầm Sen, Chỉ 8.5 tỷ TL","Phú Thạnh, Thành phố Hồ Chí Minh",8500000000.0,73.0,,TP.HCM (lõi cũ),Nhà ở/Nhà phố,116438356.16438356
https://nhadat.cafeland.vn/can-ho-moonlight-park-view-2pn-2wc-so-hong-can-goc-thoang-mat-lh-0933-654-662-2812341.html,Căn hộ Moonlight Park View 2PN 2WC sổ hồng căn góc thoáng mát. LH 0933 654 662,"An Lạc, Thành phố Hồ Chí Minh",4000000000.0,68.0,2.0,TP.HCM (lõi cũ),Căn hộ/Chung cư,58823529.4117647
https://nhadat.cafeland.vn/maison-grand-phu-my-khi-bds-cong-nghiep-gap-go-toa-do-vang-cang-bien-2289054.html,"MAISON GRAND PHÚ MỸ – KHI BDS CÔNG NGHIỆP GẶP GỠ ""TOA ĐỘ VÀNG"" CẢNG BIỂN","Phú Mỹ, Thành phố Hồ Chí Minh",2200000000.0,58.0,,TP.HCM (lõi cũ),Khác,37931034.48275862
https://nhadat.cafeland.vn/mat-tien-hoang-xuan-nhi-89m2-42x20-3pn-nha-cu-tien-cai-tao-chi-85-ty-tl-2477888.html,"Mặt tiền Hoàng Xuân Nhị, 89m2, 4.2x20, 3PN, nhà cũ tiện cải tạo, Chỉ 8.5 tỷ TL","Tân Phú, Thành phố Hồ Chí Minh",8500000000.0,89.0,3.0,TP.HCM (lõi cũ),Nhà ở/Nhà phố,95505617.9775281
https://nhadat.cafeland.vn/nha-pho-xinh-re-4-x-24m-1-tret-6-lau-nguyen-van-mai-quan-3-tphcm-2282493.html,Nhà phố xinh rẻ 4 x 24m 1 trệt 6 lầu Nguyễn Văn Mai Quận 3 TP.HCM,"Xuân Hòa, Thành phố Hồ Chí Minh",38000000000.0,96.0,,TP.HCM (lõi cũ),Nhà ở/Nhà phố,395833333.3333333
https://nhadat.cafeland.vn/bannha-cap-4duong-ma-logan-benh-vien-quan-5-x-18-8-ty-tl-2323907.html,"BÁNNHÀ CẤP 4,ĐƯỜNG MÃ LÒ,GẦN BỆNH VIỆN QUẬN (5 X 18) 8 TỶ TL","Bình Trị Đông, Thành phố Hồ Chí Minh",8000000000.0,90.0,,TP.HCM (lõi cũ),Nhà ở/Nhà phố,88888888.8888889
https://nhadat.cafeland.vn/ban-nha-rieng-giam-400tr-mtkd-tran-thi-co-100m2-2-tang-vi-tri-dac-dia-c-3185681.html,Bán nhà riêng: Giảm 400Tr MTKD Trần Thị Cờ - 100m2 - 2 Tầng - Vị trí đắc địa - C,"Thới An, Thành phố Hồ Chí Minh",8100000000.0,100.0,,TP.HCM (lõi cũ),Nhà ở/Nhà phố,81000000.0
https://nhadat.cafeland.vn/can-ho-cao-cap-55m2-ke-duong-pham-van-dong-day-du-tien-ich-cao-cap-ht-ls-2491559.html,"Căn Hộ Cao Cấp 55m2 ,Kế Đường Phạm Văn Đồng, Đầy Đủ Tiện Ích Cao Cấp HT LS","Dĩ An, Thành phố Hồ Chí Minh",2900000000.0,55.0,,Bình Dương (mới sáp nhập),Căn hộ/Chung cư,52727272.72727273
https://nhadat.cafeland.vn/duy-nhat-1-lo-f0-mat-tien-duong-vao-khu-du-lich-2483968.html,DUY NHẤT 1 LÔ F0 - MẶT TIỀN ĐƯỜNG VÀO KHU DU LỊCH,"Minh Thạnh, Thành phố Hồ Chí Minh",570000000.0,225.0,,Bình Dương (mới sáp nhập),Khác,2533333.3333333335
https://nhadat.cafeland.vn/ban-can-ho-chung-cu-ban-gap-chung-cu-cuu-long-2pn-1wc-full-63m2-tang-cao-thoa-3184914.html,"Bán căn hộ chung cư: Bán gấp chung cư Cửu Long, 2PN 1WC full, 63m2 tầng cao thoá","Bình Lợi Trung, Thành phố Hồ Chí Minh",3800000000.0,63.0,2.0,TP.HCM (lõi cũ),Căn hộ/Chung cư,60317460.31746032
https://nhadat.cafeland.vn/ban-can-ho-2pn-gia-31-ty-gan-pham-dong-thanh-toan-500tr-nhan-nha-mien-lai-2-nam-2509334.html,"BÁN CĂN HỘ 2PN GIÁ 3,1 TỶ GẦN PHẠM ĐỒNG THANH TOÁN 500tr NHẬN NHÀ MIỄN LÃI 2 NĂM","Thủ Đức, Thành phố Hồ Chí Minh",3100000000.0,60.0,2.0,TP.HCM (lõi cũ),Căn hộ/Chung cư,51666666.666666664
https://nhadat.cafeland.vn/can-ho-2pn-mat-tien-dai-lo-10-lang-xe-cach-metro-100m-canh-song-sai-gon-2554918.html,"Căn Hộ 2PN Mặt tiền đại lộ 10 làng xe, cách metro 100m , cạnh Sông Sài Gòn","Lái Thiêu, Thành phố Hồ Chí Minh",2430000000.0,47.0,2.0,Bình Dương (mới sáp nhập),Căn hộ/Chung cư,51702127.65957447
https://nhadat.cafeland.vn/quan-10-ban-nha-dep-phuong-hoa-hung-4-tang-btct-gan-cmt8-chi-hon-6-ty-2283832.html,[Quận 10] Bán Nhà Đẹp Phường Hoà Hưng – 4 Tầng BTCT – Gần CMT8 – Chỉ Hơn 6 Tỷ,"Hòa Hưng, Thành phố Hồ Chí Minh",6300000000.0,30.0,,TP.HCM (lõi cũ),Nhà ở/Nhà phố,210000000.0
https://nhadat.cafeland.vn/ban-nha-rieng-ban-nha-dep-tan-thoi-hiep-2-tang-hem-rong-giao-thong-thuan-tie-3187719.html,"Bán nhà riêng: Bán nhà đẹp Tân Thới Hiệp, 2 tầng, hẻm rộng, giao thông thuận tiệ","Tân Thới Hiệp, Thành phố Hồ Chí Minh",3000000000.0,60.0,2.0,TP.HCM (lõi cũ),Nhà ở/Nhà phố,50000000.0
https://nhadat.cafeland.vn/can-ban-gap-2-can-nha-tai-vinh-loc-gia-con-thuong-luong-2488426.html,Cần bán gấp 2 căn nhà tại Vĩnh Lộc - Giá còn thương lượng,"Vĩnh Lộc, Thành phố Hồ Chí Minh",5300000000.0,315.4,,TP.HCM (lõi cũ),Nhà ở/Nhà phố,16804058.33861763
https://nhadat.cafeland.vn/ban-nha-rieng-khan-hiem-nha-chdv-bui-dinh-tuy-84m-hxh-dong-tien-30-trieut-3184450.html,Bán nhà riêng: Khan hiếm! Nhà CHDV Bùi Đình Túy - 84m HXH - Dòng tiền 30 triệu/t,"Bình Thạnh, Thành phố Hồ Chí Minh",9900000000.0,84.0,,TP.HCM (lõi cũ),Nhà ở/Nhà phố,117857142.85714285
https://nhadat.cafeland.vn/hem-8m-le-trong-tan-gan-aeon-101m2-ngang-55m-4-tang-5pn-nha-moi-1195-ty-2820673.html,"Hẻm 8m Lê Trọng Tấn, gần AEON, 101m2, ngang 5.5m, 4 tầng, 5PN, nhà mới, 11.95 tỷ","Tây Thạnh, Thành phố Hồ Chí Minh",11950000000.0,101.0,5.0,TP.HCM (lõi cũ),Nhà ở/Nhà phố,118316831.68316832
https://nhadat.cafeland.vn/ban-nha-duong-le-satgan-cho-tan-huong-4m-x-25m-x-4-tang-109-ty-tl-2558150.html,"BÁN NHÀ ĐƯỜNG LÊ SÁT,GẦN CHỢ TÂN HƯƠNG (4m x 25m x 4 TẦNG) 10,9 TỶ TL","Phú Thọ Hòa, Thành phố Hồ Chí Minh",10900000000.0,100.0,6.0,TP.HCM (lõi cũ),Nhà ở/Nhà phố,109000000.0
https://nhadat.cafeland.vn/ban-re-nha-xinh-52-x-12m-1-tret-3-lau-lac-long-quan-tan-binh-tphcm-2933591.html,Bán rẻ nhà xinh 5.2 x 12m 1 trệt 3 lầu Lạc Long Quân Tân Bình TP.HCM,"Tân Hòa, Thành phố Hồ Chí Minh",7600000000.0,64.0,,TP.HCM (lõi cũ),Nhà ở/Nhà phố,118750000.0
https://nhadat.cafeland.vn/ban-nhanh-can-vn78-40-vinhomes-green-paradise-can-gio-khu-vinh-ngoc-dien-tich-2841m2-co-hoi-hiem-2489240.html,"Bán nhanh căn VN78-40 Vinhomes Green Paradise Cần Giờ khu Vịnh Ngọc diện tích 284,1m2 cơ hội hiếm","Cần Giờ, Thành phố Hồ Chí Minh",31860000000.0,284.1,,TP.HCM (lõi cũ),Khác,112143611.40443505
https://nhadat.cafeland.vn/ban-can-ho-chung-cu-d-3184945.html,Bán căn hộ chung cư: ́ ̂́ – ̂́ | – đ̛́ ̉ -,"Phú Thuận, Thành phố Hồ Chí Minh",2600000000.0,77.0,,TP.HCM (lõi cũ),Căn hộ/Chung cư,33766233.766233765
https://nhadat.cafeland.vn/ban-nha-q3-duong-nguyen-dinh-chieuhxh-5m3210m-5-lau-gia-85ty-tl-2279335.html,"Bán nhà Q.3- đường Nguyễn Đình Chiểu,HXH 5m(3.2×10m) 5 lầu, giá 8.5tỷ TL","Bàn Cờ, Thành phố Hồ Chí Minh",8500000000.0,32.0,3.0,TP.HCM (lõi cũ),Nhà ở/Nhà phố,265625000.0
https://nhadat.cafeland.vn/ban-nha-92m2-dat-chinh-chu-xay-o-duc-that-3-tang-5pn-cung-cap-khu-cv-lang-hoa-2812693.html,"Bán nhà 92m2 đất, chính chủ xây ở đúc thật 3 tầng 5PN cứng cáp, khu CV Làng Hoa","An Hội Đông, Thành phố Hồ Chí Minh",8498000000.0,92.0,5.0,TP.HCM (lõi cũ),Đất nền,92369565.2173913
https://nhadat.cafeland.vn/ban-nha-rieng-nha-cap-4-tan-hung-quan-7-ngang-6m-cuc-dep-gia-re-hon-ngan-hang-3187899.html,"Bán nhà riêng: Nhà cấp 4 Tân Hưng Quận 7, ngang 6m cực đẹp, giá rẻ hơn ngân hàng","Tân Hưng, Thành phố Hồ Chí Minh",7500000000.0,96.0,,TP.HCM (lõi cũ),Nhà ở/Nhà phố,78125000.0
https://nhadat.cafeland.vn/mo-ban-can-tl-153-tai-vinhomes-green-paradise-can-gio-vi-tri-dep-dien-tich-100m2-don-song-dau-tu-2489283.html,Mở bán căn TL-153 tại Vinhomes Green Paradise Cần Giờ vị trí đẹp diện tích 100m2 đón sóng đầu tư,"Cần Giờ, Thành phố Hồ Chí Minh",18607000000.0,100.0,,TP.HCM (lõi cũ),Khác,186070000.0
https://nhadat.cafeland.vn/shr-4517m-nha-cho-gia-dinh-co-nguoi-lon-tuoi-78m2-4pn-co-phong-ngu-tret-3176355.html,"SHR (4.5*17m) NHÀ CHO GIA ĐÌNH CÓ NGƯỜI LỚN TUỔI 78M2, 4PN, CÓ PHÒNG NGỦ TRỆT","Thông Tây Hội, Thành phố Hồ Chí Minh",6500000000.0,78.0,4.0,TP.HCM (lõi cũ),Nhà ở/Nhà phố,83333333.33333333
https://nhadat.cafeland.vn/nha-pho-2-mat-tien-hem-21422-nguyen-oanh-go-vap-gia-ban-17-ty-3157852.html,Nhà phố 2 mặt tiền hẻm 214/22 Nguyễn Oanh – Gò Vấp. Giá bán 17 tỷ,"Gò Vấp, Thành phố Hồ Chí Minh",17000000000.0,257.0,,TP.HCM (lõi cũ),Nhà ở/Nhà phố,66147859.92217899
https://nhadat.cafeland.vn/ban-nha-ho-hoc-lamngay-sieu-thi-go-an-lac-so-hong-rieng-191m2-3179113.html,"BÁN NHÀ HỒ HỌC LÃM,NGAY SIÊU THỊ GO! AN LẠC - SỔ HỒNG RIÊNG - 191M²","An Lạc, Thành phố Hồ Chí Minh",9900000000.0,191.0,,TP.HCM (lõi cũ),Nhà ở/Nhà phố,51832460.73298429
https://nhadat.cafeland.vn/chon-ngay-ma-vn81-31-vinhomes-green-paradise-can-gio-dien-tich-2884m2-cho-dau-tu-dai-han-2489235.html,"Chọn ngay mã VN81-31 Vinhomes Green Paradise Cần Giờ diện tích 288,4m2 cho đầu tư dài hạn","Cần Giờ, Thành phố Hồ Chí Minh",31033000000.0,288.4,,TP.HCM (lõi cũ),Khác,107604022.19140084
https://nhadat.cafeland.vn/beacon-e2-blanca-city-can-ho-mat-bien-so-huu-lau-dai-view-sun-world-bien-2323966.html,Beacon E2 Blanca City – Căn Hộ Mặt Biển Sở Hữu Lâu Dài View Sun World & Biển,"Rạch Dừa, Thành phố Hồ Chí Minh",4300000000.0,86.0,,Bà Rịa - Vũng Tàu (mới sáp nhập),Căn hộ/Chung cư,50000000.0
https://nhadat.cafeland.vn/ban-nha-rieng-sieu-pham-phan-dinh-phung-36x135m-4-tang-btct-hem-xe-hoi-tho-3184933.html,"Bán nhà riêng: Siêu phẩm Phan Đình Phùng, 3.6x13.5m, 4 tầng BTCT, Hẻm xe hơi thô","Cầu Kiệu, Thành phố Hồ Chí Minh",8260000000.0,43.0,4.0,TP.HCM (lõi cũ),Nhà ở/Nhà phố,192093023.25581396
https://nhadat.cafeland.vn/ban-nha-rieng-ban-nha-2-tang-btct-binh-tan-4x10-gan-khu-ten-lua-hem-oto-thong-t-3187863.html,Bán nhà riêng: Bán nhà 2 tầng BTCT Bình Tân 4x10 Gần Khu Tên Lửa Hẻm Oto Thông T,"Bình Trị Đông, Thành phố Hồ Chí Minh",3200000000.0,40.0,2.0,TP.HCM (lõi cũ),Nhà ở/Nhà phố,80000000.0
https://nhadat.cafeland.vn/ban-can-ho-quan-2-blue-sky-52m2-gia-27-ty-suat-thuong-mai-tang-3-2265228.html,BÁN CĂN HỘ QUẬN 2 BLUE SKY 52M2 GIÁ 2.7 TỶ SUẤT THƯƠNG MẠI TẦNG 3,"Bình Trưng, Thành phố Hồ Chí Minh",2700000000.0,52.0,,TP.HCM (lõi cũ),Căn hộ/Chung cư,51923076.92307692
https://nhadat.cafeland.vn/ban-can-ho-studio-gateway-vung-tau-full-noi-that-dep-chi-2500-trieu-2286806.html,"BÁN CĂN HỘ STUDIO GATEWAY VŨNG TÀU – FULL NỘI THẤT ĐẸP, CHỈ 2.500 triệu.","Vũng Tàu, Thành phố Hồ Chí Minh",2500000000.0,50.0,,Bà Rịa - Vũng Tàu (mới sáp nhập),Căn hộ/Chung cư,50000000.0
https://nhadat.cafeland.vn/chi-voi-tai-chinh-1ty7-duy-nhat-can-ho-officetel-re-nhat-lk-pham-van-dong-2554708.html,Chỉ Với Tài Chính 1ty7. Duy Nhất căn hộ Officetel rẻ nhất LK Phạm Văn Đồng,"Dĩ An, Thành phố Hồ Chí Minh",1700000000.0,32.0,,Bình Dương (mới sáp nhập),Căn hộ/Chung cư,53125000.0
https://nhadat.cafeland.vn/chinh-chu-gui-ban-dat-gan-khu-cong-nghiep-vsip-2-lien-ke-duong-vanh-dai-4-binh-2483988.html,"Chính chủ gửi bán đất gần khu công nghiệp Vsip 2, liền kề đường vành đai 4 Bình","Vĩnh Tân, Thành phố Hồ Chí Minh",990000000.0,75.0,,Bình Dương (mới sáp nhập),Đất nền,13200000.0
https://nhadat.cafeland.vn/ban-nha-rieng-chi-850tr-so-huu-ngay-nha-c4-tan-phu-trung-cu-chi-3188409.html,Bán nhà riêng: Chỉ 850TR - Sở Hữu Ngay NHÀ C4 - Tân Phú Trung CỦ CHI,"Củ Chi, Thành phố Hồ Chí Minh",850000000.0,112.0,,TP.HCM (lõi cũ),Nhà ở/Nhà phố,7589285.714285715
https://nhadat.cafeland.vn/ban-dat-duong-kinh-duong-vuongbinh-tan-5m-x-19m-56-ty-tl-2492310.html,"BÁN ĐẤT ĐƯỜNG KINH DƯƠNG VƯƠNG,BÌNH TÂN (5m x 19m) 5,6 tỷ TL","An Lạc, Thành phố Hồ Chí Minh",5600000000.0,95.0,,TP.HCM (lõi cũ),Đất nền,58947368.421052635
https://nhadat.cafeland.vn/ban-nha-rieng-ban-nha-mat-tien-duong-195-phuong-tay-thanh-100m2-cap-4-3185743.html,Bán nhà riêng: Bán nhà mặt tiền đường 19/5 Phường Tây Thạnh 100m2 cấp 4.,"Tây Thạnh, Thành phố Hồ Chí Minh",11500000000.0,100.0,5.0,TP.HCM (lõi cũ),Nhà ở/Nhà phố,115000000.0
https://nhadat.cafeland.vn/ban-nha-rieng-790-trieu-ban-gap-day-tro-12-phong-gan-kcn-tay-bac-cu-chi-10mx28-3184511.html,Bán nhà riêng: 790 triệu Bán gấp dãy trọ 12 phòng gần KCN Tây Bắc Củ Chi (10mx28,"Tân An Hội, Thành phố Hồ Chí Minh",790000000.0,280.0,12.0,TP.HCM (lõi cũ),Nhà ở/Nhà phố,2821428.5714285714
https://nhadat.cafeland.vn/ban-nha-rieng-nha-so-hong-rieng-sang-ten-chinh-chu-bao-cong-chung-4x11m-3183313.html,Bán nhà riêng: Nhà sổ hồng riêng sang tên chính chủ bao công chứng 4x11m,"Xuân Thới Sơn, Thành phố Hồ Chí Minh",1000000000.0,44.0,,TP.HCM (lõi cũ),Nhà ở/Nhà phố,22727272.727272727
https://nhadat.cafeland.vn/can-ho-wellness-ven-song-full-noi-that-cao-cap-gia-168trm2-chiet-khau-165-3179929.html,"Căn hộ Wellness ven sông full nội thất cao cấp - Giá 168tr/m2 - Chiết khấu 16,5%","Bình Trưng, Thành phố Hồ Chí Minh",12600000000.0,75.0,,TP.HCM (lõi cũ),Căn hộ/Chung cư,168000000.0
https://nhadat.cafeland.vn/can-ho-ban-tai-river-garden-thao-dien-tang-trung-view-dep-gom-3-phong-ngu-132m2-2491777.html,Căn hộ bán tại River Garden Thảo Điền tầng trung view đẹp gồm 3 phòng ngủ 132m2,"An Khánh, Thành phố Hồ Chí Minh",12500000000.0,132.0,3.0,TP.HCM (lõi cũ),Căn hộ/Chung cư,94696969.6969697
https://nhadat.cafeland.vn/nha-7x20m-4-lau-duong-27-khu-an-phu-hung-phuong-tan-phong-q7-2211447.html,nhà 7x20m 4 lầu đường 27 khu an phú hưng phường tân phong Q7,"Tân Hưng, Thành phố Hồ Chí Minh",28000000000.0,140.0,,TP.HCM (lõi cũ),Nhà ở/Nhà phố,200000000.0
https://nhadat.cafeland.vn/ban-nha-rieng-ban-nha-rieng-tai-huynh-tan-phat-65-ty-107m2-dep-nhieu-tien-3186821.html,"Bán nhà riêng: Bán nhà riêng tại Huỳnh Tấn Phát, 6,5 tỷ, 107m2, đẹp, nhiều tiện","Phú Thuận, Thành phố Hồ Chí Minh",6500000000.0,107.0,,TP.HCM (lõi cũ),Nhà ở/Nhà phố,60747663.55140187
https://nhadat.cafeland.vn/nha-3-tang-hxh-4m-san-thuong-gieng-troi-no-hau-phap-ly-chuan-hc-3140572.html,"Nhà 3 tầng hxh 4m, sân thượng giếng trời, nở hậu, pháp lý chuẩn, hc","Tân Hòa, Thành phố Hồ Chí Minh",8500000000.0,69.0,3.0,TP.HCM (lõi cũ),Nhà ở/Nhà phố,123188405.79710145
https://nhadat.cafeland.vn/khu-vuc-an-ninh-hiem-nha-ban-hem-xe-hoi-san-rong-rai-chuan-phap-ly-2953279.html,"Khu vực an ninh hiếm nhà bán, hẻm xe hơi, sân rộng rãi. Chuẩn pháp lý","Bàn Cờ, Thành phố Hồ Chí Minh",13900000000.0,44.0,,TP.HCM (lõi cũ),Nhà ở/Nhà phố,315909090.90909094
https://nhadat.cafeland.vn/nha-5-tang-hem-6m-duong-tan-huong-60m2-4x15-6pn-khu-an-ninh-dong-bo-2436040.html,"Nhà 5 tầng hẻm 6m đường Tân Hương, 60m2, 4x15, 6PN, khu an ninh đồng bộ","Phú Thọ Hòa, Thành phố Hồ Chí Minh",8750000000.0,60.0,6.0,TP.HCM (lõi cũ),Nhà ở/Nhà phố,145833333.33333334
https://nhadat.cafeland.vn/toa-nha-van-phong-mat-tien-truong-chinh-8-tang-ngang-6m-co-ham-thang-may-2490766.html,TOÀ NHÀ VĂN PHÒNG MẶT TIỀN TRƯỜNG CHINH – 8 Tầng – NGANG 6M – CÓ HẦM + THANG MÁY,"Đông Hưng Thuận, Thành phố Hồ Chí Minh",36000000000.0,129.0,,TP.HCM (lõi cũ),Nhà ở/Nhà phố,279069767.44186044
https://nhadat.cafeland.vn/mtkd-hoang-xuan-nhi-105m2-ngang-52m-3-tang-3pn-kd-ngay-dem-chi-127-ty-tl-2932247.html,"MTKD Hoàng Xuân Nhị, 105m2, ngang 5.2m, 3 tầng, 3PN, KD ngày đêm, chỉ 12.7 tỷ TL","Tân Phú, Thành phố Hồ Chí Minh",12700000000.0,105.0,3.0,TP.HCM (lõi cũ),Khác,120952380.95238096
https://nhadat.cafeland.vn/ban-nha-mat-tien-duong-so-50khu-ten-lua-5-x-20-x-4-tang-106-ty-tl-2432285.html,"BÁN NHÀ MẶT TIỀN ĐƯỜNG SỐ 50,KHU TÊN LỬA (5 x 20 x 4 TẦNG) 10,6 TỶ TL","An Lạc, Thành phố Hồ Chí Minh",10600000000.0,100.0,1.0,TP.HCM (lõi cũ),Nhà ở/Nhà phố,106000000.0
https://nhadat.cafeland.vn/ban-dat-tho-cu-chinh-chu-gui-ban-lo-dat-tam-huyet-tai-tan-tao-binh-tan-cu-he-3183232.html,"Bán đất thổ cư: Chính chủ gửi bán lô đất tâm huyết tại Tân Tạo (Bình Tân cũ), hẻ","Bình Tân, Thành phố Hồ Chí Minh",3500000000.0,50.4,,TP.HCM (lõi cũ),Đất nền,69444444.44444445
https://nhadat.cafeland.vn/lo-goc-2-mt-r16-duong-25-khu-an-phu-hung-phuong-tan-phong-q7-2081888.html,lô góc 2 mt R16 đường 25 khu an phú hưng phường tân phong Q7+,"Tân Hưng, Thành phố Hồ Chí Minh",29500000000.0,225.0,,TP.HCM (lõi cũ),Khác,131111111.1111111
https://nhadat.cafeland.vn/ban-nha-cap-4-dong-tien-8-trieuthang-ngay-cho-co-hoi-dau-tu-sieu-an-toan-2287447.html,BÁN NHÀ CẤP 4 – DÒNG TIỀN 8 TRIỆU/THÁNG - NGAY CHỢ – CƠ HỘI ĐẦU TƯ SIÊU AN TOÀN!,"Dĩ An, Thành phố Hồ Chí Minh",4800000000.0,100.0,,Bình Dương (mới sáp nhập),Nhà ở/Nhà phố,48000000.0
https://nhadat.cafeland.vn/ban-nha-rieng-nha-dep-so-hong-rieng-san-sang-don-gia-dinh-an-cu-gan-cho-bui-mo-3186727.html,"Bán nhà riêng: Nhà đẹp sổ hồng riêng, sẵn sàng đón gia đình an cư gần chợ Bùi Mô","An Phú Đông, Thành phố Hồ Chí Minh",3400000000.0,56.0,,TP.HCM (lõi cũ),Nhà ở/Nhà phố,60714285.71428572
https://nhadat.cafeland.vn/ban-dat-tho-cu-ban-dat-chau-pha-tp-ho-chi-minh-dien-tich-330m2-gia-1350-3187689.html,"Bán đất thổ cư: Bán đất Châu Pha - TP. Hồ Chí Minh (diện tích 330m2 / giá 1,350","Châu Pha, Thành phố Hồ Chí Minh",1350000000.0,330.0,,Bà Rịa - Vũng Tàu (mới sáp nhập),Đất nền,4090909.090909091
https://nhadat.cafeland.vn/ban-can-ho-full-nt-chinh-chu-so-hong-sang-ten-2557993.html,Bán căn hộ full NT chính chủ sổ hồng sang tên,"Tân Nhựt, Thành phố Hồ Chí Minh",3150000000.0,85.0,,TP.HCM (lõi cũ),Căn hộ/Chung cư,37058823.52941176
https://nhadat.cafeland.vn/ban-re-can-ho-cao-cap-2-phong-ngu-copac-square-canh-ben-nha-rong-tphcm-2827241.html,Bán rẻ căn hộ cao cấp 2 phòng ngủ Copac Square cạnh Bến Nhà Rồng TP.HCM,"Xóm Chiếu, Thành phố Hồ Chí Minh",5490000000.0,75.0,2.0,TP.HCM (lõi cũ),Căn hộ/Chung cư,73200000.0
https://nhadat.cafeland.vn/ban-shophouse-picity-sky-park-2-tang-vi-tri-vang-ngay-nga-4-pham-van-dong-2811092.html,"Bán Shophouse Picity Sky Park 2 tầng. Vị trí ""vàng"" ngay ngã 4 Phạm Văn Đồng","Dĩ An, Thành phố Hồ Chí Minh",7276000000.0,107.0,,Bình Dương (mới sáp nhập),Khác,68000000.0
https://nhadat.cafeland.vn/ban-dat-tho-cu-ban-dat-hem-3m-50m-ra-mt-huynh-tan-phat-phu-my-q7-35-ty-tl-3184040.html,"Bán đất thổ cư: Bán đất hẻm 3m 50m ra MT Huỳnh Tấn Phát, Phú Mỹ, Q7 - 3,5 tỷ (TL","Phú Thuận, Thành phố Hồ Chí Minh",3500000000.0,70.0,,TP.HCM (lõi cũ),Đất nền,50000000.0
https://nhadat.cafeland.vn/hem-thong-cac-huong-no-hau-ban-cong-thoang-mat-4-tang-btct-2pn-3wc-hoan-cong-3176798.html,"Hẻm thông các hướng, nở hậu, ban công thoáng mát, 4 tầng btct 2pn 3wc. Hoàn công","Bảy Hiền, Thành phố Hồ Chí Minh",4650000000.0,33.0,2.0,TP.HCM (lõi cũ),Khác,140909090.9090909
https://nhadat.cafeland.vn/nha-4-tang-mat-tien-duong-sat-ben-bvle-van-thinh-q2-dt-san140m2-chi-59-ty-2827153.html,Nhà 4 tầng-Mặt tiền đường- sát bên BV.Lê Văn Thịnh-Q.2-DT sàn:140m2 - Chỉ 5.9 tỷ,"Bình Trưng, Thành phố Hồ Chí Minh",5990000000.0,48.0,4.0,TP.HCM (lõi cũ),Nhà ở/Nhà phố,124791666.66666667
https://nhadat.cafeland.vn/ban-san-pham-vinhomes-green-paradise-can-gio-ma-vn77-35-dien-tich-2416m2-gia-tot-xem-ngay-hom-nay-2489243.html,"Bán sản phẩm Vinhomes Green Paradise Cần Giờ mã VN77-35 diện tích 241,6m2 giá tốt xem ngay hôm nay","Cần Giờ, Thành phố Hồ Chí Minh",26180000000.0,241.6,,TP.HCM (lõi cũ),Khác,108360927.15231788
https://nhadat.cafeland.vn/ban-nha-rieng-phong-ngu-tret-ban-nha-binh-thanh-sat-mat-tien-bui-dinh-tuy-2-3184429.html,Bán nhà riêng: Phòng ngủ trệt! Bán nhà Bình Thạnh sát mặt tiền Bùi Đình Túy - 2,"Bình Thạnh, Thành phố Hồ Chí Minh",8500000000.0,62.0,,TP.HCM (lõi cũ),Nhà ở/Nhà phố,137096774.19354838
https://nhadat.cafeland.vn/can-ho-trellia-cove-view-song-chuan-song-xanh-cuoi-cung-tai-mizuki-park-2323964.html,Căn hộ Trellia Cove view sông - chuẩn sống xanh cuối cùng tại Mizuki Park,"Bình Hưng, Thành phố Hồ Chí Minh",4000000000.0,60.0,,TP.HCM (lõi cũ),Căn hộ/Chung cư,66666666.666666664
https://nhadat.cafeland.vn/ban-nha-truong-chinh-4-tang-btct-xe-tai-thong-song-hanh-4pn-5wc-2-sthuong-2476467.html,Bán nhà Trường Chinh – 4 tầng BTCT – xe tải thông Song Hành – 4PN 5WC 2 S.thượng,"Đông Hưng Thuận, Thành phố Hồ Chí Minh",6750000000.0,60.0,4.0,TP.HCM (lõi cũ),Nhà ở/Nhà phố,112500000.0
https://nhadat.cafeland.vn/ban-nha-mat-tien-5l-nguyen-van-cong-86m2-ngang-43m-kd-can-ho-tn-50tr-156-ty-2479269.html,Bán nhà mặt tiền 5L Nguyễn Văn Công 86m2 ngang 4.3m KD căn hộ TN 50tr 15.6 tỷ,"Hạnh Thông, Thành phố Hồ Chí Minh",15600000000.0,86.0,,TP.HCM (lõi cũ),Căn hộ/Chung cư,181395348.8372093
https://nhadat.cafeland.vn/ban-nha-rieng-can-ban-nha-moi-dep-tai-khu-phan-xich-long-quan-phu-nhuan-gia-3187806.html,"Bán nhà riêng: Cần bán nhà mới, đẹp tại Khu Phan Xích Long, Quận Phú Nhuận, giá","Cầu Kiệu, Thành phố Hồ Chí Minh",8250000000.0,333.0,,TP.HCM (lõi cũ),Nhà ở/Nhà phố,24774774.774774775
https://nhadat.cafeland.vn/hxh-8m-do-thua-luong-96m2-ngang-5m-6-tang-thang-may-6pn-an-ninh-12-ty-tl-2933373.html,"HXH 8m Đỗ Thừa Luông, 96m2, ngang 5m, 6 tầng thang máy, 6PN, an ninh, 12 tỷ TL","Phú Thọ Hòa, Thành phố Hồ Chí Minh",12000000000.0,96.0,6.0,TP.HCM (lõi cũ),Khác,125000000.0
https://nhadat.cafeland.vn/ban-nha-rieng-ban-chdv-bo-bao-tan-thang-quan-tan-phu-77m2-5-tang-lau-10pn-89-t-3184461.html,Bán nhà riêng: Bán CHDV Bờ Bao Tân Thắng Quận Tân Phú 77m2 5 tầng lầu 10PN 8.9 t,"Tân Sơn Nhì, Thành phố Hồ Chí Minh",8900000000.0,77.0,10.0,TP.HCM (lõi cũ),Nhà ở/Nhà phố,115584415.58441558
https://nhadat.cafeland.vn/ban-nha-le-dinh-canquan-binh-tan-hem-xe-hoi-so-hong-rieng-72m2-gia-53-2978670.html,"BÁN NHÀ LÊ ĐÌNH CẨN,QUẬN BÌNH TÂN - HẺM XE HƠI - SỔ HỒNG RIÊNG - 72m² - GIÁ 5,3","Bình Trị Đông, Thành phố Hồ Chí Minh",5300000000.0,72.0,,TP.HCM (lõi cũ),Nhà ở/Nhà phố,73611111.1111111
https://nhadat.cafeland.vn/ban-nha-rieng-ban-nha-le-van-sy-ptan-son-hoa-tan-binh-dt-802m2-6x15m-4pn-3188426.html,"Bán nhà riêng: Bán Nhà Lê Văn Sỹ P.Tân Sơn Hòa Tân Bình DT 80.2m2 (6x15m), 4PN,","Tân Sơn Hòa, Thành phố Hồ Chí Minh",22000000000.0,94.4,4.0,TP.HCM (lõi cũ),Nhà ở/Nhà phố,233050847.45762712
https://nhadat.cafeland.vn/can-ho-prosper-pho-dong-thu-duc-gia-re-chi-2-ty-790can-2pn-2wc-nhan-nha-ngay-3176377.html,Căn hộ Prosper Phố Đông Thủ Đức giá rẻ chỉ 2 tỷ 790/căn 2PN 2WC nhận nhà ngay,"Tam Bình, Thành phố Hồ Chí Minh",2790000000.0,57.0,2.0,TP.HCM (lõi cũ),Căn hộ/Chung cư,48947368.421052635
https://nhadat.cafeland.vn/ban-dat-tho-cu-ban-lo-dat-vip-binh-tri-dong-binh-tan-5x16m-duong-10m-khu-phan-l-3187878.html,Bán đất thổ cư: Bán lô đất víp Bình Trị Đông Bình Tân 5x16m đường 10m khu phân l,"Bình Trị Đông, Thành phố Hồ Chí Minh",4880000000.0,80.0,,TP.HCM (lõi cũ),Đất nền,61000000.0
https://nhadat.cafeland.vn/ban-can-ho-chung-cu-can-ho-97m2-gia-chi-2t6-tl-3184035.html,"Bán căn hộ chung cư: Căn hộ 97m2 ,giá chỉ 2t6 tl","Phú Thuận, Thành phố Hồ Chí Minh",2600000000.0,97.0,2.0,TP.HCM (lõi cũ),Căn hộ/Chung cư,26804123.711340208
https://nhadat.cafeland.vn/ban-nha-rieng-nha-ban-phuong-tth-mua-ban-vi-bang-3187743.html,Bán nhà riêng: nhà bán Phường TTH mua bán vi bằng,"Tân Thới Hiệp, Thành phố Hồ Chí Minh",1250000000.0,21.0,2.0,TP.HCM (lõi cũ),Nhà ở/Nhà phố,59523809.52380952
https://nhadat.cafeland.vn/ban-nha-hem-o-to-tran-hung-dao-gan-nha-tho-di-an-nha-moi-100-3179155.html,"BÁN NHÀ HẺM Ô TÔ TRẦN HƯNG ĐẠO, GẦN NHÀ THỜ DĨ AN, NHÀ MỚI 100%","Đông Hòa, Thành phố Hồ Chí Minh",3900000000.0,63.0,2.0,Bình Dương (mới sáp nhập),Nhà ở/Nhà phố,61904761.9047619
https://nhadat.cafeland.vn/ban-nha-rieng-hem-xe-hoi-nha-moi-dep-tai-doc-lap-tan-phu-4m-x-20m-tang-full-3182244.html,"Bán nhà riêng: Hẻm xe hơi, nhà mới đẹp tại Độc Lập, Tân Phú, 4m x 20m, tặng full","Phú Thọ Hòa, Thành phố Hồ Chí Minh",9400000000.0,80.0,,TP.HCM (lõi cũ),Nhà ở/Nhà phố,117500000.0
https://nhadat.cafeland.vn/ban-nhanh-can-vn48-548-vinhomes-green-paradise-can-gio-khu-vinh-ngoc-dien-tich-150m2-co-hoi-hiem-2489261.html,Bán nhanh căn VN48-548 Vinhomes Green Paradise Cần Giờ khu Vịnh Ngọc diện tích 150m2 cơ hội hiếm,"Cần Giờ, Thành phố Hồ Chí Minh",20353000000.0,150.0,,TP.HCM (lõi cũ),Khác,135686666.66666666
https://nhadat.cafeland.vn/ban-nha-cap-4-duong-40-kdc-tan-quy-dong-quan-7-6x15m-205-ty-3190004.html,"BÁN NHÀ CẤP 4 – ĐƯỜNG 40 KDC TÂN QUY ĐÔNG, QUẬN 7- 6x15m - 20,5 tỷ","Tân Hưng, Thành phố Hồ Chí Minh",20500000000.0,90.0,,TP.HCM (lõi cũ),Nhà ở/Nhà phố,227777777.7777778
https://nhadat.cafeland.vn/chuyen-nhuong-can-ho-cao-cap-tai-vinhomes-grand-park-thu-duc-2482240.html,"Chuyển nhượng căn hộ cao cấp tại Vinhomes Grand Park, Thủ Đức","Long Bình, Thành phố Hồ Chí Minh",4500000000.0,48.7,,TP.HCM (lõi cũ),Căn hộ/Chung cư,92402464.06570841
https://nhadat.cafeland.vn/ban-nha-rieng-82m2-ngang-7m-4-tang-btct-4pn-gan-mat-tien-giap-tinh-lo-10-khu-t-3187865.html,"Bán nhà riêng: 82m2 Ngang 7m 4 Tầng BTCT 4PN Gần Mặt Tiền, Giáp Tỉnh Lộ 10 Khu T","Bình Tân, Thành phố Hồ Chí Minh",5700000000.0,82.0,4.0,TP.HCM (lõi cũ),Nhà ở/Nhà phố,69512195.12195122
https://nhadat.cafeland.vn/ban-nha-rieng-ban-nha-hxh-nguyen-huu-tien-p-tay-thanh-tan-phu-60m2-2-tang-3184006.html,"Bán nhà riêng: Bán nhà HXH Nguyễn Hữu Tiến, P. Tây Thạnh, Tân Phú, 60m2, 2 tầng,","Tây Thạnh, Thành phố Hồ Chí Minh",5800000000.0,60.0,,TP.HCM (lõi cũ),Nhà ở/Nhà phố,96666666.66666667
https://nhadat.cafeland.vn/ban-can-ho-chung-cu-ban-gap-can-ho-60m2-2pn2wc-view-song-co-so-hong-gia-335-ty-3183316.html,"Bán căn hộ chung cư: Bán gấp căn hộ 60m2 2pn2wc view sông có sổ hồng giá 3,35 tỷ","Bình Hưng, Thành phố Hồ Chí Minh",3350000000.0,60.0,2.0,TP.HCM (lõi cũ),Căn hộ/Chung cư,55833333.333333336
https://nhadat.cafeland.vn/ban-nha-lien-ke-the-light-city-vung-tau-mt-duong-165m-110m2-gia-tot-2290377.html,"Bán nhà liên kế The Light City Vũng Tàu – MT đường 16,5m – 110m² – Giá tốt","Vũng Tàu, Thành phố Hồ Chí Minh",6100000000.0,110.0,,Bà Rịa - Vũng Tàu (mới sáp nhập),Nhà ở/Nhà phố,55454545.45454545
https://nhadat.cafeland.vn/ban-nha-pho-bcons-uni-valley-n1-58-656m2-ngang-53m-gia-khoang-821-ty-3189812.html,"Bán nhà phố BCONS Uni Valley N1-58 – 65,6m², ngang 5,3m, giá khoảng 8,21 tỷ","Đông Hòa, Thành phố Hồ Chí Minh",8210000000.0,66.0,,Bình Dương (mới sáp nhập),Nhà ở/Nhà phố,124393939.39393939
https://nhadat.cafeland.vn/ban-nha-duong-hiep-binh-thu-duc-ngang-5m-4pn-hxh-gia-73-ty-3167277.html,"Bán nhà đường Hiệp Bình Thủ Đức, ngang 5m, 4PN, HXH, giá 7.3 tỷ","Hiệp Bình, Thành phố Hồ Chí Minh",7300000000.0,54.0,4.0,TP.HCM (lõi cũ),Nhà ở/Nhà phố,135185185.1851852
https://nhadat.cafeland.vn/ban-nha-rieng-chot-ngay-2-can-nha-pho-thanh-xuan-1-tret-3-lau-thang-may-xin-xo-3184900.html,Bán nhà riêng: Chốt ngay 2 căn nhà phố Thạnh Xuân 1 trệt 3 lầu thang máy xịn xò,"Thới An, Thành phố Hồ Chí Minh",7700000000.0,68.0,,TP.HCM (lõi cũ),Nhà ở/Nhà phố,113235294.11764705
https://nhadat.cafeland.vn/ban-dat-tho-cu-mt-kdc-gia-hoa-ql50-ngang-8m-dai-23m-nhinh-9-ty-3187953.html,Bán đất thổ cư: MT KDC Gia Hòa QL50 ngang 8m dài 23m - Nhỉnh 9 tỷ,"Bình Hưng, Thành phố Hồ Chí Minh",9200000000.0,181.0,,TP.HCM (lõi cũ),Đất nền,50828729.28176796
https://nhadat.cafeland.vn/ban-nha-duong-so-2binh-hung-hoa-abinh-tan-so-hong-rieng-hem-6m-100m2-2820041.html,"Bán Nhà Đường Số 2,Bình Hưng Hoà A,Bình Tân - Sổ Hồng Riêng - Hẻm 6m - 100m2","Bình Hưng Hòa, Thành phố Hồ Chí Minh",8500000000.0,100.0,,TP.HCM (lõi cũ),Nhà ở/Nhà phố,85000000.0
https://nhadat.cafeland.vn/chuyen-nhuong-nha-mat-tien-duong-nhua-ngay-bung-ong-thoan-thu-duc-2476996.html,"Chuyển nhượng nhà mặt tiền đường nhựa ngay Bưng Ông Thoàn, Thủ Đức","Thủ Đức, Thành phố Hồ Chí Minh",11000000000.0,160.0,,TP.HCM (lõi cũ),Nhà ở/Nhà phố,68750000.0
https://nhadat.cafeland.vn/chuyen-nhuong-zeit-river-thu-thiem-3pn-125m2-view-song-3177020.html,[CHUYỂN NHƯỢNG] ZEIT RIVER THỦ THIÊM | 3PN · 125M² | VIEW SÔNG,"An Khánh, Thành phố Hồ Chí Minh",32000000000.0,125.0,3.0,TP.HCM (lõi cũ),Khác,256000000.0
https://nhadat.cafeland.vn/mtkd-duong-dc7-ke-chung-cu-son-ky-56m2-4x14-4-tang-4pn-o-ngay-895-ty-2728805.html,"MTKD Đường DC7 - Kế chung cư Sơn Kỳ, 56m2, 4x14, 4 tầng, 4PN, ở ngay, 8.95 tỷ","Tây Thạnh, Thành phố Hồ Chí Minh",8950000000.0,56.0,4.0,TP.HCM (lõi cũ),Căn hộ/Chung cư,159821428.57142857
https://nhadat.cafeland.vn/khu-vuc-an-ninh-dan-tri-q10-hiem-va-kho-kiem-nha-3-tang-san-thuong-2728838.html,"Khu vực an ninh dân trí q10 hiếm và khó kiếm nhà 3 tầng, sân thượng","Hòa Hưng, Thành phố Hồ Chí Minh",3950000000.0,28.0,,TP.HCM (lõi cũ),Nhà ở/Nhà phố,141071428.57142857
https://nhadat.cafeland.vn/ban-lo-dat-hem-39-duong-cay-keo-thu-duc-3176702.html,Bán lô đất hẻm 39 đường Cây Keo Thủ Đức,"Tam Bình, Thành phố Hồ Chí Minh",4750000000.0,50.0,,TP.HCM (lõi cũ),Đất nền,95000000.0
https://nhadat.cafeland.vn/the-river-thu-thiem-3pn-view-song-landmark-ho-boi-140m2-31-ty-3176724.html,"THE RIVER THỦ THIÊM · 3PN VIEW SÔNG, LANDMARK & HỒ BƠI · 140M² · 31 Tỷ","An Khánh, Thành phố Hồ Chí Minh",31000000000.0,140.0,3.0,TP.HCM (lõi cũ),Khác,221428571.42857143
https://nhadat.cafeland.vn/ban-can-dep-vn59-92-vinhomes-green-paradise-can-gio-dien-tich-2709m2-trong-khu-do-thi-lan-bien-2489254.html,"Bán căn đẹp VN59-92 Vinhomes Green Paradise Cần Giờ diện tích 270,9m2 trong khu đô thị lấn biển","Cần Giờ, Thành phố Hồ Chí Minh",33337000000.0,270.9,,TP.HCM (lõi cũ),Khác,123060169.80435586
https://nhadat.cafeland.vn/ban-nha-rieng-so-huu-ngay-nha-123m2-dong-hung-thuan-quan-12-dong-tien-14-trie-3186720.html,"Bán nhà riêng: Sở hữu ngay nhà 123m2 Đông Hưng Thuận, Quận 12, dòng tiền 14 triệ","Đông Hưng Thuận, Thành phố Hồ Chí Minh",6750000000.0,124.0,,TP.HCM (lõi cũ),Nhà ở/Nhà phố,54435483.87096774
https://nhadat.cafeland.vn/lo-dat-sieu-hiem-con-xot-lai-mt-nguyen-quang-bich-tan-binh-2288618.html,"Lô đất siêu hiếm còn xót lại MT Nguyễn Quang Bích, Tân Bình","Tân Bình, Thành phố Hồ Chí Minh",33000000000.0,150.0,,TP.HCM (lõi cũ),Đất nền,220000000.0
https://nhadat.cafeland.vn/ban-nha-rieng-nha-tai-cho-cay-sop-gia-chi-38-toi-nha-56m2-hem-xe-hoi-3187717.html,"Bán nhà riêng: Nhà tại chợ Cây Sộp giá chỉ 3,8 tỏi – nhà 56m² – hẻm xe hơi","Đông Hưng Thuận, Thành phố Hồ Chí Minh",3800000000.0,56.0,3.0,TP.HCM (lõi cũ),Nhà ở/Nhà phố,67857142.85714285
https://nhadat.cafeland.vn/nha-2-mat-tien-noi-bo-vo-thi-sau-phuong-tan-dinh-quan-1-2485188.html,"Nhà 2 mặt tiền nội bộ Võ Thị Sáu, phường Tân Định, Quận 1","Tân Định, Thành phố Hồ Chí Minh",40000000000.0,205.6,,TP.HCM (lõi cũ),Nhà ở/Nhà phố,194552529.1828794
https://nhadat.cafeland.vn/dat-khu-dan-cu-ap-21-xa-binh-my-o-to-thong-10x125m-560tr-2279144.html,"Đất khu dân cư Ấp 21, xã Bình Mỹ ô tô thông, 10x12,5m, 560tr","Bình Mỹ, Thành phố Hồ Chí Minh",520000000.0,125.0,,TP.HCM (lõi cũ),Đất nền,4160000.0
https://nhadat.cafeland.vn/ban-nha-rieng-nha-2-tang-no-hau-50m2-3pn-gan-nguyen-thi-thap-q7-chi-399-t-3184038.html,"Bán nhà riêng: Nhà 2 tầng nở hậu, 50m2, 3PN, gần Nguyễn Thị Thập, Q7, chỉ 3.99 t","Phú Thuận, Thành phố Hồ Chí Minh",3990000000.0,50.0,3.0,TP.HCM (lõi cũ),Nhà ở/Nhà phố,79800000.0
https://nhadat.cafeland.vn/ban-nha-rieng-hang-hiem-mat-tien-duong-le-dinh-can-55-ty-vua-o-vua-kinh-doanh-3187849.html,"Bán nhà riêng: Hàng hiếm mặt tiền đường Lê Đình Cẩn 5,5 tỷ vừa ở vừa kinh doanh","Bình Tân, Thành phố Hồ Chí Minh",5500000000.0,44.0,,TP.HCM (lõi cũ),Nhà ở/Nhà phố,125000000.0
https://nhadat.cafeland.vn/ban-can-sat-goc-biet-thu-song-lap-mat-tien-bien-so-huu-lau-dai-tai-vung-tau-2431156.html,Bán Căn Sát Góc Biệt Thự Song Lập MẶt tiền biển sở hữu lâu dài tại Vũng Tàu,"Rạch Dừa, Thành phố Hồ Chí Minh",26000000000.0,170.0,,Bà Rịa - Vũng Tàu (mới sáp nhập),Biệt thự,152941176.47058824
https://nhadat.cafeland.vn/top-nha-vi-tri-dep-re-4-x-18m-1-tret-3-lau-duong-ba-trac-q8-tphcm-2257152.html,Top nhà vị trí đẹp rẻ 4 x 18m 1 trệt 3 lầu Dương Bá Trạc Q8 TP.HCM,"Chánh Hưng, Thành phố Hồ Chí Minh",15600000000.0,72.0,,TP.HCM (lõi cũ),Nhà ở/Nhà phố,216666666.66666666
https://nhadat.cafeland.vn/ban-biet-thu-hang-hiem-lavida-lien-ke-full-noi-that-gia-chi-72-ty-gia-tot-tro-3186703.html,"Bán biệt thự: Hàng hiếm LaVida liền kề full nội thất giá chỉ 7,2 tỷ. Giá tốt tro","Phước Thắng, Thành phố Hồ Chí Minh",7200000000.0,78.0,,Bà Rịa - Vũng Tàu (mới sáp nhập),Biệt thự,92307692.3076923
https://nhadat.cafeland.vn/ban-nha-nguyen-u-di-thao-dien-867-m2-2-tang-hdt-30trthang-gia-24-ty-2812695.html,"Bán nhà Nguyễn Ư Dĩ Thảo Điền, 86,7 m², 2 tầng, HĐT 30tr/tháng, giá 24 tỷ","An Khánh, Thành phố Hồ Chí Minh",24000000000.0,86.7,,TP.HCM (lõi cũ),Nhà ở/Nhà phố,276816608.9965398
https://nhadat.cafeland.vn/ban-dat-tho-cu-ban-lo-goc-2-mat-tien-duong-nguyen-don-tiet-p-binh-trung-dong-q-3189190.html,Bán đất thổ cư: Bán lô góc 2 mặt tiền đường Nguyễn Đôn Tiết P. Bình Trưng Đông Q,"Bình Trưng, Thành phố Hồ Chí Minh",10300000000.0,129.9,,TP.HCM (lõi cũ),Đất nền,79291762.89453426
https://nhadat.cafeland.vn/ban-nha-rieng-47-ty-nha-cap-4-xe-hoi-ngu-trong-nha-truong-thi-hoa-q12-3183959.html,"Bán nhà riêng: 4,7 tỷ Nhà cấp 4 xe hơi ngủ trong nhà Trương Thị Hoa Q12","Tân Thới Hiệp, Thành phố Hồ Chí Minh",4700000000.0,60.0,2.0,TP.HCM (lõi cũ),Nhà ở/Nhà phố,78333333.33333333
https://nhadat.cafeland.vn/ban-nha-rieng-nha-sat-nguyen-thi-thap-q7-60m2-nha-moi-xay-kien-co-an-ninh-g-3182291.html,"Bán nhà riêng: nhà sát Nguyễn Thị Thập Q7, 60m², nhà mới xây kiên cố, an ninh -G","Tân Hưng, Thành phố Hồ Chí Minh",6000000000.0,60.0,,TP.HCM (lõi cũ),Nhà ở/Nhà phố,100000000.0
https://nhadat.cafeland.vn/ban-nha-rieng-co-nhung-can-nha-dang-chu-y-khong-phai-vi-re-ma-vi-chu-dang-tha-3189219.html,"Bán nhà riêng: Có những căn nhà đáng chú ý không phải vì rẻ, mà vì chủ đang thậ","Bình Lợi Trung, Thành phố Hồ Chí Minh",4125000000.0,58.0,,TP.HCM (lõi cũ),Nhà ở/Nhà phố,71120689.65517241
https://nhadat.cafeland.vn/ban-nha-quan-3-duong-nguyen-dinh-chieu-phuong-ban-co-hem-rong-5m-2811856.html,BÁN NHÀ QUẬN 3 - ĐƯỜNG NGUYỄN ĐÌNH CHIỂU - PHƯỜNG BÀN CỜ - HẺM RỘNG 5M,"Bàn Cờ, Thành phố Hồ Chí Minh",8990000000.0,32.0,2.0,TP.HCM (lõi cũ),Nhà ở/Nhà phố,280937500.0
https://nhadat.cafeland.vn/ba-chi-nho-ban-giup-lo-dat-150m2-khu-do-thi-my-phuoc-3-2012146.html,Bà chị nhờ bán giúp lô đất 150m2 khu đô thị mỹ phước 3,"Bến Cát, Thành phố Hồ Chí Minh",1480000000.0,150.0,,Bình Dương (mới sáp nhập),Đất nền,9866666.666666666
https://nhadat.cafeland.vn/ban-nha-mat-tien-duong-32-phuong-11-quan-10-doi-dien-nha-hat-hoa-binh-2477762.html,"Bán nhà mặt tiền đường 3/2, Phường 11, Quận 10, đối diện Nhà hát Hòa Bình","Hòa Hưng, Thành phố Hồ Chí Minh",14500000000.0,18.0,,TP.HCM (lõi cũ),Nhà ở/Nhà phố,805555555.5555556
https://nhadat.cafeland.vn/ban-dat-tho-cu-lo-dat-100m2-tai-lan-anh-1-thanh-pho-ho-chi-minh-co-hoi-dau-tu-3185802.html,"Bán đất thổ cư: Lô đất 100m2 tại Lan Anh 1, thành phố Hồ Chí Minh, cơ hội đầu tư","Bà Điểm, Thành phố Hồ Chí Minh",1750000000.0,100.0,,TP.HCM (lõi cũ),Đất nền,17500000.0
https://nhadat.cafeland.vn/ban-nha-pho-du-an-gold-coast-vung-tau-gia-59-ty-2481121.html,Bán nhà phố dự án Gold Coast Vũng Tàu giá 5.9 tỷ,"Long Điền, Thành phố Hồ Chí Minh",5900000000.0,108.0,,Bà Rịa - Vũng Tàu (mới sáp nhập),Nhà ở/Nhà phố,54629629.62962963
https://nhadat.cafeland.vn/ban-dat-quan-7-duong-so-1-ptan-phu-dt-5x22m-gia-195-ty-2485945.html,"Bán đất Quận 7 đường số 1 P.Tân Phú, dt 5x22m giá 19,5 tỷ","Tân Hưng, Thành phố Hồ Chí Minh",19500000000.0,98.0,1.0,TP.HCM (lõi cũ),Đất nền,198979591.83673468
https://nhadat.cafeland.vn/ban-dat-goc-3-mat-tien-ngo-gia-tu-binh-duong-vi-tri-cuc-dep-2477171.html,"Bán đất góc 3 mặt tiền Ngô Gia Tự, Bình Dương – vị trí cực đẹp","Bình Dương, Thành phố Hồ Chí Minh",16500000000.0,310.0,,Bình Dương (mới sáp nhập),Đất nền,53225806.451612905
https://nhadat.cafeland.vn/ban-duplex-hi-ceiling-picty-sky-park-tran-cao-53m-tang-goi-noi-that-2811735.html,BÁN DUPLEX HI-CEILING PICTY SKY PARK - TRẦN CAO 5.3M - TẶNG GÓI NỘI THẤT.,"Thủ Đức, Thành phố Hồ Chí Minh",3420000000.0,60.0,2.0,TP.HCM (lõi cũ),Khác,57000000.0
https://nhadat.cafeland.vn/can-sang-nhuong-can-ho-conic-full-noi-tha-2pn-2wc-86m2-mat-tien-huynh-ba-chanh-2827290.html,Cần sang nhương căn hộ Conic Full nội thấ 2pn 2wc 86m2 mặt tiền Huỳnh Bá Chánh,"Bình Chánh, Thành phố Hồ Chí Minh",3150000000.0,86.0,2.0,TP.HCM (lõi cũ),Căn hộ/Chung cư,36627906.97674418
https://nhadat.cafeland.vn/ban-nha-rieng-nha-mt-4-tang-5-x-20-10pn-o-thang-may-d-tien-30trthang-binh-hung-3187955.html,Bán nhà riêng: Nhà MT 4 tầng 5 x 20 10pn Ô thang máy D Tiền 30tr/tháng Bình Hưng,"Bình Hưng, Thành phố Hồ Chí Minh",8180000000.0,100.0,10.0,TP.HCM (lõi cũ),Nhà ở/Nhà phố,81800000.0
https://nhadat.cafeland.vn/chinh-chu-ket-tien-nen-can-ban-gap-lo-dat-full-tho-cusan-so-mat-tien-duong-54m-3160252.html,"Chính chủ kẹt tiền nên cần bán gấp lô đất full thổ cư,sẵn sổ mặt tiền đường 54m","Vĩnh Tân, Thành phố Hồ Chí Minh",890000000.0,70.0,,Bình Dương (mới sáp nhập),Đất nền,12714285.714285715
https://nhadat.cafeland.vn/ban-can-ho-chung-cu-can-ban-2pn-2wc-74m2-noi-that-co-ban-view-noi-khu-khu-do-3183928.html,"Bán căn hộ chung cư: Cần bán 2PN 2WC 74m2, nội thất cơ bản, view nội khu, khu đô","Lái Thiêu, Thành phố Hồ Chí Minh",2950000000.0,74.0,2.0,Bình Dương (mới sáp nhập),Căn hộ/Chung cư,39864864.86486486
https://nhadat.cafeland.vn/ban-nha-rieng-nha-pho-100m2-tai-dinh-duc-thien-binh-chanh-so-hong-rieng-3186852.html,"Bán nhà riêng: Nhà phố 100m2 tại Đinh Đức Thiện, Bình Chánh - Sổ hồng riêng","Bình Chánh, Thành phố Hồ Chí Minh",1150000000.0,100.0,,TP.HCM (lõi cũ),Nhà ở/Nhà phố,11500000.0
https://nhadat.cafeland.vn/ban-nha-rieng-ban-gap-nha-duong-nguyen-cong-tru-32m2-4-tang-649-ty-3186709.html,"Bán nhà riêng: Bán gấp nhà đường Nguyễn Công Trứ, 32m2, 4 tầng, 6,49 tỷ","Bến Thành, Thành phố Hồ Chí Minh",6490000000.0,32.0,3.0,TP.HCM (lõi cũ),Nhà ở/Nhà phố,202812500.0
https://nhadat.cafeland.vn/nguyen-hong-3km-toi-san-bay-tsn-53m2-2pn-so-trao-tay-vay-bank-10-nam-2812288.html,"Nguyên Hồng 3KM tới Sân Bay TSN , 53M2 ( 2PN ) , Sổ trao tay , Vay Bank 10 năm","Bình Lợi Trung, Thành phố Hồ Chí Minh",2120000000.0,53.0,2.0,TP.HCM (lõi cũ),Khác,40000000.0
https://nhadat.cafeland.vn/chon-ngay-ma-vn68-28-vinhomes-green-paradise-can-gio-dien-tich-270m2-cho-dau-tu-dai-han-2489245.html,Chọn ngay mã VN68-28 Vinhomes Green Paradise Cần Giờ diện tích 270m2 cho đầu tư dài hạn,"Cần Giờ, Thành phố Hồ Chí Minh",32579000000.0,270.0,,TP.HCM (lõi cũ),Khác,120662962.96296297
https://nhadat.cafeland.vn/ban-dat-tho-cu-ban-dat-kim-long-chau-duc-ho-chi-minh-gia-470-trieu-san-80m-3187699.html,Bán đất thổ cư: Bán đất Kim Long - Châu Đức. Hồ Chí Minh. Giá 470 triệu (sẵn 80m,"Kim Long, Thành phố Hồ Chí Minh",470000000.0,150.0,,Bà Rịa - Vũng Tàu (mới sáp nhập),Đất nền,3133333.3333333335
https://nhadat.cafeland.vn/hem-8m-hoang-bat-dat-56m2-4x14-5-tang-5pn-khu-dong-bo-dan-tri-cao-95-ty-2831986.html,"Hẻm 8m Hoàng Bất Đạt, 56m2, 4x14, 5 tầng, 5PN, khu đồng bộ dân trí cao, 9.5 tỷ","Tân Sơn, Thành phố Hồ Chí Minh",9500000000.0,56.0,5.0,TP.HCM (lõi cũ),Khác,169642857.14285713
https://nhadat.cafeland.vn/can-ban-1-so-lo-dat-mat-tien-lien-phuong-da-so-van-hoa-thong-tin-tp-thu-duc-2222509.html,"Cần bán 1 số lô đất mặt tiền Liên phường DA Sở Văn Hóa Thông Tin, Tp Thủ Đức.","Long Trường, Thành phố Hồ Chí Minh",13800000000.0,100.0,,TP.HCM (lõi cũ),Đất nền,138000000.0
https://nhadat.cafeland.vn/dat-trong-43x195m-duong-79-phuong-tan-quy-q7-gia-tot-dt-2276191.html,"Đất Trống 4,3x19,5m Đường 79 Phường Tân Quy Q7. giá Tốt DT","Tân Hưng, Thành phố Hồ Chí Minh",18500000000.0,83.3,,TP.HCM (lõi cũ),Đất nền,222088835.5342137
https://nhadat.cafeland.vn/ban-nha-rieng-ban-nha-chung-cu-thanh-nien-tan-binh-bau-cat-2-nhinh-2-ty-3188246.html,Bán nhà riêng: Bán Nhà Chung Cư Thanh Niên - Tân Bình Bàu Cát 2 - Nhỉnh 2 Tỷ,"Tân Bình, Thành phố Hồ Chí Minh",2750000000.0,49.0,,TP.HCM (lõi cũ),Căn hộ/Chung cư,56122448.97959184
https://nhadat.cafeland.vn/ban-nha-hem-xe-hoi-quang-trung-phuong-14-go-vap-43m2-2-tang-btct-53-ty-2820655.html,"Bán nhà hẻm xe hơi Quang Trung, Phường 14, Gò Vấp - 43m2 - 2 tầng BTCT - 5.3 tỷ","An Hội Tây, Thành phố Hồ Chí Minh",5300000000.0,43.0,,TP.HCM (lõi cũ),Nhà ở/Nhà phố,123255813.95348836
https://nhadat.cafeland.vn/ban-nha-mat-tien-nguyen-xi-p13-binh-thanh-47m2-gia-14-ty-2571269.html,"Bán nhà mặt tiền Nguyễn Xí, P13, Bình Thạnh - 47m2 - Giá 14 tỷ","Bình Lợi Trung, Thành phố Hồ Chí Minh",14000000000.0,42.0,,TP.HCM (lõi cũ),Nhà ở/Nhà phố,333333333.3333333
https://nhadat.cafeland.vn/dat-gia-tot-binh-thanh-mat-tien-nguyen-van-dau-110-m2-nha-co-san-tren-dat-363ty-2362169.html,"ĐẤT GIÁ TỐT BÌNH THẠNH MẶT TIỀN NGUYỄN VĂN ĐẬU 110 M² NHÀ CÓ SẴN TRÊN ĐẤT 36,3TY","Bình Thạnh, Thành phố Hồ Chí Minh",36300000000.0,110.0,,TP.HCM (lõi cũ),Đất nền,330000000.0
https://nhadat.cafeland.vn/tong-hop-nha-ban-4x18m-7x20m-khu-an-phu-hung-tan-quy-dong-p-tan-phong-q7-2191502.html,tổng hợp nhà bán 4x18m- 7x20m khu an phú hưng - Tân quy đông -P tân phong Q7,"Tân Hưng, Thành phố Hồ Chí Minh",15500000000.0,72.0,,TP.HCM (lõi cũ),Nhà ở/Nhà phố,215277777.7777778
https://nhadat.cafeland.vn/can-biet-thu-dep-goc-2-mat-tien-rat-hiem-duong-12m-dang-thuy-tram-2131025.html,Căn Biệt thự đẹp góc 2 mặt tiền rất hiếm đường 12m Đặng Thùy Trâm,"Bình Lợi Trung, Thành phố Hồ Chí Minh",25000000000.0,200.0,,TP.HCM (lõi cũ),Biệt thự,125000000.0
https://nhadat.cafeland.vn/ban-nha-5m22m-hxh-khu-nhieu-tien-ich-ngay-nha-tho-hanh-thong-tay-cv-lang-hoa-2284000.html,"Bán nhà (5m*22m), HXH khu nhiều tiện ích ngay nhà thờ Hạnh Thông Tây CV Làng Hoa","Thông Tây Hội, Thành phố Hồ Chí Minh",10299000000.0,107.0,10.0,TP.HCM (lõi cũ),Nhà ở/Nhà phố,96252336.44859813
https://nhadat.cafeland.vn/ban-dat-tho-cu-nha-cap-4-153m-no-hau-chi-tinh-gia-dat-him-lam-q7-97-ty-3185780.html,Bán đất thổ cư: Nhà cấp 4 153m nở hậu chỉ tính giá đất Him Lam Q7 9.7 tỷ,"Tân Hưng, Thành phố Hồ Chí Minh",9700000000.0,153.0,,TP.HCM (lõi cũ),Đất nền,63398692.81045751
https://nhadat.cafeland.vn/so-huu-can-ho-trung-tam-quan-2-sieu-cao-cap-2933235.html,SỞ HỮU CĂN HỘ TRUNG TÂM QUẬN 2 SIÊU CAO CẤP,"Bình Trưng, Thành phố Hồ Chí Minh",13800000000.0,81.0,,TP.HCM (lõi cũ),Căn hộ/Chung cư,170370370.37037036
https://nhadat.cafeland.vn/ban-biet-thu-go-vap-duong-10m-shr-dep-7m20m-lam-vpcty-xay-moi-toa-nha-chdv-2285710.html,"BÁN BIỆT THỰ GÒ VẤP ĐƯỜNG 10M, SHR ĐẸP (7M×20M), LÀM VPCty, XÂY MỚI TOÀ NHÀ CHDV","An Nhơn, Thành phố Hồ Chí Minh",20999000000.0,140.0,,TP.HCM (lõi cũ),Biệt thự,149992857.14285713
https://nhadat.cafeland.vn/ban-nha-mat-tien-32-huyen-quang-phuong-tan-dinh-tp-ho-chi-minh-3176905.html,"Bán nhà mặt tiền 32 Huyền Quang, Phường Tân Định, TP. Hồ Chí Minh","Tân Định, Thành phố Hồ Chí Minh",10800000000.0,71.04,,TP.HCM (lõi cũ),Nhà ở/Nhà phố,152027027.027027
https://nhadat.cafeland.vn/ban-nha-rieng-ban-nha-quan-10-ba-hat-8pn-55m-chi-9-ty-3188245.html,Bán nhà riêng: Bán Nhà Quận 10 - Bà Hạt - 8PN - 55M - Chỉ 9 Tỷ,"Vườn Lài, Thành phố Hồ Chí Minh",9000000000.0,55.0,8.0,TP.HCM (lõi cũ),Nhà ở/Nhà phố,163636363.63636363
https://nhadat.cafeland.vn/ban-nha-rieng-hang-hiem-tan-binh-duong-to-10m-2-lau-4-phong-ngu-chi-54-t-3186768.html,Bán nhà riêng: Hàng hiếm Tân Bình - Đường to 10m - 2 lầu 4 phòng ngủ - Chỉ 5.4 t,"Tân Sơn, Thành phố Hồ Chí Minh",5400000000.0,30.0,4.0,TP.HCM (lõi cũ),Nhà ở/Nhà phố,180000000.0
https://nhadat.cafeland.vn/can-ho-ven-song-mizuki-park-26hanguyen-van-linh-binh-chanh-2pn-75m2-l-52ty-3175047.html,"Căn Hộ Ven Sông Mizuki Park (26ha)Nguyễn Văn Linh, Bình Chánh, 2PN 75m² l 5,2tỷ","Bình Hưng, Thành phố Hồ Chí Minh",5166000000.0,75.98,2.0,TP.HCM (lõi cũ),Căn hộ/Chung cư,67991576.73071861
https://nhadat.cafeland.vn/can-ho-70m2-ban-giao-cao-cap-gia-dang-sale-chi-con-299-ty-ban-nhanh-trong-thang-2236842.html,"Căn Hộ 70m2 bàn giao cao cấp giá đang sale chỉ còn 2,99 tỷ bán nhanh trong tháng","Dĩ An, Thành phố Hồ Chí Minh",29.99,70.0,2.0,Bình Dương (mới sáp nhập),Căn hộ/Chung cư,0.4284285714285714
https://nhadat.cafeland.vn/ban-nha-hxh-duong-ba-homquan-6-62m2-4-tang-dai-18m-gia-769-ty-tl-2481841.html,"BÁN NHÀ HXH ĐƯỜNG BÀ HOM.QUẬN 6 (62m2 - 4 TẦNG, DÀI 18M) GIÁ 7,69 TỶ TL","Phú Lâm, Thành phố Hồ Chí Minh",7690000000.0,62.0,3.0,TP.HCM (lõi cũ),Nhà ở/Nhà phố,124032258.06451613
https://nhadat.cafeland.vn/ban-nha-rieng-nha-3t-hem-xe-hoi-thong-trung-my-tay-q12-4x22m-chi-595-ty-tl-3184419.html,"Bán nhà riêng: Nhà 3T hẻm xe hơi thông Trung Mỹ Tây Q12 4x22m chỉ 5,95 tỷ TL","Trung Mỹ Tây, Thành phố Hồ Chí Minh",5950000000.0,88.0,,TP.HCM (lõi cũ),Nhà ở/Nhà phố,67613636.36363636
https://nhadat.cafeland.vn/ban-nha-rieng-ban-nha-hxh-nguyen-huu-tien-tay-thanh-tan-phu-dt-69-m2-gia-7-3185738.html,"Bán nhà riêng: Bán nhà HXH Nguyễn Hữu Tiến, Tây Thạnh, Tân Phú, DT 69 M2, giá 7","Tây Thạnh, Thành phố Hồ Chí Minh",7000000000.0,69.0,,TP.HCM (lõi cũ),Nhà ở/Nhà phố,101449275.36231884
https://nhadat.cafeland.vn/chuyen-nhuong-dat-kdc-song-giong-duong-so-1-phuong-an-phu-quan-2-2480831.html,"Chuyển nhượng đất KDC Sông Giồng đường số 1, phường An Phú, quận 2","An Khánh, Thành phố Hồ Chí Minh",16000000000.0,78.0,,TP.HCM (lõi cũ),Đất nền,205128205.12820512
https://nhadat.cafeland.vn/ban-can-ho-chung-cu-ban-gap-sai-gon-mia-trung-son-tang-cao-view-panorama-toan-c-3186853.html,Bán căn hộ chung cư: Bán gấp sài gòn mia trung sơn tầng cao view panorama toàn c,"Bình Hưng, Thành phố Hồ Chí Minh",5300000000.0,76.0,,TP.HCM (lõi cũ),Căn hộ/Chung cư,69736842.10526316
https://nhadat.cafeland.vn/ban-nha-rieng-ban-nha-binh-thanh-nguyen-van-dau-5x13-2-lau-khu-an-ninh-dan-tri-3184912.html,Bán nhà riêng: Bán nhà Bình Thạnh Nguyễn Văn Đậu 5x13 2 lầu khu an ninh dân trí,"Bình Lợi Trung, Thành phố Hồ Chí Minh",8900000000.0,64.0,,TP.HCM (lõi cũ),Nhà ở/Nhà phố,139062500.0
https://nhadat.cafeland.vn/ban-lo-dat-hiem-gan-200m2-hem-xe-hoi-khu-sam-uat-tien-xay-moi-sieu-pham-chdv-2286134.html,"BÁN LÔ ĐẤT HIẾM GẦN 200M2, HẺM XE HƠI KHU SẦM UẤT, TIỆN XÂY MỚI SIÊU PHẨM CHDV","Thông Tây Hội, Thành phố Hồ Chí Minh",11999000000.0,199.0,,TP.HCM (lõi cũ),Đất nền,60296482.4120603
https://nhadat.cafeland.vn/ban-biet-thu-biet-thu-bien-15-ty-maia-to-hop-the-grand-ho-tram-chi-tt-50-nha-3187704.html,Bán biệt thự: Biệt thự biển 15 tỷ Maia Tổ hợp The Grand Hồ Tràm - Chỉ TT 50% nhậ,"Hồ Tràm, Thành phố Hồ Chí Minh",15300000000.0,252.0,,Bà Rịa - Vũng Tàu (mới sáp nhập),Biệt thự,60714285.71428572
https://nhadat.cafeland.vn/nha-chinh-chu-go-vap-30m2-2pn-sat-hem-xe-tai-thong-cong-vien-lang-hoa-2933635.html,"Nhà chính chủ Gò Vấp - 30m2 - 2PN - sát hẻm xe tải, thông công viên Làng Hoa","Thông Tây Hội, Thành phố Hồ Chí Minh",4190000000.0,30.0,2.0,TP.HCM (lõi cũ),Nhà ở/Nhà phố,139666666.66666666
https://nhadat.cafeland.vn/nha-5-tang-hem-7m-duong-huong-lo-2-54m2-4x135-5pn-chi-69-ty-tl-2325191.html,"Nhà 5 tầng hẻm 7m đường Hương Lộ 2, 54m2, 4x13.5, 5PN, Chỉ 6.9 tỷ TL","Bình Trị Đông, Thành phố Hồ Chí Minh",6900000000.0,54.0,5.0,TP.HCM (lõi cũ),Nhà ở/Nhà phố,127777777.77777778
https://nhadat.cafeland.vn/ban-dat-tho-cu-ban-lo-dat-co-tho-cu-ngay-ben-xe-cu-chi-thuoc-xa-tan-an-hoi-tp-3187935.html,"Bán đất thổ cư: Bán lô đất có thổ cư ngay Bến xe Củ Chi thuộc xã Tân An Hội, TP.","Tân An Hội, Thành phố Hồ Chí Minh",1100000000.0,123.0,,TP.HCM (lõi cũ),Đất nền,8943089.43089431
https://nhadat.cafeland.vn/ban-nha-huong-lo-2quan-binh-tan-so-hong-rieng-65m2-4-tang-gia-72-ty-tl-3178564.html,"BÁN NHÀ HƯƠNG LỘ 2,QUẬN BÌNH TÂN - SỔ HỒNG RIÊNG - 65M² - 4 TẦNG - GIÁ 7,2 TỶ TL","Bình Trị Đông, Thành phố Hồ Chí Minh",7200000000.0,65.0,,TP.HCM (lõi cũ),Nhà ở/Nhà phố,110769230.76923077
https://nhadat.cafeland.vn/ban-nha-rieng-ban-nha-hem-6m-xt-duong-so-9-phuong-binh-hung-hoa-quan-binh-t-3187833.html,"Bán nhà riêng: Bán nhà hẻm 6m (XT) Đường Số 9, Phường Bình Hưng Hòa, Quận Bình T","Bình Hưng Hòa, Thành phố Hồ Chí Minh",4400000000.0,50.0,2.0,TP.HCM (lõi cũ),Nhà ở/Nhà phố,88000000.0
https://nhadat.cafeland.vn/ban-nha-rieng-nha-mat-tien-sam-uat-to-ky-quang-trung-55-ty-3185661.html,"Bán nhà riêng: Nhà mặt tiền sầm uất Tô Ký, Quang Trung, 5.5 tỷ","Đông Hưng Thuận, Thành phố Hồ Chí Minh",5500000000.0,57.0,,TP.HCM (lõi cũ),Nhà ở/Nhà phố,96491228.07017544
https://nhadat.cafeland.vn/ban-nha-view-cong-vien-song-nhin-pmh-7x18m-ham-4-tang-2283719.html,Bán nhà view công viên sông nhìn PMH 7x18m hầm 4 tầng,"Tân Hưng, Thành phố Hồ Chí Minh",27000000000.0,126.0,,TP.HCM (lõi cũ),Nhà ở/Nhà phố,214285714.2857143
https://nhadat.cafeland.vn/ban-nha-rieng-mat-tien-kinh-doanh-le-thiet-khu-phu-tho-hoa-72m2-dong-tien-11-3182258.html,"Bán nhà riêng: Mặt tiền kinh doanh Lê Thiệt khu Phú Thọ Hòa, 72m2, dòng tiền 11","Phú Thọ Hòa, Thành phố Hồ Chí Minh",8600000000.0,72.0,,TP.HCM (lõi cũ),Nhà ở/Nhà phố,119444444.44444445
https://nhadat.cafeland.vn/nha-mat-tien-binh-thanh-55x16m-88m2-dong-tien-600-trieunam-gia-245-ty-2832836.html,"Nhà mặt tiền Bình Thạnh 5,5x16m 88m², dòng tiền 600 triệu/năm, giá 24,5 tỷ","Thạnh Mỹ Tây, Thành phố Hồ Chí Minh",24500000000.0,88.0,,TP.HCM (lõi cũ),Nhà ở/Nhà phố,278409090.90909094
https://nhadat.cafeland.vn/ban-nha-rieng-ban-nha-mat-tien-duong-so-kdc-gia-hoa-nha-moi-lung-linh-quan-8-3183301.html,Bán nhà riêng: Bán nhà mặt tiền đường số KDC Gia Hòa Nhà mới lung linh Quận 8 -,"Bình Hưng, Thành phố Hồ Chí Minh",5000000000.0,100.0,3.0,TP.HCM (lõi cũ),Nhà ở/Nhà phố,50000000.0
https://nhadat.cafeland.vn/ban-nha-rieng-nha-ba-diem-3m-x-14m-3-phong-ngu-hem-o-to-gia-32-ty-3187940.html,"Bán nhà riêng: Nhà Bà Điểm, 3m x 14m, 3 phòng ngủ, hẻm ô tô, giá 3,2 tỷ","Bà Điểm, Thành phố Hồ Chí Minh",3200000000.0,42.0,3.0,TP.HCM (lõi cũ),Nhà ở/Nhà phố,76190476.1904762
https://nhadat.cafeland.vn/ban-dat-tho-cu-ban-nha-dat-dong-hung-thuan-quan-12-156m2-hem-xe-tai-5-tan-3183168.html,"Bán đất thổ cư: Bán nhà đất Đông Hưng Thuận, Quận 12 - 156m2 - Hẻm xe tải 5 tấn","Đông Hưng Thuận, Thành phố Hồ Chí Minh",7500000000.0,156.0,,TP.HCM (lõi cũ),Đất nền,48076923.07692308
https://nhadat.cafeland.vn/p-ban-co-ban-nha-nguyen-dinh-chieu-hxh-4-tang-btct-dong-tien-25tr-gia-87-ty-2289524.html,[P BÀN CỜ] BÁN NHÀ NGUYỄN ĐÌNH CHIỂU HXH –4 TẦNG BTCT –DÒNG TIỀN 25TR–GIÁ 8.7 TỶ,"Bàn Cờ, Thành phố Hồ Chí Minh",8700000000.0,36.0,,TP.HCM (lõi cũ),Nhà ở/Nhà phố,241666666.66666666
https://nhadat.cafeland.vn/ban-can-ho-chung-cu-hang-truc-tiep-cdt-nam-long-chiet-khau-len-den-145-ca-3184084.html,Bán căn hộ chung cư: Hàng trực tiếp CĐT Nam Long - Chiết khấu lên đến 14.5% - Că,"Bình Hưng, Thành phố Hồ Chí Minh",5300000000.0,75.0,,TP.HCM (lõi cũ),Căn hộ/Chung cư,70666666.66666667
https://nhadat.cafeland.vn/ban-dat-duong-phan-anhphuong-binh-tri-dong-so-hong-rieng-162m2-gia-75-ty-3126873.html,"BÁN ĐẤT ĐƯỜNG PHAN ANH,PHƯỜNG BÌNH TRỊ ĐÔNG - SỔ HỒNG RIÊNG - 162m² -GIÁ 7,5 TỶ","Bình Trị Đông, Thành phố Hồ Chí Minh",7500000000.0,162.0,,TP.HCM (lõi cũ),Đất nền,46296296.2962963
https://nhadat.cafeland.vn/gio-hang-can-ho-the-barkey-gateway-thao-dien-23pn-nhan-nha-ngay-tt-30-2823806.html,"Giỏ hàng căn hộ The Barkey - Gateway Thảo Điền, 2–3PN, nhận nhà ngay, TT 30%","An Khánh, Thành phố Hồ Chí Minh",17170000000.0,93.0,3.0,TP.HCM (lõi cũ),Căn hộ/Chung cư,184623655.9139785
https://nhadat.cafeland.vn/ban-nha-rieng-mot-kiet-tac-tan-co-dien-trang-tinh-khoi-toa-sang-giua-long-tan-d-3189223.html,Bán nhà riêng: Một kiệt tác Tân cổ điển trắng tinh khôi tỏa sáng giữa lòng Tân Đ,"Tân Định, Thành phố Hồ Chí Minh",5490000000.0,66.4,,TP.HCM (lõi cũ),Nhà ở/Nhà phố,82680722.89156626
https://nhadat.cafeland.vn/nha-duong-quang-ham-627-m2-hxh-thong-2-tang-hoan-cong-du-nhinh-8-ty-2492209.html,"Nhà Dương Quảng Hàm 62,7 m2 - HXH thông- 2 tầng - Hoàn công đủ nhỉnh 8 tỷ","An Nhơn, Thành phố Hồ Chí Minh",8290000000.0,62.7,,TP.HCM (lõi cũ),Nhà ở/Nhà phố,132216905.90111642
https://nhadat.cafeland.vn/ban-nha-rieng-len-song-cap-nha-pho-mat-tien-duong-thanh-loc-39-phuong-apd-qua-3187737.html,"Bán nhà riêng: Lên Sóng Cặp Nhà Phố Mặt Tiền Đường Thạnh Lộc 39, Phường APĐ, Quậ","An Phú Đông, Thành phố Hồ Chí Minh",6400000000.0,51.0,,TP.HCM (lõi cũ),Nhà ở/Nhà phố,125490196.07843137
https://nhadat.cafeland.vn/hem-6m-duong-tan-huong-60m2-5-tang-6pn-nha-dep-vi-tri-dep-chi-875-ty-2492320.html,"Hẻm 6m đường Tân Hương, 60m2, 5 tầng, 6PN, nhà đẹp, vị trí đẹp, Chỉ 8.75 tỷ","Phú Thọ Hòa, Thành phố Hồ Chí Minh",8750000000.0,60.0,6.0,TP.HCM (lõi cũ),Nhà ở/Nhà phố,145833333.33333334
https://nhadat.cafeland.vn/ban-nha-rieng-ban-nha-chinh-chu-khu-phu-my-pham-huu-lau-1-tret-3-lau-5x18m-so-h-3185790.html,Bán nhà riêng: Bán nhà chính chủ khu Phú Mỹ Phạm Hữu Lầu 1 Trệt 3 Lầu 5x18m sổ h,"Phú Thuận, Thành phố Hồ Chí Minh",12000000000.0,90.0,3.0,TP.HCM (lõi cũ),Nhà ở/Nhà phố,133333333.33333333
https://nhadat.cafeland.vn/nha-moi-dep-vao-o-ngay-noi-that-hien-dai-ngang-6m-67m2-4pn4wc-2933138.html,"Nhà mới đẹp, vào ở ngay, nội thất hiện đại, ngang 6m, 67m2, 4pn4wc.","Tân Hòa, Thành phố Hồ Chí Minh",7950000000.0,67.0,4.0,TP.HCM (lõi cũ),Nhà ở/Nhà phố,118656716.41791044
https://nhadat.cafeland.vn/gapchi-hon-7-ty-co-nha-4-lau-hxh-thong-nhat-60m2-tien-lam-vp-gan-nguyen-du-3180165.html,GẤP!!!Chỉ hơn 7 tỷ có nhà 4 lầu HXH Thống Nhất 60m2 tiện làm VP gần Nguyễn Du,"Thông Tây Hội, Thành phố Hồ Chí Minh",7600000000.0,60.0,5.0,TP.HCM (lõi cũ),Nhà ở/Nhà phố,126666666.66666667
https://nhadat.cafeland.vn/ban-nha-le-trong-tan-tay-thanh-tan-phu-ngang-52m-62m-chi-51-ty-tl-2831883.html,"BÁN NHÀ LÊ TRỌNG TẤN, TÂY THẠNH, TÂN PHÚ NGANG 5.2M 62M CHỈ 5.1 TỶ TL","Tây Thạnh, Thành phố Hồ Chí Minh",5100000000.0,62.0,,TP.HCM (lõi cũ),Nhà ở/Nhà phố,82258064.51612903
https://nhadat.cafeland.vn/ban-nha-nguyen-van-luongquan-6-4m-x-20m-x-2-tang-79-ty-tl-2812193.html,"BÁN NHÀ NGUYỄN VĂN LUÔNG,QUẬN 6 (4m x 20m x 2 TẦNG) 7,9 TỶ TL","Bình Phú, Thành phố Hồ Chí Minh",7900000000.0,80.0,2.0,TP.HCM (lõi cũ),Nhà ở/Nhà phố,98750000.0
https://nhadat.cafeland.vn/nha-ban-hxh-4917-nguyen-dinh-chieu-nha-6-tang-3179203.html,Nhà Bán HXH 491/7 Nguyễn Đình Chiểu. Nhà 6 Tầng,"Bàn Cờ, Thành phố Hồ Chí Minh",10500000000.0,29.0,,TP.HCM (lõi cũ),Nhà ở/Nhà phố,362068965.51724136
https://nhadat.cafeland.vn/nha-4-tang-4x12m-hem-4m-duong-au-duong-lan-p3-quan-8-3186903.html,NHÀ 4 TẦNG (4x12m) HẺM 4M ĐƯỜNG ÂU DƯƠNG LÂN P.3 QUẬN 8,"Chánh Hưng, Thành phố Hồ Chí Minh",5970000000.0,48.0,3.0,TP.HCM (lõi cũ),Nhà ở/Nhà phố,124375000.0
https://nhadat.cafeland.vn/ban-gap-lo-dat-vip-280m2-full-tho-cu-cach-bien-can-gio-2km-gia-12-ty-2282767.html,Bán gấp lô đất VIP 280m² full thổ cư cách biển Cần Giờ 2km giá 12 tỷ,"Cần Giờ, Thành phố Hồ Chí Minh",12000000000.0,280.0,,TP.HCM (lõi cũ),Đất nền,42857142.85714286
https://nhadat.cafeland.vn/no-trang-long-binh-thanh-ch-hien-dai-2026-55m2-2-ty-2-view-ho-boi-shr-2477900.html,"Nơ Trang Long - Bình Thạnh , CH hiện đại 2026 - 55m2 / 2 Tỷ 2 , View Hồ Bơi ,SHR","Bình Lợi Trung, Thành phố Hồ Chí Minh",2200000000.0,55.0,2.0,TP.HCM (lõi cũ),Khác,40000000.0
https://nhadat.cafeland.vn/mat-tien-cu-xa-phu-lam-a-nha-4-tang-155m24x40-gan-vong-xoay-phu-lam-2812174.html,Mặt tiền cư xá Phú Lâm A-Nhà 4 tầng 155m2(4x40)-gần Vòng xoay phú lâm,"Phú Lâm, Thành phố Hồ Chí Minh",15000000000.0,155.0,4.0,TP.HCM (lõi cũ),Nhà ở/Nhà phố,96774193.5483871
https://nhadat.cafeland.vn/ban-nha-rieng-ngang-lon-5m-oto-ngu-nha-ban-nha-hem-xe-hoi-giap-phu-nhuan-3-3184434.html,"Bán nhà riêng: Ngang lớn 5m - Oto ngủ nhà! Bán nhà hẻm xe hơi giáp Phú Nhuận, 3","Bình Lợi Trung, Thành phố Hồ Chí Minh",9490000000.0,68.0,,TP.HCM (lõi cũ),Nhà ở/Nhà phố,139558823.52941176
https://nhadat.cafeland.vn/ban-nha-rieng-nha-moi-3-tang-tai-khu-dam-cu-nam-cuong-tam-binh-thu-duc-gia-3182346.html,"Bán nhà riêng: Nhà mới 3 tầng tại Khu dâm cư Nam Cường, Tam Bình, Thủ Đức - Giá","Tam Bình, Thành phố Hồ Chí Minh",5900000000.0,50.75,,TP.HCM (lõi cũ),Nhà ở/Nhà phố,116256157.63546798
https://nhadat.cafeland.vn/ban-nha-rieng-hem-kinh-doanh-8m-duong-go-dau-quan-tan-phu-80m2-chi-95-ty-3183214.html,"Bán nhà riêng: Hẻm kinh doanh!!! 8m Đường Gò Dầu Quận Tân Phú; 80m2 chỉ 9,5 tỷ","Phú Thọ Hòa, Thành phố Hồ Chí Minh",9500000000.0,80.0,,TP.HCM (lõi cũ),Nhà ở/Nhà phố,118750000.0
https://nhadat.cafeland.vn/nha-go-vap-3-ty-290tr-hoan-cong-du-khong-lo-gioi-voi-51m2-dtsd-3176360.html,"Nhà Gò Vấp 3 tỷ 290tr, hoàn công đủ, không lộ giới với 51m2 DTSD.","Gò Vấp, Thành phố Hồ Chí Minh",3290000000.0,25.0,,TP.HCM (lõi cũ),Nhà ở/Nhà phố,131600000.0
https://nhadat.cafeland.vn/nha-moi-dep-chi-xach-vali-vao-o-ngang-5m-3tang-san-thuong-2pn3wc-gieng-troi-3176721.html,"Nhà mới đẹp chỉ xách vali vào ở, ngang 5m, 3tầng sân thượng. 2pn3wc, giếng trời","Tân Hòa, Thành phố Hồ Chí Minh",6650000000.0,38.0,2.0,TP.HCM (lõi cũ),Nhà ở/Nhà phố,175000000.0
https://nhadat.cafeland.vn/ban-nha-5-tang-hxh-thich-quang-duc-dt-65x25m-gia-235-ty-2932096.html,"Bán nhà 5 tầng hxh thích quảng đức dt 6,5x25m giá 23,5 tỷ","Đức Nhuận, Thành phố Hồ Chí Minh",23500000000.0,162.0,,TP.HCM (lõi cũ),Nhà ở/Nhà phố,145061728.39506173
https://nhadat.cafeland.vn/ban-can-ho-bcons-sala-52m2-2pn-2wc-gia-175-ty-noi-that-co-ban-so-rieng-2288911.html,Bán căn hộ Bcons Sala 52m² – 2PN 2WC – giá 1.75 tỷ – nội thất cơ bản – sổ riêng,"Dĩ An, Thành phố Hồ Chí Minh",1750000000.0,52.0,2.0,Bình Dương (mới sáp nhập),Căn hộ/Chung cư,33653846.15384615
https://nhadat.cafeland.vn/ban-dat-tho-cu-ban-dat-chinh-chu-100m2-duong-tx22-3185706.html,Bán đất thổ cư: Bán đất chính chủ 100m2 đường tx22,"Thới An, Thành phố Hồ Chí Minh",4600000000.0,100.0,,TP.HCM (lõi cũ),Đất nền,46000000.0
https://nhadat.cafeland.vn/ban-nha-rieng-ban-nha-cap-4-san-vuon-2-pn-2wc-297m2-nguyen-van-kha-1ty050-3186826.html,"Bán nhà riêng: Bán nhà cấp 4 sân vườn, 2 PN, 2WC, 297m2, Nguyễn Văn Khạ, 1tỷ050","Tân An Hội, Thành phố Hồ Chí Minh",1050000000.0,297.0,2.0,TP.HCM (lõi cũ),Nhà ở/Nhà phố,3535353.5353535353
https://nhadat.cafeland.vn/can-ho-resort-thuy-lieu-cua-mitsubishi-gia-chi-17-ty-2832013.html,"Căn hộ resort Thủy Liệu của Mitsubishi giá chỉ 1,7 tỷ","Thuận Giao, Thành phố Hồ Chí Minh",1750000000.0,35.0,,Bình Dương (mới sáp nhập),Căn hộ/Chung cư,50000000.0
https://nhadat.cafeland.vn/nha-180-le-van-luong-phuong-tan-hung-q7-dt-5x21m-2286002.html,nhà 180 Lê văn Lương Phường Tân hưng Q7. DT 5x21m,"Tân Hưng, Thành phố Hồ Chí Minh",19500000000.0,106.0,,TP.HCM (lõi cũ),Nhà ở/Nhà phố,183962264.1509434
https://nhadat.cafeland.vn/ban-nha-rieng-ban-nha-giao-xu-tam-ha-tam-hai-hem-6m-xe-hoi-dau-ngay-dem-tuon-3182356.html,"Bán nhà riêng: Bán nhà giáo xứ Tam Hà, Tam Hải, hẻm 6m xe hơi đậu ngày đêm, tươn","Tam Bình, Thành phố Hồ Chí Minh",4900000000.0,70.0,,TP.HCM (lõi cũ),Nhà ở/Nhà phố,70000000.0
https://nhadat.cafeland.vn/ban-150m2-dat-linh-xuan-td-ngang-6m-nha-c4-gan-lang-dh-gia-52-ty-3190068.html,"Bán 150m² Đất Linh Xuân TĐ, Ngang 6M, Nhà C4, Gần Lang ĐH. Giá 5,2 Tỷ","Linh Xuân, Thành phố Hồ Chí Minh",5200000000.0,150.0,,TP.HCM (lõi cũ),Đất nền,34666666.666666664
https://nhadat.cafeland.vn/ban-nha-dat-330m2-full-tho-cu-duong-xe-tai-thong-lam-xuong-xay-biet-thu-chdv-2285729.html,"BÁN NHÀ ĐẤT 330M2 FULL THỔ CƯ, ĐƯỜNG XE TẢI THÔNG, LÀM XƯỞNG, XÂY BIỆT THỰ, CHDV","An Phú Đông, Thành phố Hồ Chí Minh",19699000000.0,330.0,9.0,TP.HCM (lõi cũ),Biệt thự,59693939.39393939
https://nhadat.cafeland.vn/ban-lo-dat-nen-sat-ql55-gan-cong-chinh-kcn-dat-do-2273697.html,Bán lô đất nền sát QL55 gần cổng chính KCN Đất Đỏ,"Đất Đỏ, Thành phố Hồ Chí Minh",1500000000.0,111.0,,Bà Rịa - Vũng Tàu (mới sáp nhập),Đất nền,13513513.513513513
https://nhadat.cafeland.vn/ban-nha-rieng-hem-xe-tai-139-2mt-truoc-sau-duong-van-duong-quan-tan-phu-407-3184480.html,"Bán nhà riêng: Hẻm xe tải 139, 2MT trước sau Dương Văn Dương, Quận Tân Phú, 4.07","Phú Thọ Hòa, Thành phố Hồ Chí Minh",6900000000.0,69.0,,TP.HCM (lõi cũ),Nhà ở/Nhà phố,100000000.0
https://nhadat.cafeland.vn/ban-nha-kinh-duong-vuongngay-aeon-mall-4m-x-22m-x-3-tang-83-ty-tl-2812472.html,"BÁN NHÀ KINH DƯƠNG VƯƠNG,NGAY AEON MALL (4m x 22m x 3 TẦNG) 8,3 TỶ TL","An Lạc, Thành phố Hồ Chí Minh",8300000000.0,87.0,3.0,TP.HCM (lõi cũ),Nhà ở/Nhà phố,95402298.85057472
https://nhadat.cafeland.vn/can-ho-cao-cap-the-opera-thu-thiem-tai-san-bao-an-cho-tuong-lai-2286265.html,Căn hộ cao cấp The Opera Thủ Thiêm - tài sản bảo an cho tương lai,"An Khánh, Thành phố Hồ Chí Minh",26000000000.0,81.0,,TP.HCM (lõi cũ),Căn hộ/Chung cư,320987654.32098764
https://nhadat.cafeland.vn/can-nha-mat-tien-nguyen-thien-thuat-gan-100m2-2-mat-thoang-co-dong-tien-tot-2290339.html,"Căn Nhà Mặt Tiền Nguyễn Thiện Thuật, Gần 100m², 2 Mặt Thoáng, Có Dòng Tiền Tốt","Bàn Cờ, Thành phố Hồ Chí Minh",35000000000.0,96.0,,TP.HCM (lõi cũ),Nhà ở/Nhà phố,364583333.3333333
https://nhadat.cafeland.vn/ban-nha-rieng-nha-pho-5-tang-kien-co-duong-rong-7m-tai-binh-tri-dong-3184938.html,"Bán nhà riêng: Nhà phố 5 tầng kiên cố, đường rộng 7m tại Bình Trị Đông","Bình Trị Đông, Thành phố Hồ Chí Minh",7450000000.0,52.0,,TP.HCM (lõi cũ),Nhà ở/Nhà phố,143269230.76923078
https://nhadat.cafeland.vn/ban-nha-rieng-hang-hiem-q7-gan-nga-tu-nguyen-thi-thap-huynh-tan-phat-4-ta-3187911.html,Bán nhà riêng: Hàng hiếm Q7 - gần Ngã tư Nguyễn Thị Thập & Huỳnh Tấn Phát - 4 tầ,"Phú Thuận, Thành phố Hồ Chí Minh",6800000000.0,52.0,6.0,TP.HCM (lõi cũ),Nhà ở/Nhà phố,130769230.76923077
https://nhadat.cafeland.vn/ban-nha-moi-duong-hiep-binh-thu-duc-5-tang-6pn-duong-phan-lo-7m-gia-87-ty-3173810.html,"Bán nhà mới đường Hiệp Bình, Thủ Đức, 5 tầng 6PN, đường phân lô 7m, giá 8.7 tỷ","Hiệp Bình, Thành phố Hồ Chí Minh",8700000000.0,51.0,6.0,TP.HCM (lõi cũ),Nhà ở/Nhà phố,170588235.29411766
https://nhadat.cafeland.vn/chiet-khau-ngay-125-tu-cdt-khi-mua-setia-edenia-khu-ecoxuan-lai-thieu-2323951.html,"Chiết khấu ngay 12,5% từ CDT khi mua Setia Edenia khu EcoXuân Lái Thiêu","Lái Thiêu, Thành phố Hồ Chí Minh",3500000000.0,73.0,,Bình Dương (mới sáp nhập),Khác,47945205.47945205
https://nhadat.cafeland.vn/ban-nha-moi-an-nhon-4x21m-3-lau-co-thang-may-o-to-vao-nha-gia-146-ty-3131289.html,"Bán nhà mới An Nhơn 4x21m, 3 lầu có thang máy, ô tô vào nhà – giá 14,6 tỷ","An Nhơn, Thành phố Hồ Chí Minh",14600000000.0,338.0,,TP.HCM (lõi cũ),Nhà ở/Nhà phố,43195266.27218935
https://nhadat.cafeland.vn/nha-dau-tu-dang-dich-chuyen-dong-tien-ve-ven-bien-tp-hcm-2820068.html,NHÀ ĐẦU TƯ ĐANG DỊCH CHUYỂN DÒNG TIỀN VỀ VEN BIỂN TP HCM,"Đất Đỏ, Thành phố Hồ Chí Minh",1392000000.0,123.0,,Bà Rịa - Vũng Tàu (mới sáp nhập),Nhà ở/Nhà phố,11317073.170731707
https://nhadat.cafeland.vn/hxh-6m-phan-huy-ich-98m2-ngang-72m-4-tang-btct-kien-co-chi-115-ty-tl-2829959.html,"HXH 6m Phan Huy Ích, 98m2, ngang 7.2m, 4 tầng, BTCT kiên cố, chỉ 11,5 tỷ TL","Tân Sơn, Thành phố Hồ Chí Minh",11500000000.0,98.0,,TP.HCM (lõi cũ),Khác,117346938.7755102
https://nhadat.cafeland.vn/ban-nha-rieng-khu-vip-tan-son-nhi-mat-tien-ngang-12m-6-tang-chi-125-ty-3183999.html,Bán nhà riêng: Khu VIP Tân Sơn Nhì - Mặt tiền ngang 12m - 6 tầng - Chỉ 12.5 tỷ -,"Tân Sơn Nhì, Thành phố Hồ Chí Minh",12500000000.0,72.0,6.0,TP.HCM (lõi cũ),Nhà ở/Nhà phố,173611111.1111111
https://nhadat.cafeland.vn/view-huong-dong-2pn-54m2-so-sang-ten-ra-vao-the-tu-don-o-ngay-vay-bank-2936965.html,"View Hướng Đông - 2PN ( 54m2 ) ,Sổ sang tên ,Ra vào thẻ từ ,Dọn ở ngay ,Vay Bank","Cầu Kiệu, Thành phố Hồ Chí Minh",2160000000.0,54.0,2.0,TP.HCM (lõi cũ),Khác,40000000.0
https://nhadat.cafeland.vn/ban-nha-rieng-chdv-hxh-le-van-duyet-bt-dt-80m2-45-x-185m-5t-11pn-hd-3182231.html,"Bán nhà riêng: CHDV - HXH - Lê Văn Duyệt BT. DT: 80m2 (4,5 x 18,5m) 5T, 11PN, HĐ","Gia Định, Thành phố Hồ Chí Minh",17900000000.0,80.0,11.0,TP.HCM (lõi cũ),Nhà ở/Nhà phố,223750000.0
https://nhadat.cafeland.vn/hqc-binh-trung-dong-blusky-tower-gia-ban-2450-ty-can-59m2-2pn-2253984.html,HQC Bình Trưng Đông (Blusky Tower) Gía bán 2.450 tỷ căn 59m2-2PN,"Bình Trưng, Thành phố Hồ Chí Minh",2450000000.0,55.0,2.0,TP.HCM (lõi cũ),Khác,44545454.54545455
https://nhadat.cafeland.vn/dat-lo-goc-2-mat-tien-gan-70m2-hem-nhua-6m-o-to-tan-nha-chi-3d-nhinh-3190025.html,ĐẤT LÔ GÓC 2 MẶT T.IỀN GẦN 70M² – HẺM NHỰA 6M – Ô TÔ TẬN NHÀ – CHỈ 3Đ NHỈNH,"Thới An, Thành phố Hồ Chí Minh",3850000000.0,61.0,,TP.HCM (lõi cũ),Đất nền,63114754.09836066
https://nhadat.cafeland.vn/so-huu-ngay-ma-tl-193-vinhomes-green-paradise-can-gio-dien-tich-100m2-gia-hap-dan-cho-nha-dau-tu-2489282.html,Sở hữu ngay mã TL-193 Vinhomes Green Paradise Cần Giờ diện tích 100m2 giá hấp dẫn cho nhà đầu tư,"Cần Giờ, Thành phố Hồ Chí Minh",18553000000.0,100.0,,TP.HCM (lõi cũ),Nhà ở/Nhà phố,185530000.0
https://nhadat.cafeland.vn/ban-nha-pho-thuong-mai-gold-coast-vung-tau-ngay-tt-hanh-chinh-moi-2485873.html,BÁN NHÀ PHỐ THƯƠNG MẠI GOLD COAST VŨNG TÀU NGAY TT HÀNH CHÍNH MỚI,"Long Điền, Thành phố Hồ Chí Minh",5900000000.0,120.0,,Bà Rịa - Vũng Tàu (mới sáp nhập),Nhà ở/Nhà phố,49166666.666666664
https://nhadat.cafeland.vn/ban-nha-rieng-nha-2-tang-huynh-tan-phat-q7-70m2-noi-that-nhu-hinh-hon-5-ty-3185784.html,"Bán nhà riêng: Nhà 2 tầng Huỳnh Tấn Phát, Q7, 70m2, nội thất như hình, hơn 5 tỷ","Phú Thuận, Thành phố Hồ Chí Minh",5900000000.0,70.0,3.0,TP.HCM (lõi cũ),Nhà ở/Nhà phố,84285714.28571428
https://nhadat.cafeland.vn/ban-dat-tho-cu-dat-tho-cu-80m-phep-3-lau-dong-thanh-le-van-khuong-3182337.html,Bán đất thổ cư: đất Thổ cư 80m phép 3 lầu Đông Thạnh Lê Văn Khương,"Đông Thạnh, Thành phố Hồ Chí Minh",2750000000.0,80.0,,TP.HCM (lõi cũ),Đất nền,34375000.0
https://nhadat.cafeland.vn/ban-nha-rieng-hem-kinh-doanh-2mt-10m-tan-son-nhi-quan-tan-phu-4x16m-96-ty-3184024.html,"Bán nhà riêng: Hẻm kinh doanh !!! 2MT 10m Tân Sơn Nhì Quận Tân Phú 4x16m 9,6 tỷ","Tân Sơn Nhì, Thành phố Hồ Chí Minh",9600000000.0,64.0,,TP.HCM (lõi cũ),Nhà ở/Nhà phố,150000000.0
https://nhadat.cafeland.vn/ban-nha-rieng-duong-6m-gan-cho-va-nha-tho-tan-huong-q-tan-phu-gia-71-ty-con-3185734.html,"Bán nhà riêng: Đường 6m gần chợ và nhà thờ Tân Hương, Q. Tân Phú. Giá 7,1 tỷ còn","Phú Thọ Hòa, Thành phố Hồ Chí Minh",7100000000.0,76.0,2.0,TP.HCM (lõi cũ),Nhà ở/Nhà phố,93421052.63157895
https://nhadat.cafeland.vn/ban-nha-rieng-ban-gap-nha-moi-xay-4-tang-duong-le-dinh-can-sat-khu-ten-lua-55-3187898.html,"Bán nhà riêng: Bán gấp nhà mới xây 4 tầng đường Lê Đình Cẩn, sát khu Tên Lửa, 55","Bình Tân, Thành phố Hồ Chí Minh",6500000000.0,55.0,4.0,TP.HCM (lõi cũ),Nhà ở/Nhà phố,118181818.18181819
https://nhadat.cafeland.vn/ban-nha-pho-tan-uyen-binh-duong-gan-cho-gia-3-ty-9-3157853.html,Bán Nhà Phố Tân Uyên Bình Dương̣ Gần Chợ giá 3 tỷ ̣9,"Tân Hiệp, Thành phố Hồ Chí Minh",3990000000.0,67.5,,Bình Dương (mới sáp nhập),Nhà ở/Nhà phố,59111111.11111111
https://nhadat.cafeland.vn/ban-can-ho-chung-cu-reup-can-goc-3pn-hoang-kim-the-gia-83m2-2-ty-133-3188546.html,Bán căn hộ chung cư: REUP – Căn góc 3pn HOÀNG KIM THẾ GIA | 83M² – 2 TỶ 133,"Bình Trị Đông, Thành phố Hồ Chí Minh",2133000000.0,83.0,3.0,TP.HCM (lõi cũ),Căn hộ/Chung cư,25698795.180722892
https://nhadat.cafeland.vn/ban-nha-rieng-ban-nha-mat-tien-duong-ta12-quan-12-quy-hoach-1-tret-5-lau-san-3186748.html,"Bán nhà riêng: Bán nhà mặt tiền đường TA12, Quận 12 - Quy hoạch 1 trệt 5 lầu sân","Thới An, Thành phố Hồ Chí Minh",5100000000.0,92.0,,TP.HCM (lõi cũ),Nhà ở/Nhà phố,55434782.60869565
https://nhadat.cafeland.vn/can-ban-ecoxuan-42m2-mat-tien-ql13-view-noi-khu-gia-chi-2-ty-2462618.html,"Cần bán Ecoxuan - 42m2 - Mặt tiền QL13, view nội khu giá chỉ 2 tỷ","Lái Thiêu, Thành phố Hồ Chí Minh",2000000000.0,42.0,,Bình Dương (mới sáp nhập),Khác,47619047.61904762
https://nhadat.cafeland.vn/nha-4-tang-thang-may-hxh-thoai-ngoc-hau-97m2-ngang-58m-5pn-dang-cap-2357694.html,"Nhà 4 tầng Thang máy, HXH Thoại Ngọc Hầu, 97m2, ngang 5.8m, 5PN, Đẳng cấp","Phú Thạnh, Thành phố Hồ Chí Minh",15000000000.0,97.0,5.0,TP.HCM (lõi cũ),Nhà ở/Nhà phố,154639175.25773194
https://nhadat.cafeland.vn/ban-can-ho-chung-cu-co-hoi-so-huu-can-2pn-toa-beachtro-tower-chi-tu-29-ty-tai-3187687.html,"Bán căn hộ chung cư: Cơ hội sở hữu căn 2PN tòa Beachtro Tower chỉ từ 2,9 tỷ tại","Rạch Dừa, Thành phố Hồ Chí Minh",2900000000.0,59.0,2.0,Bà Rịa - Vũng Tàu (mới sáp nhập),Căn hộ/Chung cư,49152542.37288135
https://nhadat.cafeland.vn/ban-dat-tho-cu-ban-dat-duong-nguyen-thi-nhuan-an-phu-dong-09-cu-gia-tot-5mx10-3187727.html,Bán đất thổ cư: Bán đất đường Nguyễn Thị Nhuần (An Phú Đông 09 cũ) giá tốt 5mx10,"An Phú Đông, Thành phố Hồ Chí Minh",3890000000.0,50.0,,TP.HCM (lõi cũ),Đất nền,77800000.0
https://nhadat.cafeland.vn/ban-dat-tho-cu-dat-trong-truong-chinh-tan-binh-54x27-hem-o-to-7-cho-chi-9-3187760.html,"Bán đất thổ cư: Đất trống Trường Chinh, Tân Bình, 5.4x27, hẻm ô tô 7 chỗ, chỉ 9","Tân Sơn, Thành phố Hồ Chí Minh",9900000000.0,133.0,,TP.HCM (lõi cũ),Đất nền,74436090.22556391
https://nhadat.cafeland.vn/chuyen-mua-ban-can-ho-q7-boulevard-quan-7-tu-2-tycan-nhan-nha-o-ngay-2242133.html,Chuyên Mua Bán Căn Hô Q7 Boulevard Quận 7 từ 2 tỷ/căn nhận nhà ở ngay,"Phú Thuận, Thành phố Hồ Chí Minh",2950000000.0,57.0,,TP.HCM (lõi cũ),Nhà ở/Nhà phố,51754385.96491228
https://nhadat.cafeland.vn/mat-tien-kd-duong-chu-thiennha-5-tang-82m24x21gan-hoa-binhdam-sen-2812501.html,"Mặt tiền KD đường Chu Thiên,nhà 5 tầng 82m2(4x21),gần Hòa Bình,Đầm Sen","Phú Thạnh, Thành phố Hồ Chí Minh",12000000000.0,82.0,,TP.HCM (lõi cũ),Nhà ở/Nhà phố,146341463.41463414
https://nhadat.cafeland.vn/ban-nha-rieng-karaoke-tai-gia-ban-nha-pho-2-mat-tien-phuong-tan-my-5x18m-4p-3182313.html,"Bán nhà riêng: Karaoke tại gia - bán nhà phố 2 mặt tiền Phường Tân Mỹ, 5x18m, 4P","Phú Thuận, Thành phố Hồ Chí Minh",21900000000.0,90.0,4.0,TP.HCM (lõi cũ),Nhà ở/Nhà phố,243333333.33333334
https://nhadat.cafeland.vn/p-ban-co-ban-nha-q3-63m2-can-goc-2-mat-thoang-xe-hoi-vao-nha-gia-155-ty-2324001.html,P BÀN CỜ BÁN NHÀ Q.3 – 63M² – CĂN GÓC 2 MẶT THOÁNG – XE HƠI VÀO NHÀ–GIÁ 15.5 TỶ,"Bàn Cờ, Thành phố Hồ Chí Minh",15500000000.0,63.0,,TP.HCM (lõi cũ),Nhà ở/Nhà phố,246031746.03174603
https://nhadat.cafeland.vn/ban-gap-dat-nen-du-an-khu-dan-cu-thoi-bao-kinh-te-sai-gon-8x20-gia-11-ty-2470627.html,BÁN GẤP ĐẤT NỀN DỰ ÁN KHU DÂN CƯ THỜI BÁO KINH TẾ SÀI GÒN 8X20 GIÁ 11 TỶ,"Long Trường, Thành phố Hồ Chí Minh",11000000000.0,160.0,,TP.HCM (lõi cũ),Đất nền,68750000.0
https://nhadat.cafeland.vn/gio-hang-cdt-5-can-3pn-cuoi-cung-so-hong-san-thanh-toan-40-nhan-nha-o-ngay-2289398.html,"Giỏ hàng CĐT 5 căn 3PN cuối cùng, sổ hồng sẵn, thanh toán 40% nhận nhà ở ngay","Chợ Quán, Thành phố Hồ Chí Minh",18400000000.0,132.0,3.0,TP.HCM (lõi cũ),Nhà ở/Nhà phố,139393939.3939394
https://nhadat.cafeland.vn/ban-can-ho-chung-cu-ban-gap-ve-que-gia-chi-1950toi-chot-nhanh-co-thuong-lu-3183969.html,"Bán căn hộ chung cư: Bán Gấp Về Quê - Giá chỉ 1.950Tỏi , Chốt Nhanh Có Thương Lư","Thới An, Thành phố Hồ Chí Minh",1950000000.0,42.0,2.0,TP.HCM (lõi cũ),Căn hộ/Chung cư,46428571.428571425
https://nhadat.cafeland.vn/view-bien-trieu-do-noi-that-tam-huyet-nhung-chu-nha-van-quyet-dinh-ban-2953228.html,"View biển triệu đô, nội thất tâm huyết... nhưng chủ nhà vẫn quyết định bán!","Vũng Tàu, Thành phố Hồ Chí Minh",4300000000.0,74.0,,Bà Rịa - Vũng Tàu (mới sáp nhập),Nhà ở/Nhà phố,58108108.10810811
https://nhadat.cafeland.vn/ban-nha-rieng-nha-mo-uoc-khong-nhat-thiet-phai-that-lon-ma-phai-dung-voi-cach-3189216.html,"Bán nhà riêng: “Nhà Mơ Ước Không Nhất Thiết Phải Thật Lớn, Mà Phải Đúng Với Cách","Hòa Hưng, Thành phố Hồ Chí Minh",4360000000.0,80.0,,TP.HCM (lõi cũ),Nhà ở/Nhà phố,54500000.0
https://nhadat.cafeland.vn/ban-nha-hxh-oto-7c-ngu-nha-shr-ngang-5m-hiem-gan-cv-lang-hoa-go-vap-chi-7tx-2922972.html,"BÁN NHÀ HXH ÔTÔ 7C NGỦ NHÀ - SHR NGANG 5M HIẾM, GẦN CV LÀNG HOA GÒ VẤP - CHỈ 7Tx","Thông Tây Hội, Thành phố Hồ Chí Minh",7399000000.0,75.0,,TP.HCM (lõi cũ),Nhà ở/Nhà phố,98653333.33333333
https://nhadat.cafeland.vn/so-huu-ngay-ma-vn62-09-vinhomes-green-paradise-can-gio-dien-tich-2951m2-gia-hap-dan-cho-nha-dau-tu-2489251.html,"Sở hữu ngay mã VN62-09 Vinhomes Green Paradise Cần Giờ diện tích 295,1m2 giá hấp dẫn cho nhà đầu tư","Cần Giờ, Thành phố Hồ Chí Minh",32563000000.0,295.1,,TP.HCM (lõi cũ),Nhà ở/Nhà phố,110345645.54388343
https://nhadat.cafeland.vn/can-ho-hqc-binh-trung-dong-q2-blusky-tower-gia-26-ty-can-59m2-2170322.html,Căn hộ HQC Bình Trưng Đông_Q2 (Blusky Tower) giá 2.6 tỷ căn 59m2,"Bình Trưng, Thành phố Hồ Chí Minh",2600000000.0,59.0,,TP.HCM (lõi cũ),Căn hộ/Chung cư,44067796.61016949
https://nhadat.cafeland.vn/hem-8m-duong-le-thuc-hoach-64m2-khong-lo-gioi-so-hong-rieng-chi-86-ty-2326050.html,"Hẻm 8m đường Lê Thúc Hoạch, 64m2, không lộ giới, sổ hồng riêng, chỉ 8.6 tỷ","Phú Thọ Hòa, Thành phố Hồ Chí Minh",8600000000.0,64.0,,TP.HCM (lõi cũ),Khác,134375000.0
https://nhadat.cafeland.vn/nha-vi-tri-dep-re-1-tret-4-lau-nguyen-canh-chan-quan-1-tphcm-2262252.html,Nhà vị trí đẹp rẻ 1 trệt 4 lầu Nguyễn Cảnh Chân Quận 1 TP.HCM,"Cầu Ông Lãnh, Thành phố Hồ Chí Minh",19000000000.0,43.0,,TP.HCM (lõi cũ),Nhà ở/Nhà phố,441860465.11627907
https://nhadat.cafeland.vn/can-ho-the-emerald-68-da-den-luc-dem-nguoc-ngay-nhan-nha-3189948.html,Căn hộ The Emerald 68: Đã đến lúc ĐẾM NGƯỢC NGÀY NHẬN NHÀ!,"Bình Hòa, Thành phố Hồ Chí Minh",3000000000.0,55.9,,Bình Dương (mới sáp nhập),Căn hộ/Chung cư,53667262.969588555
https://nhadat.cafeland.vn/phuong-ban-co-ban-nha-hxh-thong-ngay-cho-ban-co-quan-3-gia-tot-hon-7-ty-2288741.html,[PHƯỜNG BÀN CỜ] BÁN NHÀ HXH THÔNG – NGAY CHỢ BÀN CỜ QUẬN 3 – GIÁ TỐT HƠN 7 TỶ,"Bàn Cờ, Thành phố Hồ Chí Minh",7800000000.0,33.0,,TP.HCM (lõi cũ),Nhà ở/Nhà phố,236363636.36363637
https://nhadat.cafeland.vn/ban-re-nha-vi-tri-dep-mat-tien-vo-van-kiet-quan-5-tphcm-2282754.html,Bán rẻ nhà vị trí đẹp mặt tiền Võ Văn Kiệt Quận 5 TP.HCM,"Chợ Quán, Thành phố Hồ Chí Minh",20000000000.0,68.0,,TP.HCM (lõi cũ),Nhà ở/Nhà phố,294117647.0588235
https://nhadat.cafeland.vn/ban-dat-tho-cu-can-ban-nhanh-2-lo-dat-5x24m-shr-mt-dg-xtt-20-cach-cho-xtt-300-3184953.html,"Bán đất thổ cư: Cần Bán Nhanh 2 Lô Đất 5x24m, Shr MT Đg XTT 20, Cách Chợ XTT 300","Bà Điểm, Thành phố Hồ Chí Minh",3450000000.0,120.0,,TP.HCM (lõi cũ),Đất nền,28750000.0
https://nhadat.cafeland.vn/ban-dat-tho-cu-ban-dat-5x20m-khu-nha-pho-dong-phuong-quan-12-gia-595-ty-3182211.html,"Bán đất thổ cư: Bán Đất 5x20m Khu Nhà Phố Đồng Phượng Quận 12 – Giá 5,95 Tỷ","Đông Hưng Thuận, Thành phố Hồ Chí Minh",5950000000.0,103.0,,TP.HCM (lõi cũ),Đất nền,57766990.291262135
https://nhadat.cafeland.vn/ban-can-2pn-1wc-skyzen-di-an-27-ty-tt-10-view-dep-sat-pham-van-dong-2504567.html,"Bán Căn 2PN-1WC SkyZen Dĩ An 2,7 tỷ, TT 10%, View Đẹp, Sát Phạm Văn Đồng","Dĩ An, Thành phố Hồ Chí Minh",2700000000.0,50.0,2.0,Bình Dương (mới sáp nhập),Khác,54000000.0
https://nhadat.cafeland.vn/ban-dat-tho-cu-ban-3-lo-dat-hem-xe-hoi-duong-le-van-luong-p-tan-hung-qua-3183264.html,Bán đất thổ cư: Bán 3 lô đất hẻm xe hơi ~ Đường Lê Văn Lương ~ P. Tân Hưng ~ Quậ,"Tân Hưng, Thành phố Hồ Chí Minh",7500000000.0,60.0,,TP.HCM (lõi cũ),Đất nền,125000000.0
https://nhadat.cafeland.vn/ban-nha-rieng-ban-nha-duong-12m-xe-hoi-tranh-68m2-le-thi-rieng-thoi-an-quan-1-3183967.html,"Bán nhà riêng: Bán nhà đường 12m xe hơi tránh-68M2- LÊ THỊ RIÊNG, Thới An Quận 1","Thới An, Thành phố Hồ Chí Minh",6990000000.0,68.0,4.0,TP.HCM (lõi cũ),Nhà ở/Nhà phố,102794117.64705883
https://nhadat.cafeland.vn/ban-nha-mat-tien-duong-so-40-khu-an-phu-hung-q7-4x18m-35-lau-htay-nam-3190000.html,"BÁN NHÀ MẶT TIỀN ĐƯỜNG SỐ 40, KHU AN PHÚ HƯNG, Q.7 – 4X18M - 3,5 lầu - H.Tây Nam","Tân Hưng, Thành phố Hồ Chí Minh",20000000000.0,72.0,,TP.HCM (lõi cũ),Nhà ở/Nhà phố,277777777.7777778
https://nhadat.cafeland.vn/ban-nha-goc-2-mat-tien-tan-son-nhi-quan-tan-phu-gan-san-bay-2477059.html,"Bán nhà góc 2 mặt tiền Tân Sơn Nhì, Quận Tân Phú – gần sân bay","Tân Phú, Thành phố Hồ Chí Minh",18500000000.0,80.0,,TP.HCM (lõi cũ),Nhà ở/Nhà phố,231250000.0
https://nhadat.cafeland.vn/nha-pho-xinh-4-x-17m-1-tret-4-lau-su-van-hanh-q10-tphcm-2235515.html,Nhà phố xinh 4 x 17m 1 trệt 4 lầu Sư Vạn Hạnh Q10 TP.HCM,"Hòa Hưng, Thành phố Hồ Chí Minh",20800000000.0,68.0,,TP.HCM (lõi cũ),Nhà ở/Nhà phố,305882352.9411765
https://nhadat.cafeland.vn/dat-so-san-ngay-ta-quang-buu-gia-chi-1ty450-lien-he-0932068012-2831935.html,"Đất sổ sẵn , ngay Tạ Quang Bửu giá chỉ 1tỷ450 . Liên hệ 0932068012","Bình Hưng, Thành phố Hồ Chí Minh",1450000000.0,100.0,,TP.HCM (lõi cũ),Đất nền,14500000.0
https://nhadat.cafeland.vn/can-ban-gap-lo-a-kdc-kien-a-duong-lien-phuong-p-phuoc-long-b-110m2-gia-94trm-2232903.html,"Cần bán gấp lô A KDC Kiến Á, Đường Liên Phường, P Phước Long B, 110m2 giá 94tr/m","Phước Long, Thành phố Hồ Chí Minh",10300000000.0,110.0,,TP.HCM (lõi cũ),Khác,93636363.63636364
https://nhadat.cafeland.vn/ban-nha-rieng-nha-3-tang-khu-ten-lua-binh-tan-duong-10m-dien-tich-76m2-3186802.html,"Bán nhà riêng: Nhà 3 tầng khu Tên Lửa, Bình Tân, đường 10m, diện tích 76m2","An Lạc, Thành phố Hồ Chí Minh",8468000000.0,76.0,,TP.HCM (lõi cũ),Nhà ở/Nhà phố,111421052.63157895
https://nhadat.cafeland.vn/ban-can-ho-chung-cu-ban-2-phong-ngu-1wc-dt-55m2-full-noi-that-chi-21-ty-tai-ch-3182295.html,"Bán căn hộ chung cư: Bán 2 phòng ngủ 1WC DT 55m2 full nội thất chỉ 2,1 tỷ tại ch","Phú Thuận, Thành phố Hồ Chí Minh",2100000000.0,55.0,2.0,TP.HCM (lõi cũ),Căn hộ/Chung cư,38181818.18181818
https://nhadat.cafeland.vn/chi-3x-ty-co-nha-ao-doi-ngay-ma-lo-40m2-10m-ra-duong-lon-so-rieng-don-o-3179811.html,CHỈ 3.x tỷ có NHÀ Ao Đôi ngay MÃ LÒ-40m2-10m ra đường lớn-Sổ Riêng-Dọn ở,"Bình Trị Đông, Thành phố Hồ Chí Minh",3680000000.0,40.0,10.0,TP.HCM (lõi cũ),Nhà ở/Nhà phố,92000000.0
https://nhadat.cafeland.vn/ban-nha-rieng-hiem-94m2-ngang-55m-be-the-tan-phu-le-trong-tan-lo-goc-3-m-3187777.html,"Bán nhà riêng: Hiếm 94m2 - ngang 5,5m bề thế - Tân Phú Lê Trọng Tấn - lô góc 3 m","Tây Thạnh, Thành phố Hồ Chí Minh",6800000000.0,94.0,,TP.HCM (lõi cũ),Nhà ở/Nhà phố,72340425.53191489
https://nhadat.cafeland.vn/nha-xay-moi-dep-5-tang-hem-8m-giap-quan-6-quan-tan-phu-3181403.html,"NHÀ XÂY MỚI ĐẸP 5 Tầng – HẺM 8M – GIÁP QUẬN 6 , QUẬN TÂN PHÚ","Bình Trị Đông, Thành phố Hồ Chí Minh",7000000000.0,68.0,5.0,TP.HCM (lõi cũ),Nhà ở/Nhà phố,102941176.47058824
https://nhadat.cafeland.vn/nha-pho-vuon-the-gardenia-chi-tu-36x-tycan-co-hoi-hiem-truoc-khi-gia-tang-2932495.html,"NHÀ PHỐ VƯỜN THE GARDENIA CHỈ TỪ 3,6X TỶ/CĂN – CƠ HỘI HIẾM TRƯỚC KHI GIÁ TĂNG","Đất Đỏ, Thành phố Hồ Chí Minh",3600000000.0,164.0,,Bà Rịa - Vũng Tàu (mới sáp nhập),Nhà ở/Nhà phố,21951219.51219512
https://nhadat.cafeland.vn/ban-nha-rieng-nguyen-thi-thap-gia-10-ty-5-4-tang-5pn-4x15m-oto-ngay-cua-3184499.html,"Bán nhà riêng: Nguyễn thị thập, Giá 10 tỷ 5, 4 tầng 5pn 4x15m Oto ngay cửa","Tân Hưng, Thành phố Hồ Chí Minh",10500000000.0,60.0,5.0,TP.HCM (lõi cũ),Nhà ở/Nhà phố,175000000.0
https://nhadat.cafeland.vn/ban-can-2pn-the-song-vung-tau-50m2-gia-22-ty-full-noi-that-lh-pham-yen-3189739.html,Bán Căn 2PN The Sóng Vũng Tàu 50m2 giá 2.2 tỷ full nội thất. LH Phạm Yến,"Phước Thắng, Thành phố Hồ Chí Minh",2200000000.0,50.0,2.0,Bà Rịa - Vũng Tàu (mới sáp nhập),Khác,44000000.0
https://nhadat.cafeland.vn/ban-nha-pho-lien-ke-tai-khu-nha-o-hai-dang-vung-tau-the-light-city-2557161.html,Bán nhà phố liền kề tại khu nhà ở Hải đăng Vũng Tàu (the Light City),"Vũng Tàu, Thành phố Hồ Chí Minh",5800000000.0,100.0,,Bà Rịa - Vũng Tàu (mới sáp nhập),Nhà ở/Nhà phố,58000000.0
https://nhadat.cafeland.vn/ban-nha-rieng-nha-moi-tinh-hai-tang-xinh-xan-hem-xe-hoi-gan-nguyen-van-tang-3185827.html,"Bán nhà riêng: Nhà mới tinh hai tầng xinh xắn, hẻm xe hơi gần Nguyễn Văn Tăng","Long Bình, Thành phố Hồ Chí Minh",3000000000.0,50.0,,TP.HCM (lõi cũ),Nhà ở/Nhà phố,60000000.0
https://nhadat.cafeland.vn/ban-nha-duong-so-14binh-hung-hoabinh-tan-so-hong-rieng-40m2-gia-55-ty-2933782.html,"BÁN NHÀ ĐƯỜNG SỐ 14,BÌNH HƯNG HOÀ,BÌNH TÂN - SỔ HỒNG RIÊNG - 40m² - GIÁ 5,5 TỶ","Bình Hưng Hòa, Thành phố Hồ Chí Minh",5500000000.0,40.0,,TP.HCM (lõi cũ),Nhà ở/Nhà phố,137500000.0
https://nhadat.cafeland.vn/ban-nha-hem-xe-hoi-truong-tho-nha-duc-that-so-hoan-cong-cuoi-hem-dau-xe-thoa-3189247.html,BÁN NHÀ HẺM XE HƠI TRƯỜNG THỌ - NHÀ ĐÚC_THẬT SỔ HOÀN CÔNG - CUỐI HẺM ĐẬU XE THOẢ,"Thủ Đức, Thành phố Hồ Chí Minh",3800000000.0,45.0,2.0,TP.HCM (lõi cũ),Nhà ở/Nhà phố,84444444.44444445
https://nhadat.cafeland.vn/ban-nha-rieng-chuyen-dung-chinh-huynh-tan-phat-p-phu-thuan-q7-80m-2-tang-o-3182310.html,"Bán nhà riêng: Chuyên dùng chính - Huỳnh Tấn Phát P. Phú Thuận, Q7 80m 2 tầng ô","Phú Thuận, Thành phố Hồ Chí Minh",7350000000.0,80.0,3.0,TP.HCM (lõi cũ),Nhà ở/Nhà phố,91875000.0
https://nhadat.cafeland.vn/ban-nha-duong-26-thang-3-giao-binh-long-ke-sieu-thi-aeon-tan-phu-24ty-2290213.html,"bán nhà đường 26 tháng 3 giao bình long kế siêu thị Aeon tân phú 2,4tỷ","Bình Hưng Hòa, Thành phố Hồ Chí Minh",2400000000.0,45.0,3.0,TP.HCM (lõi cũ),Nhà ở/Nhà phố,53333333.333333336
https://nhadat.cafeland.vn/ban-gap-nha-mat-tien-duong-dc11-son-ky-tan-phu-2488431.html,"BÁN GẤP NHÀ MẶT TIỀN ĐƯỜNG DC11 – SƠN KỲ, TÂN PHÚ","Tân Sơn Nhì, Thành phố Hồ Chí Minh",12000000000.0,100.0,,TP.HCM (lõi cũ),Nhà ở/Nhà phố,120000000.0
https://nhadat.cafeland.vn/ban-nha-rieng-nha-2-tang-sdr-rieng-62m2-o-to-do-cua-cho-dong-thanh-chi-19-3184519.html,"Bán nhà riêng: Nhà 2 tầng, sđr riêng, 62m², ô tô đỗ cửa, chợ đông thạnh, chỉ 1,9","Đông Thạnh, Thành phố Hồ Chí Minh",1900000000.0,62.0,,TP.HCM (lõi cũ),Nhà ở/Nhà phố,30645161.29032258
https://nhadat.cafeland.vn/ban-nha-rieng-nha-dep-4-tang-152m2-13pn-rong-dong-tien-13tynam-ngang-8m-3185766.html,Bán nhà riêng: Nhà đẹp 4 Tầng 152m2 13PN rộng - Dòng tiền 1.3tỷ/năm - Ngang 8m -,"Tân Hưng, Thành phố Hồ Chí Minh",21000000000.0,152.0,13.0,TP.HCM (lõi cũ),Nhà ở/Nhà phố,138157894.7368421
https://nhadat.cafeland.vn/ban-nha-goc-2mt-duong-27-khu-tan-quy-dongquan-7-2215443.html,"Bán nhà góc 2mt đường 27 khu Tân Quy Đông,Quận 7","Tân Hưng, Thành phố Hồ Chí Minh",27000000000.0,103.0,,TP.HCM (lõi cũ),Nhà ở/Nhà phố,262135922.33009708
https://nhadat.cafeland.vn/ban-nha-rieng-nha-4-tang-ngay-nga-tu-ba-hom-dong-tien-15trthang-dt-4x15m-4-3187873.html,"Bán nhà riêng: Nhà 4 tầng ngay Ngã Tư Bà Hom, dòng tiền 15tr/tháng. DT 4x15m, 4","Bình Tân, Thành phố Hồ Chí Minh",4300000000.0,60.0,14.0,TP.HCM (lõi cũ),Nhà ở/Nhà phố,71666666.66666667
https://nhadat.cafeland.vn/ban-nha-goc-2-mt-duong-79-phuong-tan-quy-q7-dt-7x15m-2-lau-2190671.html,"Bán nhà góc 2 MT Đường 79, Phường Tân Quy, Q.7, dt 7x15m, 2 lầu,","Tân Hưng, Thành phố Hồ Chí Minh",29500000000.0,105.0,,TP.HCM (lõi cũ),Nhà ở/Nhà phố,280952380.95238096
https://nhadat.cafeland.vn/ban-nha-co-thang-may-duong-cao-thang-quan-3-hem-8m-dong-tien-cao-2593132.html,BÁN NHÀ CÓ THANG MÁY ĐƯỜNG CAO THẮNG QUẬN 3 – HẺM 8M – DÒNG TIỀN CAO,"Bàn Cờ, Thành phố Hồ Chí Minh",14500000000.0,55.0,,TP.HCM (lõi cũ),Nhà ở/Nhà phố,263636363.63636363
https://nhadat.cafeland.vn/chdv-mat-tien-le-lieu-100m2-ngang-6m-6-tang-thang-may-22-phong-dt-60trth-2811385.html,"CHDV mặt tiền Lê Liễu, 100m2 ngang 6m, 6 tầng thang máy, 22 Phòng, DT 60tr/th","Tân Sơn Nhì, Thành phố Hồ Chí Minh",14500000000.0,100.0,22.0,TP.HCM (lõi cũ),Khác,145000000.0
https://nhadat.cafeland.vn/ban-nha-rieng-hoa-binh-dam-sen-72m-4-tang-gia-chi-8999-ty-4x18m-6-phong-duon-3186792.html,Bán nhà riêng: Hòa Bình Đầm Sen | 72m 4 tầng giá chỉ 8.999 tỷ 4x18m 6 phòng đườn,"Phú Thạnh, Thành phố Hồ Chí Minh",9000000000.0,72.0,6.0,TP.HCM (lõi cũ),Nhà ở/Nhà phố,125000000.0
https://nhadat.cafeland.vn/nha-mat-tien-duong-ba-huyen-thanh-quan-quan-3-2485183.html,"Nhà mặt tiền đường Bà Huyện Thanh Quan, Quận 3","Bàn Cờ, Thành phố Hồ Chí Minh",7300000000.0,12.7,,TP.HCM (lõi cũ),Nhà ở/Nhà phố,574803149.6062993
https://nhadat.cafeland.vn/ban-nha-rieng-25-ty-ban-nha-hxh-phan-dang-luu-p5-phu-nhuan-68x16m-vuong-vuc-3188418.html,"Bán nhà riêng: 25 Tỷ! Bán Nhà HXH Phan Đăng Lưu P5 Phú Nhuận: 6.8x16m, Vuông Vức","Đức Nhuận, Thành phố Hồ Chí Minh",25000000000.0,106.8,,TP.HCM (lõi cũ),Nhà ở/Nhà phố,234082397.00374532
https://nhadat.cafeland.vn/mat-tien-tay-son-duong-10m-74m2-5-tang-5pn-day-du-noi-that-chi-85-ty-2480100.html,"Mặt tiền Tây Sơn đường 10m, 74m2, 5 tầng, 5PN, đầy đủ nội thất, Chỉ 8.5 tỷ","Phú Thọ Hòa, Thành phố Hồ Chí Minh",8500000000.0,74.0,5.0,TP.HCM (lõi cũ),Khác,114864864.86486487
https://nhadat.cafeland.vn/ban-nha-rieng-chinh-chu-can-rao-ban-lai-can-nha-gan-cong-vien-binh-loi-ham-4-3184443.html,"Bán nhà riêng: Chính chủ cần rao bán lại căn nhà gần công viên Bình Lợi, hầm + 4","Bình Lợi Trung, Thành phố Hồ Chí Minh",13900000000.0,76.0,,TP.HCM (lõi cũ),Nhà ở/Nhà phố,182894736.84210527
https://nhadat.cafeland.vn/ban-nha-rieng-ban-toa-nha-ta05-quan-12-tp-hcm-118m2-x-5-tang-co-10-toi-x-3186757.html,"Bán nhà riêng: Bán Tòa Nhà TA05, Quận 12 TP. HCM 118m2 x 5 tầng CÓ 10 TỎI x","Thới An, Thành phố Hồ Chí Minh",10000000000.0,118.0,,TP.HCM (lõi cũ),Nhà ở/Nhà phố,84745762.71186441
https://nhadat.cafeland.vn/nha-ban-le-van-sy-4-tang-so-hong-rieng-3179702.html,nhà bán lê văn sỹ 4 tầng sổ hồng riêng,"Phú Nhuận, Thành phố Hồ Chí Minh",5900000000.0,31.0,4.0,TP.HCM (lõi cũ),Nhà ở/Nhà phố,190322580.6451613
https://nhadat.cafeland.vn/nha-5x23m-goc-2-mat-tien-duong-79-phuong-tan-quy-q7-vi-tri-kd-buon-ban-tot-2238074.html,nhà 5x23m góc 2 mặt tiền đường 79 phường tân quy Q7. vị trí KD buôn bán tốt,"Tân Hưng, Thành phố Hồ Chí Minh",35000000000.0,107.0,,TP.HCM (lõi cũ),Nhà ở/Nhà phố,327102803.7383177
https://nhadat.cafeland.vn/ban-nha-rieng-mat-tien-kinh-doanh-tay-thanh-tan-phu-2-tang-112m2-co-san-3185751.html,Bán nhà riêng: Mặt tiền kinh doanh Tây Thạnh - Tân Phú - 2 tầng - 112m2 - có sẵn,"Tây Thạnh, Thành phố Hồ Chí Minh",22000000000.0,112.0,7.0,TP.HCM (lõi cũ),Nhà ở/Nhà phố,196428571.42857143
https://nhadat.cafeland.vn/ban-nha-rieng-co-hoi-so-huu-bds-dong-tien-22trthang-vi-tri-vang-quan-7-chi-co-3183258.html,Bán nhà riêng: Cơ hội sở hữu bđs dòng tiền 22tr/tháng vị trí vàng quận 7 chi có,"Tân Hưng, Thành phố Hồ Chí Minh",5500000000.0,60.0,,TP.HCM (lõi cũ),Nhà ở/Nhà phố,91666666.66666667
https://nhadat.cafeland.vn/chuyen-nhuong-biet-thu-khu-dan-cu-an-loc-duong-nguyen-oanh-go-vap-2481515.html,"Chuyển nhượng biệt thự khu dân cư An Lộc, đường Nguyễn Oanh, Gò Vấp","Gò Vấp, Thành phố Hồ Chí Minh",21900000000.0,215.5,,TP.HCM (lõi cũ),Biệt thự,101624129.93039443
https://nhadat.cafeland.vn/ban-nha-rieng-ban-can-nha-pho-goc-2-mat-tien-hem-oto-duong-so-6-pbinh-trung-do-3189159.html,Bán nhà riêng: Bán Căn Nhà Phố Góc 2 Mặt Tiền Hẻm Oto Đường Số 6 P.Bình Trưng Đô,"Bình Trưng, Thành phố Hồ Chí Minh",8900000000.0,88.4,6.0,TP.HCM (lõi cũ),Nhà ở/Nhà phố,100678733.0316742
https://nhadat.cafeland.vn/ban-nha-rieng-nha-xinh-vuon-lai-tan-phu-hem-xe-hoi-gia-chi-hon-4-ty-3183193.html,"Bán nhà riêng: Nhà xinh Vườn Lài Tân Phú, hẻm xe hơi giá chỉ hơn 4 tỷ","Phú Thạnh, Thành phố Hồ Chí Minh",4000000000.0,48.0,,TP.HCM (lõi cũ),Nhà ở/Nhà phố,83333333.33333333
https://nhadat.cafeland.vn/mo-ban-can-vn77-38-tai-vinhomes-green-paradise-can-gio-vi-tri-dep-dien-tich-2246m2-don-song-dau-tu-2489242.html,"Mở bán căn VN77-38 tại Vinhomes Green Paradise Cần Giờ vị trí đẹp diện tích 224,6m2 đón sóng đầu tư","Cần Giờ, Thành phố Hồ Chí Minh",24492000000.0,224.6,,TP.HCM (lõi cũ),Khác,109047195.01335709
https://nhadat.cafeland.vn/ban-nen-vuong-vuc-100m2-so-hong-rieng-tay-nam-du-an-tan-phong-2281387.html,Bán nền vuông vức 100m2 - Sổ hồng riêng - Tây Nam - dự án Tân Phong,"Tân Hưng, Thành phố Hồ Chí Minh",14200000000.0,100.0,,TP.HCM (lõi cũ),Khác,142000000.0
https://nhadat.cafeland.vn/chot-nhanh-nha-pho-re-4-x-16m-1-tret-2-lau-cmt8-quan-10-tphcm-2485013.html,Chốt nhanh nhà phố rẻ 4 x 16m 1 trệt 2 lầu CMT8 Quận 10 TP.HCM,"Hòa Hưng, Thành phố Hồ Chí Minh",9800000000.0,64.0,,TP.HCM (lõi cũ),Nhà ở/Nhà phố,153125000.0
https://nhadat.cafeland.vn/chdv-mt-kenh-nuoc-den-gan-cho-tan-huong-80m2-6-tang-15-phongtn-40trth-14-ty-2833670.html,"CHDV MT Kênh Nước Đen-gần chợ Tân Hương, 80m2, 6 tầng 15 phòng,TN 40tr/th, 14 tỷ","Phú Thọ Hòa, Thành phố Hồ Chí Minh",14000000000.0,80.0,15.0,TP.HCM (lõi cũ),Khác,175000000.0
https://nhadat.cafeland.vn/hot-ban-nha-mat-tien-giam-tu-23ty-con-158ty-ngang-8m-x20m-3-tang-q12-hiem-2475593.html,Hót Bán Nhà Mặt Tiền Giảm từ 23Tỷ còn 15.8Tỷ Ngang 8m x20m 3 tầng Q12 Hiếm,"Tân Thới Hiệp, Thành phố Hồ Chí Minh",15800000000.0,160.0,,TP.HCM (lõi cũ),Nhà ở/Nhà phố,98750000.0
https://nhadat.cafeland.vn/chuyen-nhuong-lo-dat-goc-2-mat-tien-duong-than-van-nhiep-quan-2-2557360.html,"Chuyển nhượng lô đất góc 2 mặt tiền đường Thân Văn Nhiếp, Quận 2","An Khánh, Thành phố Hồ Chí Minh",31000000000.0,114.2,,TP.HCM (lõi cũ),Đất nền,271453590.1926445
https://nhadat.cafeland.vn/nha-pho-thuong-mai-cho-quang-vinh-2-vua-o-vua-kinh-doanh-so-hong-san-3155568.html,"NHÀ PHỐ THƯƠNG MẠI CHỢ QUANG VINH 2 – VỪA Ở, VỪA KINH DOANH, SỔ HỒNG SẴN","Tân Hiệp, Thành phố Hồ Chí Minh",3900000000.0,233.0,,Bình Dương (mới sáp nhập),Nhà ở/Nhà phố,16738197.424892703
https://nhadat.cafeland.vn/lo-dat-d28-khu-nam-long-phu-thuan-q7-dt-8x20m-gia-19-ty-2278719.html,Lô Đất D28 Khu Nam long Phú Thuận Q7. Dt 8x20m. Giá 19 tỷ,"Phú Thuận, Thành phố Hồ Chí Minh",19000000000.0,160.0,,TP.HCM (lõi cũ),Đất nền,118750000.0
https://nhadat.cafeland.vn/victoria-village-quan-2-gio-hang-chuyen-nhuong-da-dang-1pn-2pn-3pn-3180922.html,Victoria Village Quận 2 | Giỏ hàng chuyển nhượng đa dạng 1PN - 2PN - 3PN,"Cát Lái, Thành phố Hồ Chí Minh",5000000000.0,52.0,1.0,TP.HCM (lõi cũ),Biệt thự,96153846.15384616
https://nhadat.cafeland.vn/ban-nha-rieng-mat-tien-kinh-doanh-le-sao-phu-thanh-4-tang-duong-14m-co-le-97-t-3187794.html,Bán nhà riêng: Mặt tiền kinh doanh Lê Sao Phú Thạnh 4 tầng đường 14m có lề 9.7 t,"Phú Thạnh, Thành phố Hồ Chí Minh",9700000000.0,68.0,,TP.HCM (lõi cũ),Nhà ở/Nhà phố,142647058.82352942
https://nhadat.cafeland.vn/ban-nha-rieng-hem-vip-337-tan-ky-tan-quy-nha-dep-khu-co-cong-vien-4x145m-duc-3187784.html,"Bán nhà riêng: Hẻm VIP 337 Tân Kỳ Tân Quý nhà đẹp, khu có công viên-4x14,5m, đúc","Tân Sơn Nhì, Thành phố Hồ Chí Minh",9700000000.0,58.0,,TP.HCM (lõi cũ),Nhà ở/Nhà phố,167241379.31034482
https://nhadat.cafeland.vn/thanh-ly-2-suat-thuong-mai-blue-sky-tower-q2-dt-47m2-gia-27tyho-tro-vay-2265826.html,"Thanh lý 2 suất thương mại Blue Sky Tower - Q2, DT 47m2 giá 2.7tỷ.Hỗ trợ vay","Bình Trưng, Thành phố Hồ Chí Minh",2700000000.0,47.0,,TP.HCM (lõi cũ),Khác,57446808.5106383
https://nhadat.cafeland.vn/ban-nha-rieng-nha-moi-dep-4x16m-hem-xe-hoi-3-phong-ngu-tay-thanh-tan-phu-3187767.html,"Bán nhà riêng: Nhà mới đẹp 4x16m, hẻm xe hơi, 3 phòng ngủ, Tây Thạnh, Tân Phú","Tây Thạnh, Thành phố Hồ Chí Minh",5600000000.0,64.0,3.0,TP.HCM (lõi cũ),Nhà ở/Nhà phố,87500000.0
https://nhadat.cafeland.vn/ban-biet-thu-7714-ban-nha-1t2l-kdc-loc-phat-residence-gan-cho-thuan-giao-thu-3186657.html,"Bán biệt thự: 7714 - Bán nhà 1T2L KDC Lộc Phát Residence gần Chợ Thuận Giao, Thu","Thuận Giao, Thành phố Hồ Chí Minh",4950000000.0,60.0,5.0,Bình Dương (mới sáp nhập),Biệt thự,82500000.0
https://nhadat.cafeland.vn/ban-can-ho-chung-cu-ascent-lakeside-nguyen-van-linh-q7-152m2-chi-816-ty-3179247.html,"Bán Căn hộ chung cư ASCENT LAKESIDE- Nguyễn Văn Linh- Q7-152m2 chỉ 8,16 tỷ","Tân Thuận, Thành phố Hồ Chí Minh",8161000000.0,152.0,3.0,TP.HCM (lõi cũ),Căn hộ/Chung cư,53690789.473684214
https://nhadat.cafeland.vn/ban-nha-rieng-ban-nha-4-tang-moi-dep-hem-xe-hoi-huynh-thi-hai-quan-12-dien-t-3183148.html,"Bán nhà riêng: Bán nhà 4 tầng mới đẹp, hẻm xe hơi Huỳnh Thị Hai, Quận 12, diện t","Trung Mỹ Tây, Thành phố Hồ Chí Minh",6100000000.0,80.0,,TP.HCM (lõi cũ),Nhà ở/Nhà phố,76250000.0
https://nhadat.cafeland.vn/ban-dat-tho-cu-ban-2-lo-dat-xa-ba-diem-gan-cho-cay-me-so-hong-rieng-3185811.html,"Bán đất thổ cư: Bán 2 lô đất Xã Bà Điểm gần Chợ Cây Me, Sổ hồng riêng","Bà Điểm, Thành phố Hồ Chí Minh",4550000000.0,127.5,,TP.HCM (lõi cũ),Đất nền,35686274.50980392
https://nhadat.cafeland.vn/nhinh-5-ty-so-huu-nha-moi-dep-linh-xuan-hem-xe-hoi-tang-full-noi-that-3189243.html,"NHỈNH 5 TỶ SỞ HỮU NHÀ MỚI ĐẸP LINH XUÂN, HẺM XE HƠI, TẶNG FULL NỘI THẤT","Thủ Đức, Thành phố Hồ Chí Minh",5170000000.0,55.0,3.0,TP.HCM (lõi cũ),Nhà ở/Nhà phố,94000000.0
https://nhadat.cafeland.vn/nha-pho-lien-ke-co-vuon-duy-nhat-lien-ke-thu-thiem-3-mat-giap-song-2278934.html,"Nhà phố liên kế có vườn duy nhất liền kề Thủ Thiêm, 3 mặt giáp sông","Bình Trưng, Thành phố Hồ Chí Minh",29000000000.0,250.0,,TP.HCM (lõi cũ),Nhà ở/Nhà phố,116000000.0
https://nhadat.cafeland.vn/ban-nha-mtkd-5tang-tt-go-vap-giap-phu-nhuan-binh-thanh-nha-co-san-dong-tien-2285684.html,"BÁN NHÀ MTKD 5TẦNG TT GÒ VẤP GIÁP PHÚ NHUẬN - BÌNH THẠNH, NHÀ CÓ SẴN DÒNG TIỀN","Hạnh Thông, Thành phố Hồ Chí Minh",13500000000.0,60.0,,TP.HCM (lõi cũ),Nhà ở/Nhà phố,225000000.0
https://nhadat.cafeland.vn/ban-can-ho-chung-cu-sieu-pham-2pn-full-noi-that-cao-cap-chi-2-ty-85-trieu-3188527.html,Bán căn hộ chung cư: Siêu phẩm 2PN full nội thất CAO CẤP – CHỈ 2 TỶ 85 TRIỆU,"Phú Thuận, Thành phố Hồ Chí Minh",2085000000.0,72.0,2.0,TP.HCM (lõi cũ),Căn hộ/Chung cư,28958333.333333332
https://nhadat.cafeland.vn/ban-can-ho-chung-cu-the-grand-manhattan-o-sau-24-thang-moi-thanh-toan-goc-lai-3187706.html,"Bán căn hộ chung cư: The Grand Manhattan, ở sau 24 tháng mới thanh toán gốc lãi","Bến Thành, Thành phố Hồ Chí Minh",4000000000.0,68.0,,TP.HCM (lõi cũ),Căn hộ/Chung cư,58823529.4117647
https://nhadat.cafeland.vn/cho-ban-co-ban-nha-5-tang-mat-tien-kinh-doanh-sam-uat-hxh-8m-chi-95-ty-2287759.html,[CHỢ BÀN CỜ] BÁN NHÀ 5 TẦNG MẶT TIỀN - KINH DOANH SẦM UẤT – HXH 8M - CHỈ 9.5 TỶ,"Bàn Cờ, Thành phố Hồ Chí Minh",9500000000.0,30.0,4.0,TP.HCM (lõi cũ),Nhà ở/Nhà phố,316666666.6666667
https://nhadat.cafeland.vn/nha-dep-5-tang-full-noi-that-su-van-hanh-quan-10-46m-x-15m-chi-17-ty-2832834.html,"Nhà Đẹp 5 Tầng Full Nội Thất – Sư Vạn Hạnh Quận 10 – 4,6m x 15m – Chỉ 17 Tỷ","Vườn Lài, Thành phố Hồ Chí Minh",17000000000.0,69.0,,TP.HCM (lõi cũ),Nhà ở/Nhà phố,246376811.5942029
https://nhadat.cafeland.vn/nha-pho-vuon-hoc-mon-200m2-3ty25-2555537.html,Nhà Phố Vườn Hốc Môn 200m2_3ty25,"Hóc Môn, Thành phố Hồ Chí Minh",3250000000.0,200.0,,TP.HCM (lõi cũ),Nhà ở/Nhà phố,16250000.0
https://nhadat.cafeland.vn/suat-noi-bo-can-2pn-tai-blusky-tower-tang-10ky-hdmb-truc-tiep-voi-cdt-1733146.html,Suất nội bộ căn 2PN tại Blusky Tower tầng 10.Ký HDMB trực tiếp với CĐT,"Bình Trưng, Thành phố Hồ Chí Minh",2700000000.0,50.0,2.0,TP.HCM (lõi cũ),Khác,54000000.0
https://nhadat.cafeland.vn/ban-dat-tho-cu-chu-ban-re-90m2-hem-o-to-duong-trinh-nhu-khue-ke-cho-binh-chanh-3184081.html,"Bán đất thổ cư: Chủ bán rẻ 90m2 hẻm ô tô đường Trịnh Như Khuê kế chợ Bình Chánh,","Bình Chánh, Thành phố Hồ Chí Minh",2300000000.0,90.0,,TP.HCM (lõi cũ),Đất nền,25555555.555555556
https://nhadat.cafeland.vn/ban-nha-rieng-gia-chi-14-ty-ban-nha-hxh-8m-vi-tri-dep-yen-the-ngay-san-bay-n-3183187.html,Bán nhà riêng: Giá chỉ 14 tỷ! Bán nhà HXH 8m vị trí đẹp Yên Thế ngay Sân Bay - N,"Tân Sơn Hòa, Thành phố Hồ Chí Minh",14000000000.0,72.0,6.0,TP.HCM (lõi cũ),Nhà ở/Nhà phố,194444444.44444445
https://nhadat.cafeland.vn/ban-nha-an-duong-vuongphuong-an-lac-4m-x-17m-x-3-tang-695-ty-tl-2812648.html,"BÁN NHÀ AN DƯƠNG VƯƠNG,PHƯỜNG AN LẠC (4m x 17m x 3 TẦNG) 6,95 TỶ TL","An Lạc, Thành phố Hồ Chí Minh",6950000000.0,68.0,3.0,TP.HCM (lõi cũ),Nhà ở/Nhà phố,102205882.35294117
https://nhadat.cafeland.vn/ban-nha-tan-hiep-kdc-dong-duc-tai-tan-uyen-binh-duong-3160141.html,Bán nhà Tân Hiệp KDC đông đúc tại Tân Uyên Bình Dương,"Tân Hiệp, Thành phố Hồ Chí Minh",3990000000.0,67.5,,Bình Dương (mới sáp nhập),Nhà ở/Nhà phố,59111111.11111111
https://nhadat.cafeland.vn/ban-can-nha-dt-108x28m-hem-chinh-30-lam-van-ben-phuong-tan-kieng-quan-7-2268842.html,"bán căn nhà dt 10,8x28m hẻm chính 30 Lâm Văn bền phường tân kiểng Quận 7","Tân Hưng, Thành phố Hồ Chí Minh",38000000000.0,289.0,27.0,TP.HCM (lõi cũ),Nhà ở/Nhà phố,131487889.27335641
https://nhadat.cafeland.vn/ban-nha-rieng-khu-do-thi-thinh-gia-ben-cat-binh-duong-gia-dau-tu-990-trieu-3183934.html,"Bán nhà riêng: Khu đô thị Thịnh Gia, Bến Cát, Bình Dương. Giá đầu tư: 990 triệu.","Hòa Lợi, Thành phố Hồ Chí Minh",990000000.0,66.0,2.0,Bình Dương (mới sáp nhập),Nhà ở/Nhà phố,15000000.0
https://nhadat.cafeland.vn/ban-can-ho-chung-cu-era-town-duc-khai-15b-nguyen-luong-bang-q7-hcm-2485899.html,"Bán căn hộ chung cư Era Town Đức Khải - 15B Nguyễn Lương Bằng, Q7, HCM","Tân Mỹ, Thành phố Hồ Chí Minh",3400000000.0,84.0,2.0,TP.HCM (lõi cũ),Căn hộ/Chung cư,40476190.47619048
https://nhadat.cafeland.vn/ban-dat-quan-7-co-7-lo-lien-ke-khu-sadeco-ven-song-tan-phong-dt-7x18m-2485855.html,"Bán đất Quận 7 có 7 lô liền kề khu Sadeco Ven Sông Tân Phong, dt 7x18m","Tân Hưng, Thành phố Hồ Chí Minh",23940000000.0,126.0,,TP.HCM (lõi cũ),Đất nền,190000000.0
https://nhadat.cafeland.vn/ban-dat-lo-goc-2-mat-tien-hoa-long-ba-ria-120m2-gia-chi-1-ty-650-2557399.html,BÁN ĐẤT LÔ GÓC 2 MẶT TIỀN HÒA LONG – BÀ RỊA | 120M² | GIÁ CHỈ 1 TỶ 650,"Tam Long, Thành phố Hồ Chí Minh",1600000000.0,120.0,,Bà Rịa - Vũng Tàu (mới sáp nhập),Đất nền,13333333.333333334
https://nhadat.cafeland.vn/hang-hiem-ch-55m2-2-ty-3-van-kiep-so-sanmoidepsangdon-o-ngay-vay-5-nam-2935779.html,"Hàng Hiếm - CH 55m2 (2 tỷ 3) Vạn Kiếp ,sổ sẵn,mới,đẹp,sang,dọn ở ngay ,vay 5 năm","An Hội Tây, Thành phố Hồ Chí Minh",2400000000.0,60.0,,TP.HCM (lõi cũ),Khác,40000000.0
https://nhadat.cafeland.vn/ban-nha-1206371-huynh-tan-phat-quan-7-gia-re-dau-tu-2932522.html,Bán nhà 1206/37/1 Huỳnh Tấn Phát Quận 7 giá rẻ đầu tư,"Tân Mỹ, Thành phố Hồ Chí Minh",4500000000.0,35.0,2.0,TP.HCM (lõi cũ),Nhà ở/Nhà phố,128571428.57142857
https://nhadat.cafeland.vn/mat-tien-rong-30m-duong-11n-khu-cu-xa-ngan-hang-4x22m-sh-175-ty-2287058.html,"Mặt Tiền rộng 30m đường 11N khu Cư xá ngân hàng . 4x22m SH. 17,5 tỷ","Tân Thuận, Thành phố Hồ Chí Minh",17500000000.0,88.0,,TP.HCM (lõi cũ),Khác,198863636.36363637
https://nhadat.cafeland.vn/shophouse-nha-pho-thuong-mai-tai-gold-coast-vung-tau-huyen-long-dien-2563552.html,"Shophouse, nhà phố thương mại tại Gold Coast Vũng Tàu, huyện Long Điền","Vũng Tàu, Thành phố Hồ Chí Minh",10000000000.0,108.0,,Bà Rịa - Vũng Tàu (mới sáp nhập),Nhà ở/Nhà phố,92592592.5925926
https://nhadat.cafeland.vn/ban-nha-huong-lo-2phuong-binh-tri-dong-a-so-hong-rieng-52m2-gia-585-ty-2933803.html,"BÁN NHÀ HƯƠNG LỘ 2,PHƯỜNG BÌNH TRỊ ĐÔNG A - SỔ HỒNG RIÊNG - 52m² - GIÁ 5,85 TỶ","Bình Trị Đông, Thành phố Hồ Chí Minh",5850000000.0,52.0,,TP.HCM (lõi cũ),Nhà ở/Nhà phố,112500000.0
https://nhadat.cafeland.vn/ban-gap-lo-dat-mat-tien-duong-so-8-tang-nhon-phu-b-tp-thu-duc-2936973.html,"Bán gấp lô đất mặt tiền đường số 8, Tăng Nhơn Phú B, TP. Thủ Đức","Tăng Nhơn Phú, Thành phố Hồ Chí Minh",7500000000.0,89.2,,TP.HCM (lõi cũ),Đất nền,84080717.48878923
https://nhadat.cafeland.vn/ban-nha-rieng-ban-nha-4-x-17-85-ty-hem-7m-duong-le-trong-tan-p-tay-thanh-3187781.html,"Bán nhà riêng: Bán nhà 4 x 17 = 8,5 tỷ hẻm 7m, đường Lê Trọng Tấn, P. Tây Thạnh,","Tây Thạnh, Thành phố Hồ Chí Minh",8500000000.0,68.0,4.0,TP.HCM (lõi cũ),Nhà ở/Nhà phố,125000000.0
https://nhadat.cafeland.vn/chuyen-nhuong-dat-duong-624-la-xuan-oai-long-truong-quan-9-2479153.html,"Chuyển nhượng đất đường 624 - Lã Xuân Oai, Long Trường, quận 9","Long Trường, Thành phố Hồ Chí Minh",4200000000.0,62.0,,TP.HCM (lõi cũ),Đất nền,67741935.48387097
https://nhadat.cafeland.vn/ban-nha-rieng-ngay-sau-bx-an-suong-nha-cap-4-hem-o-to-dt-250m2-16x18-full-3184509.html,"Bán nhà riêng: Ngay sau BX An Sương, nhà cấp 4 hẻm ô tô - DT 250m2 (16x18) full","Bà Điểm, Thành phố Hồ Chí Minh",4000000000.0,250.0,,TP.HCM (lõi cũ),Nhà ở/Nhà phố,16000000.0
https://nhadat.cafeland.vn/ban-nha-rieng-xe-hoi-ngu-nha-bui-dinh-tuy-p12-binh-thanh-ngay-cong-vien-4-3187752.html,"Bán nhà riêng: Xe hơi ngủ nhà, Bùi Đình Túy P.12 Bình Thạnh - Ngay công viên - 4","Bình Thạnh, Thành phố Hồ Chí Minh",9900000000.0,65.0,,TP.HCM (lõi cũ),Nhà ở/Nhà phố,152307692.30769232
https://nhadat.cafeland.vn/ban-can-hqc-plaza-gia-14-ty-55m2-da-co-so-hongcan-ho-hqc-plaza-1706587.html,"Bán căn HQC Plaza giá 1.4 tỷ /55m2 đã có sổ hồng,căn hộ HQC Plaza","Bình Chánh, Thành phố Hồ Chí Minh",1450000000.0,55.0,,TP.HCM (lõi cũ),Căn hộ/Chung cư,26363636.363636363
https://nhadat.cafeland.vn/chi-400-trieu-dong-so-huu-ngay-2557411.html,CHỈ 400 TRIỆU ĐỒNG SỞ HỮU NGAY !,"Dĩ An, Thành phố Hồ Chí Minh",1600000000.0,32.0,,Bình Dương (mới sáp nhập),Khác,50000000.0
https://nhadat.cafeland.vn/ban-nha-rieng-mat-tien-kinh-doanh-tran-thi-co-q12-100m-2-tang-dong-tien-15tr-3183158.html,Bán nhà riêng: Mặt tiền kinh doanh Trần Thị Cờ/ Q12 100m 2 tầng - Dòng tiền 15tr,"Thới An, Thành phố Hồ Chí Minh",8100000000.0,100.0,,TP.HCM (lõi cũ),Nhà ở/Nhà phố,81000000.0
https://nhadat.cafeland.vn/ban-can-ho-2pn-view-song-tang-dep-gia-uu-dai-the-gio-riverside-chi-365-ty-2287506.html,"Bán căn hộ 2PN view sông – tầng đẹp – giá ưu đãi | The Gió Riverside chỉ 3,65 tỷ","Đông Hòa, Thành phố Hồ Chí Minh",3650000000.0,65.0,2.0,Bình Dương (mới sáp nhập),Căn hộ/Chung cư,56153846.15384615
https://nhadat.cafeland.vn/p-ban-co-ban-nha-can-goc-5-tang-hxh-8m-nguyen-dinh-chieu-chi-165-ty-2286839.html,[P BÀN CỜ] BÁN NHÀ CĂN GÓC 5 TẦNG – HXH 8M – NGUYỄN ĐÌNH CHIỂU – CHỈ 16.5 TỶ,"Bàn Cờ, Thành phố Hồ Chí Minh",16500000000.0,55.0,,TP.HCM (lõi cũ),Nhà ở/Nhà phố,300000000.0
https://nhadat.cafeland.vn/can-tien-ban-gap-nha-moi-xay-hoc-mon-so-rieng-0703463327-2557322.html,Cần tiền bán gấp nhà mới xây Hóc Môn sổ riêng 0703463327,"Hóc Môn, Thành phố Hồ Chí Minh",2950000000.0,80.0,3.0,TP.HCM (lõi cũ),Nhà ở/Nhà phố,36875000.0
https://nhadat.cafeland.vn/ban-biet-thu-von-tu-1392-ty-so-huu-can-goc-lien-ke-vinhomes-sai-gon-park-3185810.html,"Bán biệt thự: Vốn từ ~1,392 tỷ sở hữu căn góc liền kề Vinhomes Sài Gòn Park!","Xuân Thới Sơn, Thành phố Hồ Chí Minh",6100000000.0,60.0,,TP.HCM (lõi cũ),Biệt thự,101666666.66666667
https://nhadat.cafeland.vn/ban-nha-rieng-ha-330tr-con-385-ty-ke-cho-tan-huong-nha-moi-3-tang-2pn-chot-kh-3183207.html,Bán nhà riêng: Hạ 330tr còn 3.85 tỷ! kế chợ tân hương nhà mới 3 tầng 2pn chốt kh,"Phú Thọ Hòa, Thành phố Hồ Chí Minh",3850000000.0,26.0,2.0,TP.HCM (lõi cũ),Nhà ở/Nhà phố,148076923.07692307
https://nhadat.cafeland.vn/hem-vip-80-ba-huyen-thanh-quan-q3-dt-4mx27m-4-tang-3180737.html,"Hẻm VIP 80 Bà Huyện Thanh Quan, Q3 - DT 4mx27m, 4 tầng","Nhiêu Lộc, Thành phố Hồ Chí Minh",33000000000.0,105.0,,TP.HCM (lõi cũ),Khác,314285714.28571427
https://nhadat.cafeland.vn/nha-68x24m-hem-30-lam-van-ben-phuong-tan-kieng-quan-7-day-tro-tn-35t-2557436.html,"nhà 6,8x24m hẻm 30 Lâm Văn Bền phường Tân kiểng Quận 7. dãy trọ TN 35T","Tân Hưng, Thành phố Hồ Chí Minh",14500000000.0,162.0,,TP.HCM (lõi cũ),Nhà ở/Nhà phố,89506172.83950618
https://nhadat.cafeland.vn/ban-nha-rieng-ban-nha-1-lau-1ngan-duong-le-van-khuong-ptan-thoi-hiep-q12-3184425.html,Bán nhà riêng: Bán nhà 1 lầu 1/ngắn đường Lê Văn Khương P.Tân Thới Hiệp Q.12.,"Tân Thới Hiệp, Thành phố Hồ Chí Minh",2680000000.0,40.0,2.0,TP.HCM (lõi cũ),Nhà ở/Nhà phố,67000000.0
https://nhadat.cafeland.vn/rat-ngop-mtkd-5-lau-ngang-5m-dang-thuy-tram-120m2-tien-lam-vp-cty-25x-ty-2555226.html,RẤT NGỘP MTKD 5 lầu ngang 5m Đặng Thùy Trâm 120m2 tiện làm VP CTY 25.X tỷ,"Bình Lợi Trung, Thành phố Hồ Chí Minh",25500000000.0,120.0,,TP.HCM (lõi cũ),Khác,212500000.0
https://nhadat.cafeland.vn/can-ban-gap-do-gia-dinh-can-tien-gan-cau-lon-2555246.html,Cần bán gấp do gia đình cần tiền gần Cầu Lớn,"Xuân Thới Sơn, Thành phố Hồ Chí Minh",2500000000.0,120.0,,TP.HCM (lõi cũ),Khác,20833333.333333332
https://nhadat.cafeland.vn/dat-trong-duong-37-phuong-binh-thuan-quan-7-dt-49x20m-gia-149-ty-tl-2274959.html,Đất Trống đường 37 Phường Bình Thuận Quận 7. Dt 4.9x20m giá =14.9 Tỷ TL,"Tân Thuận, Thành phố Hồ Chí Minh",14900000000.0,72.6,,TP.HCM (lõi cũ),Đất nền,205234159.77961433
https://nhadat.cafeland.vn/ban-can-ho-chung-cu-ban-can-ho-scenic-valley-3pn-dt-110-m2-gia-85-ty-lh-09-3187909.html,"Bán căn hộ chung cư: Bán căn hộ Scenic Valley, 3PN DT 110 m2, giá 8.5 tỷ. LH: 09","Tân Mỹ, Thành phố Hồ Chí Minh",8500000000.0,110.0,3.0,TP.HCM (lõi cũ),Căn hộ/Chung cư,77272727.27272727
https://nhadat.cafeland.vn/ban-nha-pho-moi-xay-hoan-cong-1-tret-2-lau-2290376.html,Bán nhà phố mới xây hoàn công 1 trệt 2 lầu,"An Phú, Thành phố Hồ Chí Minh",4300000000.0,76.5,,Bình Dương (mới sáp nhập),Nhà ở/Nhà phố,56209150.32679739
https://nhadat.cafeland.vn/ban-can-ho-chung-cu-can-56m2-de-capella-thu-thiem-quan-2-cu-da-co-so-hong-v-3185826.html,Bán căn hộ chung cư: Căn 56m2 De Capella Thủ Thiêm quận 2 cũ - đã có sổ hồng - v,"An Khánh, Thành phố Hồ Chí Minh",5900000000.0,56.0,1.0,TP.HCM (lõi cũ),Căn hộ/Chung cư,105357142.85714285
https://nhadat.cafeland.vn/chuyen-nhuong-nha-mat-tien-kinh-doanh-duong-nguyen-ba-tuyen-phuong-12-tb-2480874.html,"Chuyển nhượng nhà mặt tiền kinh doanh đường Nguyễn Bá Tuyển, phường 12, TB","Tân Bình, Thành phố Hồ Chí Minh",37500000000.0,204.0,,TP.HCM (lõi cũ),Nhà ở/Nhà phố,183823529.4117647
https://nhadat.cafeland.vn/san-bay-tsn-cach-2km-ch-52m2-2-ty-1-shr-an-ninh-2424-tang-cao-gop-0-lai-2482029.html,"Sân Bay TSN cách 2KM -CH 52m2 / 2 tỷ 1 ,SHR ,An Ninh 24/24 ,Tầng Cao ,Góp 0% Lãi","Hạnh Thông, Thành phố Hồ Chí Minh",2100000000.0,52.0,2.0,TP.HCM (lõi cũ),Khác,40384615.384615384
https://nhadat.cafeland.vn/chuyen-nhuong-can-goc-2-mat-tien-hem-xe-hoi-nguyen-thien-thuat-phuong-1-quan-3-2482228.html,"Chuyển nhượng căn góc 2 mặt tiền hẻm xe hơi Nguyễn Thiện Thuật, phường 1, quận 3","Bàn Cờ, Thành phố Hồ Chí Minh",16000000000.0,35.1,,TP.HCM (lõi cũ),Khác,455840455.84045583
https://nhadat.cafeland.vn/ban-nha-rieng-chot-ngay-nha-5-tang-vuon-lai-kinh-doanh-sam-uat-dong-tien-san-3184929.html,"Bán nhà riêng: Chốt ngay nhà 5 tầng Vườn Lài, kinh doanh sầm uất, dòng tiền sẵn","Phú Thọ Hòa, Thành phố Hồ Chí Minh",14000000000.0,70.0,,TP.HCM (lõi cũ),Nhà ở/Nhà phố,200000000.0
https://nhadat.cafeland.vn/ban-nha-hoang-dieu-p10-phu-nhuan-3-tang-san-thuong-hem-thong-xe-hoi-4pn4wc-2435654.html,"Bán nhà Hoàng Diệu P.10 Phú Nhuận, 3 tầng sân thượng, hẻm thông xe hơi. 4pn4wc.","Chợ Lớn, Thành phố Hồ Chí Minh",9500000000.0,46.0,4.0,TP.HCM (lõi cũ),Nhà ở/Nhà phố,206521739.13043478
https://nhadat.cafeland.vn/quan-3-phuong-ban-co-chi-53-ty-can-nha-ngay-gan-mat-tien-nguyen-dinh-chieu-2287287.html,[QUẬN 3 – PHƯỜNG BÀN CỜ] CHỈ 5.3 TỶ– CĂN NHÀ NGAY GẦN MẶT TIỀN NGUYỄN ĐÌNH CHIỂU,"Bàn Cờ, Thành phố Hồ Chí Minh",5300000000.0,36.0,2.0,TP.HCM (lõi cũ),Nhà ở/Nhà phố,147222222.2222222
https://nhadat.cafeland.vn/gia-tot-75trm2-ban-dat-hxh-d-tinh-lo-10-44x18m-59-ty-shr-thong-khu-ten-lua-3179318.html,"Giá Tốt 75tr/m2 Bán Đất HXH Đ. Tỉnh Lộ 10 4,4x18m 5,9 Tỷ SHR Thông Khu Tên Lửa","Bình Trị Đông, Thành phố Hồ Chí Minh",460000000.0,78.0,,TP.HCM (lõi cũ),Đất nền,5897435.897435897
https://nhadat.cafeland.vn/ban-nha-2-tang-hem-thong-gan-mt-au-duong-lan-quan-8-3186281.html,BÁN NHÀ 2 TẦNG HẺM THÔNG GẦN MT ÂU DƯƠNG LÂN QUẬN 8,"Chánh Hưng, Thành phố Hồ Chí Minh",5880000000.0,49.0,2.0,TP.HCM (lõi cũ),Nhà ở/Nhà phố,120000000.0
https://nhadat.cafeland.vn/can-ban-2-can-nha-vi-tri-deptiem-nang-mat-tien-duong-lien-phuong-rong-30m-3181283.html,"Cần bán 2 căn nhà vị trí đẹp,tiềm năng, mặt tiền đường Liên Phường rộng 30m","Long Trường, Thành phố Hồ Chí Minh",37000000000.0,193.0,,TP.HCM (lõi cũ),Nhà ở/Nhà phố,191709844.55958548
https://nhadat.cafeland.vn/ban-nha-rieng-hiem-nha-duong-xe-hoi-nguyen-thi-thap-quan-7-cho-tan-my-dt-101m-3185788.html,Bán nhà riêng: Hiếm nhà đường xe hơi Nguyễn Thị Thập Quận 7 Chợ Tân Mỹ - DT 101m,"Tân Mỹ, Thành phố Hồ Chí Minh",10500000000.0,101.0,4.0,TP.HCM (lõi cũ),Nhà ở/Nhà phố,103960396.03960396
https://nhadat.cafeland.vn/chuyen-nhuong-dat-hem-xe-hoi-6m-duong-tran-van-dang-phuong-11-quan-3-2479196.html,"Chuyển nhượng đất hẻm xe hơi 6m đường Trần Văn Đang, phường 11, quận 3","Bàn Cờ, Thành phố Hồ Chí Minh",18500000000.0,118.0,,TP.HCM (lõi cũ),Đất nền,156779661.01694915
https://nhadat.cafeland.vn/120m2-dat-linh-xuan-hxh-quy-hoach-mat-tien-16m-gia-445-ty-3189020.html,"120m² Đất Linh Xuân – HXH, Quy Hoạch Mặt Tiền 16M – Giá 4,45 Tỷ","Linh Xuân, Thành phố Hồ Chí Minh",4450000000.0,120.0,,TP.HCM (lõi cũ),Đất nền,37083333.333333336
https://nhadat.cafeland.vn/ban-nha-rieng-ban-nha-le-trong-tan-hem-xe-tai-tranh-thong-56m2-nha-moi-10-3182262.html,Bán nhà riêng: Bán nhà Lê Trọng Tấn - Hẻm xe tải tránh thông - 56m2 - Nhà mới 10,"Tây Thạnh, Thành phố Hồ Chí Minh",5990000000.0,57.0,,TP.HCM (lõi cũ),Nhà ở/Nhà phố,105087719.29824561
https://nhadat.cafeland.vn/nha-hxh-duong-duc-hien-120m2-5x22-no-hau-5pn-so-dep-chi-855-ty-tl-2475775.html,"Nhà HXH Dương Đức Hiền, 120m2, 5x22, nở hậu, 5PN, sổ đẹp, Chỉ 8.55 tỷ TL","Tây Thạnh, Thành phố Hồ Chí Minh",8550000000.0,120.0,5.0,TP.HCM (lõi cũ),Nhà ở/Nhà phố,71250000.0
https://nhadat.cafeland.vn/ban-nha-rieng-ban-nha-gan-mat-tien-duong-xe-tai-kinh-duong-vuong-124m2-ngan-3187823.html,Bán nhà riêng: Bán nhà gần mặt tiền đường xe tải Kinh Dương Vương - 124m2 - ngan,"An Lạc, Thành phố Hồ Chí Minh",10000000000.0,124.0,,TP.HCM (lõi cũ),Nhà ở/Nhà phố,80645161.29032259
https://nhadat.cafeland.vn/chuyen-nhuong-nha-hem-xe-hoi-duong-duong-quang-ham-phuong-5-go-vap-2476438.html,"Chuyển nhượng nhà hẻm xe hơi đường Dương Quảng Hàm, Phường 5, Gò Vấp","Gò Vấp, Thành phố Hồ Chí Minh",7950000000.0,43.0,3.0,TP.HCM (lõi cũ),Nhà ở/Nhà phố,184883720.93023255
https://nhadat.cafeland.vn/ban-dat-793573-khu-kieu-dam-phuong-tan-hung-q7-dt-65x27m-cnxd-1527m2-2288172.html,"bán Đất 793/57/3 Khu Kiều Đàm phường Tân Hưng Q7. Dt 6,5x27m CNXD 152,7m2","Tân Hưng, Thành phố Hồ Chí Minh",25000000000.0,152.7,,TP.HCM (lõi cũ),Đất nền,163719711.85330716
https://nhadat.cafeland.vn/ban-nha-2059-pham-van-chieu-pan-hoi-tay-1-tret-2-lau-st-gia-96-ty-3179192.html,"Bán nhà 205/9 Phạm Văn Chiêu, P.An Hội Tây, 1 trệt 2 lầu ST. Giá 9,6 tỷ","An Hội Tây, Thành phố Hồ Chí Minh",9600000000.0,53.0,4.0,TP.HCM (lõi cũ),Nhà ở/Nhà phố,181132075.4716981
https://nhadat.cafeland.vn/ban-nha-rieng-hem-kinh-doanh-42-ho-dac-di-quan-tan-phu-48x25m-95-ty-3183218.html,Bán nhà riêng: Hẻm kinh doanh! 42 Hồ Đắc Di Quận Tân Phú 4.8x25m 9.5 tỷ,"Tây Thạnh, Thành phố Hồ Chí Minh",9500000000.0,110.0,,TP.HCM (lõi cũ),Nhà ở/Nhà phố,86363636.36363636
https://nhadat.cafeland.vn/ban-nha-rieng-nha-hem-6m-thong-duong-26-thang-3-ke-ben-aeon-mall-tan-phu-3187824.html,Bán nhà riêng: Nhà hẻm 6m thông đường 26 tháng 3 kế bên Aeon Mall Tân Phú,"Bình Hưng Hòa, Thành phố Hồ Chí Minh",4800000000.0,43.0,,TP.HCM (lõi cũ),Nhà ở/Nhà phố,111627906.97674419
https://nhadat.cafeland.vn/dinh-thu-doi-orchard-mansion-truc-tiep-cdt-94-can-gioi-han-2323952.html,Dinh thự đồi Orchard Mansion- Trực tiếp CĐT- 94 căn giới hạn,"Bình Dương, Thành phố Hồ Chí Minh",16190000000.0,160.0,,Bình Dương (mới sáp nhập),Khác,101187500.0
https://nhadat.cafeland.vn/dat-trong-42x18m-hem-64-bui-van-ba-phuong-tan-thuan-dong-q7-2288174.html,"Đất Trống + 4,2x18m hẻm 64 Bùi văn Ba Phường Tân Thuận Đông Q7","Tân Thuận, Thành phố Hồ Chí Minh",8900000000.0,80.0,,TP.HCM (lõi cũ),Đất nền,111250000.0
https://nhadat.cafeland.vn/ban-nha-rieng-kdc-dong-bo-canh-bigc-nha-3-tang-4x17-mtkd-xe-hoi-ngu-trong-nha-3182305.html,Bán nhà riêng: KDC Đồng Bộ Cạnh BigC Nhà 3 tầng (4x17) MTKD Xe Hơi ngủ trong nhà,"Phú Thuận, Thành phố Hồ Chí Minh",10900000000.0,66.0,,TP.HCM (lõi cũ),Nhà ở/Nhà phố,165151515.15151516
https://nhadat.cafeland.vn/ban-toa-nha-le-hong-phongp4q5-8x20mcn150m26-tang-gia-27-ty-3187861.html,"Bán tòa nhà Lê Hồng Phong,P.4,Q.5 - 8x20m(CN:150m2)6 tầng - Gía: 27 tỷ","Chợ Quán, Thành phố Hồ Chí Minh",27000000000.0,150.0,,TP.HCM (lõi cũ),Nhà ở/Nhà phố,180000000.0
https://nhadat.cafeland.vn/eaton-park-ban-can-3pn-co-slot-oto-dinh-danh-tang-3x-view-huong-dong-nam-2555989.html,Eaton Park - bán căn 3PN + có slot oto định danh - tầng 3x - view hướng Đông Nam,"An Khánh, Thành phố Hồ Chí Minh",20350000000.0,104.0,3.0,TP.HCM (lõi cũ),Khác,195673076.92307693
https://nhadat.cafeland.vn/can-ban-can-ho-2pn-gia-re-chung-cu-lakeside-vung-tau-nha-moi-sua-dep-2557237.html,"Cần Bán Căn hộ 2PN Giá Rẻ, Chung cư Lakeside Vũng Tàu. Nhà Mới Sửa Đẹp","Vũng Tàu, Thành phố Hồ Chí Minh",2780000000.0,70.0,2.0,Bà Rịa - Vũng Tàu (mới sáp nhập),Căn hộ/Chung cư,39714285.71428572
https://nhadat.cafeland.vn/ban-nha-tan-hoa-dongphuong-binh-tri-dong-so-hong-rieng-78m2-gia-88-ty-2979041.html,"BÁN NHÀ TÂN HOÀ ĐÔNG,PHƯỜNG BÌNH TRỊ ĐÔNG -SỔ HỒNG RIÊNG - 78m² - GIÁ 8,8 TỶ","Bình Trị Đông, Thành phố Hồ Chí Minh",8800000000.0,78.0,,TP.HCM (lõi cũ),Nhà ở/Nhà phố,112820512.82051282
https://nhadat.cafeland.vn/ban-96m2-dat-tho-cu-hxh-linh-xuan-gan-dh-luat-thu-duc-gia-45-ty-3185758.html,Bán 96m2 Đất Thổ Cư - HXH Linh Xuân - Gần ĐH Luật Thủ Đức. Giá 4.5 Tỷ,"Linh Xuân, Thành phố Hồ Chí Minh",4500000000.0,96.0,,TP.HCM (lõi cũ),Đất nền,46875000.0
https://nhadat.cafeland.vn/eaton-park-ban-can-1pn-khach-tim-mua-nhieu-nhat-tang-2x-huong-dong-bac-2555995.html,"Eaton Park - bán căn 1PN ""khách tìm mua nhiều nhất"" - tầng 2x - hướng Đông Bắc","An Khánh, Thành phố Hồ Chí Minh",7700000000.0,55.0,1.0,TP.HCM (lõi cũ),Khác,140000000.0
https://nhadat.cafeland.vn/mat-tien-phuong-sai-gon-doi-dien-dai-truyen-hinh-can-goc-ngang-10m-3179148.html,Mặt Tiền Phường Sài Gòn đối diện Đài Truyền Hình. căn góc ngang 10m,"Sài Gòn, Thành phố Hồ Chí Minh",30900000000.0,75.0,,TP.HCM (lõi cũ),Khác,412000000.0
https://nhadat.cafeland.vn/ban-can-ho-chung-cu-can-ho-3pn-lacasa-quan-7-dien-tich-128m2-thiet-k-3188536.html,Bán căn hộ chung cư: CĂN HỘ 3PN LACASA – QUẬN 7 Diện tích: 128m² ️ Thiết k,"Phú Thuận, Thành phố Hồ Chí Minh",2655000000.0,128.0,3.0,TP.HCM (lõi cũ),Căn hộ/Chung cư,20742187.5
https://nhadat.cafeland.vn/ban-dat-khu-dang-gia-phat-nguyen-duy-trinh-2481659.html,Bán đất khu Dạng Gia Phát – Nguyễn Duy Trinh,"Long Trường, Thành phố Hồ Chí Minh",13100000000.0,131.5,,TP.HCM (lõi cũ),Đất nền,99619771.86311787
https://nhadat.cafeland.vn/ban-nha-rieng-ban-nha-binh-thanh-xo-viet-nghe-tinh-gan-dai-hoc-ngoai-thuong-5x1-3184446.html,Bán nhà riêng: Bán nhà Bình Thạnh Xô Viết Nghệ Tĩnh gần Đại Học Ngoại Thương 5x1,"Thạnh Mỹ Tây, Thành phố Hồ Chí Minh",8000000000.0,80.0,,TP.HCM (lõi cũ),Nhà ở/Nhà phố,100000000.0
https://nhadat.cafeland.vn/ban-nha-rieng-chinh-chu-gui-ban-can-nha-pho-mat-tien-hem-oto-duong-thanh-my-loi-3189174.html,Bán nhà riêng: Chính Chủ Gửi Bán Căn Nhà Phố Mặt Tiền Hẻm Oto Đường Thạnh Mỹ Lợi,"Cát Lái, Thành phố Hồ Chí Minh",8900000000.0,78.4,,TP.HCM (lõi cũ),Nhà ở/Nhà phố,113520408.1632653
https://nhadat.cafeland.vn/ban-dat-tho-cu-ban-lo-goc-2-mat-tien-158m2-gia-570-trieu-gan-cau-vuot-cu-chi-3184064.html,Bán đất thổ cư: Bán lô góc 2 mặt tiền 158m2 giá 570 triệu gần cầu vượt Củ Chi,"Tân An Hội, Thành phố Hồ Chí Minh",570000000.0,158.0,,TP.HCM (lõi cũ),Đất nền,3607594.9367088606
https://nhadat.cafeland.vn/ban-nha-rieng-36m24x9-hxh-2-tang-2pn-2wc-full-nt-465t-tl-truong-phuoc-phan-b-3187891.html,"Bán nhà riêng: 36m2(4x9) hxh 2 tầng 2pn 2wc full nt 4,65t tl trương phước phan b","Bình Trị Đông, Thành phố Hồ Chí Minh",4650000000.0,36.0,2.0,TP.HCM (lõi cũ),Nhà ở/Nhà phố,129166666.66666667
https://nhadat.cafeland.vn/ban-dat-tho-cu-ban-dat-ngop-tang-nha-da-xong-phan-tho-chi-can-hoan-thien-vao-o-3182228.html,"Bán đất thổ cư: Bán đất ngộp tặng nhà đã xong phần thô, chỉ cần hoàn thiện vào ở","An Phú Đông, Thành phố Hồ Chí Minh",5000000000.0,62.1,,TP.HCM (lõi cũ),Đất nền,80515297.90660225
https://nhadat.cafeland.vn/mo-ban-cao-tang-vinhomes-can-gio-can-ho-5-sao-gia-chi-tu-2-ty-hon-2484935.html,MỞ BÁN CAO TẦNG VINHOMES CẦN GIỜ - CĂN HỘ 5 SAO - GIÁ CHỈ TỪ 2 TỶ HƠN,"Cần Giờ, Thành phố Hồ Chí Minh",2400000000.0,33.0,,TP.HCM (lõi cũ),Căn hộ/Chung cư,72727272.72727273
https://nhadat.cafeland.vn/ban-can-goc-2-mat-tien-khu-dan-cu-trung-son-2481691.html,Bán căn góc 2 mặt tiền khu dân cư Trung Sơn,"Bình Chánh, Thành phố Hồ Chí Minh",38000000000.0,172.5,,TP.HCM (lõi cũ),Khác,220289855.07246378
https://nhadat.cafeland.vn/ban-nha-rieng-chinh-chu-ban-cap-nha-mat-tien-3436-duong-b3-p-tay-thanh-ngan-3188481.html,"Bán nhà riêng: Chính Chủ Bán Cặp Nhà mặt tiền 34+36 đường B3, P. Tây Thạnh, Ngan","Tây Thạnh, Thành phố Hồ Chí Minh",15068000000.0,128.0,,TP.HCM (lõi cũ),Nhà ở/Nhà phố,117718750.0
https://nhadat.cafeland.vn/ban-dat-tho-cu-giam-2-ty-can-ban-lo-dat-mt-pham-thi-ba-q7-so-hong-4x13m-ph-3183274.html,"Bán đất thổ cư: Giảm 2 Tỷ Cần bán lô đất MT Phạm Thị Ba, Q7 ( sổ hồng 4x13m ) Ph","Phú Thuận, Thành phố Hồ Chí Minh",8500000000.0,52.0,,TP.HCM (lõi cũ),Đất nền,163461538.46153846
https://nhadat.cafeland.vn/nha-hem-xe-hoi-tranh-nhau-1-truc-ra-cmt8-gia-tot-khu-trung-tam-3127227.html,"Nhà hẻm xe hơi tránh nhau, 1 trục ra CMT8, giá tốt khu trung tâm","Hòa Hưng, Thành phố Hồ Chí Minh",7500000000.0,44.0,3.0,TP.HCM (lõi cũ),Nhà ở/Nhà phố,170454545.45454547
https://nhadat.cafeland.vn/ban-nha-rieng-cho-binh-tri-dong-59-ty-ten-lua-80m-hem-xe-hoi-thong-nga-3187851.html,Bán nhà riêng: Chợ Bình Trị Đông- 5.9 Tỷ- Tên Lửa ~ 80m - Hẻm Xe Hơi Thông - Nga,"Bình Trị Đông, Thành phố Hồ Chí Minh",5900000000.0,80.0,4.0,TP.HCM (lõi cũ),Nhà ở/Nhà phố,73750000.0
https://nhadat.cafeland.vn/ban-re-chcc-3-phong-ngu-lancaster-le-thanh-ton-quan-1-tphcm-3131277.html,Bán rẻ CHCC 3 phòng ngủ Lancaster Lê Thánh Tôn Quận 1 TP.HCM,"Sài Gòn, Thành phố Hồ Chí Minh",21000000000.0,165.0,3.0,TP.HCM (lõi cũ),Căn hộ/Chung cư,127272727.27272727
https://nhadat.cafeland.vn/chdv-6-tang-681-nguyen-van-lac-khu-thi-nghe-binh-thanh-3179210.html,"CHDV 6 tầng 68/1 Nguyễn Văn Lạc Khu Thị Nghè, Bình Thạnh","Thạnh Mỹ Tây, Thành phố Hồ Chí Minh",13200000000.0,72.0,,TP.HCM (lõi cũ),Khác,183333333.33333334
https://nhadat.cafeland.vn/ban-dat-tho-cu-ban-dat-p-tan-thanh-ho-chi-minh-gia-880-trieu-san-100m2-th-3187690.html,Bán đất thổ cư: Bán đất P. Tân Thành - Hồ Chí Minh / Giá 880 triệu (sẵn 100m2 th,"Tân Thành, Thành phố Hồ Chí Minh",880000000.0,167.0,,Bà Rịa - Vũng Tàu (mới sáp nhập),Đất nền,5269461.0778443115
https://nhadat.cafeland.vn/ban-day-tro-20-phong-dong-tien-on-dinh-ngay-phuong-binh-hoa-thuan-an-2558012.html,"BÁN DÃY TRỌ 20 PHÒNG – DÒNG TIỀN ỔN ĐỊNH NGAY PHƯỜNG BÌNH HÒA, THUẬN AN","Bình Hòa, Thành phố Hồ Chí Minh",4750000000.0,150.0,20.0,Bình Dương (mới sáp nhập),Khác,31666666.666666668
https://nhadat.cafeland.vn/chu-can-ra-gap-can-ho-at-sky-garden-view-noi-khu-gia-chi-27-ty-2812427.html,"Chủ cần ra gấp Căn hộ AT Sky Garden view nội khu giá chỉ 2,7 tỷ","Lái Thiêu, Thành phố Hồ Chí Minh",2700000000.0,66.0,,Bình Dương (mới sáp nhập),Căn hộ/Chung cư,40909090.90909091
https://nhadat.cafeland.vn/ban-can-ho-chung-cu-2-gia-ban-4-ty-27-3188554.html,Bán căn hộ chung cư: 𝗗𝗨𝗣𝗟𝗘𝗫 𝗦𝗔𝗗𝗢𝗥𝗔 – 𝟯𝗣𝗡 | 𝟮𝟮𝟱𝗺² Giá bán: 4 tỷ 27,"An Khánh, Thành phố Hồ Chí Minh",4275000000.0,225.0,3.0,TP.HCM (lõi cũ),Căn hộ/Chung cư,19000000.0
https://nhadat.cafeland.vn/ban-nha-rieng-ban-nha-pho-thanh-loc-12-quan-12-gia-659-ty-3186717.html,"Bán nhà riêng: Bán nhà phố Thạnh Lộc 12, Quận 12, giá 6,59 tỷ","An Phú Đông, Thành phố Hồ Chí Minh",6590000000.0,88.0,3.0,TP.HCM (lõi cũ),Nhà ở/Nhà phố,74886363.63636364
https://nhadat.cafeland.vn/ban-nha-rieng-mat-tien-kinh-doanh-duong-van-duong-quan-tan-phu-5-tang-lau-c-3183215.html,Bán nhà riêng: Mặt tiền kinh doanh!!! Dương Văn Dương Quận Tân Phú; 5 tầng lầu c,"Phú Thọ Hòa, Thành phố Hồ Chí Minh",9000000000.0,52.0,1.0,TP.HCM (lõi cũ),Nhà ở/Nhà phố,173076923.07692307
https://nhadat.cafeland.vn/da-co-so-can-2pn2wc-36-ti-tai-phu-dong-sky-garden-3147416.html,"ĐÃ CÓ SỔ CĂN 2PN2WC | 3,6 TỈ TẠI PHÚ ĐÔNG SKY GARDEN","Dĩ An, Thành phố Hồ Chí Minh",3535000000.0,70.0,2.0,Bình Dương (mới sáp nhập),Khác,50500000.0
https://nhadat.cafeland.vn/ban-nha-mat-tien-nguyen-xi-p13-binh-thanh-so-do-hoan-cong-14-ty-2357731.html,"Bán Nhà Mặt Tiền Nguyễn Xí P13 Bình Thạnh, Sổ Đỏ Hoàn Công 14 Tỷ","Bình Lợi Trung, Thành phố Hồ Chí Minh",14000000000.0,47.0,,TP.HCM (lõi cũ),Nhà ở/Nhà phố,297872340.4255319
https://nhadat.cafeland.vn/ban-biet-thu-nha-pho-4-tang-canh-vincom-gia-48-ty-ck-9-htls-0-trong-18-th-3186839.html,"Bán biệt thự: Nhà phố 4 tầng cạnh Vincom, giá 4,8 tỷ, CK 9%, HTLS 0% trong 18 th","Xuân Thới Sơn, Thành phố Hồ Chí Minh",4800000000.0,50.0,,TP.HCM (lõi cũ),Biệt thự,96000000.0
https://nhadat.cafeland.vn/ban-nha-rieng-hot-toa-nha-vp-mat-tien-nguyen-xuan-khoat-tan-phu-dt-8-x-25-3187800.html,"Bán nhà riêng: HOT! Tòa nhà VP Mặt tiền Nguyễn Xuân Khoát, Tân Phú - DT: 8 X 25","Phú Thọ Hòa, Thành phố Hồ Chí Minh",30000000000.0,200.0,,TP.HCM (lõi cũ),Nhà ở/Nhà phố,150000000.0
https://nhadat.cafeland.vn/ban-can-ho-chung-cu-ban-can-ho-chung-cu-botanica-premier-chu-dau-tu-novaland-3184927.html,Bán căn hộ chung cư: Bán căn hộ chung cư Botanica Premier (chủ đầu tư NOVALAND),"Tân Sơn Hòa, Thành phố Hồ Chí Minh",5870000000.0,74.0,2.0,TP.HCM (lõi cũ),Căn hộ/Chung cư,79324324.32432432
https://nhadat.cafeland.vn/ban-nha-bui-tu-toan-phuong-an-lacso-hong-rieng-ngop-bank-97m2-gia-79-tl-2289346.html,"BÁN NHÀ BÙI TƯ TOÀN ,PHƯỜNG AN LẠC,SỔ HỒNG RIÊNG - NGỘP BANK - 97m² - GIÁ 7,9 TL","An Lạc, Thành phố Hồ Chí Minh",7900000000.0,97.0,4.0,TP.HCM (lõi cũ),Nhà ở/Nhà phố,81443298.96907216
https://nhadat.cafeland.vn/ban-nha-rieng-sat-mat-tien-2-tang-66m2-chinh-chu-hem-4m-thong-gan-ba-hom-gia-3187814.html,Bán nhà riêng: Sát mặt tiền 2 tầng 66m2 chính chủ hẻm 4m thông - Gần Bà Hom (giá,"Bình Tân, Thành phố Hồ Chí Minh",3500000000.0,66.0,,TP.HCM (lõi cũ),Nhà ở/Nhà phố,53030303.03030303
https://nhadat.cafeland.vn/ban-nha-mat-tien-duong-so-6khu-ten-luabinh-tan-so-hong-rieng-129m2-212-ty-2932334.html,"Bán Nhà Mặt Tiền Đường Số 6,Khu Tên Lửa,Bình Tân - Sổ Hồng Riêng-129m2 - 21,2 Tỷ","An Lạc, Thành phố Hồ Chí Minh",21200000000.0,129.0,,TP.HCM (lõi cũ),Nhà ở/Nhà phố,164341085.27131784
https://nhadat.cafeland.vn/ban-dat-tho-cu-ban-dat-2-mat-tien-duong-28-cat-lai-thanh-pho-thu-duc-gia-275-3182355.html,"Bán đất thổ cư: Bán đất 2 mặt tiền đường 28 Cát Lái, thành phố Thủ Đức, giá 27,5","Cát Lái, Thành phố Hồ Chí Minh",27500000000.0,282.0,,TP.HCM (lõi cũ),Đất nền,97517730.4964539
https://nhadat.cafeland.vn/the-emerald-golf-view-gio-hang-sang-nhuong-1pn-2ty1-2pn-2ty65-2489712.html,"The Emerald Golf View giỏ hàng sang nhượng 1PN 2tỷ1, 2PN 2tỷ65.","Lái Thiêu, Thành phố Hồ Chí Minh",2100000000.0,52.0,1.0,Bình Dương (mới sáp nhập),Khác,40384615.384615384
https://nhadat.cafeland.vn/nha-trung-tam-go-vap-sat-nguyen-van-luong-3-tang-3pn-master-co-bon-tam-cao-cap-2935112.html,Nhà trung tâm Gò Vấp sát Nguyễn Văn Lượng- 3 tầng 3PN Master -Có bồn tắm cao cấp,"An Hội Đông, Thành phố Hồ Chí Minh",6090000000.0,37.6,3.0,TP.HCM (lõi cũ),Nhà ở/Nhà phố,161968085.10638297
https://nhadat.cafeland.vn/phuong-ban-co-nha-cx-do-thanh-vuon-chuoi-lo-goc-2-mat-hem-3-tang-31-ty-2393125.html,[Phường Bàn Cờ] Nhà CX Đô Thành – Vườn Chuối– Lô Góc 2 Mặt Hẻm – 3 Tầng - 3.1 Tỷ,"Bàn Cờ, Thành phố Hồ Chí Minh",3100000000.0,40.0,,TP.HCM (lõi cũ),Nhà ở/Nhà phố,77500000.0
https://nhadat.cafeland.vn/ban-nha-rieng-mot-toa-nha-vua-so-huu-kien-truc-gach-thong-gio-tinh-te-hem-xe-h-3189204.html,"Bán nhà riêng: Một tòa nhà vừa sở hữu kiến trúc gạch thông gió tinh tế, hẻm xe h","Nhiêu Lộc, Thành phố Hồ Chí Minh",6789000000.0,47.0,,TP.HCM (lõi cũ),Nhà ở/Nhà phố,144446808.5106383
https://nhadat.cafeland.vn/ban-nha-rieng-ban-nha-moi-1t1l-5x15m-duong-so-2-kdc-truong-son-full-noi-that-3186661.html,"Bán nhà riêng: Bán nhà mới 1T1L 5x15m, đường số 2 KDC Trường Sơn (full nội thất)","An Phú, Thành phố Hồ Chí Minh",3750000000.0,75.0,,Bình Dương (mới sáp nhập),Nhà ở/Nhà phố,50000000.0
https://nhadat.cafeland.vn/ban-nha-pho-2-mat-tien-hem-o-to-duong-truong-cong-dinh-phuong-tam-thang-tphcm-3179276.html,"Bán nhà phố 2 mặt tiền hẻm ô tô đường Trương Công Định, phường Tam Thắng, Tp.HCM","Vũng Tàu, Thành phố Hồ Chí Minh",12000000000.0,88.0,,Bà Rịa - Vũng Tàu (mới sáp nhập),Nhà ở/Nhà phố,136363636.36363637
https://nhadat.cafeland.vn/nha-ban-3-tang-dien-bien-phu-phan-van-han-so-hong-rieng-3176505.html,"Nhà bán 3 tầng điện biên phủ- phan văn hận, sổ hồng riêng","Thạnh Mỹ Tây, Thành phố Hồ Chí Minh",6800000000.0,55.0,7.0,TP.HCM (lõi cũ),Nhà ở/Nhà phố,123636363.63636364
https://nhadat.cafeland.vn/eaton-park-ban-can-goc-2pn-chi-4-ty-117-trieu-cong-chung-sang-ten-ngay-2555979.html,"Eaton Park - bán Căn Góc 2PN - chỉ 4 tỷ 117 triệu, công chứng, sang tên ngay","An Khánh, Thành phố Hồ Chí Minh",11500000000.0,75.0,2.0,TP.HCM (lõi cũ),Khác,153333333.33333334
https://nhadat.cafeland.vn/dat-trong-hxh-11719-nguyen-huu-canh-doi-dien-vinhome-tan-cang-dt-8mx23m-3179193.html,Đất trống HXH 117/19 Nguyễn Hữu Cảnh - đối diện Vinhome Tân Cảng. DT 8mx23m,"Thạnh Mỹ Tây, Thành phố Hồ Chí Minh",35000000000.0,175.0,,TP.HCM (lõi cũ),Đất nền,200000000.0
https://nhadat.cafeland.vn/dat-hoa-hoi-xuyen-moc-gia-re-so-san-duong-nhua-dan-cu-o-kin-2557644.html,ĐẤT HÒA HỘI – XUYÊN MỘC GIÁ RẺ – SỔ SẴN – ĐƯỜNG NHỰA – DÂN CƯ Ở KÍN,"Hòa Hội, Thành phố Hồ Chí Minh",560000000.0,190.0,,Bà Rịa - Vũng Tàu (mới sáp nhập),Đất nền,2947368.4210526315
https://nhadat.cafeland.vn/ban-can-ho-chung-cu-ban-luxgarden-quan-7-2pn-68m-view-ve-landmark-so-hong-3183273.html,Bán căn hộ chung cư: Bán Luxgarden Quận 7 - 2PN 68m - View về Landmark - Sổ hồng,"Phú Thuận, Thành phố Hồ Chí Minh",3600000000.0,68.0,2.0,TP.HCM (lõi cũ),Căn hộ/Chung cư,52941176.47058824
https://nhadat.cafeland.vn/ban-nha-rieng-ban-nha-trung-tam-quan-1-duong-tran-quang-khai-3188422.html,Bán nhà riêng: Bán nhà Trung tâm Quận 1 đường Trần Quang Khải,"Tân Định, Thành phố Hồ Chí Minh",5200000000.0,28.0,,TP.HCM (lõi cũ),Nhà ở/Nhà phố,185714285.7142857
https://nhadat.cafeland.vn/dat-mat-tien-vi-tri-dep-dien-tich-lon-300m2-2494424.html,ĐẤT MẶT TIỀN – VỊ TRÍ ĐẸP - DIỆN TÍCH LỚN ~300M2,"Đông Hưng Thuận, Thành phố Hồ Chí Minh",37000000000.0,300.0,,TP.HCM (lõi cũ),Đất nền,123333333.33333333
https://nhadat.cafeland.vn/ban-nha-rieng-sieu-pham-nha-moi-2-tang-kdc-ten-lua-cong-vien-phu-lam-q6-4-3187859.html,Bán nhà riêng: Siêu Phẩm Nhà Mới 2 Tầng - KDC Tên Lửa - Công Viên Phú Lâm Q6 - 4,"An Lạc, Thành phố Hồ Chí Minh",4600000000.0,46.0,,TP.HCM (lõi cũ),Nhà ở/Nhà phố,100000000.0
https://nhadat.cafeland.vn/gia-tot-nha-moi-hien-dai-5-tang-thang-may-73m2-chi-84-ty-duong-huong-lo-2-shr-3133319.html,"Giá Tốt Nhà Mới Hiện Đại 5 Tầng Thang Máy 73m2 Chỉ 8,4 Tỷ Đường Hương Lộ 2 SHR","Bình Trị Đông, Thành phố Hồ Chí Minh",8400000000.0,73.0,,TP.HCM (lõi cũ),Nhà ở/Nhà phố,115068493.15068494
https://nhadat.cafeland.vn/ban-nha-chdv-cao-cap-duong-xe-tai-tranh-vip-go-vap-hiem-nha-ban-khu-cac-dh-cd-2284350.html,"BÁN NHÀ CHDV CAO CẤP, ĐƯỜNG XE TẢI TRÁNH, VIP GÒ VẤP HIẾM NHÀ BÁN, KHU CÁC ĐH CĐ","Hạnh Thông, Thành phố Hồ Chí Minh",19800000000.0,103.0,15.0,TP.HCM (lõi cũ),Nhà ở/Nhà phố,192233009.70873785
https://nhadat.cafeland.vn/con-2-can-van-kiep-binh-thanh-kem-so-rieng-2pn-56m2-o-lien-thang-may-2936986.html,"Còn 2 căn Vạn Kiếp - Bình Thạnh , kèm sổ riêng , 2pn 56m2 ở liền , thang máy","Gia Định, Thành phố Hồ Chí Minh",2240000000.0,56.0,2.0,TP.HCM (lõi cũ),Khác,40000000.0
https://nhadat.cafeland.vn/nha-ban-quan-binh-thanh-duoi-47-ty-nguyen-van-dau-tret-lau-btct-hem-xe-hoi-2281340.html,"Nhà bán Quận Bình Thạnh dưới 4,7 tỷ Nguyễn Văn Đâu trệt lầu BTCT hẻm xe hơi.","Bình Lợi Trung, Thành phố Hồ Chí Minh",4700000000.0,52.6,3.0,TP.HCM (lõi cũ),Nhà ở/Nhà phố,89353612.16730037
https://nhadat.cafeland.vn/ban-dat-tho-cu-ban-cac-lo-dat-415m-mat-tien-an-phu-dong-3p-apd-quan-12-3183968.html,"Bán đất thổ cư: Bán các lô đất 4×15m mặt tiền An Phú Đông 3,P APĐ Quận 12","An Phú Đông, Thành phố Hồ Chí Minh",3650000000.0,60.0,,TP.HCM (lõi cũ),Đất nền,60833333.333333336
https://nhadat.cafeland.vn/ban-nha-khu-dien-phuc-thanh-long-truong-q9-1-tret-2-lau-5x20m-full-noi-that-3176914.html,"Bán nhà khu Điền Phúc Thành, Long Trường Q9, 1 trệt 2 lầu (5x20m) full nội thất","Long Trường, Thành phố Hồ Chí Minh",8000000000.0,100.0,,TP.HCM (lõi cũ),Nhà ở/Nhà phố,80000000.0
https://nhadat.cafeland.vn/picity-skyzen-can-ho-mt-cau-vuot-linh-xuan-gia-chi-tu-16-ty-2811989.html,"Picity SkyZen, Căn hộ MT Cầu Vượt Linh Xuân. Giá chỉ từ 1.6 tỷ","Dĩ An, Thành phố Hồ Chí Minh",1600000000.0,30.0,2.0,Bình Dương (mới sáp nhập),Căn hộ/Chung cư,53333333.333333336
https://nhadat.cafeland.vn/ban-nha-rieng-ban-chdv-nguyen-cuu-dam-ngay-tan-son-nhi-hxh8m-8x15m-4-lau-3185729.html,Bán nhà riêng: Bán CHDV Nguyễn Cửu Đàm Ngay Tân Sơn Nhì - HxH8m - 8x15m - 4 Lầu,"Tân Sơn Nhì, Thành phố Hồ Chí Minh",13500000000.0,120.0,22.0,TP.HCM (lõi cũ),Nhà ở/Nhà phố,112500000.0
https://nhadat.cafeland.vn/chu-ban-gap-chia-tai-san-giam-sau-1-ti-2491013.html,Chủ bán gấp chia tài sản. Giảm sâu 1 tỉ.,"Nhiêu Lộc, Thành phố Hồ Chí Minh",5500000000.0,32.0,,TP.HCM (lõi cũ),Khác,171875000.0
https://nhadat.cafeland.vn/ban-can-ho-chung-cu-can-ho-vinhome-golden-river-3pn-ban-vinhomes-golden-3188511.html,Bán căn hộ chung cư: CĂN HỘ Vinhome Golden River 3PN Bán Vinhomes Golden,"Sài Gòn, Thành phố Hồ Chí Minh",7220000000.0,110.0,3.0,TP.HCM (lõi cũ),Căn hộ/Chung cư,65636363.63636363
https://nhadat.cafeland.vn/nha-gia-re-quan-10-hoa-hao-ngang-42m-dai-12m-tret-lung-lau-btct-2287588.html,"Nhà giá rẻ Quận 10 Hoà Hảo ngang 4,2m dài 12m trệt lững lầu BTCT","Vườn Lài, Thành phố Hồ Chí Minh",9000000000.0,45.0,,TP.HCM (lõi cũ),Nhà ở/Nhà phố,200000000.0
https://nhadat.cafeland.vn/ban-nha-duong-le-van-quoibinh-tri-dong-a-52m-x-22m-x-3-tang-138-ty-tl-2289882.html,"BÁN NHÀ ĐƯỜNG LÊ VĂN QUỚI,BÌNH TRỊ ĐÔNG A (5,2m x 22m x 3 TẦNG) 13,8 TỶ TL","Bình Trị Đông, Thành phố Hồ Chí Minh",13800000000.0,113.0,4.0,TP.HCM (lõi cũ),Nhà ở/Nhà phố,122123893.80530973
https://nhadat.cafeland.vn/ban-nha-rieng-nha-dep-phu-tho-hoa-44m2-hem-xe-tai-8m-cach-mat-tien-25m-3187775.html,"Bán nhà riêng: Nhà đẹp Phú Thọ Hòa, 44m2, hẻm xe tải 8m, cách mặt tiền 25m","Phú Thọ Hòa, Thành phố Hồ Chí Minh",5000000000.0,44.0,,TP.HCM (lõi cũ),Nhà ở/Nhà phố,113636363.63636364
https://nhadat.cafeland.vn/ban-biet-thu-moi-shr-1duong-cong-khi-tan-hiep-thi-tran-hoc-mon-2262036.html,"BÁN BIỆT THỰ MỚI SHR 1/DƯƠNG CÔNG KHI , TÂN HIỆP , THỊ TRẤN HÓC MÔN","Hóc Môn, Thành phố Hồ Chí Minh",7500000000.0,160.0,,TP.HCM (lõi cũ),Biệt thự,46875000.0
https://nhadat.cafeland.vn/ban-nha-rieng-nha-pho-3-tang-khu-biet-thu-kieu-dam-quan-7-vi-tri-dac-dia-khu-d-3186814.html,"Bán nhà riêng: Nhà phố 3 tầng khu biệt thự Kiều Đàm Quận 7 Vị trí đắc địa, khu d","Tân Hưng, Thành phố Hồ Chí Minh",9700000000.0,55.0,,TP.HCM (lõi cũ),Biệt thự,176363636.36363637
https://nhadat.cafeland.vn/linh-xuan-duong-so-8-hem-6m-co-via-he-67m2-full-tho-cu-3189888.html,"LINH XUÂN – ĐƯỜNG SỐ 8, HẺM 6M CÓ VỈA HÈ – 67M² FULL THỔ CƯ","Thủ Đức, Thành phố Hồ Chí Minh",5561000000.0,67.0,,TP.HCM (lõi cũ),Đất nền,83000000.0
https://nhadat.cafeland.vn/chi-tu-599-trieu-so-huu-can-ho-trung-tam-thanh-toan-20-ky-2933962.html,Chỉ từ 599 triệu sở hữu căn hộ trung tâm - Thanh toán 20% ký,"Dĩ An, Thành phố Hồ Chí Minh",2900000000.0,54.0,,Bình Dương (mới sáp nhập),Căn hộ/Chung cư,53703703.7037037
https://nhadat.cafeland.vn/ban-nha-2-tang-nguyen-lam-gan-phan-xich-long-van-kiep-3176503.html,"Bán nhà 2 tầng nguyễn lâm, gần phan xích long vạn kiếp","Gia Định, Thành phố Hồ Chí Minh",6550000000.0,42.0,,TP.HCM (lõi cũ),Nhà ở/Nhà phố,155952380.95238096
https://nhadat.cafeland.vn/ban-nha-dep-3-tang-truong-luu-p-long-truong-q9-gia-54-ty-3142541.html,"Bán nhà đẹp 3 tầng - Trường Lưu, P. Long Trường, Q.9. Giá 5,4 tỷ","Long Trường, Thành phố Hồ Chí Minh",5400000000.0,51.8,4.0,TP.HCM (lõi cũ),Nhà ở/Nhà phố,104247104.24710426
https://nhadat.cafeland.vn/hxh-le-trong-tan-tan-phu-nha-1-tret-2-lau-st-dt-gan-70m2-gia-hon-8d-3174685.html,"HXH LÊ TRỌNG TẤN, TÂN PHÚ - NHÀ 1 TRỆT 2 LẦU, ST - DT GẦN 70m2 - GIÁ HƠN 8Đ","Tây Thạnh, Thành phố Hồ Chí Minh",8600000000.0,68.0,4.0,TP.HCM (lõi cũ),Nhà ở/Nhà phố,126470588.23529412
https://nhadat.cafeland.vn/gio-hang-dep-ma-vn65-20-vinhomes-green-paradise-can-gio-dien-tich-270m2-xem-gia-tot-ngay-2489248.html,Giỏ hàng đẹp mã VN65-20 Vinhomes Green Paradise Cần Giờ diện tích 270m2 xem giá tốt ngay,"Cần Giờ, Thành phố Hồ Chí Minh",29839000000.0,270.0,,TP.HCM (lõi cũ),Khác,110514814.81481482
https://nhadat.cafeland.vn/skyzen-lien-ke-pham-van-dong-can-ho-studio-36m2-noi-that-cao-cap-gia-chi-2ty-2811489.html,"SkyZen liền kề Phạm Văn Đồng, căn hộ Studio 36m2, nội thất cao cấp, giá chỉ 2tỷ","Dĩ An, Thành phố Hồ Chí Minh",2000000000.0,36.0,,Bình Dương (mới sáp nhập),Căn hộ/Chung cư,55555555.55555555
https://nhadat.cafeland.vn/hiem-trong-khu-vuc-ngang-gan-6m-4pn5wc-xay-lech-tang-san-thuong-2932457.html,"Hiếm trong khu vực ngang gần 6m, 4pn5wc, xây lệch tầng, sân thượng","Nhiêu Lộc, Thành phố Hồ Chí Minh",11300000000.0,66.0,4.0,TP.HCM (lõi cũ),Khác,171212121.21212122
https://nhadat.cafeland.vn/ban-can-ho-chung-cu-ban-can-ho-saigon-mia-2pn-2wc-70m2-gia-chi-1-ty-450-bao-3188346.html,Bán căn hộ chung cư: Bán căn hộ Saigon Mia 2PN 2WC 70m2 Giá chỉ 1 ty 450 bao,"Bình Hưng, Thành phố Hồ Chí Minh",1450000000.0,70.0,2.0,TP.HCM (lõi cũ),Căn hộ/Chung cư,20714285.714285713
https://nhadat.cafeland.vn/ban-nha-tro-quan-7-hem-793-khu-kieu-dam-2737861.html,Bán nhà trọ quận 7 hẻm 793 Khu Kiều Đàm,"Tân Hưng, Thành phố Hồ Chí Minh",7700000000.0,73.2,,TP.HCM (lõi cũ),Nhà ở/Nhà phố,105191256.8306011
https://nhadat.cafeland.vn/cap-nhat-moi-nhat-bang-hang-quy-vos-vinhomes-saigon-park-3098321.html,CẬP NHẬT MỚI NHẤT: BẢNG HÀNG QUỸ VOS - VINHOMES SAIGON PARK,"Xuân Thới Sơn, Thành phố Hồ Chí Minh",4868000000.0,50.0,,TP.HCM (lõi cũ),Khác,97360000.0
https://nhadat.cafeland.vn/ban-nha-mt-cho-an-dong-q5-8x9m-1-tret-4-lau-kien-co-co-tm-30-ty-bl-via-kd-2275965.html,"bán nhà MT chợ An Đông Q5, 8x9M 1 trệt 4 lầu kiên cố, có TM, 30 tỷ BL, vỉa kd","An Đông, Thành phố Hồ Chí Minh",30000000000.0,65.0,,TP.HCM (lõi cũ),Nhà ở/Nhà phố,461538461.53846157
https://nhadat.cafeland.vn/ban-dat-nen-da-khu-dan-cu-hung-phu-pphuoc-long-tphcm-du-an-vi-tri-dep-2357701.html,"Bán đất nền DA Khu dân cư Hưng Phú, P.Phước Long, TPHCM, dự án vị trí đẹp","Phước Long, Thành phố Hồ Chí Minh",13125000000.0,175.0,,TP.HCM (lõi cũ),Đất nền,75000000.0
https://nhadat.cafeland.vn/ban-nha-rieng-ban-nha-tan-phu-nguyen-son-hem-o-to-5m-52m-2-tang-btct-chi-nhinh-3186777.html,Bán nhà riêng: Bán nhà Tân Phú Nguyễn Sơn hẻm ô tô 5m 52m 2 tầng BTCT chỉ nhỉnh,"Phú Thọ Hòa, Thành phố Hồ Chí Minh",5700000000.0,52.0,,TP.HCM (lõi cũ),Nhà ở/Nhà phố,109615384.61538461
https://nhadat.cafeland.vn/ban-nha-rieng-nha-dep-3-tang-54m2-4pn-duong-xe-hoi-8m-noi-that-xin-500m-kdt-3185785.html,Bán nhà riêng: Nhà đẹp 3 tầng 54m2 4PN đường xe hơi 8m - nội thất xịn - 500m KĐT,"Tân Hưng, Thành phố Hồ Chí Minh",9700000000.0,54.0,4.0,TP.HCM (lõi cũ),Nhà ở/Nhà phố,179629629.62962964
https://nhadat.cafeland.vn/ban-nha-rieng-hem-vip-khu-vila-tan-huong-quan-tan-phu-6x13m-78m2-5-tang-chi-3183213.html,Bán nhà riêng: Hẻm vip!!! Khu Vila Tân Hương Quận Tân Phú; 6x13m 78m2 5 tầng chỉ,"Phú Thọ Hòa, Thành phố Hồ Chí Minh",9600000000.0,78.0,,TP.HCM (lõi cũ),Nhà ở/Nhà phố,123076923.07692307
https://nhadat.cafeland.vn/ban-nha-rieng-nha-thach-lamtan-phu-3-tang-dtsd-60m2nha-new-ngang-4mshr-vuong-3184932.html,"Bán nhà riêng: Nhà Thạch Lam,Tân phú_3 tầng_dtsd 60m2,nhà new ngang 4m,SHR Vuông","Tây Thạnh, Thành phố Hồ Chí Minh",3900000000.0,30.0,,TP.HCM (lõi cũ),Nhà ở/Nhà phố,130000000.0
https://nhadat.cafeland.vn/ban-nha-rieng-ban-nha-3-tang-moi-duc-btct-gan-huynh-tan-phat-q7-42m2-ngang-6m-6-3182302.html,Bán nhà riêng: Bán nhà 3 tầng mới đúc BTCT gần Huỳnh Tấn Phát Q7 42m2 ngang 6m 6,"Tân Mỹ, Thành phố Hồ Chí Minh",6500000000.0,42.0,,TP.HCM (lõi cũ),Nhà ở/Nhà phố,154761904.76190478
https://nhadat.cafeland.vn/ban-can-ho-chung-cu-ban-can-ho-belleza-q7-124m2-3pn-2wcban-cong-nha-decor-3186824.html,"Bán căn hộ chung cư: Bán căn hộ Belleza Q7-124m2, 3PN, 2WC+ban công, nhà decor,","Phú Thuận, Thành phố Hồ Chí Minh",5800000000.0,124.0,3.0,TP.HCM (lõi cũ),Căn hộ/Chung cư,46774193.548387095
https://nhadat.cafeland.vn/ban-nha-rieng-nha-dep-2-tang-80m2-4pn-san-dong-tien-22trthang-ngang-59m-3183247.html,Bán nhà riêng: Nhà đẹp 2 tầng 80m2 4PN - Sẵn dòng tiền 22tr/tháng - Ngang 5.9m -,"Tân Mỹ, Thành phố Hồ Chí Minh",6750000000.0,80.0,4.0,TP.HCM (lõi cũ),Nhà ở/Nhà phố,84375000.0
https://nhadat.cafeland.vn/ban-nha-rieng-ban-nha-2-mat-tien-nguyen-cuu-van-p17-binh-thanh-6x15mgiap-q1-c-3184432.html,Bán nhà riêng: Bán nhà 2 Mặt tiền Nguyễn Cửu Vân P17 Bình Thạnh (6x15m)giáp Q1 c,"Gia Định, Thành phố Hồ Chí Minh",13900000000.0,88.0,,TP.HCM (lõi cũ),Nhà ở/Nhà phố,157954545.45454547
https://nhadat.cafeland.vn/ban-nha-hxh-le-thi-rieng-phuong-ben-thanh-tp-ho-chi-minh-2490954.html,"Bán nhà HXH Lê Thị Riêng, phường Bến Thành, TP. Hồ Chí Minh","Bến Thành, Thành phố Hồ Chí Minh",28500000000.0,99.0,,TP.HCM (lõi cũ),Nhà ở/Nhà phố,287878787.8787879
https://nhadat.cafeland.vn/ban-nha-2-mt-m8b-that-son-q10-gia-dang-giam-manh-2483966.html,BÁN NHÀ 2 MT M8B THẤT SƠN – Q10 – GIÁ ĐANG GIẢM MẠNH,"Hòa Hưng, Thành phố Hồ Chí Minh",36000000000.0,152.0,,TP.HCM (lõi cũ),Nhà ở/Nhà phố,236842105.2631579
https://nhadat.cafeland.vn/nha-cap-4-hem-793-28-1-khu-kieu-dam-phuong-tan-hung-q7-dt-4x24m-2289557.html,nhà cấp 4 hẻm 793/ 28/ 1 khu kiều đàm Phường Tân hưng Q7. Dt 4x24m,"Tân Hưng, Thành phố Hồ Chí Minh",14000000000.0,94.0,,TP.HCM (lõi cũ),Nhà ở/Nhà phố,148936170.21276596
https://nhadat.cafeland.vn/tuyet-tac-kien-truc-hillside-mansion-dv13-5-noi-giao-hoa-hoan-hao-giua-thien-nhien-va-tien-ich-5-sao-2933843.html,Tuyệt tác kiến trúc Hillside Mansion DV13-5 - Nơi giao hòa hoàn hảo giữa thiên nhiên và tiện ích 5 sao,"Bình Dương, Thành phố Hồ Chí Minh",39681000000.0,312.6,,Bình Dương (mới sáp nhập),Khác,126938579.65451054
https://nhadat.cafeland.vn/nha-4-tang-mat-tien-mai-van-vinh-phuong-tan-quy-q7-vi-tri-kinh-doanh-2135264.html,nhà 4 tầng mặt tiền mai văn vĩnh phường tân quy Q7. vị trí kinh doanh,"Tân Hưng, Thành phố Hồ Chí Minh",16900000000.0,51.0,,TP.HCM (lõi cũ),Nhà ở/Nhà phố,331372549.01960784
https://nhadat.cafeland.vn/ban-nha-duong-chien-luocgan-cho-binh-tri-dong-5m-x-20m-x-2-tang-85-ty-tl-2486034.html,"BÁN NHÀ ĐƯỜNG CHIẾN LƯỢC,GẦN CHỢ BÌNH TRỊ ĐÔNG (5m x 20m x 2 TẦNG) 8,5 TỶ TL","Bình Trị Đông, Thành phố Hồ Chí Minh",8500000000.0,100.0,3.0,TP.HCM (lõi cũ),Nhà ở/Nhà phố,85000000.0
https://nhadat.cafeland.vn/ban-can-ho-chung-cu-can-ho-the-grand-manhattan-cho-ben-thanh-co-1-khong-2-3182192.html,"Bán căn hộ chung cư: Căn hộ The Grand Manhattan, chợ Bến Thành có 1 không 2","Bến Thành, Thành phố Hồ Chí Minh",14300000000.0,71.0,,TP.HCM (lõi cũ),Căn hộ/Chung cư,201408450.70422536
https://nhadat.cafeland.vn/ban-nha-rieng-ban-nha-mat-tien-gan-nguyen-van-qua-quan-12-125m2-duong-10m-3183164.html,"Bán nhà riêng: Bán nhà mặt tiền gần Nguyễn Văn Quá, Quận 12 - 125m2 - Đường 10m","Đông Hưng Thuận, Thành phố Hồ Chí Minh",7450000000.0,125.0,,TP.HCM (lõi cũ),Nhà ở/Nhà phố,59600000.0
https://nhadat.cafeland.vn/ban-nha-rieng-tang-full-noi-that-khu-binh-loi-dang-thuy-tram-ban-nha-binh-3185718.html,Bán nhà riêng: Tặng full nội thất - Khu Bình Lợi - Đặng Thùy Trâm! Bán nhà Bình,"Bình Lợi Trung, Thành phố Hồ Chí Minh",8600000000.0,52.0,4.0,TP.HCM (lõi cũ),Nhà ở/Nhà phố,165384615.3846154
https://nhadat.cafeland.vn/nha-ban-huynh-van-nghe-5-tang-65m2-so-hong-rieng-hem-xe-hoi-3176499.html,"Nhà bán huỳnh văn nghệ 5 tầng 65m2, sổ hồng riêng, hẽm xe hơi","An Hội Tây, Thành phố Hồ Chí Minh",8100000000.0,65.0,5.0,TP.HCM (lõi cũ),Nhà ở/Nhà phố,124615384.61538461
https://nhadat.cafeland.vn/ban-dat-tho-cu-ban-dat-gia-tot-mat-tien-kenh-45mx28m-gia-56-ty-3186762.html,"Bán đất thổ cư: Bán đất giá tốt mặt tiền kênh - 4,5mx28m - giá 5,6 tỷ","An Phú Đông, Thành phố Hồ Chí Minh",5600000000.0,128.0,,TP.HCM (lõi cũ),Đất nền,43750000.0
https://nhadat.cafeland.vn/ban-can-ho-duplex-tai-chung-cu-vista-verde-thanh-my-loi-2-tang-5pn-3189778.html,Bán Căn hộ DUPLEX tại chung cư VISTA VERDE - Thạnh Mỹ Lợi- 2 tầng- 5PN,"Cát Lái, Thành phố Hồ Chí Minh",14800000000.0,185.0,5.0,TP.HCM (lõi cũ),Căn hộ/Chung cư,80000000.0
https://nhadat.cafeland.vn/ban-biet-thu-ban-gap-sieu-pham-biet-thu-don-lap-ven-song-kdc-cong-ich-q4-dt-14x-3185791.html,Bán biệt thự: Bán gấp siêu phẩm Biệt thự đơn lập ven sông KDC Công Ích Q4 DT 14x,"Phú Thuận, Thành phố Hồ Chí Minh",36000000000.0,272.0,,TP.HCM (lõi cũ),Biệt thự,132352941.1764706
https://nhadat.cafeland.vn/ban-nha-mat-tien-duong-so-55khu-ten-lua-4m-x-25m-gia-92-ty-tl-2289579.html,"BÁN NHÀ MẶT TIỀN ĐƯỜNG SỐ 55,KHU TÊN LỬA (4m x 25m) GIÁ 9,2 TỶ TL","Bình Tân, Thành phố Hồ Chí Minh",9200000000.0,100.0,,TP.HCM (lõi cũ),Nhà ở/Nhà phố,92000000.0
https://nhadat.cafeland.vn/ban-can-ho-thuong-mai-blue-sky-tower-pbinh-trung-dong-gia-27-ty-2265922.html,"Bán căn hộ thương mại Blue Sky Tower-P.Bình Trưng Đông , giá 2.7 tỷ","Bình Trưng, Thành phố Hồ Chí Minh",2700000000.0,47.0,,TP.HCM (lõi cũ),Căn hộ/Chung cư,57446808.5106383
https://nhadat.cafeland.vn/nha-vuong-vuc-36m-ngang-tien-ich-day-du-dong-tien-san-co-2820674.html,"Nhà vuông vức, 3.6m ngang, tiện ích đầy đủ. Dòng tiền sẵn có.","Nhiêu Lộc, Thành phố Hồ Chí Minh",5900000000.0,54.0,2.0,TP.HCM (lõi cũ),Nhà ở/Nhà phố,109259259.25925925
https://nhadat.cafeland.vn/cat-lo-26-trieu-can-ban-gap-can-ho-art-stella-di-an-2558027.html,CẮT LỖ 26 TRIỆU – CẦN BÁN GẤP CĂN HỘ ART STELLA DĨ AN,"Dĩ An, Thành phố Hồ Chí Minh",2800000000.0,61.0,2.0,Bình Dương (mới sáp nhập),Căn hộ/Chung cư,45901639.344262294
https://nhadat.cafeland.vn/ban-nha-rieng-nha-2-tang-huynh-tan-phat-q7-noi-that-moi-khong-ngap-hon-4-3185778.html,"Bán nhà riêng: Nhà 2 tầng Huỳnh Tấn Phát, Q7 - Nội thất mới - Không ngập - Hơn 4","Tân Mỹ, Thành phố Hồ Chí Minh",4600000000.0,46.0,2.0,TP.HCM (lõi cũ),Nhà ở/Nhà phố,100000000.0
https://nhadat.cafeland.vn/ban-nha-rieng-biet-phu-kinh-doanh-dac-dia-tai-nguyen-van-bua-hoc-mon-3183286.html,"Bán nhà riêng: Biệt phủ kinh doanh đắc địa tại Nguyễn Văn Bứa, Hóc Môn","Xuân Thới Sơn, Thành phố Hồ Chí Minh",10600000000.0,300.0,,TP.HCM (lõi cũ),Nhà ở/Nhà phố,35333333.333333336
https://nhadat.cafeland.vn/ban-2-lo-dat-lien-ke-ngay-chung-cu-sunview-phuong-tam-phu-quan-thu-duc-3177128.html,Bán 2 lô dất liền kề ngay chung cư Sunview phường Tam Phú Quận Thủ Đức,"Tam Bình, Thành phố Hồ Chí Minh",11590000000.0,122.0,,TP.HCM (lõi cũ),Căn hộ/Chung cư,95000000.0
https://nhadat.cafeland.vn/ban-nha-tan-phu-doi-dien-aeon-mall-hem-nhua-o-to-85m2-4x21m-57-ty-2326068.html,Bán nhà Tân Phú đối diện Aeon Mall – hẻm nhựa ô tô – 85m² (4x21m) – 5.7 tỷ,"Tân Sơn Nhì, Thành phố Hồ Chí Minh",5700000000.0,85.0,,TP.HCM (lõi cũ),Nhà ở/Nhà phố,67058823.52941176
https://nhadat.cafeland.vn/ban-lo-von-175m2-118-tho-cu-con-lai-quy-hoach-mo-duong-lon-hon-20m-thuong-l-3189794.html,Bán lỗ vốn 175m2 (118 Thổ cư) còn lại quy hoạch mở đường lớn hơn 20m => Thương l,"Củ Chi, Thành phố Hồ Chí Minh",2500000000.0,175.0,,TP.HCM (lõi cũ),Đất nền,14285714.285714285
https://nhadat.cafeland.vn/ban-can-ho-1pn-csj-tower-vung-tau-buoc-sang-duong-la-toi-bien-2555530.html,Bán căn hộ 1PN CSJ TOWER Vũng tàu Bước sang đường là tới biển,"Vũng Tàu, Thành phố Hồ Chí Minh",3200000000.0,55.0,1.0,Bà Rịa - Vũng Tàu (mới sáp nhập),Căn hộ/Chung cư,58181818.18181818
https://nhadat.cafeland.vn/ban-can-ho-chung-cu-ban-gap-can-ho-64-hoang-quoc-viet-gia-31-ty-bot-loc-l-3183259.html,"Bán căn hộ chung cư: Bán gấp căn hộ 64 Hoàng Quốc Việt. Giá: 3,1 tỷ (bớt lộc). L","Phú Thuận, Thành phố Hồ Chí Minh",3100000000.0,60.0,2.0,TP.HCM (lõi cũ),Căn hộ/Chung cư,51666666.666666664
https://nhadat.cafeland.vn/ban-cc-bluesky-towerq2da-co-nhathanh-toan-vao-o-ngay-2282300.html,"Bán C/C Bluesky Tower,Q2,đã có nhà,thanh toán vào ở ngay.","Bình Trưng, Thành phố Hồ Chí Minh",2600000000.0,60.0,2.0,TP.HCM (lõi cũ),Nhà ở/Nhà phố,43333333.333333336
https://nhadat.cafeland.vn/ban-nha-goc-2-mat-tien-cmt8-phuong-hoa-hung-quan-10-vi-tri-kinh-doanh-dinh-2477058.html,"Bán nhà góc 2 mặt tiền CMT8, phường Hòa Hưng, Quận 10 – vị trí kinh doanh đỉnh","Hòa Hưng, Thành phố Hồ Chí Minh",39800000000.0,192.0,,TP.HCM (lõi cũ),Nhà ở/Nhà phố,207291666.66666666
https://nhadat.cafeland.vn/ban-nha-rieng-socc-chi-27-ty-co-nha2-tang-mat-tien-duong-le-thi-cho-voi-mat-ti-3183263.html,"Bán nhà riêng: Sốcc chỉ 2,7 tỷ có nhà2 tầng mặt tiền đường Lê Thị Chợ với mặt ti","Phú Thuận, Thành phố Hồ Chí Minh",2700000000.0,56.0,,TP.HCM (lõi cũ),Căn hộ/Chung cư,48214285.71428572
https://nhadat.cafeland.vn/ban-dat-tho-cu-hang-hiem-lo-dat-11x22m-ngay-truong-chinh-cong-hoa-gan-khu-b-3187758.html,"Bán đất thổ cư: Hàng hiếm! Lô đất 11x22m, ngay Trường Chinh, Cộng Hòa, gần khu B","Tân Bình, Thành phố Hồ Chí Minh",25000000000.0,230.0,,TP.HCM (lõi cũ),Đất nền,108695652.17391305
https://nhadat.cafeland.vn/ban-can-ho-2pn-2wc-full-noi-that-co-so-hong-85m2-2287224.html,Bán căn hộ 2pn 2wc Full NỘI THẤT CÓ SỔ HỒNG 85m2,"Tân Nhựt, Thành phố Hồ Chí Minh",3150000000.0,85.0,2.0,TP.HCM (lõi cũ),Căn hộ/Chung cư,37058823.52941176
https://nhadat.cafeland.vn/nha-4x18m-duong-79-phuong-tan-quy-q7-tret-2-lau-san-thuong-gia-dt-2286516.html,Nhà 4x18m đường 79 Phường Tân Quy Q7. trệt 2 lầu sân thượng giá ĐT,"Tân Hưng, Thành phố Hồ Chí Minh",17500000000.0,72.0,,TP.HCM (lõi cũ),Nhà ở/Nhà phố,243055555.55555555
https://nhadat.cafeland.vn/go-vap-giap-binh-thanh-70m2-chu-xay-duc-4tang-cung-cap-1sec-1truc-oto-vo-nha-2489173.html,"Gò Vấp giáp Bình Thạnh, 70m2 chủ xây đúc 4Tầng cứng cáp, 1sẹc 1trục ôtô vô nhà","Hạnh Thông, Thành phố Hồ Chí Minh",10000000000.0,70.0,,TP.HCM (lõi cũ),Nhà ở/Nhà phố,142857142.85714287
https://nhadat.cafeland.vn/mat-tien-kd-dep-truong-phuoc-phangan-huong-lo-2le-van-quoi-2820685.html,"Mặt tiền KD đẹp-Trương Phước Phan,gần Hương lộ 2,Lê Văn Quới","Bình Trị Đông, Thành phố Hồ Chí Minh",15500000000.0,185.0,,TP.HCM (lõi cũ),Khác,83783783.78378378
https://nhadat.cafeland.vn/ban-nha-rieng-giam-sau-800-trieu-nha-moi-dep-4-tang-54m2-nguyen-an-ninh-p-3187749.html,"Bán nhà riêng: Giảm sâu 800 triệu - Nhà mới đẹp 4 tầng 54m2 - Nguyễn An Ninh, P.","Bình Thạnh, Thành phố Hồ Chí Minh",7000000000.0,54.0,,TP.HCM (lõi cũ),Nhà ở/Nhà phố,129629629.62962963
https://nhadat.cafeland.vn/ban-nha-rieng-ban-chdv-kieu-ky-tuc-xa-ngay-ben-cang-nha-rong-8-phong-can-3189203.html,Bán nhà riêng: Bán CHDV kiểu ký túc xá NGAY BẾN CẢNG NHÀ RỒNG – 8 PHÒNG – CĂN,"Xóm Chiếu, Thành phố Hồ Chí Minh",3737000000.0,50.7,8.0,TP.HCM (lõi cũ),Nhà ở/Nhà phố,73708086.78500986
https://nhadat.cafeland.vn/ban-can-ho-chung-cu-ban-lien-ai-thien-chi-bot-300trnoi-that-moi-55m2so-rieng-3183197.html,Bán căn hộ chung cư: Bán liền! Ai thiện chí bớt 300tr/Nội thất mới 55m2/Sổ riêng,"Bình Lợi Trung, Thành phố Hồ Chí Minh",2500000000.0,55.0,,TP.HCM (lõi cũ),Căn hộ/Chung cư,45454545.45454545
https://nhadat.cafeland.vn/ban-nha-rieng-ban-nha-mat-tien-so-hong-rieng-4x24m-duong-dong-hung-thuan-03-3183155.html,Bán nhà riêng: Bán nhà mặt tiền sổ hồng riêng 4x24m - đường Đông Hưng Thuận 03 -,"Đông Hưng Thuận, Thành phố Hồ Chí Minh",6500000000.0,85.0,,TP.HCM (lõi cũ),Nhà ở/Nhà phố,76470588.23529412
https://nhadat.cafeland.vn/ban-235-2-m-dat-hai-mat-tien-duong-nhua-co-150-m-tho-cu-2277772.html,"Bán 235 ,2 m đất hai mặt tiền đường nhựa, có 150 m thổ cư ,","Long Điền, Thành phố Hồ Chí Minh",1700000000.0,235.2,,Bà Rịa - Vũng Tàu (mới sáp nhập),Đất nền,7227891.156462586
https://nhadat.cafeland.vn/nha-mat-tien-go-vap-duong-so-6-ngang-4m-dai-11m-shcn-44m2-tret-lau-hc-du-2265607.html,Nhà mặt tiền Gò Vấp đường số 6 ngang 4m dài 11m SHCN 44m2 trệt lầu HC đủ,"An Nhơn, Thành phố Hồ Chí Minh",5800000000.0,44.0,,TP.HCM (lõi cũ),Nhà ở/Nhà phố,131818181.81818181
https://nhadat.cafeland.vn/ban-biet-thu-pham-van-dong-thu-duc-dt-10x19-gia-re-158-ty-3167041.html,Bán biệt thự Phạm Văn Đồng Thủ Đức - DT 10x19 - giá rẻ - 15.8 tỷ,"Hiệp Bình, Thành phố Hồ Chí Minh",15800000000.0,190.0,4.0,TP.HCM (lõi cũ),Biệt thự,83157894.73684211
https://nhadat.cafeland.vn/can-nha-4-tang-moi-phu-hop-vao-o-ngay-hxh-le-hong-phong-43m2-nhinh-10-ty-2287202.html,Căn Nhà 4 Tầng Mới - Phù Hợp Vào Ở Ngay - HXH Lê Hồng Phong – 43m² – Nhỉnh 10 Tỷ,"Vườn Lài, Thành phố Hồ Chí Minh",10650000000.0,43.0,,TP.HCM (lõi cũ),Nhà ở/Nhà phố,247674418.60465115
https://nhadat.cafeland.vn/ban-nha-rieng-chu-can-ban-can-nha-cap-4-dbau-tre-gan-benh-vien-da-khoa-cu-chi-3186832.html,Bán nhà riêng: Chủ cần bán căn nhà cấp 4 Đ.Bàu Tre gần bệnh viện đa khoa Củ Chi,"Tân An Hội, Thành phố Hồ Chí Minh",1500000000.0,114.0,1.0,TP.HCM (lõi cũ),Nhà ở/Nhà phố,13157894.736842105
https://nhadat.cafeland.vn/ban-dat-tho-cu-dat-mat-tien-nguyen-thi-danh-hoc-mon-kinh-doanh-dinh-3184067.html,"Bán đất thổ cư: Đất mặt tiền Nguyễn Thị Đành, Hóc Môn - Kinh doanh đỉnh","Xuân Thới Sơn, Thành phố Hồ Chí Minh",5100000000.0,102.0,,TP.HCM (lõi cũ),Đất nền,50000000.0
https://nhadat.cafeland.vn/can-ho-cao-tang-can-gio-tu-2-ty-xx-thanh-toan-gian-25-nam-25-von-tu-co-2553096.html,"CĂN HỘ CAO TẦNG CẦN GIỜ - TỪ 2 TỶ XX - THANH TOÁN GIÃN 2,5 NĂM - 25% VỐN TỰ CÓ","Cần Giờ, Thành phố Hồ Chí Minh",2400000000.0,33.0,,TP.HCM (lõi cũ),Căn hộ/Chung cư,72727272.72727273
https://nhadat.cafeland.vn/ban-nha-rieng-ban-nha-mt-ly-thuong-kiet-q10-360m2-san-6-tang-325-ty-m-3189192.html,"Bán nhà riêng: Bán nhà MT Lý Thường Kiệt Q.10 - 360m2 sàn - 6 tầng - 32,5 tỷ -m","Diên Hồng, Thành phố Hồ Chí Minh",32500000000.0,64.0,,TP.HCM (lõi cũ),Nhà ở/Nhà phố,507812500.0
https://nhadat.cafeland.vn/ban-nha-duong-phan-anhphuong-binh-tri-dong-4m-x-20m-x-3-tang-77-ty-tl-2489068.html,"BÁN NHÀ ĐƯỜNG PHAN ANH,PHƯỜNG BÌNH TRỊ ĐÔNG (4m x 20m x 3 TẦNG) 7,7 TỶ TL","Bình Trị Đông, Thành phố Hồ Chí Minh",7700000000.0,80.0,4.0,TP.HCM (lõi cũ),Nhà ở/Nhà phố,96250000.0
https://nhadat.cafeland.vn/ban-can-ho-chung-cu-gia-tot-chi-3-ty-535-ban-can-ho-zenity-quan-1-3pn-dt-1-3188331.html,"Bán căn hộ chung cư: GIÁ TỐT chỉ 3 tỷ 535 . Bán căn hộ Zenity Quận 1: 3PN, DT 1","Cầu Ông Lãnh, Thành phố Hồ Chí Minh",3535000000.0,108.0,3.0,TP.HCM (lõi cũ),Căn hộ/Chung cư,32731481.48148148
https://nhadat.cafeland.vn/ban-nha-rieng-nha-2-tang-co-kinh-52m2-hem-5m-gan-hoang-dieu-2-3187962.html,"Bán nhà riêng: Nhà 2 tầng cổ kính, 52m2, hẻm 5m gần Hoàng Diệu 2","Linh Xuân, Thành phố Hồ Chí Minh",4630000000.0,52.0,,TP.HCM (lõi cũ),Nhà ở/Nhà phố,89038461.53846154
https://nhadat.cafeland.vn/ban-nha-kinh-doanh-chdv-42p-va-1kiot-duong-la-xuan-oai-tang-nhon-phu-a-quan-9-2484591.html,"Bán Nhà Kinh Doanh CHDV 42P Và 1Kiot Đường Lã Xuân Oai, Tăng Nhơn Phú A, Quận 9","Tăng Nhơn Phú, Thành phố Hồ Chí Minh",31500000000.0,273.0,42.0,TP.HCM (lõi cũ),Nhà ở/Nhà phố,115384615.38461539
https://nhadat.cafeland.vn/ban-nha-rieng-515-ty-hang-hiem-duoi-6-ty-hxh-dau-cua-4pn-full-noi-that-3184435.html,"Bán nhà riêng: 5,15 tỷ - Hàng hiếm dưới 6 tỷ - HXH đậu cửa - 4PN - Full nội thất","Bình Lợi Trung, Thành phố Hồ Chí Minh",5150000000.0,28.0,4.0,TP.HCM (lõi cũ),Nhà ở/Nhà phố,183928571.42857143
https://nhadat.cafeland.vn/ban-nha-chinh-chu-kdc-hem-22-linh-dong-thu-duc-3189964.html,"Bán nhà chính chủ KDC hẻm 22, linh đông, thủ đức","Hiệp Bình, Thành phố Hồ Chí Minh",2200000000.0,30.0,,TP.HCM (lõi cũ),Nhà ở/Nhà phố,73333333.33333333
https://nhadat.cafeland.vn/ban-nha-rieng-nha-31m-17m-cap-4-mat-tien-kinh-doanh-3186731.html,"Bán nhà riêng: Nhà 3,1m × 17m, cấp 4, mặt tiền kinh doanh","Đông Hưng Thuận, Thành phố Hồ Chí Minh",4200000000.0,36.0,,TP.HCM (lõi cũ),Nhà ở/Nhà phố,116666666.66666667
https://nhadat.cafeland.vn/nha-dep-6x15m-3-tang-duong-65-tan-quy-dong-quan-7-gia-tot-nhat-khu-vuc-2268639.html,Nhà Đẹp 6x15m 3 Tầng Đường 65 Tân Quy Đông Quận 7. giá Tốt nhất khu vực,"Tân Hưng, Thành phố Hồ Chí Minh",30000000000.0,90.0,4.0,TP.HCM (lõi cũ),Nhà ở/Nhà phố,333333333.3333333
https://nhadat.cafeland.vn/ban-nha-rieng-giua-nhip-song-soi-dong-cua-phu-nhuan-can-biet-thu-mang-den-mot-3189215.html,Bán nhà riêng: Giữa nhịp sống sôi động của Phú Nhuận Căn biệt thự mang đến một,"Phú Nhuận, Thành phố Hồ Chí Minh",10265000000.0,157.0,,TP.HCM (lõi cũ),Biệt thự,65382165.60509554
https://nhadat.cafeland.vn/ch-2-view-goc-tang-cao-ch-54m2-2-ty-16-don-o-ngay-so-lau-dai-gop-70-2832743.html,"CH 2 View Góc Tầng Cao , CH 54M2 - 2 TỶ 16 , Dọn Ở Ngay , Sổ lâu dài , Góp 70%","Tân Sơn Hòa, Thành phố Hồ Chí Minh",2160000000.0,54.0,2.0,TP.HCM (lõi cũ),Khác,40000000.0
https://nhadat.cafeland.vn/ban-nha-rieng-nha-mtkd-duong-thong-thanh-loc-31-dt4x13m-lung-3-lau-4pn-5v-3184406.html,"Bán nhà riêng: Nhà MTKD đường thông Thạnh Lộc 31, DT:4x13M, Lửng, 3 Lầu, 4PN, 5V","An Phú Đông, Thành phố Hồ Chí Minh",7400000000.0,52.0,4.0,TP.HCM (lõi cũ),Nhà ở/Nhà phố,142307692.30769232
https://nhadat.cafeland.vn/can-ban-lo-dat-80m2-ngay-cong-vsip-so-hong-rieng-3167266.html,Cần Bán Lô Đất 80m2 Ngay Cổng VSIP - Sổ Hồng Riêng,"Bình Dương, Thành phố Hồ Chí Minh",980000000.0,80.0,,Bình Dương (mới sáp nhập),Đất nền,12250000.0
https://nhadat.cafeland.vn/ban-can-ho-chung-cu-2pn-full-nt-78m2-akari-city-binh-tan-tim-can-ho-o-lau-da-3188559.html,Bán căn hộ chung cư: 2PN Full NT 78m² Akari City Bình Tân Tìm căn hộ ở lâu dà,"An Lạc, Thành phố Hồ Chí Minh",920000000.0,78.0,2.0,TP.HCM (lõi cũ),Căn hộ/Chung cư,11794871.794871794
https://nhadat.cafeland.vn/ban-dat-tho-cu-ban-dat-duong-nguyen-van-qua-dong-hung-thuan-quan-12-dt-4-x-1-3185672.html,Bán đất thổ cư: Bán đất đường Nguyễn Văn Quá - Đông Hưng Thuận Quận 12 DT: 4 x 1,"Đông Hưng Thuận, Thành phố Hồ Chí Minh",4700000000.0,65.0,,TP.HCM (lõi cũ),Đất nền,72307692.3076923
https://nhadat.cafeland.vn/ban-dat-tho-cu-ban-dat-co-tro-6-phong-dt-162m2-gia-1-ty-d-nguyen-van-kha-gan-3184059.html,Bán đất thổ cư: Bán đất có trọ 6 phòng/ DT 162m2 giá 1 tỷ Đ. Nguyễn Văn Khạ gần,"Tân An Hội, Thành phố Hồ Chí Minh",1000000000.0,162.0,6.0,TP.HCM (lõi cũ),Đất nền,6172839.50617284
https://nhadat.cafeland.vn/ban-nha-rieng-ban-nha-hxh-8m-le-trong-tan-p-tay-thanh-q-tan-phu-4x20m-cap-3186773.html,"Bán nhà riêng: Bán nhà HXH 8m Lê Trọng Tấn, p. Tây Thạnh, q. Tân Phú, 4x20m, cấp","Tây Thạnh, Thành phố Hồ Chí Minh",6300000000.0,79.0,,TP.HCM (lõi cũ),Nhà ở/Nhà phố,79746835.44303797
https://nhadat.cafeland.vn/toa-nha-chdv-duong-xe-hoi-duong-duc-hien-250m2-82x30-35-phong-tn-150-200tr-2556612.html,"Tòa nhà CHDV đường xe hơi Dương Đức Hiền, 250m2, 8.2x30, 35 phòng, TN 150-200tr","Tây Thạnh, Thành phố Hồ Chí Minh",29500000000.0,250.0,35.0,TP.HCM (lõi cũ),Nhà ở/Nhà phố,118000000.0
https://nhadat.cafeland.vn/nha-moi-5x12m-4pn-hem-xe-huong-lo-2-2812234.html,NHÀ MỚI 5x12m 4PN Hẽm Xe HƯƠNG LỘ 2,"Bình Trị Đông, Thành phố Hồ Chí Minh",6100000000.0,60.0,4.0,TP.HCM (lõi cũ),Nhà ở/Nhà phố,101666666.66666667
https://nhadat.cafeland.vn/ban-nha-rieng-nha-1-sat-cho-lac-quang-dong-hung-thuan-05-4m-x-11m-329-ty-3186728.html,"Bán nhà riêng: Nhà 1/ sát Chợ Lạc Quang, Đông Hưng Thuận 05, 4m x 11m, 3.29 tỷ","Đông Hưng Thuận, Thành phố Hồ Chí Minh",3290000000.0,44.0,,TP.HCM (lõi cũ),Nhà ở/Nhà phố,74772727.27272727
https://nhadat.cafeland.vn/ban-nha-rieng-hem-xe-hoi-5m-thong-nha-2-tang-gan-56m-chi-4-ty-hon-tan-t-3182206.html,Bán nhà riêng: Hẻm xe hơi 5m thông - Nhà 2 tầng - Gần 56m - Chỉ 4 tỷ hơn - Tân T,"Tân Thới Hiệp, Thành phố Hồ Chí Minh",4000000000.0,56.0,2.0,TP.HCM (lõi cũ),Nhà ở/Nhà phố,71428571.42857143
https://nhadat.cafeland.vn/ban-biet-thu-nha-biet-thu-tai-tan-son-nhi-gia-cuc-tot-dang-cho-1-nguoi-chu-thuc-3182265.html,Bán biệt thự: Nhà biệt thự tại Tân Sơn Nhì giá cực tốt đang chờ 1 người chủ thực,"Tân Sơn Nhì, Thành phố Hồ Chí Minh",21800000000.0,156.0,,TP.HCM (lõi cũ),Biệt thự,139743589.74358973
https://nhadat.cafeland.vn/nha-6x25m-6-lau-mat-tien-chinh-ly-phuc-man-quan-7-2282989.html,nhà 6x25m 6 lầu Mặt tiền chính Lý Phục Man Quận 7,"Tân Thuận, Thành phố Hồ Chí Minh",29500000000.0,125.0,30.0,TP.HCM (lõi cũ),Nhà ở/Nhà phố,236000000.0
https://nhadat.cafeland.vn/mo-ban-can-vn48-210-tai-vinhomes-green-paradise-can-gio-vi-tri-dep-dien-tich-1503m2-don-song-dau-tu-2489273.html,"Mở bán căn VN48-210 tại Vinhomes Green Paradise Cần Giờ vị trí đẹp diện tích 150,3m2 đón sóng đầu tư","Cần Giờ, Thành phố Hồ Chí Minh",19095000000.0,150.3,,TP.HCM (lõi cũ),Khác,127045908.18363273
https://nhadat.cafeland.vn/ban-nha-rieng-ban-nha-binh-thanh-cap-4-phan-van-tri-42x17-hem-lon-xe-hoi-toi-n-3184430.html,"Bán nhà riêng: Bán nhà Bình Thạnh Cấp 4 Phan Văn Trị 4,2x17 hẻm lớn xe hơi tới n","Bình Lợi Trung, Thành phố Hồ Chí Minh",7500000000.0,65.0,,TP.HCM (lõi cũ),Nhà ở/Nhà phố,115384615.38461539
https://nhadat.cafeland.vn/gh-doc-quyen-lusso-saigon-ngay-ga-metro-mo-rong-quoc-lo-13-von-chi-tu-242-tr-2556481.html,"GH Độc Quyền LUSSO SAIGON Ngay Ga Metro, Mở Rộng Quốc Lộ 13 Vốn Chỉ Từ 242 TR","Bình Hòa, Thành phố Hồ Chí Minh",2400000.0,56.0,,Bình Dương (mới sáp nhập),Khác,42857.142857142855
https://nhadat.cafeland.vn/chi-voi-6-ty-so-huu-ngay-shophouse-khoi-de-khu-can-ho-celesta-rise-2326008.html,Chỉ với 6 tỷ sở hữu ngay shophouse khối đế khu Căn hộ Celesta Rise,"Nhà Bè, Thành phố Hồ Chí Minh",22000000000.0,170.0,,TP.HCM (lõi cũ),Căn hộ/Chung cư,129411764.70588236
https://nhadat.cafeland.vn/ban-nha-rieng-tan-phu-hem-4m-duong-d9-45x14m-no-hau-tai-loc-2-tang-3187791.html,Bán nhà riêng: Tân Phú - hẻm 4m - đường D9 - 4.5x14m (nở hậu Tài Lộc) - 2 tầng -,"Tây Thạnh, Thành phố Hồ Chí Minh",5950000000.0,63.0,3.0,TP.HCM (lõi cũ),Nhà ở/Nhà phố,94444444.44444445
https://nhadat.cafeland.vn/mat-tien-quach-vu-khu-ban-co-luong-truc-dam-77m2-4-tang-12-phong-11-ty-tl-2357971.html,"Mặt tiền Quách Vũ, khu bàn cờ Lương Trúc Đàm, 77m2, 4 tầng, 12 phòng, 11 tỷ TL","Tân Phú, Thành phố Hồ Chí Minh",11000000000.0,77.0,12.0,TP.HCM (lõi cũ),Khác,142857142.85714287
https://nhadat.cafeland.vn/hai-mat-hem-o-to-truong-tho-gan-vanh-dai-2-dang-van-bi-84m2-gia-53-ty-tl-3189839.html,"HAI MẶT HẺM Ô TÔ TRƯỜNG THỌ GẦN VÀNH ĐAI 2, ĐẶNG VĂN BI - 84M2 - GIÁ 5.3 TỶ TL","Thủ Đức, Thành phố Hồ Chí Minh",5300000000.0,84.0,,TP.HCM (lõi cũ),Khác,63095238.0952381
https://nhadat.cafeland.vn/cap-nhat-gia-ban-can-ho-bcons-polygon-gan-duong-pham-van-dong-moi-nhat-t042026-2290105.html,Cập nhật giá bán căn hộ Bcons Polygon gần đường Phạm Văn Đồng mới nhất T04.2026,"Dĩ An, Thành phố Hồ Chí Minh",2300000000.0,54.0,,Bình Dương (mới sáp nhập),Căn hộ/Chung cư,42592592.59259259
https://nhadat.cafeland.vn/ban-nha-rieng-nha-moi-hoan-thien-le-dinh-can-5tang-55x11m-5pn-duong-12-3187870.html,Bán nhà riêng: Nhà mới hoàn thiện - lê đình cẩn - 5tầng (5.5x11m) 5pn - đường 12,"Bình Trị Đông, Thành phố Hồ Chí Minh",7700000000.0,55.0,5.0,TP.HCM (lõi cũ),Nhà ở/Nhà phố,140000000.0
https://nhadat.cafeland.vn/tt-700-trieu-so-huu-nha-pho-4-tang-ngay-trung-tam-tan-uyen-bcons-city-life-3181264.html,TT 700 TRIỆU SỞ HỮU NHÀ PHỐ 4 TẦNG NGAY TRUNG TÂM TÂN UYÊN – BCONS CITY LIFE,"Tân Uyên, Thành phố Hồ Chí Minh",3500000000.0,63.0,,Bình Dương (mới sáp nhập),Nhà ở/Nhà phố,55555555.55555555
https://nhadat.cafeland.vn/du-an-the-glamour-ecolakes-my-phuoc-gia-f0-tu-chu-dau-tu-2290537.html,"Dự án The Glamour EcoLakes Mỹ Phước, giá F0 từ chủ đầu tư","Thới Hòa, Thành phố Hồ Chí Minh",3565000000.0,120.0,,Bình Dương (mới sáp nhập),Khác,29708333.333333332
https://nhadat.cafeland.vn/ban-nha-rieng-nha-xuong-399m2-full-tho-cu-pham-thi-giay-26m-gia-sieu-re-65-3182334.html,Bán nhà riêng: Nhà xưởng 399m2 full thổ cư | Phạm Thị Giây 26m | Giá siêu rẻ 6.5,"Đông Thạnh, Thành phố Hồ Chí Minh",6500000000.0,200.0,2.0,TP.HCM (lõi cũ),Đất nền,32500000.0
https://nhadat.cafeland.vn/ban-can-ho-2pn-1wc-tai-picity-skyzen-50m2-2812080.html,Bán căn hộ 2PN 1WC tại Picity SkyZen | 50m² |,"Dĩ An, Thành phố Hồ Chí Minh",3100000000.0,50.0,2.0,Bình Dương (mới sáp nhập),Căn hộ/Chung cư,62000000.0
https://nhadat.cafeland.vn/ban-toa-chdv-hem-xe-hoi-linh-dong-phuong-hiep-binh-tp-ho-chi-minh-2490956.html,"Bán tòa CHDV hẻm xe hơi Linh Đông, phường Hiệp Bình, TP. Hồ Chí Minh","Hiệp Bình, Thành phố Hồ Chí Minh",13800000000.0,216.0,20.0,TP.HCM (lõi cũ),Khác,63888888.88888889
https://nhadat.cafeland.vn/ban-nha-rieng-ban-nha-moi-dep-hem-xe-hoi-le-van-phan-tan-phu-68m-vuong-3187798.html,"Bán nhà riêng: Bán nhà mới đẹp hẻm xe hơi - Lê Văn Phan, Tân Phú. 68m vuông","Phú Thọ Hòa, Thành phố Hồ Chí Minh",7200000000.0,68.0,,TP.HCM (lõi cũ),Nhà ở/Nhà phố,105882352.94117647
https://nhadat.cafeland.vn/ban-nha-mat-tien-duong-so-19khu-ten-lua-45m-x-20m-x-4-tang-16-ty-tl-2289697.html,"BÁN NHÀ MẶT TIỀN ĐƯỜNG SỐ 19,KHU TÊN LỬA (4,5m x 20m x 4 TẦNG) 16 TỶ TL","An Lạc, Thành phố Hồ Chí Minh",16000000000.0,90.0,4.0,TP.HCM (lõi cũ),Nhà ở/Nhà phố,177777777.7777778
https://nhadat.cafeland.vn/ban-nha-le-dinh-cangiap-khu-ten-lua-5m-x-12m-x-4-tang-645-ty-tl-2488439.html,"BÁN NHÀ LÊ ĐÌNH CẨN,GIÁP KHU TÊN LỬA (5m x 12m x 4 TẦNG) 6,45 TỶ TL","Bình Trị Đông, Thành phố Hồ Chí Minh",6450000000.0,60.0,4.0,TP.HCM (lõi cũ),Nhà ở/Nhà phố,107500000.0
https://nhadat.cafeland.vn/nha-goc-2-mat-tien-duong-nguyen-huu-tho-kdc-kim-son-quan-7-2244761.html,Nhà Góc 2 Mặt Tiền Đường Nguyễn Hữu Thọ - Kdc Kim Sơn Quận 7,"Tân Hưng, Thành phố Hồ Chí Minh",39500000000.0,91.0,,TP.HCM (lõi cũ),Nhà ở/Nhà phố,434065934.06593406
https://nhadat.cafeland.vn/nha-pho-re-4-x-15m-1-tret-2-lau-le-van-sy-quan-3-tphcm-3142557.html,Nhà phố rẻ 4 x 15m 1 trệt 2 lầu Lê Văn Sỹ Quận 3 TP.HCM,"Nhiêu Lộc, Thành phố Hồ Chí Minh",31500000000.0,60.0,,TP.HCM (lõi cũ),Nhà ở/Nhà phố,525000000.0
https://nhadat.cafeland.vn/ban-day-tro-duong-13-phuong-binh-an-quan-2-cu-2481876.html,"Bán dãy trọ đường 13, phường Bình An, Quận 2 cũ","An Khánh, Thành phố Hồ Chí Minh",33500000000.0,256.4,,TP.HCM (lõi cũ),Khác,130655226.20904838
https://nhadat.cafeland.vn/ban-nha-rieng-mat-tien-duong-so-3-khu-kim-son-tan-hung-520-100-m2-giam-35-3185764.html,Bán nhà riêng: Mặt tiền đường số 3 khu Kim Sơn Tân Hưng. 5*20= 100 m2 giảm 35%,"Tân Hưng, Thành phố Hồ Chí Minh",18500000000.0,100.0,,TP.HCM (lõi cũ),Nhà ở/Nhà phố,185000000.0
https://nhadat.cafeland.vn/nha-go-vap-ngay-duong-quang-ham-hxh-3-tang-moi-kien-co-don-vao-o-ngay-2953165.html,Nhà Gò Vấp ngay Dương Quảng Hàm - HXH 3 tầng mới kiên cố - dọn vào ở ngay,"An Nhơn, Thành phố Hồ Chí Minh",9450000000.0,62.0,,TP.HCM (lõi cũ),Nhà ở/Nhà phố,152419354.83870968
https://nhadat.cafeland.vn/ban-ma-vn48-432-vinhomes-green-paradise-can-gio-quy-hoach-lon-dien-tich-100m2-tiem-nang-tang-gia-2489267.html,Bán mã VN48-432 Vinhomes Green Paradise Cần Giờ quy hoạch lớn diện tích 100m2 tiềm năng tăng giá,"Cần Giờ, Thành phố Hồ Chí Minh",15138000000.0,100.0,,TP.HCM (lõi cũ),Khác,151380000.0
https://nhadat.cafeland.vn/hxh-8m-go-dau-tan-son-nhi-80m2-4-tang-6pn-full-noi-that-an-ninh-chi-99ty-2832746.html,"HXH 8m Gò Dầu-Tân Sơn Nhì, 80m2, 4 tầng, 6PN, full nội thất, an ninh, Chỉ 9.9tỷ","Phú Thọ Hòa, Thành phố Hồ Chí Minh",9900000000.0,80.0,6.0,TP.HCM (lõi cũ),Khác,123750000.0
https://nhadat.cafeland.vn/ban-can-ho-chung-cu-ban-can-ho-florita-quan-7-lien-henga-hien-trang-full-3188568.html,Bán căn hộ chung cư: Bán căn hộ Florita quận 7 Liên hệ:Nga Hiện trạng: Full,"Tân Hưng, Thành phố Hồ Chí Minh",2160000000.0,70.0,2.0,TP.HCM (lõi cũ),Căn hộ/Chung cư,30857142.85714286
https://nhadat.cafeland.vn/ban-nha-rieng-ngop-bank-ban-gap-goc-2mt-ngang-19m-ngay-sat-mat-tien-nguyen-son-3183210.html,Bán nhà riêng: Ngợp bank bán gấp góc 2mt ngang 19m ngay sát mặt tiền Nguyễn Sơn,"Phú Thọ Hòa, Thành phố Hồ Chí Minh",18000000000.0,250.0,,TP.HCM (lõi cũ),Nhà ở/Nhà phố,72000000.0
https://nhadat.cafeland.vn/ban-nha-biet-thu-ngang-7x18m-thu-nhap-30trth-mat-tien-ds-tan-quy-q7-2268219.html,"Bán nhà biệt thự ngang 7x18m, thu nhập 30tr/th mặt tiền ĐS Tân Quy Q7","Tân Hưng, Thành phố Hồ Chí Minh",24500000000.0,124.0,,TP.HCM (lõi cũ),Biệt thự,197580645.16129032
https://nhadat.cafeland.vn/nha-6x25m-duong-so-khu-ly-phuc-man-phuong-binh-thuan-q7-2272857.html,nhà 6x25m đường số khu Lý Phục man Phường Bình Thuận Q7,"Tân Thuận, Thành phố Hồ Chí Minh",20600000000.0,150.0,,TP.HCM (lõi cũ),Nhà ở/Nhà phố,137333333.33333334
https://nhadat.cafeland.vn/ban-nha-rieng-chinh-chu-chuan-bi-dinh-cu-nuoc-ngoai-3pn-2wc-125m2-tai-so-5-b-3187847.html,"Bán nhà riêng: Chính chủ chuẩn bị định cư nước ngoài 3PN, 2WC, 125m2 tại Số 5, B","Bình Hưng Hòa, Thành phố Hồ Chí Minh",9100000000.0,125.0,3.0,TP.HCM (lõi cũ),Nhà ở/Nhà phố,72800000.0
https://nhadat.cafeland.vn/biet-thu-san-vuon-duong-duong-duc-hien-150m2-11x13-3-tang-6pn-185-ty-2555934.html,"Biệt thự sân vườn đường Dương Đức Hiền, 150m2, 11x13, 3 tầng, 6PN, 18.5 tỷ","Tây Thạnh, Thành phố Hồ Chí Minh",18500000000.0,150.0,6.0,TP.HCM (lõi cũ),Biệt thự,123333333.33333333
https://nhadat.cafeland.vn/ban-nha-rieng-nha-ban-quan-7-huynh-tan-phat-4-x-16-nha-2-tang-3pn-3wc-san-3183275.html,"Bán nhà riêng: Nhà bán Quận 7, Huỳnh Tấn Phát, 4 x 16 nhà 2 tầng, 3pn, 3wc, sân","Phú Thuận, Thành phố Hồ Chí Minh",5950000000.0,64.0,3.0,TP.HCM (lõi cũ),Nhà ở/Nhà phố,92968750.0
https://nhadat.cafeland.vn/ban-nha-rieng-hang-hiem-le-van-quoi-1-sec-sat-mat-tien-hem-xe-tai-6m-thong-chi-3187837.html,Bán nhà riêng: Hàng hiếm Lê Văn Quới 1 sẹc sát mặt tiền hẻm xe tải 6m thông chỉ,"Bình Trị Đông, Thành phố Hồ Chí Minh",4750000000.0,40.0,2.0,TP.HCM (lõi cũ),Nhà ở/Nhà phố,118750000.0
https://nhadat.cafeland.vn/chuyen-nhuong-nha-mat-tien-duong-pho-quang-phuong-9-quan-phu-nhuan-2478446.html,"Chuyển nhượng nhà mặt tiền đường Phổ Quang, phường 9, quận Phú Nhuận","Đức Nhuận, Thành phố Hồ Chí Minh",33000000000.0,90.0,,TP.HCM (lõi cũ),Nhà ở/Nhà phố,366666666.6666667
https://nhadat.cafeland.vn/cuc-hiem-can-ho-2pn-view-song-gia-tot-nhat-thi-truong-2484998.html,[Cực hiếm] - Căn hộ 2PN view sông giá tốt nhất thị trường,"Thạnh Mỹ Tây, Thành phố Hồ Chí Minh",16500000000.0,103.0,2.0,TP.HCM (lõi cũ),Căn hộ/Chung cư,160194174.75728154
https://nhadat.cafeland.vn/ban-nha-rieng-189-ty-song-sinh-hiem-an-phu-dong-25-vi-tri-khung-mat-ban-3185682.html,"Bán nhà riêng: 1,89 tỷ - Song sinh hiếm - An Phú Đông 25, vị trí khủng - Mặt bằn","An Phú Đông, Thành phố Hồ Chí Minh",1890000000.0,17.0,,TP.HCM (lõi cũ),Nhà ở/Nhà phố,111176470.58823529
https://nhadat.cafeland.vn/nha-hiem-quang-trung-32m2-chi-3xxt-full-noi-that-2488443.html,Nhà hiếm Quang Trung - 32m2 - chỉ 3.xxT - Full nội thất,"An Hội Đông, Thành phố Hồ Chí Minh",3950000000.0,32.0,3.0,TP.HCM (lõi cũ),Nhà ở/Nhà phố,123437500.0
https://nhadat.cafeland.vn/nha-dep-3-tang-mat-tien-duong-bui-dien-cho-pham-the-hien-quan-8-3189817.html,NHÀ ĐẸP 3 TẦNG MẶT TIỀN ĐƯỜNG BÙI ĐIỀN – CHỢ PHẠM THẾ HIỂN QUẬN 8,"Chánh Hưng, Thành phố Hồ Chí Minh",9250000000.0,49.0,4.0,TP.HCM (lõi cũ),Nhà ở/Nhà phố,188775510.20408162
https://nhadat.cafeland.vn/top-nha-xinh-re-1-tret-2-lau-cong-quynh-q1-tphcm-2820032.html,Top nhà xinh rẻ 1 trệt 2 lầu Cống Quỳnh Q1 TP.HCM,"Cầu Ông Lãnh, Thành phố Hồ Chí Minh",4850000000.0,27.5,,TP.HCM (lõi cũ),Nhà ở/Nhà phố,176363636.36363637
https://nhadat.cafeland.vn/ban-can-ho-hqc-binh-trung-dong-47m2-gia-27-ty-can-1pn-va-1tolet-1713155.html,Bán căn hộ HQC BÌNH TRƯNG ĐÔNG 47m2 giá 2.7 tỷ căn 1PN và 1tolet.,"Bình Trưng, Thành phố Hồ Chí Minh",2700000000.0,47.0,1.0,TP.HCM (lõi cũ),Căn hộ/Chung cư,57446808.5106383
https://nhadat.cafeland.vn/ban-nha-rieng-hang-hiem-89m2-5pn-hem-rong-gan-aeon-tan-phu-chi-5789ty-khoan-3187872.html,"Bán nhà riêng: Hàng Hiếm 89m2, 5PN, hẻm rộng gần Aeon Tân Phú, chỉ 5.789tỷ khoản","Bình Hưng Hòa, Thành phố Hồ Chí Minh",5790000000.0,89.0,5.0,TP.HCM (lõi cũ),Nhà ở/Nhà phố,65056179.7752809
https://nhadat.cafeland.vn/ban-chdv-le-quang-dinh-binh-thanh-15-phong-full-nt-73m-15m-hdt-89trth-2812692.html,"Bán CHDV Lê Quang Định Bình Thạnh, 15 phòng full nt, 7,3m × 15m, HĐT 89tr/th","Bình Lợi Trung, Thành phố Hồ Chí Minh",27900000000.0,106.0,15.0,TP.HCM (lõi cũ),Khác,263207547.1698113
https://nhadat.cafeland.vn/nha-cityland-park-hills-view-goc-ngang-52m-ham-100m2-5l-gan-phan-van-tri-27-ty-2490739.html,Nhà Cityland Park Hills view góc ngang 5.2m hầm 100m2 5L gần Phan Văn Trị 27 tỷ,"Gò Vấp, Thành phố Hồ Chí Minh",27000000000.0,100.0,,TP.HCM (lõi cũ),Nhà ở/Nhà phố,270000000.0
https://nhadat.cafeland.vn/hxh-doc-lap-80m2-4x20-4-tang-5pn-full-noi-that-dt-19trthang-chi-95-ty-2830250.html,"HXH Độc Lập, 80m2, 4x20, 4 tầng, 5PN, full nội thất, DT 19tr/tháng, Chỉ 9.5 tỷ","Tân Sơn Nhì, Thành phố Hồ Chí Minh",9500000000.0,80.0,5.0,TP.HCM (lõi cũ),Khác,118750000.0
https://nhadat.cafeland.vn/ban-nha-rieng-ban-nha-mat-tien-le-niem-vi-tri-kinh-doanh-dep-23-ty-lh-094656787-3186787.html,Bán nhà riêng: Bán nhà mặt tiền Lê Niệm vị trí kinh doanh đẹp 23 tỷ LH 094656787,"Phú Thạnh, Thành phố Hồ Chí Minh",23000000000.0,113.0,,TP.HCM (lõi cũ),Nhà ở/Nhà phố,203539823.00884956
https://nhadat.cafeland.vn/ban-can-ho-chung-cu-ban-tang-tret-chung-cu-him-lam-ba-to-quan-8-84m2-2pn-2w-3188340.html,Bán căn hộ chung cư: Bán tầng trệt chung cư Him Lam Ba Tơ - Quận 8 -84m2 2PN 2w,"Bình Đông, Thành phố Hồ Chí Minh",1399000000.0,84.0,2.0,TP.HCM (lõi cũ),Căn hộ/Chung cư,16654761.904761905
https://nhadat.cafeland.vn/ban-nha-duong-le-van-quoibinh-tan-hem-6m-so-hong-rieng-240m2-3174580.html,"BÁN NHÀ ĐƯỜNG LÊ VĂN QUỚI,BÌNH TÂN - HẺM 6M - SỔ HỒNG RIÊNG - 240m²","Bình Trị Đông, Thành phố Hồ Chí Minh",13900000000.0,240.0,20.0,TP.HCM (lõi cũ),Nhà ở/Nhà phố,57916666.666666664
https://nhadat.cafeland.vn/dat-1nguyen-thi-sang-dong-thanh-hoc-mon-5m-x-21m-fuil-tho-cu-gia-ban-365-ty-2810976.html,"ĐẤT 1/NGUYỄN THỊ SÁNG , ĐÔNG THẠNH ,HÓC MÔN 5M X 21M FUIL THỔ CƯ GIÁ BÁN 3,65 TỶ","Chợ Lớn, Thành phố Hồ Chí Minh",3750000000.0,105.0,,TP.HCM (lõi cũ),Đất nền,35714285.71428572
https://nhadat.cafeland.vn/ban-nha-rieng-hem-nguyen-cuu-dam-p-tan-son-nhi-9x303m-2-tang-gia-295-ty-3185741.html,"Bán nhà riêng: Hẻm Nguyễn Cửu Đàm - P. Tân Sơn Nhì, 9x30,3m, 2 tầng, giá 29,5 tỷ","Tân Sơn Nhì, Thành phố Hồ Chí Minh",29500000000.0,272.0,,TP.HCM (lõi cũ),Nhà ở/Nhà phố,108455882.35294117
https://nhadat.cafeland.vn/ban-dat-tho-cu-nhinh-47-ty-dat-ngang-54m-x18m-1-xec-duong-apd-10-sat-ben-d-3185699.html,"Bán đất thổ cư: Nhinh 4,7 tỷ -Đất Ngang 5,4m x18m - 1 xec Đường Apđ 10 Sát bên Đ","An Phú Đông, Thành phố Hồ Chí Minh",4700000000.0,97.0,,TP.HCM (lõi cũ),Đất nền,48453608.24742268
https://nhadat.cafeland.vn/top-nha-vi-tri-dep-4-x-145m-1-tret-3-lau-co-giang-q1-tphcm-2283108.html,Top nhà vị trí đẹp 4 x 14.5m 1 trệt 3 lầu Cô Giang Q1 TP.HCM,"Cầu Ông Lãnh, Thành phố Hồ Chí Minh",32500000000.0,56.0,,TP.HCM (lõi cũ),Nhà ở/Nhà phố,580357142.8571428
https://nhadat.cafeland.vn/1-duong-xe-tai-thong-sieu-pham-nha-pho-xay-moi-6tang-6pn-7wc-o-kd-vpcty-spa-2290290.html,"1/ Đường xe tải thông, siêu phẩm nhà phố xây mới 6Tầng 6PN 7WC, Ở KD VPCTy Spa","Thông Tây Hội, Thành phố Hồ Chí Minh",13000000000.0,66.0,6.0,TP.HCM (lõi cũ),Nhà ở/Nhà phố,196969696.96969697
https://nhadat.cafeland.vn/ban-nha-rieng-nha-trung-my-tay-16-quan-12-hxh-thong-4x22m-3-tang-btct-3183962.html,Bán nhà riêng: Nhà Trung Mỹ Tây 16 - Quận 12 HXH thông 4x22m 3 tầng BTCT,"Trung Mỹ Tây, Thành phố Hồ Chí Minh",5900000000.0,90.0,,TP.HCM (lõi cũ),Nhà ở/Nhà phố,65555555.55555555
https://nhadat.cafeland.vn/bat-dong-san-ven-song-can-ho-serena-riverside-lien-ke-hcm-cu-3181296.html,"Bất động sản ven sông, căn hộ Serena Riverside liền kề HCM cũ","Bình Hòa, Thành phố Hồ Chí Minh",3657000000.0,69.0,,Bình Dương (mới sáp nhập),Căn hộ/Chung cư,53000000.0
https://nhadat.cafeland.vn/legacy-66-tam-diem-giao-thuong-khoi-nguon-thinh-vuong-2481653.html,"LEGACY 66 – TÂM ĐIỂM GIAO THƯƠNG, KHƠI NGUỒN THỊNH VƯỢNG","Chợ Lớn, Thành phố Hồ Chí Minh",5000000000.0,50.0,,TP.HCM (lõi cũ),Khác,100000000.0
https://nhadat.cafeland.vn/ban-can-ho-chung-cu-ban-nhanh-can-ho-ehome-2-2pn-2wc-gia-985-tr-ca-3188551.html,"Bán căn hộ chung cư: Bán nhanh căn hộ EHOME 2 – 2PN, 2WC – GIÁ 985 TR Cầ","Phước Long, Thành phố Hồ Chí Minh",985000000.0,63.5,2.0,TP.HCM (lõi cũ),Căn hộ/Chung cư,15511811.023622047
https://nhadat.cafeland.vn/ban-nha-moi-dep-7x18m-3-lau-duong-8-khu-sadeco-ven-song-quan-7-2254435.html,"Bán nhà mới Đẹp 7x18m 3 lầu đường 8 khu sadeco ven sông, Quận 7","Tân Hưng, Thành phố Hồ Chí Minh",24000000000.0,126.0,,TP.HCM (lõi cũ),Nhà ở/Nhà phố,190476190.47619048
https://nhadat.cafeland.vn/chuyen-nhuong-nha-mat-tien-kinh-doanh-duong-so-40-kdc-tan-quy-dong-p-tan-phong-2467414.html,"CHUYỂN NHƯỢNG NHÀ MẶT TIỀN KINH DOANH ĐƯỜNG SỐ 40 KDC TÂN QUY ĐÔNG, P. TÂN PHONG","Tân Hưng, Thành phố Hồ Chí Minh",25500000000.0,102.0,,TP.HCM (lõi cũ),Nhà ở/Nhà phố,250000000.0
https://nhadat.cafeland.vn/chinh-chu-ban-dat-340m2-duong-nguyen-van-xo-xa-thai-my-huyen-cu-chi-2275229.html,"Chính Chủ Bán Đất 340m2 Đường Nguyễn Văn Xơ, Xã Thái Mỹ, Huyện Củ Chi","Thái Mỹ, Thành phố Hồ Chí Minh",2500000000.0,340.0,,TP.HCM (lõi cũ),Đất nền,7352941.176470588
https://nhadat.cafeland.vn/ban-nha-2-mt-136-tran-van-quang-phuong-10-tan-binh-dtd-127m2-gia-185-ty-tl-2198288.html,"Bán nhà 2 MT 136 Trần Văn Quang Phường 10 Tân Bình. DTD: 127m2, giá: 18.5 tỷ tl","Bảy Hiền, Thành phố Hồ Chí Minh",18500000000.0,127.0,17.0,TP.HCM (lõi cũ),Nhà ở/Nhà phố,145669291.33858266
https://nhadat.cafeland.vn/ban-dat-tho-cu-dat-dep-hem-6m-vuon-lai-an-phu-dong-q12-khu-phan-lo-50m2-chi-3x-3184421.html,Bán đất thổ cư: Đất đẹp hẻm 6m Vườn Lài An Phú Đông Q12 khu phân lô 50m2 chỉ 3.x,"An Phú Đông, Thành phố Hồ Chí Minh",3800000000.0,50.0,,TP.HCM (lõi cũ),Đất nền,76000000.0
https://nhadat.cafeland.vn/nha-35x21m-duong-17-phuong-tan-kieng-q7-ngay-cho-trieu-2269401.html,"nhà 3,5x21m đường 17 phường tân kiểng Q7. ngay chợ triều","Tân Hưng, Thành phố Hồ Chí Minh",15500000000.0,73.0,,TP.HCM (lõi cũ),Nhà ở/Nhà phố,212328767.12328768
https://nhadat.cafeland.vn/ban-nha-rieng-gia-199-ty-nha-3-tang-shr-2pn-2wc-bank-ho-tro-vay-1-ty-3187825.html,"Bán nhà riêng: Giá 1,99 tỷ nhà 3 tầng SHR 2PN 2WC bank hỗ trợ vay 1 tỷ","Bình Trị Đông, Thành phố Hồ Chí Minh",1990000000.0,15.0,2.0,TP.HCM (lõi cũ),Nhà ở/Nhà phố,132666666.66666667
https://nhadat.cafeland.vn/ban-can-ho-chung-cu-hiem-co-kho-tim-pegasuite-1-2pn-2wc-68m2-nha-3188518.html,Bán căn hộ chung cư: Hiếm có khó tìm – PEGASUITE 1 2PN – 2WC | 68M² | NHÀ,"Bình Đông, Thành phố Hồ Chí Minh",1730000000.0,68.0,2.0,TP.HCM (lõi cũ),Căn hộ/Chung cư,25441176.470588237
https://nhadat.cafeland.vn/khu-vuc-trung-tam-nen-tien-ich-day-du-moi-xinh-chi-don-vao-o-2557639.html,"Khu vực Trung tâm nên tiện ích đầy đủ, mới, xinh, chỉ dọn vào ở.","Nhiêu Lộc, Thành phố Hồ Chí Minh",3990000000.0,34.0,,TP.HCM (lõi cũ),Khác,117352941.1764706
https://nhadat.cafeland.vn/nha-re-vi-tri-dep-1-tret-3-lau-huynh-van-banh-phu-nhuan-tp-ho-chi-minh-3180413.html,Nhà rẻ vị trí đẹp 1 trệt 3 lầu Huỳnh Văn Bánh Phú Nhuận TP. Hồ Chí Minh,"Phú Nhuận, Thành phố Hồ Chí Minh",11200000000.0,42.0,,TP.HCM (lõi cũ),Nhà ở/Nhà phố,266666666.66666666
https://nhadat.cafeland.vn/mt-duong-a4-k300tan-binh-65x23mcn130m24-tang-gia-38-ty-3181366.html,"MT Đường A4 - K300,Tân Bình - 6,5x23m(CN:130m2)4 tầng - Gía: 38 tỷ","Bảy Hiền, Thành phố Hồ Chí Minh",38000000000.0,130.0,,TP.HCM (lõi cũ),Khác,292307692.3076923
https://nhadat.cafeland.vn/107m2-ngang-66m-4-tang-nha-3-tang-4pn-hxh-ngay-trung-tam-di-an-3189902.html,"107M² – NGANG 6,6M – 4 TẦNG • Nhà 3 tầng, 4PN – HXH – NGAY TRUNG TÂM DĨ AN","Dĩ An, Thành phố Hồ Chí Minh",9416000000.0,107.0,4.0,Bình Dương (mới sáp nhập),Nhà ở/Nhà phố,88000000.0
https://nhadat.cafeland.vn/ban-nha-rieng-ban-nha-rieng-tai-co-giang-41-ty-222-m22tang-gan-manhattan-3183956.html,"Bán nhà riêng: Bán Nhà riêng tại Cô Giang, 4,1 tỷ, 22,2 m2,2Tầng, gần Manhattan,","Bến Thành, Thành phố Hồ Chí Minh",4100000000.0,222.0,,TP.HCM (lõi cũ),Nhà ở/Nhà phố,18468468.46846847
https://nhadat.cafeland.vn/nha-pho-can-goc-nha-2-mat-tien-hoang-sa-quan-1-2477690.html,NHÀ PHỐ CĂN GÓC NHÀ 2 MẶT TIỀN HOÀNG SA. QUẬN 1,"Tân Định, Thành phố Hồ Chí Minh",16800000000.0,44.0,,TP.HCM (lõi cũ),Nhà ở/Nhà phố,381818181.8181818
https://nhadat.cafeland.vn/ban-nha-rieng-ban-nha-13-ty-144-m2-7pn-5wc-tai-co-bac-p-cau-kieu-q-phu-nhu-3183230.html,"Bán nhà riêng: Bán nhà 13 tỷ, 144 m2, 7PN, 5WC tại Cô Bắc, p Cầu Kiệu, Q Phú Nhu","Cầu Kiệu, Thành phố Hồ Chí Minh",13000000000.0,144.0,7.0,TP.HCM (lõi cũ),Nhà ở/Nhà phố,90277777.77777778
https://nhadat.cafeland.vn/ban-dat-tang-nha-mat-tien-nguyen-duy-trinh-doan-kdc-10-mau-doi-dien-cho-tan-lap-2287074.html,"Bán đất tặng nhà mặt tiền Nguyễn Duy Trinh đoạn KDC 10 Mẫu, đối diện chợ Tân Lập","Bình Trưng, Thành phố Hồ Chí Minh",22000000000.0,100.0,,TP.HCM (lõi cũ),Đất nền,220000000.0
https://nhadat.cafeland.vn/ban-nha-rieng-hem-kinh-doanh-8m-diep-minh-chau-quan-tan-phu-64m2-4x16m-3-ta-3184463.html,Bán nhà riêng: Hẻm kinh doanh!!! 8m Diệp Minh Châu Quận Tân Phú; 64m2 4x16m 3 tầ,"Tân Sơn Nhì, Thành phố Hồ Chí Minh",8500000000.0,64.0,,TP.HCM (lõi cũ),Nhà ở/Nhà phố,132812500.0
https://nhadat.cafeland.vn/ban-nha-rieng-nha-moi-xay-tai-hem-1135-huynh-tan-phat-quan-7-gia-750-trieu-3186805.html,"Bán nhà riêng: Nhà mới xây tại hẻm 1135 Huỳnh Tấn Phát, Quận 7, giá 750 triệu","Phú Thuận, Thành phố Hồ Chí Minh",750000000.0,42.0,,TP.HCM (lõi cũ),Nhà ở/Nhà phố,17857142.85714286
https://nhadat.cafeland.vn/nha-cap-4-dt-10x255m-duong-tan-thuan-nam-2-phuong-phu-thuan-quan-7-2271788.html,"Nhà cấp 4 DT 10x25,5m đường Tân Thuận Nam 2 Phường Phú Thuận Quận 7","Phú Thuận, Thành phố Hồ Chí Minh",26000000000.0,255.0,,TP.HCM (lõi cũ),Nhà ở/Nhà phố,101960784.31372549
https://nhadat.cafeland.vn/dat-goc-5-va-8-khu-nam-long-tran-trong-cung-phuong-tan-thuan-dong-q7-dt-12x24m-2211295.html,đất góc 5 và 8 khu nam long Trần Trọng Cung Phường Tân Thuận Đông Q7. DT 12x24m,"Tân Thuận, Thành phố Hồ Chí Minh",34500000000.0,275.0,,TP.HCM (lõi cũ),Đất nền,125454545.45454545
https://nhadat.cafeland.vn/can-ho-maia-ho-tram-studio-gia-tot-view-bien-nghi-duong-tuyet-hao-2831711.html,CĂN HỘ MAIA HỒ TRÀM STUDIO GIÁ TỐT VIEW BIỂN NGHỈ DƯỠNG TUYỆT HẢO,"Hồ Tràm, Thành phố Hồ Chí Minh",2665000000.0,34.6,,Bà Rịa - Vũng Tàu (mới sáp nhập),Căn hộ/Chung cư,77023121.38728324
https://nhadat.cafeland.vn/soc-chi-23-ty-co-nha-mtkd-duong-quang-ham-176m2-ngang-55m-tien-xay-ham5-lau-3190037.html,SỐC! Chỉ 23 tỷ có nhà MTKD Dương Quảng Hàm 176m2 ngang 5.5m tiện xây hầm+5 lầu,"An Nhơn, Thành phố Hồ Chí Minh",23000000000.0,176.0,,TP.HCM (lõi cũ),Nhà ở/Nhà phố,130681818.18181819
https://nhadat.cafeland.vn/mo-ban-can-ho-cao-cap-legacy-66-tan-thanh-quan-5-2557371.html,Mở Bán căn hộ Cao Cấp Legacy 66 Tân Thành Quận 5,"An Đông, Thành phố Hồ Chí Minh",4900000000.0,50.0,,TP.HCM (lõi cũ),Căn hộ/Chung cư,98000000.0
https://nhadat.cafeland.vn/ban-can-ho-chung-cu-green-skyline-2pn2wc-3t8-thanh-toan-truoc-570tr-gop-24th-3183088.html,"Bán căn hộ chung cư: Green Skyline 2PN2WC 3T8, thanh toán trước 570tr, góp 24th","Đông Hòa, Thành phố Hồ Chí Minh",3800000000.0,67.0,2.0,Bình Dương (mới sáp nhập),Căn hộ/Chung cư,56716417.91044776
https://nhadat.cafeland.vn/ban-nhanh-can-vn48-244-vinhomes-green-paradise-can-gio-khu-vinh-ngoc-dien-tich-100m2-co-hoi-hiem-2489271.html,Bán nhanh căn VN48-244 Vinhomes Green Paradise Cần Giờ khu Vịnh Ngọc diện tích 100m2 cơ hội hiếm,"Cần Giờ, Thành phố Hồ Chí Minh",15050000000.0,100.0,,TP.HCM (lõi cũ),Khác,150500000.0
https://nhadat.cafeland.vn/ban-nha-hxh-huong-lo-2benh-vien-quan-binh-tan-4m-x-18m-x-5-tang-7-ty-tl-2436075.html,"BÁN NHÀ HXH HƯƠNG LỘ 2,BỆNH VIỆN QUẬN BÌNH TÂN (4m x 18m x 5 TẦNG) 7 TỶ TL","Bình Trị Đông, Thành phố Hồ Chí Minh",7000000000.0,72.0,4.0,TP.HCM (lõi cũ),Nhà ở/Nhà phố,97222222.22222222
https://nhadat.cafeland.vn/hem-8m-co-via-he-duong-le-sat-80m2-4x20-4-tang-btct-4pn-nha-kien-co108ty-2557117.html,"Hẻm 8m có vỉa hè đường Lê Sát, 80m2, 4x20, 4 tầng BTCT, 4PN, nhà kiên cố,10.8tỷ","Phú Thọ Hòa, Thành phố Hồ Chí Minh",10800000000.0,80.0,4.0,TP.HCM (lõi cũ),Nhà ở/Nhà phố,135000000.0
https://nhadat.cafeland.vn/ban-nha-rieng-ban-nha-80m2-x-3-tang-gan-sieu-thi-aeon-mall-tan-phu-gia-965-ty-3185744.html,"Bán nhà riêng: Bán nhà 80m2 x 3 tầng gần Siêu thị Aeon Mall Tân Phú. Giá 9,65 tỷ","Tây Thạnh, Thành phố Hồ Chí Minh",9650000000.0,80.0,,TP.HCM (lõi cũ),Nhà ở/Nhà phố,120625000.0
https://nhadat.cafeland.vn/ban-dat-tho-cu-lo-dat-khu-dan-cu-cao-cap-van-minh-duong-so-49-lam-van-ben-qua-3188397.html,Bán đất thổ cư: Lô Đất KHU DÂN CƯ CAO CẤP VĂN MINH - Đường số 49 Lâm Văn Bền Quậ,"Tân Thuận, Thành phố Hồ Chí Minh",7150000000.0,50.0,,TP.HCM (lõi cũ),Đất nền,143000000.0
https://nhadat.cafeland.vn/ban-nha-rieng-nha-1-lau-hem-xe-hoi-khu-kieu-dam-canh-him-lam-quan-7-3186813.html,"Bán nhà riêng: Nhà 1 lầu hẻm xe hơi khu Kiều Đàm cạnh Him Lam, Quận 7","Tân Hưng, Thành phố Hồ Chí Minh",6650000000.0,52.0,,TP.HCM (lõi cũ),Nhà ở/Nhà phố,127884615.38461539
https://nhadat.cafeland.vn/vi-tri-tot-dau-tu-sinh-loi-gan-bxq8-gia-1ty500-lien-he-em-ngay-2833862.html,"Vị trí tốt đầu tư sinh lời, gần BXQ8 giá 1tỷ500. Liên hệ em ngay","Bình Hưng, Thành phố Hồ Chí Minh",1500000000.0,100.0,,TP.HCM (lõi cũ),Khác,15000000.0
https://nhadat.cafeland.vn/mo-ban-du-an-harmonie-phu-my-hung-binh-duong-2290541.html,Mở bán dự án Harmonie Phú Mỹ Hưng Bình Dương.,"Chánh Hiệp, Thành phố Hồ Chí Minh",2610000000.0,45.0,,Bình Dương (mới sáp nhập),Khác,58000000.0
https://nhadat.cafeland.vn/ban-nha-pho-the-light-city-vung-tau-von-ban-dau-tu-15-ty-thanh-toan-gian-24-t-3155521.html,"Bán nhà phố The Light City Vũng Tàu, vốn ban đầu từ 1,5 tỷ, thanh toán giãn 24 t","Phước Thắng, Thành phố Hồ Chí Minh",1500000000.0,257.0,,Bà Rịa - Vũng Tàu (mới sáp nhập),Nhà ở/Nhà phố,5836575.875486381
https://nhadat.cafeland.vn/ban-can-ho-chung-cu-ban-ch-cao-cap-the-prince-q-phu-nhuan-dt-72m2-2pn2wc-g-3182278.html,"Bán căn hộ chung cư: Bán CH cao cấp The Prince, Q. Phú Nhuận, DT 72m², 2PN/2WC g","Phú Nhuận, Thành phố Hồ Chí Minh",7500000000.0,72.0,2.0,TP.HCM (lõi cũ),Căn hộ/Chung cư,104166666.66666667
https://nhadat.cafeland.vn/chuyen-nhuong-nha-mat-tien-kinh-doanh-136a-cach-mang-thang-8-quan-3-2481132.html,"Chuyển nhượng nhà mặt tiền kinh doanh 136A Cách Mạng Tháng 8, quận 3","Bàn Cờ, Thành phố Hồ Chí Minh",35000000000.0,78.0,,TP.HCM (lõi cũ),Nhà ở/Nhà phố,448717948.71794873
https://nhadat.cafeland.vn/so-huu-can-ho-cao-cap-fenica-chi-165-ty-don-dau-song-ha-tang-3140570.html,SỞ HỮU CĂN HỘ CAO CẤP FENICA – CHỈ 1.65 TỶ – ĐÓN ĐẦU SÓNG HẠ TẦNG,"Tân Đông Hiệp, Thành phố Hồ Chí Minh",1690000000.0,43.9,2.0,Bình Dương (mới sáp nhập),Căn hộ/Chung cư,38496583.14350797
https://nhadat.cafeland.vn/ban-nha-le-quang-dinh-78m2-so-hong-rieng-3176509.html,bán nhà lê quang định 78m2 sổ hồng riêng,"Gia Định, Thành phố Hồ Chí Minh",6900000000.0,78.0,,TP.HCM (lõi cũ),Nhà ở/Nhà phố,88461538.46153846
https://nhadat.cafeland.vn/ban-nha-rieng-ket-cau-5-tang-kien-co-4-phong-ngu-5-ve-sinh-phong-khach-bep-3182252.html,"Bán nhà riêng: Kết cấu 5 tầng kiên cố, 4 phòng ngủ, 5 vệ sinh, phòng khách, bếp,","Tân Sơn Nhì, Thành phố Hồ Chí Minh",7700000000.0,51.0,4.0,TP.HCM (lõi cũ),Nhà ở/Nhà phố,150980392.15686274
https://nhadat.cafeland.vn/phuong-ban-co-cu-xa-do-thanh-nha-5m-ngang-4-tang-hxh-92-ty-2486153.html,[PHƯỜNG BÀN CỜ – CƯ XÁ ĐÔ THÀNH] NHÀ 5M NGANG – 4 TẦNG – HXH – 9.2 TỶ,"Bàn Cờ, Thành phố Hồ Chí Minh",9200000000.0,55.0,4.0,TP.HCM (lõi cũ),Nhà ở/Nhà phố,167272727.27272728
https://nhadat.cafeland.vn/ban-nha-rieng-ban-can-nha-moi-full-noi-that-cao-cap-100-mat-tien-duong-so-36-3189187.html,"Bán nhà riêng: Bán Căn Nhà Mới Full Nội Thất Cao Cấp 100%, Mặt Tiền Đường Số 36","Bình Trưng, Thành phố Hồ Chí Minh",8100000000.0,71.9,36.0,TP.HCM (lõi cũ),Nhà ở/Nhà phố,112656467.31571627
https://nhadat.cafeland.vn/ban-biet-thu-ban-biet-thu-3-tang-10m-x-20m-10pn-dong-tien-30trthang-binh-hung-3186854.html,"Bán biệt thự: Bán biệt thự 3 tầng 10m x 20m, 10pn dòng tiền 30tr/tháng Bình Hưng","Bình Hưng, Thành phố Hồ Chí Minh",13950000000.0,200.0,10.0,TP.HCM (lõi cũ),Biệt thự,69750000.0
https://nhadat.cafeland.vn/ban-can-2pn-view-song-va-landmark-81-tang-cao-thoang-2555847.html,"Bán căn 2pn view sông và Landmark 81, tầng cao thoáng","Cát Lái, Thành phố Hồ Chí Minh",6250000000.0,69.0,2.0,TP.HCM (lõi cũ),Khác,90579710.14492753
https://nhadat.cafeland.vn/ban-nha-rieng-ban-can-nha-pho-lien-ke-thuoc-du-an-riverpark-3189165.html,Bán nhà riêng: Bán Căn Nhà Phố Liền Kề Thuộc Dự Án RiverPark,"Phước Long, Thành phố Hồ Chí Minh",11500000000.0,75.0,,TP.HCM (lõi cũ),Nhà ở/Nhà phố,153333333.33333334
https://nhadat.cafeland.vn/ban-nha-rieng-nha-ngay-aeon-tan-phu-4x13m-3-lau-4pn-3wc-gia-52-ti-hem-nhua-3185732.html,Bán nhà riêng: Nhà ngay Aeon Tân Phú - 4x13m 3 lầu 4PN - 3WC giá 5.2 tỉ hẻm nhựa,"Phú Thọ Hòa, Thành phố Hồ Chí Minh",5200000000.0,52.0,4.0,TP.HCM (lõi cũ),Nhà ở/Nhà phố,100000000.0
https://nhadat.cafeland.vn/ban-nha-dat-shr-300m2-mat-tien-duong-xe-tai-thong-kdc-vo-thi-lieu-vuon-lai-2289380.html,"Bán nhà đất SHR 300m2 mặt tiền đường xe tải thông, KDC Võ Thị Liễu - Vườn Lài","An Phú Đông, Thành phố Hồ Chí Minh",14250000000.0,300.0,,TP.HCM (lõi cũ),Đất nền,47500000.0
https://nhadat.cafeland.vn/ban-can-ho-chung-cu-chinh-chu-can-ban-can-chung-cu-block-c-3-phong-ngu-tang-3a-3188538.html,"Bán căn hộ chung cư: Chính chủ cần bán căn chung cư Block C, 3 phòng ngủ Tầng 3A","Tân Thuận, Thành phố Hồ Chí Minh",2515000000.0,80.0,3.0,TP.HCM (lõi cũ),Căn hộ/Chung cư,31437500.0
https://nhadat.cafeland.vn/ket-tien-can-ban-gap-can-nha-mat-tien-duong-an-phu-dong-q12-3176111.html,Kẹt tiền cần bán gấp căn nhà mặt tiền đường An PHú Đông Q12,"An Phú Đông, Thành phố Hồ Chí Minh",8700000000.0,110.0,,TP.HCM (lõi cũ),Nhà ở/Nhà phố,79090909.0909091
https://nhadat.cafeland.vn/ban-nha-rieng-nha-hem-xe-hoi-64m2-tan-chanh-hiep-8-quan-12-chi-hon-4-ty-3185673.html,Bán nhà riêng: Nhà Hẻm Xe Hơi 64m2 Tân Chánh Hiệp 8 - Quận 12 Chỉ Hơn 4 Tỷ,"Trung Mỹ Tây, Thành phố Hồ Chí Minh",4800000000.0,65.0,3.0,TP.HCM (lõi cũ),Nhà ở/Nhà phố,73846153.84615384
https://nhadat.cafeland.vn/phong-kinh-doanh-chu-dau-tu-bung-suat-noi-bo-can-2pn67m2-gia-27-ty-2264757.html,"Phòng Kinh Doanh Chủ Đầu Tư bung suất nội bộ căn 2PN,67m2 giá 2,7 tỷ","Bình Trưng, Thành phố Hồ Chí Minh",2700000000.0,47.0,2.0,TP.HCM (lõi cũ),Khác,57446808.5106383
https://nhadat.cafeland.vn/nen-nha-pho-d-08-so-hong-rieng-tu-sadeco-danh-rieng-cho-to-chuc-cua-ban-2281383.html,[Nền nhà phố] D-08 - Sổ hồng riêng từ SADECO dành riêng cho tổ chức của bạn,"Tân Hưng, Thành phố Hồ Chí Minh",14728000000.0,105.2,,TP.HCM (lõi cũ),Nhà ở/Nhà phố,140000000.0
https://nhadat.cafeland.vn/dat-thi-nhieu-nhung-cuoi-ngua-thi-khong-phai-noi-nao-cung-co-2932082.html,"ĐẤT THÌ NHIỀU, NHƯNG CƯỠI NGỰA THÌ KHÔNG PHẢI NƠI NÀO CŨNG CÓ","Đất Đỏ, Thành phố Hồ Chí Minh",1392000000.0,123.0,,Bà Rịa - Vũng Tàu (mới sáp nhập),Đất nền,11317073.170731707
https://nhadat.cafeland.vn/ban-nha-moi-da-du-noi-that-hem-o-to-duong-truong-cong-dinh-phuong-tam-thang-tp-3179287.html,"Bán nhà mới đầ đủ nội thất hẻm ô tô đường Trương Công Định, phường Tam Thắng, Tp","Vũng Tàu, Thành phố Hồ Chí Minh",11000000000.0,76.0,,Bà Rịa - Vũng Tàu (mới sáp nhập),Nhà ở/Nhà phố,144736842.10526314
https://nhadat.cafeland.vn/can-ban-gap-nha-ngang-5m-98m2-san-thuong-truoc-sau-san-de-xe-hxh-2935326.html,"Cần bán gấp nhà ngang 5m, 98m2, sân thượng trước sau, sân để xe, hxh","Tân Sơn Nhất, Thành phố Hồ Chí Minh",13000000000.0,98.0,4.0,TP.HCM (lõi cũ),Nhà ở/Nhà phố,132653061.2244898
https://nhadat.cafeland.vn/ban-nha-rieng-mat-tien-thong-nhat-532x195m-tret-3-lau-gia-158-ty-tl-3182272.html,"Bán nhà riêng: Mặt tiền Thống Nhất - 5,32x19,5m - trệt 3 lầu - giá 15,8 tỷ TL.","Phú Thọ Hòa, Thành phố Hồ Chí Minh",15800000000.0,100.0,,TP.HCM (lõi cũ),Nhà ở/Nhà phố,158000000.0
https://nhadat.cafeland.vn/ban-nha-2-mat-tien-hem-lon-135-nguyen-huu-canh-4-tang-gia-78-ty-2940720.html,"Bán nhà 2 mặt tiền hẻm lớn 135 Nguyễn Hữu Cảnh, 4 tầng giá 7,8 tỷ","Bình Thạnh, Thành phố Hồ Chí Minh",7800000000.0,21.0,3.0,TP.HCM (lõi cũ),Nhà ở/Nhà phố,371428571.4285714
https://nhadat.cafeland.vn/ban-nha-rieng-ban-can-nha-mat-tien-duong-so-36-pbinh-trung-tay-quan-2-3189188.html,Bán nhà riêng: Bán Căn Nhà Mặt Tiền Đường Số 36 P.Bình Trưng Tây Quận 2,"Bình Trưng, Thành phố Hồ Chí Minh",8100000000.0,77.0,36.0,TP.HCM (lõi cũ),Nhà ở/Nhà phố,105194805.19480519
https://nhadat.cafeland.vn/ban-nha-rieng-sieu-pham-chua-co-tren-thi-truong-mt-tan-cang-ngang-85m-doi-3183189.html,"Bán nhà riêng: Siêu phẩm chưa có trên thị trường - MT Tân Cảng ngang 8,5m - Đối","Thạnh Mỹ Tây, Thành phố Hồ Chí Minh",38000000000.0,150.0,,TP.HCM (lõi cũ),Nhà ở/Nhà phố,253333333.33333334
https://nhadat.cafeland.vn/ban-nha-rieng-hem-xe-hoi-52m2-nguyen-thi-dang-gan-truong-ht35-q12-3188247.html,"Bán nhà riêng: Hẻm xe hơi 52m2 NGUYỄN THỊ ĐẶNG, Gần trường HT35 Q12","Tân Thới Hiệp, Thành phố Hồ Chí Minh",4500000000.0,52.0,2.0,TP.HCM (lõi cũ),Nhà ở/Nhà phố,86538461.53846154
https://nhadat.cafeland.vn/dat-6x18m-so-134-duong-40-tan-quy-dong-p-tan-phong-quan-7-2276787.html,Đất 6x18m số 134 đường 40 Tân Quy Đông P Tân phong Quận 7,"Tân Hưng, Thành phố Hồ Chí Minh",23500000000.0,108.0,,TP.HCM (lõi cũ),Đất nền,217592592.5925926
https://nhadat.cafeland.vn/chinh-chu-ban-dat-duong-huynh-van-co-thong-cho-viet-kieu-cu-chi-va-tinh-lo-8-2285483.html,chính chủ bán đất đường huỳnh văn cọ thông chợ việt kiều củ chi và tỉnh lộ 8,"Củ Chi, Thành phố Hồ Chí Minh",3950000000.0,154.0,,TP.HCM (lõi cũ),Đất nền,25649350.64935065
https://nhadat.cafeland.vn/ban-nha-rieng-ban-gia-tham-dinh-2023-nha-mat-tien-duong-223m2-4-tang-btct-ho-3184058.html,"Bán nhà riêng: Bán giá thẩm định 2023, Nhà mặt tiền đường 223m2, 4 Tầng BTCT, Ho","Nhuận Đức, Thành phố Hồ Chí Minh",4500000000.0,223.0,,TP.HCM (lõi cũ),Nhà ở/Nhà phố,20179372.197309416
https://nhadat.cafeland.vn/ban-nha-pham-van-dong-thu-duc-ngay-cau-binh-trieu-65m2-3-tang-4pn-73-ty-3167250.html,Bán nhà Phạm Văn Đồng Thủ Đức ngay cầu Bình Triệu - 65m2 - 3 tầng 4PN - 7.3 tỷ,"Hiệp Bình, Thành phố Hồ Chí Minh",7300000000.0,65.0,4.0,TP.HCM (lõi cũ),Nhà ở/Nhà phố,112307692.3076923
https://nhadat.cafeland.vn/nha-moi-5-tang-hxh-nguyen-suy-64m2-4x16-5pn-sang-trong-chi-92-ty-tl-2396978.html,"Nhà mới 5 tầng HXH Nguyễn Súy, 64m2, 4x16, 5PN, sang trọng, Chỉ 9.2 tỷ TL","Phú Thọ Hòa, Thành phố Hồ Chí Minh",9200000000.0,64.0,5.0,TP.HCM (lõi cũ),Nhà ở/Nhà phố,143750000.0
https://nhadat.cafeland.vn/ban-nha-rieng-ban-nha-hem-xe-hoi-tay-thanh-tan-phu-60m2-1-tret-2-lau-gan-da-3186770.html,"Bán nhà riêng: Bán nhà hẻm xe hơi Tây Thạnh, Tân Phú, 60m2, 1 trệt 2 lầu, gần Đạ","Tây Thạnh, Thành phố Hồ Chí Minh",6000000000.0,60.0,,TP.HCM (lõi cũ),Nhà ở/Nhà phố,100000000.0
https://nhadat.cafeland.vn/ban-nha-bui-tu-toanphuong-an-lac-so-hong-rieng-68m2-gia-63-ty-tl-3155468.html,"BÁN NHÀ BÙI TƯ TOÀN,PHƯỜNG AN LẠC - SỔ HỒNG RIÊNG - 68m² - GIÁ 6,3 TỶ TL","An Lạc, Thành phố Hồ Chí Minh",6300000000.0,68.0,,TP.HCM (lõi cũ),Nhà ở/Nhà phố,92647058.8235294
https://nhadat.cafeland.vn/so-huu-lo-dat-250m2-mat-tien-duong-nhua-32m-chi-voi-150tr-2935908.html,SỞ HỮU LÔ ĐẤT 250M2 MẶT TIỀN ĐƯỜNG NHỰA 32M CHỈ VỚI 150TR,"Bình Cơ, Thành phố Hồ Chí Minh",150000000.0,250.0,,Bình Dương (mới sáp nhập),Đất nền,600000.0
https://nhadat.cafeland.vn/mtkd-duong-t6-tay-thanh-khu-dan-tri-cao-60m2-5-tang-4pn-kd-dinh-103-ty-2832719.html,"MTKD đường T6 - Tây Thạnh, khu dân trí cao, 60m2, 5 tầng, 4PN, KD đỉnh, 10.3 tỷ","Tây Thạnh, Thành phố Hồ Chí Minh",10300000000.0,60.0,4.0,TP.HCM (lõi cũ),Khác,171666666.66666666
https://nhadat.cafeland.vn/can-ban-nen-giam-19ti-nha-quan-1-gan-hxh-ngang-35m-47m2-2pn-2829958.html,"Cần bán nên giảm 1.9tỉ, nhà quận 1, gần hxh, ngang 3.5m, 47m2, 2pn","Tân Định, Thành phố Hồ Chí Minh",6000000000.0,47.0,2.0,TP.HCM (lõi cũ),Nhà ở/Nhà phố,127659574.46808511
https://nhadat.cafeland.vn/chi-19-ty-so-huu-dat-nen-sat-lang-dai-hoc-quoc-te-so-rieng-duong-20m-2556697.html,"CHỈ 1,9 TỶ - SỞ HỮU ĐẤT NỀN SÁT LÀNG ĐẠI HỌC QUỐC TẾ - SỔ RIÊNG, ĐƯỜNG 20M","Hóc Môn, Thành phố Hồ Chí Minh",1900000000.0,85.0,,TP.HCM (lõi cũ),Đất nền,22352941.17647059
https://nhadat.cafeland.vn/ban-chung-cu-green-skyline-chi-59trm2-so-huu-2pn-doi-dien-go-di-an-ql-1k-view-2485107.html,Bán Chung cư Green Skyline Chỉ 59tr/m² sở hữu 2PN đối diện GO! Dĩ An QL 1K View,"Đông Hòa, Thành phố Hồ Chí Minh",4120000000.0,66.0,2.0,Bình Dương (mới sáp nhập),Căn hộ/Chung cư,62424242.42424242
https://nhadat.cafeland.vn/can-ban-gap-can-ho-cao-cap-garden-plaza-phu-my-hung-quan-7-3180873.html,"Cần bán gấp căn hộ cao cấp Garden Plaza, Phú Mỹ Hưng, Quận 7","Tân Hưng, Thành phố Hồ Chí Minh",14000000000.0,147.0,3.0,TP.HCM (lõi cũ),Căn hộ/Chung cư,95238095.23809524
https://nhadat.cafeland.vn/ban-nha-tan-hoa-dongtrung-tam-quan-6-so-hong-rieng-144m2-4-tang-3127075.html,"Bán nhà Tân Hòa Đông,Trung Tâm Quận 6 - sổ hồng riêng -144m2 - 4 TẦNG","Phú Lâm, Thành phố Hồ Chí Minh",10800000000.0,144.0,,TP.HCM (lõi cũ),Nhà ở/Nhà phố,75000000.0
https://nhadat.cafeland.vn/ban-nha-rieng-nha-ban-4-tang-5-x-15-gan-goc-mt-duong-so-5-va-pham-hung-kdc-d-d-3183302.html,Bán nhà riêng: Nhà bán 4 Tầng -5 x 15-gần góc Mt đường số 5 và Phạm Hùng KDC Đ D,"Bình Hưng, Thành phố Hồ Chí Minh",14500000000.0,72.0,,TP.HCM (lõi cũ),Nhà ở/Nhà phố,201388888.8888889
https://nhadat.cafeland.vn/ban-dat-tho-cu-dat-nen-nghi-duong-113m2-mat-tien-nhua-tai-phuong-long-phuoc-th-3186859.html,"Bán đất thổ cư: Đất nền nghỉ dưỡng 113m2 mặt tiền nhựa tại Phường Long Phước, th","Long Phước, Thành phố Hồ Chí Minh",980000000.0,113.4,,TP.HCM (lõi cũ),Đất nền,8641975.308641976
https://nhadat.cafeland.vn/ban-nha-rieng-220m-full-tho-cu-mat-tien-duong-8m-co-kho-xuong-gan-duong-cong-kh-3183297.html,Bán nhà riêng: 220m full thổ cư mặt tiền đường 8m có kho xưởng gần Dương Công Kh,"Xuân Thới Sơn, Thành phố Hồ Chí Minh",6500000000.0,220.0,,TP.HCM (lõi cũ),Đất nền,29545454.545454547
https://nhadat.cafeland.vn/ban-dat-phuong-kim-dinh-tp-ba-ria-gia-tot-chi-1-ty-550-trieu-3152303.html,"BÁN ĐẤT PHƯỜNG KIM DINH, TP. BÀ RỊA – GIÁ TỐT CHỈ 1 TỶ 550 TRIỆU","Bà Rịa, Thành phố Hồ Chí Minh",1500000000.0,147.0,,Bà Rịa - Vũng Tàu (mới sáp nhập),Đất nền,10204081.632653061
https://nhadat.cafeland.vn/can-ban-cac-nen-dat-du-an-dai-hoc-bach-khoa-pphu-huu-quan-9-du-an-so-do-2357699.html,"Cần bán các nền đất dự án đại học Bách Khoa, P.Phú Hữu, Quận 9, dự án sổ đỏ","Long Trường, Thành phố Hồ Chí Minh",12012000000.0,182.0,,TP.HCM (lõi cũ),Đất nền,66000000.0
https://nhadat.cafeland.vn/ban-biet-thu-8mx24m-3-tang-view-dep-tai-tan-thuan-dong-quan-7-2265809.html,"Bán biệt thự 8mx24m 3 tầng view đẹp tại Tân Thuận Đông, Quận 7","Tân Thuận, Thành phố Hồ Chí Minh",27100000000.0,192.0,5.0,TP.HCM (lõi cũ),Biệt thự,141145833.33333334
https://nhadat.cafeland.vn/ban-nha-rieng-trung-tam-tan-phu-tan-son-nhi-dt-9x31-khuon-dat-vuong-dep-2x-3188411.html,Bán nhà riêng: Trung Tâm Tân Phú- Tân Sơn Nhì- DT 9x31- Khuôn đất VUÔNG đẹp- 2x,"Tân Sơn Nhì, Thành phố Hồ Chí Minh",29500000000.0,272.0,,TP.HCM (lõi cũ),Đất nền,108455882.35294117
https://nhadat.cafeland.vn/top-3-can-gia-tot-tay-tu-trach-jamona-thu-duc-toantranvillas-2273199.html,Top 3 căn giá tốt Tây Tứ Trạch Jamona Thủ Đức - ToanTranVillas,"Hiệp Bình, Thành phố Hồ Chí Minh",14000000000.0,139.0,,TP.HCM (lõi cũ),Biệt thự,100719424.46043165
https://nhadat.cafeland.vn/hxh-6m-ho-dac-di-64m2-4x16-3pn-xe-hoi-vao-nha-nha-dep-chi-69-ty-tl-2555519.html,"HXH 6m Hồ Đắc Di, 64m2, 4x16, 3PN, xe hơi vào nhà, nhà đẹp, chỉ 6.9 tỷ TL","Tây Thạnh, Thành phố Hồ Chí Minh",6900000000.0,64.0,3.0,TP.HCM (lõi cũ),Nhà ở/Nhà phố,107812500.0
https://nhadat.cafeland.vn/ban-dat-tho-cu-kh122-dat-tho-cu-51m2-vuong-vuc-quan-12-37-ty-3186732.html,Bán đất thổ cư: [KH122*] Đất thổ cư 51m2 vuông vức Quận 12 - 3.7 tỷ,"Đông Hưng Thuận, Thành phố Hồ Chí Minh",3700000000.0,51.0,,TP.HCM (lõi cũ),Đất nền,72549019.60784313
https://nhadat.cafeland.vn/hxh-6m-le-thuc-hoach-87m2-4x22-ko-lo-gioi-xay-duoc-6-tang-chi-83-ty-tl-2933498.html,"HXH 6m Lê Thúc Hoạch, 87m2, 4x22, Ko Lộ giới, xây được 6 tầng, Chỉ 8.3 tỷ TL","Phú Thọ Hòa, Thành phố Hồ Chí Minh",8300000000.0,87.0,,TP.HCM (lõi cũ),Khác,95402298.85057472
https://nhadat.cafeland.vn/chinh-chu-ban-dat-kdt-alana-city-gan-kcn-vsip-2-gia-998-trieu-nen-dan-dong-2278690.html,"Chính chủ bán đất KĐT Alana City gần KCN Vsip 2, giá 998 triệu/ nền, dân đông.","Vĩnh Tân, Thành phố Hồ Chí Minh",998000000.0,100.0,,Bình Dương (mới sáp nhập),Đất nền,9980000.0
https://nhadat.cafeland.vn/ban-can-goc-prosper-pho-dong-6294m2-2pn-2wc-gia-354-ty-3152134.html,"Bán căn góc Prosper Phố Đông 62,94m², 2PN 2WC, giá 3,54 tỷ","Tam Bình, Thành phố Hồ Chí Minh",3540000000.0,62.0,2.0,TP.HCM (lõi cũ),Khác,57096774.19354839
https://nhadat.cafeland.vn/nha-nho-moi-cung-voi-4-tang-btct-khu-vuc-an-ninh-yen-tinhtrung-tam-2812299.html,Nhà nhỏ mới cứng với 4 tầng btct. Khu vực an ninh yên tĩnh.Trung tâm,"Xuân Hòa, Thành phố Hồ Chí Minh",4480000000.0,17.0,2.0,TP.HCM (lõi cũ),Nhà ở/Nhà phố,263529411.7647059
https://nhadat.cafeland.vn/ban-nha-rieng-ban-gap-nha-dep-quan-12-hem-o-to-tranh-co-dong-tien-75-trth-3183963.html,Bán nhà riêng: Bán gấp nhà đẹp Quận 12 - hẻm ô tô tránh - có dòng tiền 7.5 tr/th,"Tân Thới Hiệp, Thành phố Hồ Chí Minh",3920000000.0,80.0,,TP.HCM (lõi cũ),Nhà ở/Nhà phố,49000000.0
https://nhadat.cafeland.vn/ban-nha-rieng-nha-so-hong-cam-tay-giap-hoc-mon-650-trieu-3184071.html,Bán nhà riêng: Nhà sổ hồng cầm tay giáp Hóc Môn - 650 triệu,"Xuân Thới Sơn, Thành phố Hồ Chí Minh",650000000.0,36.0,,TP.HCM (lõi cũ),Nhà ở/Nhà phố,18055555.555555556
https://nhadat.cafeland.vn/ban-nha-phan-anhphuong-binh-tri-dongbinh-tanso-hong-rieng-130m2-gia-109-ty-2831836.html,"Bán Nhà Phan Anh,Phường Bình Trị Đông,Bình Tân,Sổ Hồng Riêng 130m2 - Gía 10,9 Tỷ","Bình Trị Đông, Thành phố Hồ Chí Minh",10900000000.0,130.0,,TP.HCM (lõi cũ),Nhà ở/Nhà phố,83846153.84615384
https://nhadat.cafeland.vn/ban-nha-an-phu-quan-2-gan-metro-xa-lo-ha-noi-105m2-3-tang-gia-255-ty-2828391.html,"Bán nhà An Phú Quận 2, gần Metro & Xa Lộ Hà Nội, 105m², 3 tầng, giá 25.5 tỷ","An Khánh, Thành phố Hồ Chí Minh",25500000000.0,105.0,,TP.HCM (lõi cũ),Nhà ở/Nhà phố,242857142.85714287
https://nhadat.cafeland.vn/chuyen-nhuong-nha-mat-tien-duong-ly-thai-to-quan-3-2481140.html,"Chuyển nhượng nhà mặt tiền đường Lý Thái Tổ, quận 3","Bàn Cờ, Thành phố Hồ Chí Minh",5350000000.0,18.0,,TP.HCM (lõi cũ),Nhà ở/Nhà phố,297222222.2222222
https://nhadat.cafeland.vn/7-ty-can-nha-5-tang-hxh-cu-xa-do-thanh-phuong-ban-co-quan-3-2492299.html,7 TỶ – CĂN NHÀ 5 TẦNG HXH CƯ XÁ ĐÔ THÀNH – PHƯỜNG BÀN CỜ – QUẬN 3,"Bàn Cờ, Thành phố Hồ Chí Minh",7000000000.0,28.0,5.0,TP.HCM (lõi cũ),Nhà ở/Nhà phố,250000000.0
https://nhadat.cafeland.vn/mtkd-duong-cn1-binh-long-96m2-ngang-52m-4-tang-kd-sam-uat-o-kd-175-ty-2617730.html,"MTKD Đường CN1 - Bình Long, 96m2, ngang 5.2m, 4 tầng, KD sầm uất, ở +kd, 17.5 tỷ","Tây Thạnh, Thành phố Hồ Chí Minh",17500000000.0,96.0,,TP.HCM (lõi cũ),Khác,182291666.66666666
https://nhadat.cafeland.vn/1duong-12m-nha-cap-4-shr-vuong-44m16m-tien-xay-moi-sieu-pham-tt-go-vap-3140659.html,"1/ĐƯỜNG 12M, NHÀ CẤP 4 SHR VUÔNG (4.4m*16m), TIỆN XÂY MỚI SIÊU PHẨM TT GÒ VẤP","Hạnh Thông, Thành phố Hồ Chí Minh",11950000000.0,71.0,2.0,TP.HCM (lõi cũ),Nhà ở/Nhà phố,168309859.15492958
https://nhadat.cafeland.vn/ban-nha-pho-kinh-doanh-tan-hiep-binh-duong-3155579.html,Bán Nhà Phố Kinh Doanh Tân Hiệp Bình Dương,"Tân Hiệp, Thành phố Hồ Chí Minh",3900000000.0,233.0,,Bình Dương (mới sáp nhập),Nhà ở/Nhà phố,16738197.424892703
https://nhadat.cafeland.vn/ban-nha-rieng-nha-4m-x-145m-hem-xe-hoi-vao-nha-canh-aeon-tan-phu-chi-499-ty-3185720.html,"Bán nhà riêng: Nhà 4m x 14.5m hẻm xe hơi vào nhà, cạnh Aeon Tân Phú chỉ 4,99 tỷ","Tây Thạnh, Thành phố Hồ Chí Minh",4990000000.0,58.0,,TP.HCM (lõi cũ),Nhà ở/Nhà phố,86034482.7586207
https://nhadat.cafeland.vn/chinh-chu-ban-nha-91a-vo-van-tan-q3-2276457.html,Chính chủ bán nhà 91A Võ Văn Tần Q3,"Xuân Hòa, Thành phố Hồ Chí Minh",22000000000.0,81.0,,TP.HCM (lõi cũ),Nhà ở/Nhà phố,271604938.27160496
https://nhadat.cafeland.vn/ban-nha-rieng-hem-kinh-doanh-269-vip-go-dau-quan-tan-phu-biet-thu-mini-56m2-3183211.html,Bán nhà riêng: Hẻm kinh doanh!!! 269 Vip Gò Dầu Quận Tân Phú Biệt thự mini 56m2,"Phú Thọ Hòa, Thành phố Hồ Chí Minh",9500000000.0,56.0,4.0,TP.HCM (lõi cũ),Biệt thự,169642857.14285713
https://nhadat.cafeland.vn/nha-go-vap-50m2-dtsd-hem-ba-gac-thong-chinh-chu-chua-qua-dau-tu-2913933.html,Nhà Gò Vấp- 50m2 DTSD - Hẻm ba gác thông chính chủ chưa qua đầu tư,"Thông Tây Hội, Thành phố Hồ Chí Minh",4190000000.0,26.0,2.0,TP.HCM (lõi cũ),Nhà ở/Nhà phố,161153846.15384614
https://nhadat.cafeland.vn/hoang-hoa-tham-gan-san-bay-tan-son-nhat-2pn-2-ty-12-o-luon-bank-15-nam-2728812.html,"Hoàng Hoa Thám - Gần sân bay Tân Sơn Nhất ( 2PN / 2 TỶ 12 ) ,Ở Luôn, Bank 15 Năm","Gia Định, Thành phố Hồ Chí Minh",2120000000.0,53.0,2.0,TP.HCM (lõi cũ),Khác,40000000.0
https://nhadat.cafeland.vn/ban-nha-rieng-nha-55x12-3-tang-chi-nhinh-5-ty-ngay-tan-ky-tan-quy-buoc-qua-3187856.html,"Bán nhà riêng: Nhà 5,5x12, 3 tầng, chỉ nhỉnh 5 tỷ ngay Tân Kỳ Tân Quý, bước qua","Bình Hưng Hòa, Thành phố Hồ Chí Minh",5500000000.0,65.0,,TP.HCM (lõi cũ),Nhà ở/Nhà phố,84615384.61538461
https://nhadat.cafeland.vn/ban-dat-tho-cu-dat-ban-mat-tien-duong-tl26-phuong-thanh-loc-quan-12-dt-75m-3183974.html,"Bán đất thổ cư: Đất bán mặt tiền đường TL26, phường Thạnh Lộc, Quận 12, DT 75m,","An Phú Đông, Thành phố Hồ Chí Minh",5350000000.0,75.0,,TP.HCM (lõi cũ),Đất nền,71333333.33333333
https://nhadat.cafeland.vn/nha-4x18m-duong-32-khu-an-phu-hung-phuong-tan-phong-q7-1897214.html,nhà 4x18m đường 32 khu an phú hưng phường tân phong Q7.,"Tân Hưng, Thành phố Hồ Chí Minh",16500000000.0,72.0,1.0,TP.HCM (lõi cũ),Nhà ở/Nhà phố,229166666.66666666
https://nhadat.cafeland.vn/ban-nha-rieng-599-ty-ban-nha-mat-tien-le-thi-hoa-doan-gan-quoc-lo-1-147m2-fu-3182353.html,"Bán nhà riêng: 5,99 tỷ, bán nhà mặt tiền Lê Thị Hoa đoạn gần Quốc lộ 1, 147m2 fu","Tam Bình, Thành phố Hồ Chí Minh",5990000000.0,147.0,,TP.HCM (lõi cũ),Nhà ở/Nhà phố,40748299.31972789
https://nhadat.cafeland.vn/ban-nha-rieng-nha-2-phong-ngu-dien-tich-5m-x-21m-mat-tien-kinh-doanh-gia-49-3184087.html,"Bán nhà riêng: Nhà 2 phòng ngủ, diện tích 5m x 21m, mặt tiền kinh doanh, giá 4,9","Hiệp Phước, Thành phố Hồ Chí Minh",4900000000.0,105.0,2.0,TP.HCM (lõi cũ),Nhà ở/Nhà phố,46666666.666666664
https://nhadat.cafeland.vn/can-ban-nha-mat-tien-duong-nguyen-don-tiet-ngang-4-x-23-2557120.html,"CẦN BÁN NHÀ MẶT TIỀN ĐƯỜNG NGUYỄN ĐÔN TIẾT, NGANG 4 X 23","Cát Lái, Thành phố Hồ Chí Minh",12500000000.0,92.0,,TP.HCM (lõi cũ),Khác,135869565.2173913
https://nhadat.cafeland.vn/ban-dat-duong-tinh-lo-10gan-cau-vuot-ba-hom-6m-x-17m-tho-cu-4-ty-tl-2490827.html,"BÁN ĐẤT ĐƯỜNG TỈNH LỘ 10,GẦN CẦU VƯỢT BÀ HOM (6m x 17m THỔ CƯ) 4 TỶ TL","Bình Trị Đông, Thành phố Hồ Chí Minh",4000000000.0,73.0,,TP.HCM (lõi cũ),Đất nền,54794520.54794521
https://nhadat.cafeland.vn/ban-nha-rieng-nha-3-can-rieng-biet-tai-hem-600-kinh-duong-vuong-an-lac-binh-t-3187809.html,"Bán nhà riêng: Nhà 3 căn riêng biệt tại hẻm 600 Kinh Dương Vương, An Lạc, Bình T","An Lạc, Thành phố Hồ Chí Minh",5490000000.0,116.0,,TP.HCM (lõi cũ),Nhà ở/Nhà phố,47327586.20689655
https://nhadat.cafeland.vn/ban-nha-duong-an-duong-vuongphuong-binh-phu-4-x-12-x-3-tang-65-ty-tl-2481676.html,"BÁN NHÀ ĐƯỜNG AN DƯƠNG VƯƠNG,PHƯỜNG BÌNH PHÚ (4 x 12 x 3 TẦNG) 6,5 TỶ TL","Bình Phú, Thành phố Hồ Chí Minh",6500000000.0,48.0,3.0,TP.HCM (lõi cũ),Nhà ở/Nhà phố,135416666.66666666
https://nhadat.cafeland.vn/chuyen-nhuong-toa-nha-mat-tien-duong-truong-van-bang-quan-2-2474582.html,"Chuyển nhượng tòa nhà mặt tiền đường Trương Văn Bang, quận 2","An Khánh, Thành phố Hồ Chí Minh",38000000000.0,102.5,,TP.HCM (lõi cũ),Nhà ở/Nhà phố,370731707.31707317
https://nhadat.cafeland.vn/ban-nha-rieng-ngang-9m-hxh-phan-dang-luu-phu-nhuan-4-tang-moi-dep-chi-10-3183228.html,"Bán nhà riêng: Ngang 9m - HXH Phan Đăng Lưu, Phú Nhuận - 4 Tầng mới đẹp. Chỉ 10,","Cầu Kiệu, Thành phố Hồ Chí Minh",10500000000.0,50.0,,TP.HCM (lõi cũ),Nhà ở/Nhà phố,210000000.0
https://nhadat.cafeland.vn/ban-biet-thu-vip-tt-go-vap-nha-biet-thu-can-goc-3-mat-thoang-chu-xay-3tang-4pn-2285191.html,"BÁN BIỆT THỰ VIP TT GÒ VẤP, NHÀ BIỆT THỰ CĂN GÓC 3 MẶT THOÁNG, CHỦ XÂY 3TẦNG 4PN","An Nhơn, Thành phố Hồ Chí Minh",32999000000.0,265.0,4.0,TP.HCM (lõi cũ),Biệt thự,124524528.3018868
https://nhadat.cafeland.vn/quan-3-can-goc-2-mat-thoang-5pn-dong-tien-30tr-82-ty-2486888.html,[QUẬN 3] CĂN GÓC 2 MẶT THOÁNG – 5PN – DÒNG TIỀN 30TR – 8.2 TỶ,"Bàn Cờ, Thành phố Hồ Chí Minh",8200000000.0,43.5,5.0,TP.HCM (lõi cũ),Khác,188505747.12643677
https://nhadat.cafeland.vn/so-huu-ngay-ma-vn83-10-vinhomes-green-paradise-can-gio-dien-tich-2813m2-gia-hap-dan-cho-nha-dau-tu-2489231.html,"Sở hữu ngay mã VN83-10 Vinhomes Green Paradise Cần Giờ diện tích 281,3m2 giá hấp dẫn cho nhà đầu tư","Cần Giờ, Thành phố Hồ Chí Minh",30626000000.0,281.3,,TP.HCM (lõi cũ),Nhà ở/Nhà phố,108873089.22858158
https://nhadat.cafeland.vn/ban-nha-rieng-can-ban-nha-rieng-can-goc-2-mat-tien-so-san-ho-tro-vay-ngan-han-3184385.html,"Bán nhà riêng: Cần bán Nhà Riêng căn Góc 2 mặt tiền, sổ sẵn, hỗ trợ vay ngân hàn","Dĩ An, Thành phố Hồ Chí Minh",5300000000.0,60.0,4.0,Bình Dương (mới sáp nhập),Nhà ở/Nhà phố,88333333.33333333
https://nhadat.cafeland.vn/ban-nha-rieng-nha-dep-3-tang-83m2-tai-binh-hung-hoa-binh-tan-sat-aeon-mall-ta-3182283.html,"Bán nhà riêng: Nhà đẹp 3 tầng 83m2 tại Bình Hưng Hòa, Bình Tân, sát Aeon Mall Tâ","Bình Hưng Hòa, Thành phố Hồ Chí Minh",6550000000.0,83.0,,TP.HCM (lõi cũ),Nhà ở/Nhà phố,78915662.65060242
https://nhadat.cafeland.vn/ban-nha-rieng-nha-3-tang-btct-50m2-tinh-lo-10-giap-q6-hem-xe-tai-thong-dong-t-3187836.html,Bán nhà riêng: Nhà 3 tầng BTCT 50m2 Tỉnh Lộ 10 (Giáp Q6) hẻm xe tải thông dòng t,"Bình Tân, Thành phố Hồ Chí Minh",4200000000.0,50.0,,TP.HCM (lõi cũ),Nhà ở/Nhà phố,84000000.0
https://nhadat.cafeland.vn/ban-dat-tho-cu-ban-2-lo-dat-khu-tdc-cay-dau-113m2-duong-249-hoang-huu-nam-tan-3188380.html,"Bán đất thổ cư: Bán 2 Lô Đất Khu TĐC Cây Dầu 113m2 Đường 249 Hoàng Hữu Nam, Tân","Tăng Nhơn Phú, Thành phố Hồ Chí Minh",6000000000.0,113.0,,TP.HCM (lõi cũ),Đất nền,53097345.132743366
https://nhadat.cafeland.vn/ban-nha-rieng-ban-nha-mat-pho-le-niem-hon-20-ty-120m2-7-tang-thang-may-ngang-3184017.html,"Bán nhà riêng: Bán nhà mặt phố Lê Niệm, Hơn 20 tỷ, 120m2, 7 Tầng Thang Máy Ngang","Phú Thọ Hòa, Thành phố Hồ Chí Minh",20000000000.0,120.0,,TP.HCM (lõi cũ),Nhà ở/Nhà phố,166666666.66666666
https://nhadat.cafeland.vn/can-ban-lo-dat-ngay-khu-cong-nghiep-vsip-3-tan-uyen-mat-tien-dt-741-3189940.html,Cần Bán Lô Đất Ngay Khu Công Nghiệp VSIP 3 Tân Uyên. Mặt Tiền DT. 741,"Bình Cơ, Thành phố Hồ Chí Minh",980000000.0,80.0,,Bình Dương (mới sáp nhập),Đất nền,12250000.0
https://nhadat.cafeland.vn/ban-nha-rieng-nhinh-6-ty-35m2-trung-tam-phu-nhuan-nha-dep-o-ngay-full-n-3186794.html,Bán nhà riêng: Nhỉnh 6 tỷ - 35m2 - Trung tâm Phú Nhuận - Nhà đẹp ở ngay - Full n,"Phú Nhuận, Thành phố Hồ Chí Minh",6700000000.0,35.0,3.0,TP.HCM (lõi cũ),Nhà ở/Nhà phố,191428571.42857143
https://nhadat.cafeland.vn/nhan-booking-du-an-tt-genesis-chi-50-trieusuat-nhan-tu-van-ngay-lh-0931277622-3176112.html,"Nhận booking dự án TT Genesis chỉ 50 triệu/suất, nhận tư vấn ngay LH 0931277622","Nhà Bè, Thành phố Hồ Chí Minh",4900000000.0,70.0,,TP.HCM (lõi cũ),Khác,70000000.0
https://nhadat.cafeland.vn/nha-xinh-re-32-x-115m-1-tret-3-lau-doan-thi-diem-phu-nhuan-tphcm-2820657.html,Nhà xinh rẻ 3.2 x 11.5m 1 trệt 3 lầu Đoàn Thị Điểm Phú Nhuận TP.HCM,"Cầu Kiệu, Thành phố Hồ Chí Minh",12850000000.0,37.0,,TP.HCM (lõi cũ),Nhà ở/Nhà phố,347297297.2972973
https://nhadat.cafeland.vn/ban-nha-rieng-chu-nhiet-giam-200-trieu-gia-chi-con-435-ty-3187591.html,"Bán nhà riêng: Chủ nhiệt giảm 200 triệu giá chỉ còn 4,35 tỷ","Đông Hòa, Thành phố Hồ Chí Minh",4300000000.0,70.0,2.0,Bình Dương (mới sáp nhập),Nhà ở/Nhà phố,61428571.428571425
https://nhadat.cafeland.vn/ban-nha-hem-tt-quan-1-hem-33-duong-tran-nguyen-dan-3179206.html,Bán nhà hẻm TT Quận 1 hẻm 33 đường Trần Nguyên Đán,"Tân Định, Thành phố Hồ Chí Minh",4950000000.0,28.0,,TP.HCM (lõi cũ),Nhà ở/Nhà phố,176785714.2857143
https://nhadat.cafeland.vn/ban-nha-rieng-giam-tiep-200-trieu-gia-moi-83-ty-nha-goc-2-mat-tien-3186730.html,"Bán nhà riêng: Giảm tiếp 200 triệu, giá mới 8,3 tỷ – nhà góc 2 mặt tiền","Trung Mỹ Tây, Thành phố Hồ Chí Minh",8300000000.0,88.0,6.0,TP.HCM (lõi cũ),Nhà ở/Nhà phố,94318181.81818181
https://nhadat.cafeland.vn/ban-nha-rieng-nha-dep-trung-my-tay-quan-12-xe-hoi-thong-thoang-gia-cuc-yeu-3187714.html,"Bán nhà riêng: Nhà đẹp Trung Mỹ Tây, Quận 12, xe hơi thông thoáng, giá cực yêu","Trung Mỹ Tây, Thành phố Hồ Chí Minh",5800000000.0,92.0,,TP.HCM (lõi cũ),Nhà ở/Nhà phố,63043478.26086956
https://nhadat.cafeland.vn/ban-nha-rieng-nha-moi-o-ngay-30m-ra-mat-tien-noi-that-xinh-xan-32m2-3-tang-3186795.html,Bán nhà riêng: Nhà mới ở ngay - 30m ra mặt tiền nội thất xinh xắn - 32m2 3 tầng,"Phú Nhuận, Thành phố Hồ Chí Minh",6780000000.0,32.0,3.0,TP.HCM (lõi cũ),Nhà ở/Nhà phố,211875000.0
https://nhadat.cafeland.vn/ban-nha-rieng-ban-nha-rieng-119-ty-112m2-tai-hem-117-gan-the-manor-qbinh-th-3187753.html,"Bán nhà riêng: Bán nhà riêng 11,9 tỷ, 112m2 tại Hẻm 117 gần The Manor, Q.Bình Th","Thạnh Mỹ Tây, Thành phố Hồ Chí Minh",11900000000.0,112.0,,TP.HCM (lõi cũ),Nhà ở/Nhà phố,106250000.0
https://nhadat.cafeland.vn/ban-dat-tho-cu-ban-dat-mat-tien-dang-xuan-bang-p-tan-thanh-hcm-gia-1150-ty-3187661.html,"Bán đất thổ cư: Bán đất mặt tiền Đặng Xuân Bảng - P. Tân Thành HCM, giá 1,150 tỷ","Tân Thành, Thành phố Hồ Chí Minh",1150000000.0,115.0,,Bà Rịa - Vũng Tàu (mới sáp nhập),Đất nền,10000000.0
https://nhadat.cafeland.vn/ban-nha-rieng-ban-dat-tang-nha-cap-4-ngay-duong-nguyen-van-kha-100m2-gia-17ty-3185793.html,"Bán nhà riêng: bán đất tặng nhà cấp 4 ngay đường nguyễn văn khạ 100m2 giá 1,7tỷ","Tân An Hội, Thành phố Hồ Chí Minh",1600000000.0,100.0,,TP.HCM (lõi cũ),Đất nền,16000000.0
https://nhadat.cafeland.vn/ban-nha-rieng-ban-nha-mat-tien-song-hanh-dong-hung-thuan-100m2-4-lau-nga-3185679.html,Bán nhà riêng: Bán nhà mặt tiền Song Hành -Đông Hưng Thuận - 100m2 - 4 lầu - nga,"Đông Hưng Thuận, Thành phố Hồ Chí Minh",7500000000.0,100.0,,TP.HCM (lõi cũ),Nhà ở/Nhà phố,75000000.0
https://nhadat.cafeland.vn/ban-nha-rieng-nha-moi-dep-ngay-cho-vai-phu-tho-hoa-giap-cho-tan-huong-cn-33-3184003.html,"Bán nhà riêng: Nhà mới đẹp ngay Chợ Vải Phú Thọ Hòa, giáp Chợ Tân Hương - CN: 33","Phú Thọ Hòa, Thành phố Hồ Chí Minh",4050000000.0,33.0,,TP.HCM (lõi cũ),Nhà ở/Nhà phố,122727272.72727273
https://nhadat.cafeland.vn/ban-nha-duong-tinh-lo-10tan-tao-a-6m-x-20m-x-2-tang-65-ty-tl-2728798.html,"BÁN NHÀ ĐƯỜNG TỈNH LỘ 10,TÂN TẠO A (6m x 20m x 2 TẦNG) 6,5 TỶ TL","Bình Tân, Thành phố Hồ Chí Minh",6500000000.0,120.0,3.0,TP.HCM (lõi cũ),Nhà ở/Nhà phố,54166666.666666664
https://nhadat.cafeland.vn/ban-can-ho-chung-cu-ban-can-goc-tang-t-3188526.html,"Bán căn hộ chung cư: ️𝐒𝐔𝐍𝐖𝐀𝐇 𝐏𝐄𝐀𝐑𝐋 - Bán căn góc 𝟐𝐏𝐍 tầng 𝐜𝐚𝐨, 𝐯𝐢𝐞𝐰 t","Thạnh Mỹ Tây, Thành phố Hồ Chí Minh",3185000000.0,99.0,2.0,TP.HCM (lõi cũ),Căn hộ/Chung cư,32171717.17171717
https://nhadat.cafeland.vn/chuyen-nhuong-nha-goc-hai-mat-hem-xe-hoi-6m-duong-go-dau-quan-tan-phu-2481122.html,"Chuyển nhượng nhà góc hai mặt hẻm xe hơi 6m đường Gò Dầu, quận Tân Phú","Tân Phú, Thành phố Hồ Chí Minh",15500000000.0,110.9,11.0,TP.HCM (lõi cũ),Nhà ở/Nhà phố,139765554.55365193
https://nhadat.cafeland.vn/ban-nha-rieng-ban-nha-hxh-nguyen-huu-tien-p-tay-thanh-dt-4-x-12m-1-tret-1-lau-3184023.html,Bán nhà riêng: Bán nhà HXH Nguyễn Hữu Tiến P. Tây Thạnh. DT 4 x 12m 1 trệt 1 lầu,"Tây Thạnh, Thành phố Hồ Chí Minh",5650000000.0,48.0,,TP.HCM (lõi cũ),Nhà ở/Nhà phố,117708333.33333333
https://nhadat.cafeland.vn/49m2-1-ty-96-chinh-chu-ban-gapch-co-so-san-bao-vatmoi-100-bank-70-o-ngay-2933154.html,"49m2 -1 tỷ 96 Chính chủ bán gấp,CH có sổ sẵn bao VAT,Mới 100% ,Bank 70% ,ở ngay","Bình Thạnh, Thành phố Hồ Chí Minh",1960000000.0,49.0,2.0,TP.HCM (lõi cũ),Khác,40000000.0
https://nhadat.cafeland.vn/ban-nha-56m2-gan-gigamall-hiep-binh-chanh-phap-ly-sach-khong-quy-hoach-3180545.html,"BÁN NHÀ 56M2 GẦN GIGAMALL HIỆP BÌNH CHÁNH - PHÁP LÝ SẠCH, KHÔNG QUY HOẠCH","Hiệp Bình, Thành phố Hồ Chí Minh",2150000000.0,56.0,,TP.HCM (lõi cũ),Nhà ở/Nhà phố,38392857.14285714
https://nhadat.cafeland.vn/ban-nha-rieng-hem-15m-doc-lap-quan-tan-phu-64m2-4-tang-78-ty-3184467.html,"Bán nhà riêng: Hẻm 1/5m Độc Lập Quận Tân Phú: 64m2 4 tầng 7,8 tỷ","Tân Sơn Nhì, Thành phố Hồ Chí Minh",7800000000.0,64.0,4.0,TP.HCM (lõi cũ),Nhà ở/Nhà phố,121875000.0
https://nhadat.cafeland.vn/nha-pho-biet-thu-ven-song-lien-ke-trung-tam-thu-thiem-2277535.html,𝐆𝐋𝐀𝐃𝐈𝐀 Nhà phố & biệt thự ven sông liền kề trung tâm Thủ Thiêm,"Bình Trưng, Thành phố Hồ Chí Minh",27900000000.0,224.6,,TP.HCM (lõi cũ),Biệt thự,124220837.04363313
https://nhadat.cafeland.vn/ban-nha-rieng-ban-can-nha-hem-12m-tan-son-nhi-tan-phu-dt-9x31-dtcn-272m2-nh-3184481.html,"Bán nhà riêng: Bán căn nhà Hẻm 12m Tân Sơn Nhì, Tân Phú. DT 9x31, DTCN 272m2. Nh","Tân Sơn Nhì, Thành phố Hồ Chí Minh",29500000000.0,272.0,,TP.HCM (lõi cũ),Nhà ở/Nhà phố,108455882.35294117
https://nhadat.cafeland.vn/ban-nha-rieng-ban-gap-nha-52-ty-tran-xuan-soan-phuong-tan-hung-quan-7-3184050.html,"Bán nhà riêng: Bán gấp nhà 5,2 tỷ Trần Xuân Soạn Phường Tân Hưng Quận 7","Tân Hưng, Thành phố Hồ Chí Minh",5200000000.0,30.0,3.0,TP.HCM (lõi cũ),Nhà ở/Nhà phố,173333333.33333334
https://nhadat.cafeland.vn/ban-nha-rieng-gia-sieu-tot-9-ty-ban-nha-mat-tien-nguyen-thi-minh-khai-gan-bien-3187697.html,Bán nhà riêng: Giá siêu tốt 9 tỷ bán nhà mặt tiền Nguyễn Thị Minh Khai gần biển,"Tam Thắng, Thành phố Hồ Chí Minh",9000000000.0,86.0,,Bà Rịa - Vũng Tàu (mới sáp nhập),Nhà ở/Nhà phố,104651162.79069768
https://nhadat.cafeland.vn/ban-dat-tho-cu-lo-dat-dep-4m-x-15m-hem-nhua-6m-duong-thoi-an-20-3187740.html,Bán đất thổ cư: Lô đất đẹp 4m x 15m. Hẻm nhựa 6m Đường Thới An 20,"Thới An, Thành phố Hồ Chí Minh",3980000000.0,56.0,,TP.HCM (lõi cũ),Đất nền,71071428.57142857
https://nhadat.cafeland.vn/ban-can-ho-the-habitat-binh-duong-2pn62m2block-a1-lau-1508-gia-cuc-tot-3151979.html,"BÁN CĂN HỘ THE HABITAT BÌNH DƯƠNG, 2PN,62m2,Block A1, Lầu 15.08, Giá cực tốt","Bình Hòa, Thành phố Hồ Chí Minh",1800000000.0,62.8,2.0,Bình Dương (mới sáp nhập),Căn hộ/Chung cư,28662420.382165607
https://nhadat.cafeland.vn/ban-can-ho-khang-gia-767m-2pn2wc-gia-2350-ty-bot-loc-2275324.html,"Bán căn hộ khang gia. 76,7m. 2PN.2WC. Giá : 2,350 tỷ . bớt lộc","An Hội Tây, Thành phố Hồ Chí Minh",2350000000.0,76.7,2.0,TP.HCM (lõi cũ),Căn hộ/Chung cư,30638852.672750976
https://nhadat.cafeland.vn/ban-nha-rieng-nha-dep-can-ban-5ty190-ngay-qbinh-tan-vi-tri-cuc-tot-kinh-doan-3187862.html,"Bán nhà riêng: NHÀ ĐẸP CẦN BÁN 5TỶ190, ngay Q.Bình Tân vị trí cực tốt, Kinh Doan","Bình Trị Đông, Thành phố Hồ Chí Minh",5190000000.0,60.0,,TP.HCM (lõi cũ),Nhà ở/Nhà phố,86500000.0
https://nhadat.cafeland.vn/phuong-hoa-hung-ban-nha-4-tang-hem-6m-cao-thang-ngang-52m-gia-125-ty-2287525.html,[Phường Hòa Hưng] Bán Nhà 4 Tầng Hẻm 6m Cao Thắng – Ngang 5.2m – Giá 12.5 Tỷ,"Bàn Cờ, Thành phố Hồ Chí Minh",12500000000.0,48.0,6.0,TP.HCM (lõi cũ),Nhà ở/Nhà phố,260416666.66666666
https://nhadat.cafeland.vn/can-ban-ma-vn63-18-vinhomes-green-paradise-can-gio-dien-tich-2673m2-phap-ly-ro-rang-chot-nhanh-2489249.html,"Cần bán mã VN63-18 Vinhomes Green Paradise Cần Giờ diện tích 267,3m2 pháp lý rõ ràng chốt nhanh","Cần Giờ, Thành phố Hồ Chí Minh",29491000000.0,267.3,,TP.HCM (lõi cũ),Khác,110329218.10699588
https://nhadat.cafeland.vn/ban-nha-rieng-ban-nha-mat-tien-sieu-hiem-tan-binh-45x20-hdt-60trth-3184928.html,Bán nhà riêng: Bán nhà mặt tiền siêu hiếm - Tân Bình - (4.5x20) - HĐT 60tr/th -,"Bảy Hiền, Thành phố Hồ Chí Minh",25000000000.0,100.0,,TP.HCM (lõi cũ),Nhà ở/Nhà phố,250000000.0
https://nhadat.cafeland.vn/ban-nha-rieng-nha-shr-42m2-tret-lung-gan-cho-ubnd-xa-dong-thanh-giap-quan-12-3182335.html,"Bán nhà riêng: Nhà SHR 42M2, Trệt Lửng, Gần Chợ UBND Xã Đông Thạnh, Giáp Quận 12","Đông Thạnh, Thành phố Hồ Chí Minh",2700000000.0,42.0,2.0,TP.HCM (lõi cũ),Nhà ở/Nhà phố,64285714.28571428
https://nhadat.cafeland.vn/ban-nha-rieng-nha-ngang-6m80-x-11m-duc-1-lau-nha-goc-2-mat-tien-hem-xe-hoi-to-3187848.html,Bán nhà riêng: Nhà ngang 6m80 x 11m. Đúc 1 lầu. Nhà góc 2 mặt tiền hẻm xe hơi tớ,"Bình Tân, Thành phố Hồ Chí Minh",4580000000.0,68.0,3.0,TP.HCM (lõi cũ),Nhà ở/Nhà phố,67352941.1764706
https://nhadat.cafeland.vn/ban-nha-1-tret-1-lau-ngay-cho-hoi-nghia-kcn-visip-3-binh-duong-3176712.html,Bán nhà 1 trệt 1 lầu ngay chợ hội nghĩa kcn visip 3 bình dương,"Bình Cơ, Thành phố Hồ Chí Minh",1860000000.0,67.5,3.0,Bình Dương (mới sáp nhập),Nhà ở/Nhà phố,27555555.555555556
https://nhadat.cafeland.vn/ban-nha-rieng-nha-pham-hung-gan-nha-tho-nam-hai-88m2-xe-hoi-ngu-nha-nhinh-5-3183303.html,"Bán nhà riêng: Nhà Phạm Hùng, gần nhà thờ NAM HẢI, 88m2, XE HƠI NGỦ NHÀ, NHỈNH 5","Bình Hưng, Thành phố Hồ Chí Minh",5700000000.0,88.0,4.0,TP.HCM (lõi cũ),Nhà ở/Nhà phố,64772727.27272727
https://nhadat.cafeland.vn/ban-nha-so-hong-rieng-thoi-tam-thon-hoc-mon-gan-truong-hoc-tam-dong-2-cho-thoi-3189722.html,"Bán Nhà sổ hồng riêng Thới Tam Thôn, Hóc Môn gần trường học Tam Đông 2, chợ Thới","Phước Long, Thành phố Hồ Chí Minh",2750000000.0,71.7,2.0,TP.HCM (lõi cũ),Nhà ở/Nhà phố,38354253.835425384
https://nhadat.cafeland.vn/phuong-ban-co-ban-nha-5-tang-ngay-khu-cho-ban-co-35m2-gia-89-ty-2492197.html,[PHƯỜNG BÀN CỜ] BÁN NHÀ 5 TẦNG NGAY KHU CHỢ BÀN CỜ – 35M² – GIÁ 8.9 TỶ,"Bàn Cờ, Thành phố Hồ Chí Minh",8900000000.0,35.0,,TP.HCM (lõi cũ),Nhà ở/Nhà phố,254285714.2857143
https://nhadat.cafeland.vn/ban-nha-rieng-mat-tien-kinh-doanh-tran-thi-co-q12-100m-ngang-43m-2-tang-d-3187738.html,Bán nhà riêng: Mặt tiền kinh doanh Trần Thị Cờ/ Q12 100m ngang 4.3m - 2 tầng - d,"Thới An, Thành phố Hồ Chí Minh",8100000000.0,100.0,,TP.HCM (lõi cũ),Nhà ở/Nhà phố,81000000.0
https://nhadat.cafeland.vn/ban-nha-rieng-nha-ngang-lon-gan-6m15m-hem-xe-hoi-thong-to-ky-sat-phan-mem-qu-3183153.html,Bán nhà riêng: Nhà ngang lớn gần 6m*15m hẻm xe hơi thông Tô Ký - Sát Phần mềm Qu,"Trung Mỹ Tây, Thành phố Hồ Chí Minh",4300000000.0,80.0,,TP.HCM (lõi cũ),Nhà ở/Nhà phố,53750000.0
https://nhadat.cafeland.vn/hem-8m-khuong-viet-112m2-5x22-3-tang-4pn-sat-ben-dam-sen-chi-13-ty-tl-2932229.html,"Hẻm 8m Khuông Việt, 112m2, 5x22, 3 tầng, 4PN, sát bên Đầm Sen, Chỉ 13 tỷ TL","Tân Phú, Thành phố Hồ Chí Minh",13000000000.0,112.0,4.0,TP.HCM (lõi cũ),Khác,116071428.57142857
https://nhadat.cafeland.vn/ban-nha-mat-tien-kinh-doanh-12m-gia-790tr-sau-cho-binh-chanh-ql1a-tphc-2289352.html,BÁN NHÀ MẶT TIỀN KINH DOANH 12M giá: 790TR SAU CHỢ-BÌNH CHÁNH QL1A-TPHC,"Bình Chánh, Thành phố Hồ Chí Minh",790000000.0,129.0,,TP.HCM (lõi cũ),Nhà ở/Nhà phố,6124031.007751938
https://nhadat.cafeland.vn/ban-can-ho-the-metropole-thu-thiem-quan-2-gia-tot-2285673.html,Bán căn hộ The Metropole Thủ Thiêm Quận 2 giá tốt,"An Khánh, Thành phố Hồ Chí Minh",26000000000.0,81.0,2.0,TP.HCM (lõi cũ),Căn hộ/Chung cư,320987654.32098764
https://nhadat.cafeland.vn/ban-nha-rieng-ban-nha-4-tang-5x20m-duong-8m-gan-nguyen-van-qua-85-ty-tl-q-3187735.html,"Bán nhà riêng: Bán nhà 4 tầng, 5x20m, đường 8m, gần Nguyễn Văn Quá, 8,5 tỷ TL, Q","Đông Hưng Thuận, Thành phố Hồ Chí Minh",8500000000.0,100.0,,TP.HCM (lõi cũ),Nhà ở/Nhà phố,85000000.0
https://nhadat.cafeland.vn/dat-5x18m-7x18m-khu-sadaco-ven-song-phuong-tan-phong-quan-7-gia-135-ty-tl-2274790.html,"Đất 5x18m + 7x18m khu sadaco ven sông Phường Tân phong Quận 7. giá 13,5 tỷ TL","Tân Hưng, Thành phố Hồ Chí Minh",15500000000.0,90.0,,TP.HCM (lõi cũ),Đất nền,172222222.2222222
https://nhadat.cafeland.vn/ban-nha-duong-so-16aphuong-binh-hung-hoa-a-so-hong-rieng-77m2-gia-618-ty-2820620.html,"Bán Nhà Đường Số 16A,Phường Bình Hưng Hoà A - Sổ Hồng Riêng - 77m2 -Gía 6,18 tỷ","Bình Hưng Hòa, Thành phố Hồ Chí Minh",6180000000.0,77.0,4.0,TP.HCM (lõi cũ),Nhà ở/Nhà phố,80259740.25974026
https://nhadat.cafeland.vn/nha-5x20m-ham-5-tang-khu-kim-son-phuong-tan-phong-q7-2283493.html,nhà 5x20m hầm 5 tầng khu kim sơn phường Tân phong Q7,"Tân Hưng, Thành phố Hồ Chí Minh",28500000000.0,100.0,,TP.HCM (lõi cũ),Nhà ở/Nhà phố,285000000.0
https://nhadat.cafeland.vn/nha-3t-hxh-hiep-binh-don-song-quoc-lo-13-mo-rong-10-lan-sat-canh-metro-so-2-2556616.html,"NHÀ 3T HXH, HIỆP BÌNH, ĐÓN SÓNG QUỐC LỘ 13 MỞ RỘNG 10 LÀN – SÁT CẠNH METRO SỐ 2","Hiệp Bình, Thành phố Hồ Chí Minh",11400000000.0,135.0,,TP.HCM (lõi cũ),Nhà ở/Nhà phố,84444444.44444445
https://nhadat.cafeland.vn/ban-nha-rieng-1-ty-495-hem-502-huynh-tan-phat-q7-cach-hem-xe-hoi-20m-dien-tic-3189176.html,Bán nhà riêng: 1 TỶ 495 Hẻm 502 Huỳnh Tấn Phát Q7 - CÁCH HẺM XE HƠI 20M Diện tíc,"Tân Hưng, Thành phố Hồ Chí Minh",1495000000.0,45.0,2.0,TP.HCM (lõi cũ),Nhà ở/Nhà phố,33222222.222222224
https://nhadat.cafeland.vn/ban-nha-rieng-nha-ban-le-loi-40m2-tho-cu-cach-bai-truoc-12km-3187656.html,"Bán nhà riêng: Nhà bán Lê Lợi, 40m2 thổ cư cách bãi trước 1,2km.","Vũng Tàu, Thành phố Hồ Chí Minh",3200000000.0,40.0,2.0,Bà Rịa - Vũng Tàu (mới sáp nhập),Đất nền,80000000.0
https://nhadat.cafeland.vn/mat-tien-7x11m-no-hau-so-rieng-cho-viet-kieu-bv-xuyen-a-kcn-tpt-2933619.html,mặt tiền 7x11m nở hậu - sổ riêng - chợ việt kiều - bv xuyên á - kcn tpt,"Củ Chi, Thành phố Hồ Chí Minh",2900000000.0,86.0,4.0,TP.HCM (lõi cũ),Khác,33720930.23255814
https://nhadat.cafeland.vn/chu-ngop-so-nam-ngan-hang-2-ty-ban-nhanh-nha-hem-9m-to-hieu-p-phu-thanh-3189590.html,"CHỦ NGỘP (SỔ NẰM NGÂN HÀNG 2 TỶ) BÁN NHANH NHÀ HẺM 9M, TÔ HIỆU, P. PHÚ THẠNH","Tây Thạnh, Thành phố Hồ Chí Minh",11200000000.0,188.0,,TP.HCM (lõi cũ),Nhà ở/Nhà phố,59574468.08510638
https://nhadat.cafeland.vn/hem-xe-tai-go-dau-tan-son-nhi-88m2-ngang-5m-4pn-khu-vip-dan-tri-cao-135-ty-2832839.html,"Hẻm xe tải Gò Dầu-Tân Sơn Nhì, 88m2, ngang 5m, 4PN, khu VIP dân trí cao, 13.5 tỷ","Tân Sơn Nhì, Thành phố Hồ Chí Minh",13500000000.0,88.0,4.0,TP.HCM (lõi cũ),Khác,153409090.9090909
https://nhadat.cafeland.vn/ban-nha-rieng-mat-tien-kinh-doanh-khu-vip-ho-le-gan-nguyen-son-45-x-23-4-tan-3186784.html,Bán nhà riêng: Mặt tiền kinh doanh khu VIP Họ Lê gần Nguyễn Sơn 4.5 x 23 - 4 tần,"Phú Thọ Hòa, Thành phố Hồ Chí Minh",10700000000.0,105.0,,TP.HCM (lõi cũ),Nhà ở/Nhà phố,101904761.90476191
https://nhadat.cafeland.vn/ban-nha-rieng-ngay-hoang-van-thu-50m-ra-mat-tien-4-tang-san-thuong-btct-hoa-3183229.html,Bán nhà riêng: Ngay Hoàng Văn Thụ - 50m ra mặt tiền - 4 tầng sân thượng BTCT hoà,"Đức Nhuận, Thành phố Hồ Chí Minh",3800000000.0,20.0,,TP.HCM (lõi cũ),Nhà ở/Nhà phố,190000000.0
https://nhadat.cafeland.vn/ban-nha-rieng-giap-aeon-mall-tan-phu-nha-moi-o-ngay-dt-4-x-16m-x-2-tang-duc-3187827.html,Bán nhà riêng: Giáp aeon mall tân phú- nhà mới ở ngay- dt: 4 x 16m x 2 tầng đúc,"Bình Hưng Hòa, Thành phố Hồ Chí Minh",6900000000.0,64.0,,TP.HCM (lõi cũ),Nhà ở/Nhà phố,107812500.0
https://nhadat.cafeland.vn/ban-nha-mat-tien-nguyen-anh-thu-hiep-thanh-q12-2479253.html,Bán nhà mặt tiền Nguyễn Ảnh Thủ Hiệp Thành Q12,"Tân Thới Hiệp, Thành phố Hồ Chí Minh",18500000000.0,150.0,,TP.HCM (lõi cũ),Nhà ở/Nhà phố,123333333.33333333
https://nhadat.cafeland.vn/nha-pho-lien-ke-tan-binh-4x18m-5-tang-hiem-co-can-thu-2-de-so-sanh-chi-hon-9-2830242.html,"NHÀ PHỐ LIỀN KỀ TÂN BÌNH 4X18M, 5 TẦNG. HIẾM CÓ CĂN THỨ 2 ĐỂ SO SÁNH. CHỈ HƠN 9","Tân Sơn, Thành phố Hồ Chí Minh",9700000000.0,72.0,,TP.HCM (lõi cũ),Nhà ở/Nhà phố,134722222.2222222
https://nhadat.cafeland.vn/em-co-4-suat-mua-uu-dai-kdc-68-binh-chanh-mat-tien-duong-hoang-phan-thai-2486008.html,Em có 4 suất mua Ưu Đãi KDC 68 Bình Chánh. Mặt tiền đường Hoàng Phan Thái,"Bình Chánh, Thành phố Hồ Chí Minh",3200000000.0,100.0,,TP.HCM (lõi cũ),Khác,32000000.0
https://nhadat.cafeland.vn/ban-nha-mat-tien-duong-so-66-tan-quy-dong-q7-doi-dien-cong-vien-dt-6x15m-3-lau-2477019.html,Bán nhà mặt tiền Đường Số 66 Tân Quy Đông Q7. đối diện công viên Dt 6x15m 3 lầu,"Tân Hưng, Thành phố Hồ Chí Minh",18500000000.0,90.0,8.0,TP.HCM (lõi cũ),Nhà ở/Nhà phố,205555555.55555555
https://nhadat.cafeland.vn/ban-nha-rieng-ban-nha-pho-mat-tien-adv-3-tang-95m2-gia-565-ty-nhan-nha-3184388.html,"Bán nhà riêng: Bán nhà phố mặt tiền ADV - 3 tầng - 95m2 - Giá 5,65 tỷ - Nhận nhà","Bình Dương, Thành phố Hồ Chí Minh",5650000000.0,95.0,,Bình Dương (mới sáp nhập),Nhà ở/Nhà phố,59473684.21052632
https://nhadat.cafeland.vn/ban-nha-rieng-ban-nha-mat-tien-tam-chau-gan-benh-vien-thu-duc-duong-10m-le-du-3184957.html,"Bán nhà riêng: Bán nhà mặt tiền Tam Châu gần Bệnh viện Thủ Đức, đường 10m, lề đư","Tam Bình, Thành phố Hồ Chí Minh",4700000000.0,56.0,,TP.HCM (lõi cũ),Nhà ở/Nhà phố,83928571.42857143
https://nhadat.cafeland.vn/ban-nha-duong-khuong-viettan-phu-4m-x-19m-x-3-tang-108-ty-tl-2488456.html,"BÁN NHÀ ĐƯỜNG KHUÔNG VIỆT,TÂN PHÚ (4m x 19m x 3 TẦNG) 10,8 TỶ TL","Tân Phú, Thành phố Hồ Chí Minh",10800000000.0,76.0,4.0,TP.HCM (lõi cũ),Nhà ở/Nhà phố,142105263.15789473
https://nhadat.cafeland.vn/ban-can-ho-chung-cu-ban-can-ho-hoang-anh-river-view-quan-2-diem-noi-bac-can-g-3188562.html,Bán căn hộ chung cư: BÁN CĂN HỘ HOÀNG ANH RIVER VIEW QUẬN 2. Điểm nỗi bậc: Căn g,"An Khánh, Thành phố Hồ Chí Minh",3990000000.0,162.0,4.0,TP.HCM (lõi cũ),Căn hộ/Chung cư,24629629.62962963
https://nhadat.cafeland.vn/ban-can-ho-chung-cu-neu-khong-nhanh-e-rang-khong-con-tai-can-ho-topaz-city-3188348.html,"Bán căn hộ chung cư: ""Nếu không nhanh E rằng không còn"" tại căn hộ TOPAZ CITY -","Chánh Hưng, Thành phố Hồ Chí Minh",1315000000.0,73.0,2.0,TP.HCM (lõi cũ),Căn hộ/Chung cư,18013698.630136985
https://nhadat.cafeland.vn/ban-dat-tho-cu-can-ban-lo-dat-gan-nga-tu-nguyen-van-linh-3183318.html,Bán đất thổ cư: Cần bán lô đất gần ngã tư Nguyễn Văn Linh,"Bình Hưng, Thành phố Hồ Chí Minh",4200000000.0,155.8,,TP.HCM (lõi cũ),Đất nền,26957637.997432604
https://nhadat.cafeland.vn/ban-biet-thu-ban-biet-thu-phu-my-hung-khu-my-thai-1a-2-mat-tien-truoc-sau-dang-3187908.html,"Bán biệt thự: Bán biệt thự Phú Mỹ Hưng, khu Mỹ Thái 1A 2 mặt tiền trước sau đang","Tân Mỹ, Thành phố Hồ Chí Minh",40000000000.0,126.0,,TP.HCM (lõi cũ),Biệt thự,317460317.46031743
https://nhadat.cafeland.vn/ban-nha-rieng-nha-moi-ngang-6m-110m2-no-hau-q7-chi-6x-ty-3184497.html,"Bán nhà riêng: Nhà mới ngang 6m, 110m2, nở hậu, Q7, chỉ 6.x tỷ","Phú Thuận, Thành phố Hồ Chí Minh",6890000000.0,110.0,2.0,TP.HCM (lõi cũ),Nhà ở/Nhà phố,62636363.63636363
https://nhadat.cafeland.vn/thanh-my-p8-tb-hem-truoc-4m-28m2-3-tang-3pn2wc-khu-vuc-an-ninh-2811336.html,"Thành Mỹ p8 TB, hẻm trước 4m, 28m2, 3 tầng, 3pn2wc khu vực an ninh.","Tân Hòa, Thành phố Hồ Chí Minh",3800000000.0,28.0,3.0,TP.HCM (lõi cũ),Khác,135714285.7142857
https://nhadat.cafeland.vn/ban-nha-rieng-hem-xe-hoi-hoang-hoa-tham-binh-thanh-nha-3-tang-3-pn-full-no-3189162.html,"Bán nhà riêng: Hẻm Xe Hơi Hoàng Hoa Thám , Bình Thạnh , Nhà 3 Tầng -3 PN Full Nộ","Thạnh Mỹ Tây, Thành phố Hồ Chí Minh",1698000000.0,42.0,3.0,TP.HCM (lõi cũ),Nhà ở/Nhà phố,40428571.428571425
https://nhadat.cafeland.vn/ban-nha-xay-tho-3-tang-so-huu-lau-dai-tai-nut-giao-chi-linh-cua-lap-vung-tau-2426575.html,Bán Nhà Xây Thô 3 Tầng Sở Hữu Lâu Dài Tại Nút Giao Chí Linh - Cửa Lấp Vũng Tàu,"Vũng Tàu, Thành phố Hồ Chí Minh",5800000000.0,100.0,,Bà Rịa - Vũng Tàu (mới sáp nhập),Nhà ở/Nhà phố,58000000.0
https://nhadat.cafeland.vn/ban-can-ho-chung-cu-can-ban-can-ho-chung-cu-hoang-anh-gia-lai-2-5pn-noi-that-3184054.html,"Bán căn hộ chung cư: Cần bán căn hộ chung cư Hoàng Anh Gia Lai 2, 5PN, nội thất","Tân Hưng, Thành phố Hồ Chí Minh",5100000000.0,108.0,5.0,TP.HCM (lõi cũ),Căn hộ/Chung cư,47222222.222222224
https://nhadat.cafeland.vn/ban-lo-dat-tai-dinh-cu-phuong-10-doi-dien-truong-mam-non-tieu-hoc-gan-ubnd-2489428.html,"Bán Lô Đất Tái Định Cư Phường 10, Đối Diện Trường Mầm Non, Tiểu Học, Gần UBND","Vũng Tàu, Thành phố Hồ Chí Minh",7500000000.0,75.1,,Bà Rịa - Vũng Tàu (mới sáp nhập),Đất nền,99866844.20772304
https://nhadat.cafeland.vn/nha-pho-xay-moi-tk-full-nt-duong-so-4-p16-gv-hxh-thong-68-ti-3177131.html,"Nhà Phố Xây Mới - TK FULL Nt - Đường số 4, P16, GV - HXH Thông | 6.8 Ti","An Hội Đông, Thành phố Hồ Chí Minh",6800000000.0,45.0,3.0,TP.HCM (lõi cũ),Nhà ở/Nhà phố,151111111.1111111
https://nhadat.cafeland.vn/nha-moi-dep-3-tang-btct-ban-cong-2pn3wc-hem-4m-phap-ly-chuan-2812342.html,"Nhà mới đẹp, 3 tầng btct, ban công, 2pn3wc. Hẻm 4m. Pháp lý chuẩn","Vườn Lài, Thành phố Hồ Chí Minh",4850000000.0,19.0,2.0,TP.HCM (lõi cũ),Nhà ở/Nhà phố,255263157.89473686
https://nhadat.cafeland.vn/dat-dep-mat-tien-duong-nhua-phuoc-hai-brvt-khong-gian-nghi-duong-cuc-chi-2557642.html,ĐẤT ĐẸP MẶT TIỀN ĐƯỜNG NHỰA – PHƯỚC HẢI (BRVT) – KHÔNG GIAN NGHỈ DƯỠNG CỰC CHI,"Phước Hải, Thành phố Hồ Chí Minh",2950000000.0,236.0,,Bà Rịa - Vũng Tàu (mới sáp nhập),Đất nền,12500000.0
https://nhadat.cafeland.vn/ban-nha-rieng-gia-tot-dau-tu-nha-pho-tdc-phu-my-90m2-gia-12-ty-mat-tien-duo-3183269.html,Bán nhà riêng: Giá tốt đầu tư - Nhà phố TĐC Phú Mỹ 90m2 giá 12 tỷ - Mặt tiền đườ,"Phú Thuận, Thành phố Hồ Chí Minh",12000000000.0,90.0,,TP.HCM (lõi cũ),Nhà ở/Nhà phố,133333333.33333333
https://nhadat.cafeland.vn/ban-nha-rieng-ban-nha-mt-than-van-nhiep-p-an-phu-quan-22-dt7x17m-gia-30-ty-3188542.html,"Bán nhà riêng: Bán nhà MT Thân Văn Nhiếp P, An Phú Quận 22, dt:7x17m giá 30 tỷ","An Khánh, Thành phố Hồ Chí Minh",30000000000.0,117.0,,TP.HCM (lõi cũ),Nhà ở/Nhà phố,256410256.41025642
https://nhadat.cafeland.vn/ban-nha-le-van-quoiphuong-binh-hung-hoabinh-tan-so-hong-rieng-72m2-gia-7-2933358.html,"Bán nhà Lê Văn Qưới,phường bình hưng hoà,bình tân - sổ hồng riêng - 72m2 - giá 7","Bình Hưng Hòa, Thành phố Hồ Chí Minh",7600000000.0,72.0,,TP.HCM (lõi cũ),Nhà ở/Nhà phố,105555555.55555555
https://nhadat.cafeland.vn/can-tien-ban-gap-nha-2pn-cho-nhi-xuan-truong-nguyen-van-bua-shr-0938557926-2289592.html,Cần tiền bán gấp nhà 2PN chợ Nhị Xuân trường Nguyễn Văn Bứa SHR 0938557926,"Xuân Thới Sơn, Thành phố Hồ Chí Minh",850000000.0,67.0,2.0,TP.HCM (lõi cũ),Nhà ở/Nhà phố,12686567.164179105
https://nhadat.cafeland.vn/sieu-pham-penthouse-maison-grand-gia-chi-bang-can-2pn-tphcm-2487524.html,SIÊU PHẨM PENTHOUSE MAISON GRAND – GIÁ CHỈ BẰNG CĂN 2PN TP.HCM,"Vũng Tàu, Thành phố Hồ Chí Minh",4732000000.0,113.0,2.0,Bà Rịa - Vũng Tàu (mới sáp nhập),Khác,41876106.194690265
https://nhadat.cafeland.vn/ban-nha-rieng-ban-nha-766duong-tinh-lo-10-phuong-binh-tri-dong-binh-tan-con-3187876.html,"Bán nhà riêng: Bán nhà 766/Đường Tỉnh Lộ 10, Phường Bình Trị Đông, Bình Tân, còn","Bình Trị Đông, Thành phố Hồ Chí Minh",4980000000.0,60.0,,TP.HCM (lõi cũ),Nhà ở/Nhà phố,83000000.0
https://nhadat.cafeland.vn/ban-can-ho-chung-cu-nha-moi-dang-trong-qua-trinh-ban-giao-quan-2-nhan-nha-ngay-3185829.html,"Bán căn hộ chung cư: Nhà mới đang trong quá trình bàn giao, Quận 2 nhận nhà ngay","Cát Lái, Thành phố Hồ Chí Minh",5900000000.0,66.0,10.0,TP.HCM (lõi cũ),Căn hộ/Chung cư,89393939.39393939
https://nhadat.cafeland.vn/ban-nha-rieng-ban-nha-huynh-tan-phat-phu-thuan-q7-64m2-4-tang-2-mat-tien-xe-hoi-3182306.html,Bán nhà riêng: Bán nhà Huỳnh Tấn Phát Phú Thuận Q7 64m2 4 tầng 2 mặt tiền xe hơi,"Tân Mỹ, Thành phố Hồ Chí Minh",7350000000.0,64.0,,TP.HCM (lõi cũ),Nhà ở/Nhà phố,114843750.0
https://nhadat.cafeland.vn/ban-nha-tan-binh-khu-san-bay-tan-son-nhat-10x14-3-tang-gia-chi-16-ty-5-2812507.html,"BÁN NHÀ TÂN BÌNH KHU SÂN BAY TÂN SƠN NHẤT 10X14, 3 TẦNG. GIÁ CHỈ 16 TỶ 5","Tân Sơn, Thành phố Hồ Chí Minh",16500000000.0,126.0,,TP.HCM (lõi cũ),Nhà ở/Nhà phố,130952380.95238096
https://nhadat.cafeland.vn/ban-nha-rieng-ban-nha-2-tang-3-phong-ngu-gan-hem-xe-hoi-phuong-tan-hung-quan-3184044.html,"Bán nhà riêng: Bán Nhà 2 Tầng, 3 Phòng Ngủ, Gần Hẻm Xe Hơi, Phường Tân Hừng Quận","Tân Hưng, Thành phố Hồ Chí Minh",3700000000.0,30.0,3.0,TP.HCM (lõi cũ),Nhà ở/Nhà phố,123333333.33333333
https://nhadat.cafeland.vn/ban-nha-1-xe-tai-den-gan-mt-o-kinh-doanh-online-vpcty-nha-shr-vuong-dep-2290300.html,"BÁN NHÀ 1/ XE TẢI ĐẾN GẦN MT - Ở KINH DOANH ONLINE VPCTY, NHÀ SHR VUÔNG ĐẸP","Thông Tây Hội, Thành phố Hồ Chí Minh",8000000000.0,64.0,,TP.HCM (lõi cũ),Nhà ở/Nhà phố,125000000.0
https://nhadat.cafeland.vn/ban-nha-rieng-ban-nha-hem-xe-tai-178-nguyen-van-thuong-binh-thanh-3184911.html,"Bán nhà riêng: Bán nhà hẻm xe tải 178 Nguyễn Văn Thương, Bình Thạnh","Thạnh Mỹ Tây, Thành phố Hồ Chí Minh",15000000000.0,76.0,,TP.HCM (lõi cũ),Nhà ở/Nhà phố,197368421.0526316
https://nhadat.cafeland.vn/ban-can-ho-chung-cu-ban-ch-1pn-tai-at-sky-garden-193-ty-view-ho-guom-xanh-4-3182163.html,"Bán căn hộ chung cư: Bán CH 1PN tại A&T Sky Garden, 1,93 tỷ, view Hồ Gươm Xanh 4","Lái Thiêu, Thành phố Hồ Chí Minh",1930000000.0,45.0,1.0,Bình Dương (mới sáp nhập),Căn hộ/Chung cư,42888888.88888889
https://nhadat.cafeland.vn/ban-nha-rieng-hem-tay-thanh-42m2-3-ngu-nha-moi-dep-lung-linh-chi-529-ty-3184930.html,"Bán nhà riêng: Hẻm Tây Thạnh, 42m2, 3 ngủ, nhà mới đẹp lung linh, chỉ 5.29 tỷ","Tây Thạnh, Thành phố Hồ Chí Minh",5290000000.0,42.0,,TP.HCM (lõi cũ),Nhà ở/Nhà phố,125952380.95238096
https://nhadat.cafeland.vn/ban-biet-thu-ban-can-villa-pho-ngay-thoai-ngoc-thau-ngang-12x20m-gan-nguyen-3184464.html,Bán biệt thự: Bán Căn Villa Phố Ngay Thoại Ngọc Thầu - Ngang 12x20m - Gần Nguyễn,"Phú Thọ Hòa, Thành phố Hồ Chí Minh",22500000000.0,235.0,,TP.HCM (lõi cũ),Biệt thự,95744680.85106383
https://nhadat.cafeland.vn/ban-nha-rieng-soc-nhiet-voi-nha-4-tang-hem-xe-hoi-sat-tan-phu-gia-chi-54-ty-3184937.html,"Bán nhà riêng: Sốc nhiệt với nhà 4 tầng hẻm xe hơi sát Tân Phú, giá chỉ 5.4 tỷ","Bình Hưng Hòa, Thành phố Hồ Chí Minh",5400000000.0,48.0,,TP.HCM (lõi cũ),Nhà ở/Nhà phố,112500000.0
https://nhadat.cafeland.vn/chdv-nguyen-minh-chau-101m2-ngang-57m-5-tang-22-phong-dt-80trth-12-ty-tl-2931762.html,"CHDV Nguyễn Minh Châu, 101m2, ngang 5.7m, 5 tầng, 22 phòng, DT 80tr/th, 12 tỷ TL","Tân Phú, Thành phố Hồ Chí Minh",12000000000.0,101.0,22.0,TP.HCM (lõi cũ),Khác,118811881.18811882
https://nhadat.cafeland.vn/ban-can-ho-chung-cu-can-ho-2pn-tu-13-ty-chi-130-trieu-so-huu-thanh-toan-tu-3-3183291.html,"Bán căn hộ chung cư: Căn hộ 2PN từ 1,3 tỷ, chỉ 130 triệu sở hữu, thanh toán từ 3","Xuân Thới Sơn, Thành phố Hồ Chí Minh",1500000000.0,56.0,2.0,TP.HCM (lõi cũ),Căn hộ/Chung cư,26785714.285714287
https://nhadat.cafeland.vn/co-hoi-so-huu-can-lien-ke-tl35-31-phan-khu-cv-quoc-te-80m2-1024-ty-2832430.html,Cơ hội sở hữu căn liền kề TL35-31 phân khu CV Quốc tế 80m2 10.24 tỷ,"Xuân Thới Sơn, Thành phố Hồ Chí Minh",10244000000.0,80.0,,TP.HCM (lõi cũ),Khác,128050000.0
https://nhadat.cafeland.vn/ban-can-nha-pho-trong-khu-dan-cu-4s-linh-dong-thu-duc-3176641.html,Bán căn nhà phố trong khu dân cư 4S Linh Đông Thủ Đức,"Hiệp Bình, Thành phố Hồ Chí Minh",7500000000.0,117.0,,TP.HCM (lõi cũ),Nhà ở/Nhà phố,64102564.102564104
https://nhadat.cafeland.vn/ban-nha-rieng-nha-moi-4m-x11m-ngay-tt-hanh-chinh-binh-tan-tret-lau-2pn2wc-3187853.html,"Bán nhà riêng: Nhà Mới| 4m X11m| Ngay T.T Hành Chính Bình Tân| Trệt Lầu 2PN,2WC|","Bình Trị Đông, Thành phố Hồ Chí Minh",3700000000.0,44.0,2.0,TP.HCM (lõi cũ),Nhà ở/Nhà phố,84090909.0909091
https://nhadat.cafeland.vn/giam-soc-mat-tien-3-thang-2-chua-toi-50trm-san-2-kiot-va-6-tro-2939030.html,"[Giảm sốc] Mặt tiền 3 tháng 2 chưa tới 50tr/m, sẵn 2 kiot và 6 trọ","Tam Thắng, Thành phố Hồ Chí Minh",11500000000.0,240.0,,Bà Rịa - Vũng Tàu (mới sáp nhập),Khác,47916666.666666664
https://nhadat.cafeland.vn/top-nha-vi-tri-dep-1-tret-3-lau-vo-van-kiet-q1-tphcm-2284396.html,Top nhà vị trí đẹp 1 trệt 3 lầu Võ Văn Kiệt Q1 TP.HCM,"Cầu Ông Lãnh, Thành phố Hồ Chí Minh",16300000000.0,52.0,,TP.HCM (lõi cũ),Nhà ở/Nhà phố,313461538.46153843
https://nhadat.cafeland.vn/ban-can-dep-tl-149-vinhomes-green-paradise-can-gio-dien-tich-1502m2-trong-khu-do-thi-lan-bien-2489285.html,"Bán căn đẹp TL-149 Vinhomes Green Paradise Cần Giờ diện tích 150,2m2 trong khu đô thị lấn biển","Cần Giờ, Thành phố Hồ Chí Minh",24432000000.0,150.2,,TP.HCM (lõi cũ),Khác,162663115.8455393
https://nhadat.cafeland.vn/ban-dat-tho-cu-dat-mat-tien-thanh-loc-gia-beo-hon-trong-hem-3184423.html,Bán đất thổ cư: Đất mặt tiền Thạnh Lộc - Giá bèo hơn trong hẻm,"An Phú Đông, Thành phố Hồ Chí Minh",4300000000.0,109.0,,TP.HCM (lõi cũ),Đất nền,39449541.28440367
https://nhadat.cafeland.vn/dau-tu-essensia-broadway-hom-nay-tiem-nang-tang-gia-manh-khu-nam-2326108.html,Đầu tư Essensia Broadway hôm nay – Tiềm năng tăng giá mạnh khu Nam,"Nhà Bè, Thành phố Hồ Chí Minh",37000000000.0,160.0,,TP.HCM (lõi cũ),Khác,231250000.0
https://nhadat.cafeland.vn/ban-dat-tho-cu-ban-dat-mat-tien-duong-hoang-phan-thai-binh-chanh-dt-246300m-3182348.html,"Bán đất thổ cư: Bán đất mặt tiền đường Hoàng Phan Thái, Bình Chánh. DT 246/300m","Bình Chánh, Thành phố Hồ Chí Minh",10500000000.0,246.0,,TP.HCM (lõi cũ),Đất nền,42682926.82926829
https://nhadat.cafeland.vn/ban-nha-rieng-hiem-ban-p-ben-thanh-nha-5t-thang-may-hem-xe-hoi-ly-tu-trong-3183136.html,"Bán nhà riêng: Hiếm bán P. Bến Thành. Nhà 5T, thang máy, hẻm xe hơi Lý Tự Trọng,","Bến Thành, Thành phố Hồ Chí Minh",34000000000.0,60.0,,TP.HCM (lõi cũ),Nhà ở/Nhà phố,566666666.6666666
https://nhadat.cafeland.vn/can-2pn-noi-that-y-hinh-no-trang-long-tang-cao-22-ty-so-san-bao-phi-vay-70-2831682.html,"Căn 2PN nội thất y hình Nơ Trang Long tầng cao 2,2 tỷ sổ sẵn bao phí, vay 70%","Bình Lợi Trung, Thành phố Hồ Chí Minh",2200000000.0,54.0,2.0,TP.HCM (lõi cũ),Khác,40740740.74074074
https://nhadat.cafeland.vn/can-ho-hqc-plaza-co-so-hong-rieng-gia-1-ty-500-trieusang-ten-cong-chung-ngay-2274813.html,"Căn hộ hqc plaza có sổ hồng riêng giá 1 tỷ 500 triệu,sang tên công chứng ngay","Bình Chánh, Thành phố Hồ Chí Minh",1500000000.0,55.0,2.0,TP.HCM (lõi cũ),Căn hộ/Chung cư,27272727.272727273
https://nhadat.cafeland.vn/ban-nha-rieng-ban-nha-mat-tien-duong-so-19-phuong-binh-trung-dong-quan-2-3189158.html,"Bán nhà riêng: BÁN NHÀ MẶT TIỀN ĐƯỜNG SỐ 19, PHƯỜNG BÌNH TRƯNG ĐÔNG, QUẬN 2","Bình Trưng, Thành phố Hồ Chí Minh",9200000000.0,89.4,19.0,TP.HCM (lõi cũ),Nhà ở/Nhà phố,102908277.4049217
https://nhadat.cafeland.vn/ban-sieu-pham-nha-pho-xay-dung-moi-co-thang-may-duong-tan-son-quan-go-vap-2932536.html,"Bán Siêu Phẩm Nhà Phố Xây Dựng Mới Có Thang Máy Đường Tân Sơn, Quận Gò Vấp","An Hội Tây, Thành phố Hồ Chí Minh",13800000000.0,76.0,,TP.HCM (lõi cũ),Nhà ở/Nhà phố,181578947.36842105
https://nhadat.cafeland.vn/can-ho-cao-cap-picity-sky-park-vi-tri-lien-ke-pham-van-dong-2812228.html,căn hộ cao cấp picity Sky park vị trí liền kề phạm văn đồng,"Dĩ An, Thành phố Hồ Chí Minh",3070000000.0,60.3,,Bình Dương (mới sáp nhập),Căn hộ/Chung cư,50912106.13598674
https://nhadat.cafeland.vn/chinh-chu-ban-nha-hem-xe-hoi-ra-vao-thoai-mai-le-van-luong-quan-7-2748191.html,Chính chủ bán nhà Hẽm Xe Hơi ra vào thoải mái Lê Văn Lương. Quận 7,"Tân Hưng, Thành phố Hồ Chí Minh",6800000000.0,50.0,2.0,TP.HCM (lõi cũ),Nhà ở/Nhà phố,136000000.0
https://nhadat.cafeland.vn/ban-nha-mt-duong-16m-khu-nguyen-van-qua-song-hanh-dien-tich-82m2-62-ty-2812438.html,"Bán nhà MT đường 16m khu Nguyễn Văn Quá – Song Hành, – diện tích 82m² - 6.2 tỷ","Đông Hưng Thuận, Thành phố Hồ Chí Minh",6200000000.0,82.0,,TP.HCM (lõi cũ),Nhà ở/Nhà phố,75609756.09756097
https://nhadat.cafeland.vn/ban-nha-dep-san-hdt-85-trieu-thang-cach-300m-ra-hoang-huu-nam-q9-gia-18ty-3189010.html,"BÁN NHÀ ĐẸP- SẴN HĐT 85 TRIỆU/ THÁNG, CÁCH 300M RA HOÀNG HỮU NAM Q9. GIÁ 18TỶ","Tân Phú, Thành phố Hồ Chí Minh",18000000000.0,252.0,,TP.HCM (lõi cũ),Nhà ở/Nhà phố,71428571.42857143
https://nhadat.cafeland.vn/ban-nha-mat-tienkhu-dan-cu-nam-longbinh-tan-so-hong-rieng-80m2-4-tang-3167388.html,"BÁN NHÀ MẶT TIỀN,KHU DÂN CƯ NAM LONG,BÌNH TÂN - SỔ HỒNG RIÊNG - 80M2 - 4 TẦNG","An Lạc, Thành phố Hồ Chí Minh",10700000000.0,80.0,,TP.HCM (lõi cũ),Nhà ở/Nhà phố,133750000.0
https://nhadat.cafeland.vn/chuyen-nhuong-nha-mat-tien-duong-so-8-thong-truc-voi-the-global-city-tpthu-duc-2481127.html,"Chuyển nhượng nhà mặt tiền đường số 8, thông trục với The Global City, TPThủ Đức","Thủ Đức, Thành phố Hồ Chí Minh",23000000000.0,100.0,,TP.HCM (lõi cũ),Nhà ở/Nhà phố,230000000.0
https://nhadat.cafeland.vn/can-ho-green-skyline-nhan-nha-hoan-thien-o-ngay-chi-voi-750-trieu-2933401.html,Căn hộ Green Skyline - Nhận nhà hoàn thiện ở ngay chỉ với 750 triệu,"Dĩ An, Thành phố Hồ Chí Minh",2750000000.0,50.0,,Bình Dương (mới sáp nhập),Căn hộ/Chung cư,55000000.0
https://nhadat.cafeland.vn/don-dau-can-gio-voi-ma-vn48-430-vinhomes-green-paradise-dien-tich-100m2-vi-tri-noi-bat-hom-nay-2489268.html,Đón đầu Cần Giờ với mã VN48-430 Vinhomes Green Paradise diện tích 100m2 vị trí nổi bật hôm nay,"Cần Giờ, Thành phố Hồ Chí Minh",15355000000.0,100.0,,TP.HCM (lõi cũ),Khác,153550000.0
https://nhadat.cafeland.vn/nha-giam-200tr-hxh-toi-cua-ngan-hang-dinhgia-10t-chu-ban-nhinh-7t-2557131.html,"Nhà giảm 200tr, hxh tới cửa. Ngân hàng địnhgiá 10t, chủ bán nhỉnh 7t","Bàn Cờ, Thành phố Hồ Chí Minh",7300000000.0,36.0,,TP.HCM (lõi cũ),Nhà ở/Nhà phố,202777777.7777778
https://nhadat.cafeland.vn/ban-dat-tho-cu-lo-dat-8m-x-25m-tho-cu-50m2-mat-tien-duong-d4-ptrung-my-tay-4-3184426.html,"Bán đất thổ cư: Lô Đất 8m x 25m Thổ cư 50m2 Mặt Tiền Đường D4, P.Trung Mỹ Tây, 4","Trung Mỹ Tây, Thành phố Hồ Chí Minh",4250000000.0,150.0,,TP.HCM (lõi cũ),Đất nền,28333333.333333332
https://nhadat.cafeland.vn/ban-nha-duong-chien-luochem-xe-hoi-thong-6m-x-12m-x-2-tang-49-ty-tl-2488856.html,"BÁN NHÀ ĐƯỜNG CHIẾN LƯỢC,HẺM XE HƠI THÔNG (6m x 12m x 2 TẦNG) 4,9 TỶ TL","Bình Trị Đông, Thành phố Hồ Chí Minh",4900000000.0,69.0,3.0,TP.HCM (lõi cũ),Nhà ở/Nhà phố,71014492.75362319
https://nhadat.cafeland.vn/hem-thang-6m-so-253-ha-ton-quyen-dt-4x15-4-tang-10-ty-3126817.html,"Hẻm thẳng 6m số 253/ hà tôn quyền, dt: 4x15, 4 tầng, 10 tỷ","Minh Phụng, Thành phố Hồ Chí Minh",10000000000.0,60.0,,TP.HCM (lõi cũ),Khác,166666666.66666666
https://nhadat.cafeland.vn/ngop-ngan-hang-can-ra-gap-can-nha-tan-binh-gia-2t250-2460672.html,"Ngộp ngân hàng, cần ra gấp căn nhà Tân Bình giá 2t250","Tân Bình, Thành phố Hồ Chí Minh",2.25,62.0,2.0,TP.HCM (lõi cũ),Nhà ở/Nhà phố,0.036290322580645164
https://nhadat.cafeland.vn/ban-nha-rieng-hot-giam-500trieu-ban-nhanh-nha-2-mat-tien-phuong-phu-thuan-quan-3183267.html,Bán nhà riêng: HOT Giảm 500triệu bán nhanh nhà 2 mặt tiền phường Phú Thuận Quận,"Phú Thuận, Thành phố Hồ Chí Minh",8000000000.0,64.0,,TP.HCM (lõi cũ),Nhà ở/Nhà phố,125000000.0
https://nhadat.cafeland.vn/ban-nha-rieng-khu-d5-p25-binh-thanh-sat-dh-ngoai-thuong-cach-xo-viet-nghe-t-3189221.html,"Bán nhà riêng: Khu D5, P.25 Bình Thạnh, sát ĐH Ngoại thương, cách Xô Viết Nghệ T","Thạnh Mỹ Tây, Thành phố Hồ Chí Minh",2785000000.0,47.0,,TP.HCM (lõi cũ),Nhà ở/Nhà phố,59255319.14893617
https://nhadat.cafeland.vn/ban-gap-shophouse-vincom-plaza-vi-tri-kinh-doanh-dep-gia-sieu-hoi-hom-nay-2287465.html,Bán Gấp Shophouse Vincom Plaza | Vị Trí Kinh Doanh Đẹp – Giá Siêu Hời Hôm Nay,"Dĩ An, Thành phố Hồ Chí Minh",12000000000.0,75.0,,Bình Dương (mới sáp nhập),Khác,160000000.0
https://nhadat.cafeland.vn/ban-can-goc-3pn-2wc-huong-dong-nam-thoang-mat-ngay-trung-tam-quan-2-gia-9-ty-2272747.html,Bán căn góc 3PN + 2WC hướng Đông Nam thoáng mát ngay trung tâm quận 2 giá 9 tỷ,"An Khánh, Thành phố Hồ Chí Minh",9000000000.0,86.0,3.0,TP.HCM (lõi cũ),Khác,104651162.79069768
https://nhadat.cafeland.vn/nha-14x21m-tret-1-lau-hem-xe-hoi-nguyen-thi-thap-phuong-tan-phu-q7-32-ty-tl-2287415.html,nhà 14x21m Trệt 1 lầu hẻm xe hơi Nguyễn Thị Thập phường Tân Phú Q7+ 32 tỷ TL,"Tân Mỹ, Thành phố Hồ Chí Minh",32000000000.0,286.0,,TP.HCM (lõi cũ),Nhà ở/Nhà phố,111888111.88811189
https://nhadat.cafeland.vn/nha-dep-4-tang-duong-to-hieu-70m2-ngang-68m-khong-lo-gioi-chi-88-ty-tl-2476466.html,"Nhà đẹp 4 tầng đường Tô Hiệu, 70m2, ngang 6.8m, không lộ giới, Chỉ 8.8 tỷ TL","Phú Thạnh, Thành phố Hồ Chí Minh",8800000000.0,70.0,,TP.HCM (lõi cũ),Nhà ở/Nhà phố,125714285.71428572
https://nhadat.cafeland.vn/ban-nha-rieng-66m2-no-trang-long-binh-thanh-4pn-4wc-ngang-53-full-noi-that-chi-3185713.html,"Bán nhà riêng: 66m2 NƠ TRANG LONG BÌNH THẠNH 4PN 4WC ngang 5,3 Full nội thất chỉ","Bình Lợi Trung, Thành phố Hồ Chí Minh",7000000000.0,66.0,4.0,TP.HCM (lõi cũ),Nhà ở/Nhà phố,106060606.06060606
https://nhadat.cafeland.vn/ban-nha-rieng-nha-4-tang-gan-khu-nam-hung-vuong-binh-tan-hem-10m-khong-lo-gioi-3187854.html,Bán nhà riêng: Nhà 4 tầng gần Khu Nam Hùng Vương Bình Tân hẻm 10m không lộ giới,"An Lạc, Thành phố Hồ Chí Minh",10000000000.0,124.0,4.0,TP.HCM (lõi cũ),Nhà ở/Nhà phố,80645161.29032259
https://nhadat.cafeland.vn/ban-can-ho-chung-cu-ban-chcc-green-valley-dt-89m2-2pn-2wc-lau-depntdd-gia-3188507.html,"Bán căn hộ chung cư: Bán CHCC Green Valley, DT 89m2, 2PN, 2WC, lầu đẹp,NTDD, giá","Tân Mỹ, Thành phố Hồ Chí Minh",8300000000.0,89.0,2.0,TP.HCM (lõi cũ),Căn hộ/Chung cư,93258426.96629213
https://nhadat.cafeland.vn/ban-dat-tho-cu-dat-nen-tho-cu-80m2-5x16m-gia-ban-nhanh-195-ty-bao-sang-t-3187957.html,Bán đất thổ cư: Đất nền thổ cư 80m2 5x16m giá bán nhanh 1.95 tỷ bao sang t,"Hiệp Phước, Thành phố Hồ Chí Minh",1950000000.0,80.0,,TP.HCM (lõi cũ),Đất nền,24375000.0
https://nhadat.cafeland.vn/ban-can-ho-chung-cu-ban-can-ho-chung-cu-hung-ngan-garden-229-ty-65m2-2pn-2-3185702.html,"Bán căn hộ chung cư: Bán căn hộ chung cư Hưng Ngân Garden, 2,29 tỷ, 65m2, 2PN, 2","Trung Mỹ Tây, Thành phố Hồ Chí Minh",2290000000.0,65.0,2.0,TP.HCM (lõi cũ),Căn hộ/Chung cư,35230769.23076923
https://nhadat.cafeland.vn/phan-dinh-phung-ch-52m2-2-ty1-so-san-tang-cao-view-san-bay-gop-70-0-lai-2481563.html,"Phan Đình Phùng - CH 52M2 /2 TỶ1 Sổ Sẵn ,Tầng Cao View Sân Bay Góp 70% , 0% Lãi","Cầu Kiệu, Thành phố Hồ Chí Minh",2100000000.0,52.0,2.0,TP.HCM (lõi cũ),Khác,40384615.384615384
https://nhadat.cafeland.vn/dat-hem-8m-khuong-viet-120m2-ngang-41m-no-hau-45m-tien-xay-moi-chi-113ty-2557427.html,"Đất Hẻm 8m Khuông Việt, 120m2, ngang 4.1m, nở hậu 4.5m, tiện xây mới, Chỉ 11.3ty","Tân Phú, Thành phố Hồ Chí Minh",11300000000.0,120.0,,TP.HCM (lõi cũ),Đất nền,94166666.66666667
https://nhadat.cafeland.vn/mat-tien-kenh-tan-hoa-220m2-13x17-3-tang-dong-tien-77trthang-chi-325-ty-2555523.html,"Mặt tiền Kênh Tân Hóa, 220m2, 13x17, 3 tầng, dòng tiền 77tr/tháng, Chỉ 32.5 tỷ","Tân Phú, Thành phố Hồ Chí Minh",32500000000.0,220.0,,TP.HCM (lõi cũ),Khác,147727272.72727272
https://nhadat.cafeland.vn/nha-re-vi-tri-dep-32-x-10m-1-tret-1-lau-hoang-sa-quan-1-tphcm-2287994.html,Nhà rẻ vị trí đẹp 3.2 x 10m 1 trệt 1 lầu Hoàng Sa Quận 1 TP.HCM,"Tân Định, Thành phố Hồ Chí Minh",10700000000.0,32.0,,TP.HCM (lõi cũ),Nhà ở/Nhà phố,334375000.0
https://nhadat.cafeland.vn/ban-gap-nha-dep-1-duong-tran-van-giau-xay-3-tang-gan-cho-cau-xang-hem-6-7m-3189855.html,"Bán Gấp: Nhà đẹp 1/ đường Trần Văn Giàu, xây 3 tầng gần Chợ Cầu Xáng - Hẻm 6-7m","Tân Vĩnh Lộc, Thành phố Hồ Chí Minh",12000000000.0,250.0,,TP.HCM (lõi cũ),Nhà ở/Nhà phố,48000000.0
https://nhadat.cafeland.vn/ban-nha-rieng-sieu-pham-4-tang-kdc-cong-ich-q7-lien-ke-phu-my-hung-co-thang-3182290.html,Bán nhà riêng: Siêu phẩm 4 tầng KDC Công Ích Q7 - Liền kề Phú Mỹ Hưng - Có thang,"Phú Thuận, Thành phố Hồ Chí Minh",21900000000.0,90.0,,TP.HCM (lõi cũ),Nhà ở/Nhà phố,243333333.33333334
https://nhadat.cafeland.vn/ban-nha-rieng-nha-dep-keng-2pn-gia-700-trieu-3182336.html,Bán nhà riêng: Nhà đẹp keng 2PN - Giá 700 triệu,"Xuân Thới Sơn, Thành phố Hồ Chí Minh",700000000.0,36.0,2.0,TP.HCM (lõi cũ),Nhà ở/Nhà phố,19444444.444444444
https://nhadat.cafeland.vn/ban-nha-2-mat-tien-12j-duong-3j-khu-cu-xa-ngan-hang-quan-7-2477018.html,Bán nhà 2 Mặt Tiền 12j đường 3j Khu Cư Xá Ngân Hàng. Quận 7,"Tân Thuận, Thành phố Hồ Chí Minh",14900000000.0,93.0,3.0,TP.HCM (lõi cũ),Nhà ở/Nhà phố,160215053.76344085
https://nhadat.cafeland.vn/ban-nha-rieng-ngop-bank-can-ban-gap-nha-c4-144m2-tan-an-hoi-cu-chi-920tr-3188412.html,Bán nhà riêng: Ngộp bank cần bán gấp nhà C4 144m² - Tân An Hội Củ Chi - 920TR,"Tân An Hội, Thành phố Hồ Chí Minh",920000000.0,144.0,2.0,TP.HCM (lõi cũ),Nhà ở/Nhà phố,6388888.888888889
https://nhadat.cafeland.vn/ban-nha-rieng-nhanh-moi-kip-khu-am-thuc-phan-xich-long-phu-nhuan-4348m2-3-t-3182281.html,"Bán nhà riêng: Nhanh mới kịp khu ẩm thực Phan Xích Long, Phú Nhuận - 43/48m2 3 t","Cầu Kiệu, Thành phố Hồ Chí Minh",7450000000.0,43.0,,TP.HCM (lõi cũ),Nhà ở/Nhà phố,173255813.95348838
https://nhadat.cafeland.vn/nha-dau-tu-ha-noi-va-tp-hcm-dang-dich-chuyen-dong-tien-ve-ven-bien-2812022.html,NHÀ ĐẦU TƯ Hà Nội và TP HCM ĐANG DỊCH CHUYỂN DÒNG TIỀN VỀ VEN BIỂN,"Đất Đỏ, Thành phố Hồ Chí Minh",1582000000.0,140.0,,Bà Rịa - Vũng Tàu (mới sáp nhập),Nhà ở/Nhà phố,11300000.0
https://nhadat.cafeland.vn/ban-nha-rieng-duong-5m-nha-nguyen-suy-go-dau-tan-ky-tan-quy-tan-phu-gia-3186790.html,Bán nhà riêng: ĐƯỜNG 5M NHÀ NGUYỄN SUÝ - GÒ DẦU - TÂN KỲ TÂN QUÝ - TÂN PHÚ. Giá,"Tân Sơn Nhì, Thành phố Hồ Chí Minh",8900000000.0,72.0,4.0,TP.HCM (lõi cũ),Nhà ở/Nhà phố,123611111.1111111
https://nhadat.cafeland.vn/hem-5m-binh-long-thong-thach-lam-48m2-4-tang-4pn-nha-moi-chi-77-ty-tl-2486165.html,"Hẻm 5m Bình Long thông Thạch Lam, 48m2, 4 tầng, 4PN, nhà mới, Chỉ 7.7 tỷ TL","Phú Thạnh, Thành phố Hồ Chí Minh",7700000000.0,48.0,4.0,TP.HCM (lõi cũ),Nhà ở/Nhà phố,160416666.66666666
https://nhadat.cafeland.vn/dat-bt-146x16m-duong-56-khu-tan-quy-dong-q7-gia-tot-dt-2288300.html,"Đất BT 14,6x16m Đường 56 Khu Tân Quy Đông Q7. giá tốt ĐT","Tân Hưng, Thành phố Hồ Chí Minh",34500000000.0,234.0,,TP.HCM (lõi cũ),Đất nền,147435897.43589744
https://nhadat.cafeland.vn/ban-nha-rieng-nha-gia-dep-3183270.html,Bán nhà riêng: Nhà Giá Đẹp,"Phú Thuận, Thành phố Hồ Chí Minh",16800000000.0,95.0,4.0,TP.HCM (lõi cũ),Nhà ở/Nhà phố,176842105.2631579
https://nhadat.cafeland.vn/dat-mat-tien-duong-nhua-dh606-thanh-pho-ho-chi-minh-chi-hon-1-ty-3176725.html,"Đất mặt tiền đường nhựa DH606 , Thành Phố Hồ Chí Minh chỉ hơn 1 tỷ","Long Nguyên, Thành phố Hồ Chí Minh",1.48,139.9,,Bình Dương (mới sáp nhập),Đất nền,0.010578984989278055
https://nhadat.cafeland.vn/ban-nha-rieng-chinh-chu-can-ban-nha-5m-x-20m-duong-xuan-thoi-son-20-3183295.html,Bán nhà riêng: Chính chủ cần bán nhà 5m x 20m đường Xuân Thới Sơn 20,"Xuân Thới Sơn, Thành phố Hồ Chí Minh",3800000000.0,100.0,3.0,TP.HCM (lõi cũ),Nhà ở/Nhà phố,38000000.0
https://nhadat.cafeland.vn/suat-thanh-ly-tu-chu-dau-tu-bluesky-tower-q2-gia-28-ty-can-2pn-2254557.html,Suất thanh lý từ chủ đầu tư Bluesky Tower Q2 giá 2.8 tỷ /căn 2PN,"Bình Trưng, Thành phố Hồ Chí Minh",2800000000.0,69.0,2.0,TP.HCM (lõi cũ),Khác,40579710.14492754
https://nhadat.cafeland.vn/ban-can-ho-chung-cu-ban-can-ho-thu-thiem-dragon-quan-2-can-ho-2pn-2wc-dien-t-3188572.html,"Bán căn hộ chung cư: Bán căn hộ Thủ Thiêm Dragon Quận 2 Căn hộ 2pn 2wc, diện t","Cát Lái, Thành phố Hồ Chí Minh",3795000000.0,77.0,2.0,TP.HCM (lõi cũ),Căn hộ/Chung cư,49285714.28571428
https://nhadat.cafeland.vn/ban-nha-mat-tien-khu-le-van-quoibinh-hung-hoa-aso-hong-rieng-68m2-gia-81-2831703.html,"Bán Nhà Mặt Tiền Khu Lê Văn Qưới,Bình Hưng Hoà A,Sổ Hồng Riêng - 68m2 - Gía 8,1","Bình Hưng Hòa, Thành phố Hồ Chí Minh",8100000000.0,68.0,,TP.HCM (lõi cũ),Nhà ở/Nhà phố,119117647.05882353
https://nhadat.cafeland.vn/ban-nha-duong-53-hiep-binh-chanh-thu-duc-6-phong-thu-nhap-20trth-gia-85-ty-2575073.html,"Bán nhà đường 53 Hiệp Bình Chánh Thủ Đức, 6 phòng thu nhập 20tr/th- Giá 8,5 tỷ","Hiệp Bình, Thành phố Hồ Chí Minh",8500000000.0,130.0,6.0,TP.HCM (lõi cũ),Nhà ở/Nhà phố,65384615.384615384
https://nhadat.cafeland.vn/ban-nha-rieng-ban-nha-tan-hoa-dong-giap-q6-binh-tri-dong-binh-tan-50m-2-ta-3187885.html,"Bán nhà riêng: Bán nhà Tân Hòa Đông, giáp Q6, Bình Trị Đông, Bình Tân, 50m, 2 tầ","Bình Trị Đông, Thành phố Hồ Chí Minh",4000000000.0,50.0,,TP.HCM (lõi cũ),Nhà ở/Nhà phố,80000000.0
https://nhadat.cafeland.vn/2pn-truc-dien-song-the-gio-riverside-doi-dien-metro-s21-lien-he-0902546380-2811985.html,2PN TRỰC DIỆN SÔNG - THE GIÓ RIVERSIDE ĐỐI DIỆN METRO S2.1 liên hệ 0902546380,"Đông Hòa, Thành phố Hồ Chí Minh",3000000000.0,65.0,2.0,Bình Dương (mới sáp nhập),Khác,46153846.15384615
https://nhadat.cafeland.vn/ban-nha-rieng-hiem-xe-hoi-do-cua-sat-mat-tien-le-quang-dinh-p-11-bt-4-ta-3182233.html,Bán nhà riêng: Hiếm - Xe hơi đỗ cửa - Sát mặt tiền Lê Quang Định P. 11 BT - 4 tầ,"Bình Lợi Trung, Thành phố Hồ Chí Minh",9200000000.0,76.0,,TP.HCM (lõi cũ),Nhà ở/Nhà phố,121052631.57894737
https://nhadat.cafeland.vn/nha-ban-le-truc-4-tang-so-hong-rieng-gan-benh-vien-cho-3176508.html,"nhà bán lê trực 4 tầng sổ hồng riêng, gần bệnh viện, chợ","Gia Định, Thành phố Hồ Chí Minh",7200000000.0,35.0,4.0,TP.HCM (lõi cũ),Nhà ở/Nhà phố,205714285.7142857
https://nhadat.cafeland.vn/can-ban-gap-can-officetel-golden-king-gia-23-ty-tai-chu-dau-tu-2290433.html,"Cần bán gấp căn officetel Golden King giá 2,3 tỷ tại chủ đầu tư","Tân Mỹ, Thành phố Hồ Chí Minh",2300000000.0,36.0,,TP.HCM (lõi cũ),Khác,63888888.88888889
https://nhadat.cafeland.vn/nha-ngop-le-tan-be-vo-van-kiet-shr-310m2-gia-29-ty-giap-akari-bds-sinh-loi-cao-2289590.html,Nhà ngộp Lê Tấn Bê - Võ Văn Kiệt Shr 310m2 giá 29 tỷ giáp AKARI Bđs Sinh lời cao,"An Lạc, Thành phố Hồ Chí Minh",29000000000.0,310.0,,TP.HCM (lõi cũ),Nhà ở/Nhà phố,93548387.09677419
https://nhadat.cafeland.vn/ban-nha-chinh-chu-hem-21-duong-so-14-ngay-kfc-le-van-quoi-2457376.html,Bán nhà chính chủ hẻm 21// Đường số 14 (ngay KFC LÊ VĂN QUỚI),"Bình Trị Đông, Thành phố Hồ Chí Minh",3400000000.0,30.0,1.0,TP.HCM (lõi cũ),Nhà ở/Nhà phố,113333333.33333333
https://nhadat.cafeland.vn/chuyen-nhuong-toa-can-ho-dich-vu-duong-so-19-quan-2-2557359.html,"Chuyển nhượng tòa căn hộ dịch vụ đường số 19, Quận 2","An Khánh, Thành phố Hồ Chí Minh",19500000000.0,200.3,17.0,TP.HCM (lõi cũ),Căn hộ/Chung cư,97353969.04643035
https://nhadat.cafeland.vn/mbkd-ngang-105m-nha-moi-3tang-co-thang-may-1sec-oto-do-cua-2-can-ra-mat-tien-3155456.html,"MBKD NGANG 10.5M, NHÀ MỚI 3TẦNG CÓ THANG MÁY, 1SẸC ÔTÔ ĐỖ CỬA 2 CĂN RA MẶT TIỀN","An Hội Tây, Thành phố Hồ Chí Minh",7800000000.0,55.0,,TP.HCM (lõi cũ),Nhà ở/Nhà phố,141818181.8181818
https://nhadat.cafeland.vn/phuong-ban-co-nha-mat-tien-ngay-cong-vien-rong-43ha-3-tang-chi-11-ty-2459816.html,[Phường Bàn Cờ] Nhà Mặt Tiền Ngay Công Viên Rộng 4.3ha – 3 Tầng – Chỉ 11 Tỷ,"Bàn Cờ, Thành phố Hồ Chí Minh",11000000000.0,25.0,,TP.HCM (lõi cũ),Nhà ở/Nhà phố,440000000.0
https://nhadat.cafeland.vn/ban-dat-tho-cu-dat-vuon-lai-gia-chi-28trm2-co-hoi-dau-tu-dang-xem-3185680.html,Bán đất thổ cư: Đất Vườn Lài giá chỉ 28tr/m2 cơ hội đầu tư đáng xem,"An Phú Đông, Thành phố Hồ Chí Minh",8000000000.0,272.0,,TP.HCM (lõi cũ),Đất nền,29411764.70588235
https://nhadat.cafeland.vn/khu-ban-co-duong-10m-diep-minh-chautsn-64m2-4x16-tien-o-kd-chi-9-ty-tl-2483958.html,"Khu bàn cờ đường 10m Diệp Minh Châu,TSN, 64m2, 4x16, tiện ở + KD, Chỉ 9 tỷ TL","Tân Sơn Nhì, Thành phố Hồ Chí Minh",9000000000.0,64.0,,TP.HCM (lõi cũ),Khác,140625000.0
https://nhadat.cafeland.vn/ban-nha-biet-thu-pho-3-tang-duong-10m-khu-tiem-nang-dau-tu-sat-bo-ke-tham-luong-2287583.html,"BÁN NHÀ BIỆT THỰ PHỐ 3 TẦNG ĐƯỜNG 10M KHU TIỀM NĂNG ĐẦU TƯ, SÁT BỜ KÈ THAM LƯƠNG","An Phú Đông, Thành phố Hồ Chí Minh",13000000000.0,144.0,,TP.HCM (lõi cũ),Biệt thự,90277777.77777778
https://nhadat.cafeland.vn/ban-chdv-gan-hem-xe-hoi-le-van-sy-phuong-13-quan-phu-nhuan-2485203.html,"Bán CHDV gần hẻm xe hơi Lê Văn Sỹ, phường 13, quận Phú Nhuận","Đức Nhuận, Thành phố Hồ Chí Minh",8200000000.0,40.0,7.0,TP.HCM (lõi cũ),Khác,205000000.0
https://nhadat.cafeland.vn/ban-nha-rieng-ban-nha-hem-xe-hoi-nguyen-son-4x13-duc-2-tang-gia-chi-54-ty-3184465.html,Bán nhà riêng: Bán nhà hẻm xe hơi Nguyễn Sơn 4x13 đúc 2 tầng giá chỉ 5.4 tỷ,"Phú Thọ Hòa, Thành phố Hồ Chí Minh",5400000000.0,56.0,2.0,TP.HCM (lõi cũ),Nhà ở/Nhà phố,96428571.42857143
https://nhadat.cafeland.vn/ban-nha-rieng-nha-4-tang-tuyet-dep-tai-duong-11-linh-xuan-thu-duc-gia-chi-5-3187965.html,"Bán nhà riêng: Nhà 4 tầng tuyệt đẹp tại đường 11, Linh Xuân, Thủ Đức, giá chỉ 5.","Linh Xuân, Thành phố Hồ Chí Minh",5100000000.0,50.0,,TP.HCM (lõi cũ),Nhà ở/Nhà phố,102000000.0
https://nhadat.cafeland.vn/phu-nhuan-gan-san-bay-2pn-57m2-so-hong-don-o-ngay-bank-70-view-tang-cao-2932524.html,"Phú Nhuận - Gần sân bay 2PN - 57M2 ,Sổ hồng ,dọn ở ngay ,Bank 70% ,View tầng cao","Cầu Kiệu, Thành phố Hồ Chí Minh",2280000000.0,57.0,2.0,TP.HCM (lõi cũ),Khác,40000000.0
https://nhadat.cafeland.vn/doc-quyen-ro-hang-noi-bo-cdt-1pn-va-2pn-du-an-picity-sky-park-uu-dai-cao-nh-2811759.html,Độc quyền: Rổ hàng nội bộ CĐT: 1PN+ và 2PN dự án PiCity Sky Park - Ưu đãi cao nh,"Dĩ An, Thành phố Hồ Chí Minh",3500000000.0,70.0,1.0,Bình Dương (mới sáp nhập),Khác,50000000.0
https://nhadat.cafeland.vn/ban-dat-tho-cu-dat-mat-tien-thoi-an-18-sat-tran-thi-co-5x25m-no-hau-phu-hop-xa-3185678.html,"Bán đất thổ cư: Đất mặt tiền Thới An 18 sát Trần Thị Cờ, 5x25m nở hậu phù hợp xâ","Thới An, Thành phố Hồ Chí Minh",6490000000.0,131.0,,TP.HCM (lõi cũ),Đất nền,49541984.73282443
https://nhadat.cafeland.vn/ban-nha-rieng-nha-2-mat-tien-dong-van-cong-110m2-xe-hoi-dau-cua-gia-chi-8-ty-3184091.html,"Bán nhà riêng: Nhà 2 mặt tiền Đồng Văn Cống, 110m2, xe hơi đậu cửa, giá chỉ 8 tỷ","Cát Lái, Thành phố Hồ Chí Minh",8000000000.0,110.0,,TP.HCM (lõi cũ),Nhà ở/Nhà phố,72727272.72727273
https://nhadat.cafeland.vn/ban-nha-rieng-hem-6m-xe-hoi-ne-nhau-ban-chdv-phan-van-tri-38x14m-4-tang-3184918.html,"Bán nhà riêng: Hẻm 6m xe hơi né nhau! Bán CHDV Phan Văn Trị (3,8x14m) - 4 Tầng,","Bình Lợi Trung, Thành phố Hồ Chí Minh",10700000000.0,48.0,,TP.HCM (lõi cũ),Nhà ở/Nhà phố,222916666.66666666
https://nhadat.cafeland.vn/ban-nha-rieng-ban-nha-4-tang-129-ty-mat-duong-d1-20m-kdc-phu-my-2-gan-phu-my-h-3183268.html,"Bán nhà riêng: Bán nhà 4 tầng 12,9 tỷ mặt đường D1 20m KDC Phú Mỹ 2 gần Phú Mỹ H","Phú Thuận, Thành phố Hồ Chí Minh",12900000000.0,90.0,,TP.HCM (lõi cũ),Nhà ở/Nhà phố,143333333.33333334
https://nhadat.cafeland.vn/mat-tien-nguyen-huu-tho-q7-lo-b-kdc-kim-son-ngay-goc-nga-tu-gia-dau-tu-cuc-3189989.html,MẶT TIỀN NGUYỄN HỮU THỌ Q7 – LÔ B KDC KIM SƠN – NGAY GÓC NGÃ TƯ – GIÁ ĐẦU TƯ CỰC,"Tân Hưng, Thành phố Hồ Chí Minh",24000000000.0,103.0,,TP.HCM (lõi cũ),Khác,233009708.73786408
https://nhadat.cafeland.vn/ban-nha-rieng-truong-chinh-cong-hoatay-thanhga-t3-giap-tan-binh-nha-3-tang-3182268.html,"Bán nhà riêng: Trường Chinh, Cộng Hòa,Tây Thạnh,Ga T3, Giáp Tân Bình, Nhà 3 Tầng","Tân Sơn Nhì, Thành phố Hồ Chí Minh",5700000000.0,75.0,,TP.HCM (lõi cũ),Nhà ở/Nhà phố,76000000.0
https://nhadat.cafeland.vn/nha-6-tang-thang-may-duong15m-ni-su-huynh-lien70m25x14-6pnsang-trong142ty-2554880.html,"Nhà 6 tầng thang máy đường15m Ni Sư Huỳnh Liên,70m2,5x14, 6PN,sang trọng,14.2tỷ","Bảy Hiền, Thành phố Hồ Chí Minh",14200000000.0,70.0,6.0,TP.HCM (lõi cũ),Nhà ở/Nhà phố,202857142.85714287
https://nhadat.cafeland.vn/can-ho-wellness-cao-cap-ven-song-gia-168trm2-onsen-tang-20-ck-165-3189569.html,"Căn hộ Wellness cao cấp ven sông - Giá 168tr/m2 - Onsen tầng 20 - CK 16,5%","Bình Trưng, Thành phố Hồ Chí Minh",12600000000.0,75.0,,TP.HCM (lõi cũ),Căn hộ/Chung cư,168000000.0
https://nhadat.cafeland.vn/can-mat-tien-kinh-doanh-rong-gan-5m-khu-cu-xa-do-thanh-quan-3-gia-11-ty-2289155.html,CĂN MẶT TIỀN KINH DOANH RỘNG GẦN 5M - KHU CƯ XÁ ĐÔ THÀNH QUẬN 3 - GIÁ 11 TỶ,"Bàn Cờ, Thành phố Hồ Chí Minh",11000000000.0,30.0,,TP.HCM (lõi cũ),Khác,366666666.6666667
https://nhadat.cafeland.vn/ban-nha-rieng-len-song-hem-xe-hoi-den-cua-phu-nhuan-4-tang-dtsd-100m2-3pn-4wc-3182277.html,Bán nhà riêng: Lên sóng hẻm xe hơi đến cửa Phú Nhuận - 4 tầng DTSD 100m2 3PN 4WC,"Đức Nhuận, Thành phố Hồ Chí Minh",6250000000.0,278.0,3.0,TP.HCM (lõi cũ),Nhà ở/Nhà phố,22482014.38848921
https://nhadat.cafeland.vn/ban-nha-rieng-nha-mat-tien-kenh-195b-tan-phu-100m2-4-tang-dong-tien-27-trie-3187774.html,"Bán nhà riêng: Nhà mặt tiền Kênh 19/5B Tân Phú, 100m2, 4 tầng, dòng tiền 27 triệ","Tây Thạnh, Thành phố Hồ Chí Minh",13000000000.0,100.0,,TP.HCM (lõi cũ),Nhà ở/Nhà phố,130000000.0
https://nhadat.cafeland.vn/ban-dat-tho-cu-ban-dat-kim-long-chau-duc-ho-chi-minh-gia-520-trieu-san-80m-3187692.html,"Bán đất thổ cư: Bán đất Kim Long - Châu Đức, Hồ Chí Minh. Giá 520 triệu (Sẵn 80m","Kim Long, Thành phố Hồ Chí Minh",520000000.0,135.0,,Bà Rịa - Vũng Tàu (mới sáp nhập),Đất nền,3851851.8518518517
https://nhadat.cafeland.vn/ban-nha-rieng-goc-2-mat-tien-hxh-go-dau-dt-45-17-4-tang-dang-sua-moi-3185733.html,Bán nhà riêng: Góc 2 mặt tiền hxh Gò Dầu - DT 4.5 * 17 - 4 tầng đang sửa mới,"Phú Thọ Hòa, Thành phố Hồ Chí Minh",10000000000.0,74.0,,TP.HCM (lõi cũ),Nhà ở/Nhà phố,135135135.13513514
https://nhadat.cafeland.vn/ban-can-ho-2pn-2wc-gia-2ty350-bap-so-tai-bcons-plaza-canh-lang-dh-thu-duc-2288365.html,Bán căn hộ 2PN-2WC giá 2Tỷ350 bap sổ tại Bcons Plaza cạnh làng ĐH Thủ Đức,"Đông Hòa, Thành phố Hồ Chí Minh",2350000000.0,51.0,2.0,Bình Dương (mới sáp nhập),Căn hộ/Chung cư,46078431.37254902
https://nhadat.cafeland.vn/ban-nha-rieng-hem-vip-8m-nguyen-suy-quan-tan-phu-45x16m-72m2-biet-thu-chi-3183216.html,"Bán nhà riêng: Hẻm Vip 8m!!! Nguyễn Súy Quận Tân Phú; 4.5x16m 72m2, biệt thự chỉ","Phú Thọ Hòa, Thành phố Hồ Chí Minh",9000000000.0,72.0,4.0,TP.HCM (lõi cũ),Biệt thự,125000000.0
https://nhadat.cafeland.vn/ban-dat-mat-tien-duong-d3-phuong-phuoc-long-b-quan-9-cu-2481779.html,"Bán đất mặt tiền đường D3, phường Phước Long B, Quận 9 cũ","Phước Long, Thành phố Hồ Chí Minh",13000000000.0,90.0,,TP.HCM (lõi cũ),Đất nền,144444444.44444445
https://nhadat.cafeland.vn/hang-hiem-dat-khu-phan-lo-sat-aeon-tan-phu-duong-so-5-dt-68m2-gia-tot-62-ty-shr-2936499.html,"Hàng Hiếm Đất Khu Phân Lô Sát Aeon Tân Phú Đường Số 5 DT 68m2 Giá Tốt 6,2 Tỷ SHR","Bình Hưng Hòa, Thành phố Hồ Chí Minh",6200000000.0,68.0,,TP.HCM (lõi cũ),Đất nền,91176470.58823529
https://nhadat.cafeland.vn/gia-tot-day-nha-dep-moi-xay-4-tang-67m2-chi-68-ty-duong-le-van-quoi-gan-bon-xa-3157867.html,"Giá Tốt Dãy Nhà Đẹp Mới Xây 4 Tầng 67m2 Chỉ 6,8 Tỷ Đường Lê Văn Quới Gần Bốn Xã","Bình Hưng Hòa, Thành phố Hồ Chí Minh",6800000000.0,67.0,,TP.HCM (lõi cũ),Nhà ở/Nhà phố,101492537.31343284
https://nhadat.cafeland.vn/ban-nha-cap-4-can-goc-hem-oto-thong-khu-pham-van-dong-cityland-phan-van-tri-2557255.html,"BÁN NHÀ CẤP 4 CĂN GÓC HẺM ÔTÔ THÔNG, KHU PHẠM VĂN ĐỒNG - CITYLAND PHAN VĂN TRỊ","An Nhơn, Thành phố Hồ Chí Minh",28490000000.0,188.0,,TP.HCM (lõi cũ),Nhà ở/Nhà phố,151542553.19148937
https://nhadat.cafeland.vn/ban-nha-rieng-to-hieu-hoa-binh-72m-4-tang-duong-12m-tam-nay-dung-bo-lo-4x18-3185739.html,"Bán nhà riêng: Tô Hiệu Hòa Bình | 72m 4 tầng đường 12m, tầm này đừng bỏ lỡ! 4x18","Phú Thạnh, Thành phố Hồ Chí Minh",9990000000.0,72.0,,TP.HCM (lõi cũ),Nhà ở/Nhà phố,138750000.0
https://nhadat.cafeland.vn/ban-nha-rieng-nha-ben-thanh-bui-thi-xuan-duong-rong-thong-kd-dt-79m-be-ngang-5-3184401.html,Bán nhà riêng: Nhà Bến Thành Bùi Thị Xuân Đường Rộng Thông KD DT 79m Bề Ngang 5.,"Bến Thành, Thành phố Hồ Chí Minh",25500000000.0,79.0,,TP.HCM (lõi cũ),Nhà ở/Nhà phố,322784810.12658226
https://nhadat.cafeland.vn/tin-that-nha-ma-lo-3xty-33m2-hxh-sat-duong-lo-shr-don-o-khu-dan-cu-than-thien-3179303.html,"(TIN THẬT)-Nhà Mã Lò-3,xTỷ-33m2 HXH sát đường lộ-SHR-Dọn ở-Khu dân cư thân thiện","Bình Trị Đông, Thành phố Hồ Chí Minh",3680000000.0,33.0,,TP.HCM (lõi cũ),Nhà ở/Nhà phố,111515151.51515152
https://nhadat.cafeland.vn/ban-nha-rieng-mat-tien-duong-so-7-sat-chung-cu-khang-dien-nhinh-7-ty-3187855.html,Bán nhà riêng: Mặt tiền đường số 7 sát chung cư khang điền nhỉnh 7 tỷ,"An Lạc, Thành phố Hồ Chí Minh",7300000000.0,64.0,,TP.HCM (lõi cũ),Căn hộ/Chung cư,114062500.0
https://nhadat.cafeland.vn/ban-nha-moi-dep-tran-xuan-soan-quan-7-3179236.html,BÁN NHÀ MỚI ĐẸP TRẦN XUÂN SOẠN – QUẬN 7,"Tân Hưng, Thành phố Hồ Chí Minh",2280000000.0,45.0,,TP.HCM (lõi cũ),Nhà ở/Nhà phố,50666666.666666664
https://nhadat.cafeland.vn/chuyen-nhuong-nha-mat-tien-duong-nhua-tai-phuong-thao-dien-quan-2-2481524.html,"Chuyển nhượng nhà mặt tiền đường nhựa tại phường Thảo Điền, quận 2","An Khánh, Thành phố Hồ Chí Minh",29500000000.0,150.0,,TP.HCM (lõi cũ),Nhà ở/Nhà phố,196666666.66666666
https://nhadat.cafeland.vn/ban-nha-rieng-ban-nha-hem-xe-hoi-tan-ky-tan-quy-tan-phu-49m2-2-tang-vi-tri-3183995.html,"Bán nhà riêng: Bán nhà hẻm xe hơi Tân Kỳ Tân Quý, Tân Phú, 49m2, 2 tầng, vị trí","Tân Sơn Nhì, Thành phố Hồ Chí Minh",4800000000.0,49.0,,TP.HCM (lõi cũ),Nhà ở/Nhà phố,97959183.6734694
https://nhadat.cafeland.vn/chi-10x-ty-da-so-huu-duoc-nha-mat-tien-duong-3-thang-2-quan-10-ngang-44m-3180373.html,"Chỉ 10,x tỷ đã sở hữu được nhà mặt tiền đường 3 tháng 2, Quận 10 ngang 4,4m","Diên Hồng, Thành phố Hồ Chí Minh",10800000000.0,19.0,,TP.HCM (lõi cũ),Nhà ở/Nhà phố,568421052.6315789
https://nhadat.cafeland.vn/so-huu-ngay-ma-vn78-39-vinhomes-green-paradise-can-gio-dien-tich-2841m2-gia-hap-dan-cho-nha-dau-tu-2489241.html,"Sở hữu ngay mã VN78-39 Vinhomes Green Paradise Cần Giờ diện tích 284,1m2 giá hấp dẫn cho nhà đầu tư","Cần Giờ, Thành phố Hồ Chí Minh",31617000000.0,284.1,,TP.HCM (lõi cũ),Nhà ở/Nhà phố,111288278.77507919
https://nhadat.cafeland.vn/ban-can-ho-chuan-nhat-ban-gia-chi-26-ty-lai-suat-co-dinh-trong-4-nam-3189619.html,"BÁN CĂN HỘ CHUẨN NHẬT BẢN GIÁ CHỈ 2,6 TỶ LÃI SUẤT CỐ ĐỊNH TRONG 4 NĂM","Bình Dương, Thành phố Hồ Chí Minh",2392000000.0,52.0,2.0,Bình Dương (mới sáp nhập),Căn hộ/Chung cư,46000000.0
https://nhadat.cafeland.vn/chuyen-nhuong-nha-hem-xe-hoi-duong-tran-phu-phuong-5-vung-tau-2481517.html,"Chuyển nhượng nhà hẻm xe hơi đường Trần Phú, phường 5, Vũng Tàu","Vũng Tàu, Thành phố Hồ Chí Minh",17000000000.0,120.0,,Bà Rịa - Vũng Tàu (mới sáp nhập),Nhà ở/Nhà phố,141666666.66666666
https://nhadat.cafeland.vn/ban-nha-duong-40-khu-tan-quy-dong-quan-7-dt-6x15m-3-lau-25-ty-tl-2265702.html,Bán Nhà đường 40 khu Tân Quy đông Quận 7. Dt 6x15m 3 lầu 25 tỷ TL,"Tân Hưng, Thành phố Hồ Chí Minh",25000000000.0,90.0,4.0,TP.HCM (lõi cũ),Nhà ở/Nhà phố,277777777.7777778
https://nhadat.cafeland.vn/ban-nha-pho-2-mat-hem-can-ho-mini-huynh-van-banh-le-van-si-ranh-quan-3-2325075.html,"BÁN NHÀ PHỐ 2 MẶT HẺM – CĂN HỘ MINI – Huỳnh Văn Bánh – Lê Văn Sĩ, ranh quận 3","Phú Nhuận, Thành phố Hồ Chí Minh",12000000000.0,60.0,7.0,TP.HCM (lõi cũ),Căn hộ/Chung cư,200000000.0
https://nhadat.cafeland.vn/ban-can-ho-chung-cu-chi-1-ty-350trcan-ho-cao-cap-tang-full-noi-that-tang-lai-3182339.html,Bán căn hộ chung cư: Chỉ 1 tỷ 350tr/căn hộ cao cấp tặng full nội thất - tặng lãi,"Bình Chánh, Thành phố Hồ Chí Minh",1350000000.0,55.0,,TP.HCM (lõi cũ),Căn hộ/Chung cư,24545454.545454547
https://nhadat.cafeland.vn/chuyen-nhuong-nha-hem-xe-hoi-thong-duong-hoa-dao-khu-phan-xich-long-phu-nhuan-2478198.html,"Chuyển nhượng nhà hẻm xe hơi thông đường Hoa Đào, khu Phan Xích Long, Phú Nhuận","Đức Nhuận, Thành phố Hồ Chí Minh",9500000000.0,60.0,4.0,TP.HCM (lõi cũ),Nhà ở/Nhà phố,158333333.33333334
https://nhadat.cafeland.vn/ban-nha-rieng-nha-xinh-dong-tam-hoc-mon-gia-yeu-thuong-don-vao-o-ngay-3186838.html,"Bán nhà riêng: Nhà xinh Đồng Tâm, Hóc Môn - Giá yêu thương, dọn vào ở ngay","Bà Điểm, Thành phố Hồ Chí Minh",3400000000.0,67.5,,TP.HCM (lõi cũ),Nhà ở/Nhà phố,50370370.37037037
https://nhadat.cafeland.vn/ket-tien-tra-no-nen-can-ban-gap-nha-ngay-trung-tam-2130795.html,kẹt tiền trả nợ nên cần bán gấp nhà ngay trung tâm,"Hưng Long, Thành phố Hồ Chí Minh",3100000000.0,80.0,,TP.HCM (lõi cũ),Nhà ở/Nhà phố,38750000.0
https://nhadat.cafeland.vn/ban-nha-mat-tien-duong-so-57akhu-ten-lua-10m-x-20m-x-3-tang-198-ty-tl-2290108.html,"BÁN NHÀ MẶT TIỀN ĐƯỜNG SỐ 57A,KHU TÊN LỬA (10m x 20m x 3 TẦNG) 19,8 TỶ TL","Bình Tân, Thành phố Hồ Chí Minh",19800000000.0,200.0,,TP.HCM (lõi cũ),Nhà ở/Nhà phố,99000000.0
https://nhadat.cafeland.vn/ban-nha-hxh-tran-ba-giao-ngang-10m-210m2-biet-thu-san-vuon-noi-sai-thanh-205-ty-3181063.html,Bán nhà HXH Trần Bá Giao ngang 10m 210m2 Biệt thự sân vườn nơi Sài Thành 20.5 tỷ,"An Nhơn, Thành phố Hồ Chí Minh",20500000000.0,210.0,,TP.HCM (lõi cũ),Biệt thự,97619047.61904761
https://nhadat.cafeland.vn/ban-nha-mat-tien-duong-vuong-van-huongan-lac-a-4-x-20m-x-4-tang-108-ty-tl-2292319.html,"BÁN NHÀ MẶT TIỀN ĐƯỜNG VƯƠNG VĂN HUỐNG,AN LẠC A (4 x 20m x 4 TẦNG) 10,8 TỶ TL","An Lạc, Thành phố Hồ Chí Minh",10800000000.0,80.0,4.0,TP.HCM (lõi cũ),Nhà ở/Nhà phố,135000000.0
https://nhadat.cafeland.vn/nha-hem-416-duong-quang-ham-ngang-62m-124m2-4-lau-ngay-toa-an-kd-dinh-188-ty-3189830.html,Nhà hẻm 416 Dương Quảng Hàm ngang 6.2m 124m2 4 lầu ngay Tòa án KD đỉnh 18.8 tỷ,"An Nhơn, Thành phố Hồ Chí Minh",18800000000.0,124.0,,TP.HCM (lõi cũ),Nhà ở/Nhà phố,151612903.22580644
https://nhadat.cafeland.vn/ban-nha-rieng-chu-gui-ban-gap-can-nha-cap-4-gia-930tr-duong-nguyen-van-kha-xa-t-3185797.html,Bán nhà riêng: Chủ gửi bán gấp căn nhà cấp 4 giá 930Tr đường Nguyễn Văn Khạ xã T,"Tân An Hội, Thành phố Hồ Chí Minh",930000000.0,80.0,,TP.HCM (lõi cũ),Nhà ở/Nhà phố,11625000.0
https://nhadat.cafeland.vn/nha-pho-xinh-re-36-x-12m-1-tret-2-lau-au-co-tan-binh-tphcm-2933589.html,Nhà phố xinh rẻ 3.6 x 12m 1 trệt 2 lầu Âu Cơ Tân Bình TP.HCM,"Tân Hòa, Thành phố Hồ Chí Minh",7400000000.0,43.0,,TP.HCM (lõi cũ),Nhà ở/Nhà phố,172093023.25581396
https://nhadat.cafeland.vn/ban-nha-rieng-nha-cuc-dep-moi-99-ngay-duong-tran-quang-dieu-p-ba-ria-thiet-3187664.html,"Bán nhà riêng: Nhà cực đẹp mới 99% ngay đường Trần Quang Diệu, P. Bà Rịa. Thiết","Bà Rịa, Thành phố Hồ Chí Minh",7900000000.0,217.0,,Bà Rịa - Vũng Tàu (mới sáp nhập),Nhà ở/Nhà phố,36405529.95391705
https://nhadat.cafeland.vn/ban-san-pham-vinhomes-green-paradise-can-gio-ma-vn83-07-dien-tich-2813m2-gia-tot-xem-ngay-hom-nay-2489233.html,"Bán sản phẩm Vinhomes Green Paradise Cần Giờ mã VN83-07 diện tích 281,3m2 giá tốt xem ngay hôm nay","Cần Giờ, Thành phố Hồ Chí Minh",30626000000.0,281.3,,TP.HCM (lõi cũ),Khác,108873089.22858158
https://nhadat.cafeland.vn/mat-tien-123-quang-trung-go-vap-dt-4x20m-nh-5m-gia-145-ty-3166965.html,"Mặt tiền 123 Quang Trung Gò Vấp, DT 4x20m (NH 5m). Giá 14.5 tỷ","Gò Vấp, Thành phố Hồ Chí Minh",14500000000.0,57.2,,TP.HCM (lõi cũ),Khác,253496503.49650347
https://nhadat.cafeland.vn/ban-nha-huong-lo-2phuong-binh-tri-dong-a-so-hong-rieng-120m2-gia-77-ty-2828385.html,"Bán Nhà Hương Lộ 2,Phường Bình Trị Đông A - Sổ Hồng Riêng - 120m2 - Giá 7,7 Tỷ","Bình Trị Đông, Thành phố Hồ Chí Minh",7700000000.0,120.0,3.0,TP.HCM (lõi cũ),Nhà ở/Nhà phố,64166666.666666664
https://nhadat.cafeland.vn/chi-26-ty-co-mtkd-gan-cho-ba-chieu-ngang-47m-124m2-5-lau-phan-van-tri-sam-uat-2478456.html,Chỉ 26 tỷ có MTKD gần chợ Bà Chiểu ngang 4.7m 124m2 5 lầu Phan Văn Trị sầm uất,"Bình Thạnh, Thành phố Hồ Chí Minh",26000000000.0,124.0,,TP.HCM (lõi cũ),Khác,209677419.3548387
https://nhadat.cafeland.vn/nhan-booking-du-an-sunshine-bay-retreat-vung-tau-can-ho-resorts-mat-bien-2323969.html,"Nhận booking dự án Sunshine Bay Retreat Vũng Tàu, căn hộ resorts mặt biển","Phước Thắng, Thành phố Hồ Chí Minh",2300000000.0,35.0,1.0,Bà Rịa - Vũng Tàu (mới sáp nhập),Căn hộ/Chung cư,65714285.71428572
https://nhadat.cafeland.vn/ban-nha-rieng-thang-maycan-goc-dep-2-mt-khu-ten-lua-5x18m-4-tang-doi-dien-tru-3188309.html,Bán nhà riêng: THANG MÁYCăn Góc Đẹp 2 MT khu Tên Lửa 5x18m 4 tầng ĐỐI DIỆN TRƯ,"An Lạc, Thành phố Hồ Chí Minh",14500000000.0,83.0,4.0,TP.HCM (lõi cũ),Nhà ở/Nhà phố,174698795.1807229
https://nhadat.cafeland.vn/ban-can-ho-chung-cu-chinh-chu-ban-nhanh-gia-re-can-1p-chung-cu-sunrise-quan-3184036.html,Bán căn hộ chung cư: Chính chủ bán nhanh giá rẻ *** căn 1p chung cư sunrise quận,"Tân Hưng, Thành phố Hồ Chí Minh",2600000000.0,40.0,1.0,TP.HCM (lõi cũ),Căn hộ/Chung cư,65000000.0
https://nhadat.cafeland.vn/ban-dat-5m-x-17m-so-hong-rieng-duong-nhua-13m-1bui-thi-lung-70m-thoi-tam-thon-2288756.html,"Bán đất 5m x 17m sổ hồng riêng ,đường nhựa 13m 1/bùi thị Lùng 70m thới tam thôn","Bình Tân, Thành phố Hồ Chí Minh",3600000000.0,81.5,,TP.HCM (lõi cũ),Đất nền,44171779.141104296
https://nhadat.cafeland.vn/ban-nha-rieng-ngay-aeon-tan-phu-le-trong-tan-hem-xe-tai-thong-100m2-nga-3187790.html,Bán nhà riêng: Ngay Aeon Tân Phú - Lê Trọng Tấn - Hẻm xe tải thông - 100m2 - Nga,"Tây Thạnh, Thành phố Hồ Chí Minh",7100000000.0,100.0,,TP.HCM (lõi cũ),Nhà ở/Nhà phố,71000000.0
https://nhadat.cafeland.vn/hiem-co-kho-tim-ban-dat-tang-biet-thu-le-duc-tho-go-vap-giam-ngay-2-ty-3167101.html,Hiếm có khó tìm — Bán đất tặng biệt thự Lê Đức Thọ Gò Vấp — Giảm ngay 2 tỷ,"Gò Vấp, Thành phố Hồ Chí Minh",19500000000.0,297.0,,TP.HCM (lõi cũ),Biệt thự,65656565.65656566
https://nhadat.cafeland.vn/ban-nha-rieng-nha-dien-tich-khung-70m2-3-phong-ngu-shr-ko-lo-gioi-thoi-3187725.html,Bán nhà riêng: Nhà diện tích khủng 70m2 - 3 phòng ngủ - SHR - ko lộ giới - Thới,"Thới An, Thành phố Hồ Chí Minh",4150000000.0,70.0,3.0,TP.HCM (lõi cũ),Nhà ở/Nhà phố,59285714.28571428
https://nhadat.cafeland.vn/ban-nha-rieng-nha-2-tang-4x10m-gan-him-lam-quan-7-chi-349-ty-3184049.html,"Bán nhà riêng: Nhà 2 tầng, 4x10m, gần Him Lam, Quận 7, chỉ 3.49 tỷ","Tân Hưng, Thành phố Hồ Chí Minh",3490000000.0,40.0,2.0,TP.HCM (lõi cũ),Nhà ở/Nhà phố,87250000.0
https://nhadat.cafeland.vn/mat-tien-khu-adc-ke-ubnd-qtan-phu-duong-15m-111m2-5x22-nha-c4-chi-111-ty-2558157.html,"Mặt tiền khu ADC, kế UBND Q.Tân Phú, đường 15m, 111m2, 5x22, nhà c4, chỉ 11.1 tỷ","Phú Thạnh, Thành phố Hồ Chí Minh",11100000000.0,111.0,,TP.HCM (lõi cũ),Nhà ở/Nhà phố,100000000.0
https://nhadat.cafeland.vn/ban-nha-rieng-nha-xinh-an-phu-dong-loi-nho-hoai-niem-gan-truong-hoc-3187721.html,"Bán nhà riêng: Nhà xinh An Phú Đông, lối nhỏ hoài niệm gần trường học","An Phú Đông, Thành phố Hồ Chí Minh",3950000000.0,52.8,,TP.HCM (lõi cũ),Nhà ở/Nhà phố,74810606.06060606
https://nhadat.cafeland.vn/chinh-thuc-hang-f0-can-mat-tien-duong-binh-thung-5x169m-nha-pho-bcons-eden-park-3127186.html,"Chính thức hàng F0 căn mặt tiền đường Bình Thung 5x16,9m nhà phố Bcons Eden Park","Đông Hòa, Thành phố Hồ Chí Minh",8100000000.0,208.0,,Bình Dương (mới sáp nhập),Nhà ở/Nhà phố,38942307.692307696
https://nhadat.cafeland.vn/ban-can-ho-chung-cu-nguoi-nuoc-ngoai-mua-duoc-ban-1pn-1wc-53m2-thap-s-full-noi-3184874.html,Bán căn hộ chung cư: Người Nước Ngoài Mua Được Bán 1PN 1WC 53m2 Tháp S Full Nội,"Bình Dương, Thành phố Hồ Chí Minh",2800000000.0,53.0,1.0,Bình Dương (mới sáp nhập),Căn hộ/Chung cư,52830188.679245286
https://nhadat.cafeland.vn/ban-can-ho-chung-cu-ban-3pn2wc-lumiere-full-noi-that-dep-o-lien-gia-ban-1-ty-57-3188532.html,Bán căn hộ chung cư: Bán 3PN2WC LUMIERE full NỘI THẤT ĐẸP Ở LIỀN GIÁ BÁN 1 TỶ 57,"Long Bình, Thành phố Hồ Chí Minh",1575000000.0,98.0,3.0,TP.HCM (lõi cũ),Căn hộ/Chung cư,16071428.57142857
https://nhadat.cafeland.vn/ban-can-ho-hang-sang-kieu-by-kita-128m2-3pn-2wc-2289741.html,BÁN CĂN HỘ HẠNG SANG KIỀU BY KITA 128m2 3PN 2WC,"An Đông, Thành phố Hồ Chí Minh",5000000000.0,128.0,3.0,TP.HCM (lõi cũ),Căn hộ/Chung cư,39062500.0
https://nhadat.cafeland.vn/hem-8m-phan-anh-68m2-4x17-4-tang-5pn-full-noi-that-hoan-cong-du-88-ty-tl-2830147.html,"Hẻm 8m Phan Anh, 68m2, 4x17, 4 tầng, 5PN, full nội thất, hoàn công đủ, 8.8 tỷ TL","Phú Thạnh, Thành phố Hồ Chí Minh",8800000000.0,68.0,5.0,TP.HCM (lõi cũ),Khác,129411764.70588236
https://nhadat.cafeland.vn/ban-can-ho-chung-cu-so-huu-can-ho-voi-von-tich-luy-tu-15-ty-ky-hop-dong-truc-3182341.html,"Bán căn hộ chung cư: Sở hữu căn hộ, với vốn tích lũy từ 1.5 tỷ, ký hợp đồng trực","Bình Hưng, Thành phố Hồ Chí Minh",5200000000.0,77.0,,TP.HCM (lõi cũ),Căn hộ/Chung cư,67532467.53246753
https://nhadat.cafeland.vn/phuong-ban-co-ban-can-ho-tang-tret-cc-nguyen-thien-thuat-54m2-gia-33-ty-2288931.html,[Phường Bàn Cờ] Bán Căn Hộ Tầng Trệt C/c Nguyễn Thiện Thuật – 54m² – Giá 3.3 Tỷ,"Bàn Cờ, Thành phố Hồ Chí Minh",3300000000.0,54.0,,TP.HCM (lõi cũ),Căn hộ/Chung cư,61111111.11111111
https://nhadat.cafeland.vn/can-ban-nha-mat-tien-duong-hau-giang-tdt-931m2-dts-297-3147412.html,"Cần bán nhà mặt tiền đường Hậu Giang TDT: 93,1m2, DTS 297,","Phú Lâm, Thành phố Hồ Chí Minh",18000000000.0,93.1,5.0,TP.HCM (lõi cũ),Nhà ở/Nhà phố,193340494.09237382
https://nhadat.cafeland.vn/ban-dat-tho-cu-ban-dat-hem-o-to-gan-nguyen-sy-sach-tan-binh-54x27-chi-9-ty-3187759.html,"Bán đất thổ cư: Bán đất hẻm ô tô gần Nguyễn Sỹ Sách, Tân Bình, 5.4x27, chỉ 9 tỷ","Tân Sơn, Thành phố Hồ Chí Minh",9900000000.0,133.0,,TP.HCM (lõi cũ),Đất nền,74436090.22556391
https://nhadat.cafeland.vn/ban-dat-tho-cu-can-ban-dat-o-xa-ba-diem-hoc-mon-hcm-3185814.html,Bán đất thổ cư: cần bán đất ở xã bà Điểm hóc môn hcm,"Bà Điểm, Thành phố Hồ Chí Minh",1490000000.0,60.0,,TP.HCM (lõi cũ),Đất nền,24833333.333333332
https://nhadat.cafeland.vn/ban-nha-128-thien-phuoc-p9-qtan-binh-tpcm-nay-la-phuong-tan-hoa-tphcm-3180886.html,"Bán Nhà 128/ Thiên Phước, P.9 , Q.Tân Bình , TP.CM, nay là Phường Tân Hoà TP.HCM","Tân Hòa, Thành phố Hồ Chí Minh",11500000000.0,45.0,4.0,TP.HCM (lõi cũ),Nhà ở/Nhà phố,255555555.55555555
https://nhadat.cafeland.vn/ban-nha-rieng-nha-ban-hem-6m-giap-tan-phu-le-van-quoi-gan-50-m2-nhinh-4-ty-3187884.html,Bán nhà riêng: Nhà bán hẻm 6m giáp Tân Phú Lê Văn Quới gần 50 m2 nhỉnh 4 tỷ!,"Bình Trị Đông, Thành phố Hồ Chí Minh",4400000000.0,48.0,,TP.HCM (lõi cũ),Nhà ở/Nhà phố,91666666.66666667
https://nhadat.cafeland.vn/chinh-chu-ban-dat-quoc-lo-22-thong-lieu-binh-huong-so-hong-vay-ngay-vinhomes-3151973.html,"chính chủ bán đất quốc lộ 22 thông Liêu Bình Hương sổ hồng vay, ngay vinhomes","Củ Chi, Thành phố Hồ Chí Minh",1750000000.0,155.0,,TP.HCM (lõi cũ),Đất nền,11290322.58064516
https://nhadat.cafeland.vn/ban-nha-rieng-nha-3-tang-dep-ngay-cho-nong-san-thu-duc-gia-chi-4-ty-3184960.html,"Bán nhà riêng: Nhà 3 tầng đẹp ngay chợ Nông Sản Thủ Đức, giá chỉ 4 tỷ","Tam Bình, Thành phố Hồ Chí Minh",4000000000.0,54.0,,TP.HCM (lõi cũ),Nhà ở/Nhà phố,74074074.07407407
https://nhadat.cafeland.vn/ban-nha-rieng-co-ai-di-dinh-cu-ban-nha-tang-bat-ho-p11-binh-thanh-gan-cho-phan-3184921.html,Bán nhà riêng: Cô Ái đi định cư bán nhà Tăng Bạt Hổ-P11-Bình Thạnh gần chợ Phan,"Bình Lợi Trung, Thành phố Hồ Chí Minh",8000000000.0,80.0,,TP.HCM (lõi cũ),Nhà ở/Nhà phố,100000000.0
https://nhadat.cafeland.vn/ban-nha-mat-tien-duong-nb-hung-phu-nguyen-duy-quan-8-3189818.html,BÁN NHÀ MẶT TIỀN ĐƯỜNG NB HƯNG PHÚ – NGUYỄN DUY QUẬN 8,"Chánh Hưng, Thành phố Hồ Chí Minh",7380000000.0,50.0,4.0,TP.HCM (lõi cũ),Nhà ở/Nhà phố,147600000.0
https://nhadat.cafeland.vn/ban-nha-rieng-nha-3-tang-kien-co-bui-tu-toan-binh-tan-64m2-xe-hoi-do-cua-3186799.html,"Bán nhà riêng: Nhà 3 tầng kiên cố Bùi Tư Toàn, Bình Tân, 64m2, xe hơi đỗ cửa","An Lạc, Thành phố Hồ Chí Minh",6000000000.0,64.0,,TP.HCM (lõi cũ),Nhà ở/Nhà phố,93750000.0
https://nhadat.cafeland.vn/ban-nha-duong-vo-thi-dang-quan-7-5m-x-20m-1-lau-3190057.html,BÁN NHÀ Đường Võ thị Đặng Quận 7 – 5m x 20m – 1 lầu,"Tân Mỹ, Thành phố Hồ Chí Minh",22000000000.0,100.0,,TP.HCM (lõi cũ),Nhà ở/Nhà phố,220000000.0
https://nhadat.cafeland.vn/ban-lo-dat-mat-tien-duong-ven-bien-tai-long-hai-2477879.html,Bán lô đất mặt tiền đường ven biển tại Long Hải,"Long Hải, Thành phố Hồ Chí Minh",9000000000.0,300.0,,Bà Rịa - Vũng Tàu (mới sáp nhập),Đất nền,30000000.0
https://nhadat.cafeland.vn/ban-nha-duong-ba-homquan-6-so-hong-rieng-64m2-gia-86-ty-hem-xe-hoi-2937536.html,"BÁN NHÀ ĐƯỜNG BÀ HOM,QUẬN 6 - SỔ HỒNG RIÊNG - 64m² - GIÁ 8,6 TỶ HẺM XE HƠI","Phú Lâm, Thành phố Hồ Chí Minh",8600000000.0,64.0,,TP.HCM (lõi cũ),Nhà ở/Nhà phố,134375000.0
https://nhadat.cafeland.vn/nha-dep-5-tang-hxh-5m-binh-tri-dong-56m2-4x14-6pn-hoan-cong-du-chi-65-ty-2324782.html,"Nhà đẹp 5 tầng, HXH 5m Bình Trị Đông, 56m2, 4x14, 6PN, hoàn công đủ, Chỉ 6.5 tỷ","Bình Trị Đông, Thành phố Hồ Chí Minh",6500000000.0,56.0,6.0,TP.HCM (lõi cũ),Nhà ở/Nhà phố,116071428.57142857
https://nhadat.cafeland.vn/ban-nha-rieng-ban-nha-quan-7-3-tang-2-mat-tien-duong-5m-4x16-phuong-phu-thu-3187910.html,"Bán nhà riêng: Bán nhà Quận 7, 3 tầng, 2 mặt tiền đường 5m, 4x16, Phường Phú Thu","Phú Thuận, Thành phố Hồ Chí Minh",7900000000.0,64.0,5.0,TP.HCM (lõi cũ),Nhà ở/Nhà phố,123437500.0
https://nhadat.cafeland.vn/ban-nha-mbkd-duong-8m-oto-thong-nha-chu-xay-moi-dep-san-rong-tien-o-kinh-doanh-2284351.html,"BÁN NHÀ MBKD ĐƯỜNG 8M ÔTÔ THÔNG, NHÀ CHỦ XÂY MỚI ĐẸP SÂN RỘNG TIỆN Ở KINH DOANH","Thông Tây Hội, Thành phố Hồ Chí Minh",10980000000.0,67.0,4.0,TP.HCM (lõi cũ),Nhà ở/Nhà phố,163880597.01492536
https://nhadat.cafeland.vn/linh-xuan-140m2-ngang-7m-hem-xe-tai-lo-dat-chinh-chu-con-sot-3181358.html,"LINH XUÂN – 140M² NGANG 7M, HẺM XE TẢI – LÔ ĐẤT CHÍNH CHỦ CÒN SÓT","Thủ Đức, Thành phố Hồ Chí Minh",4200000000.0,140.0,,TP.HCM (lõi cũ),Đất nền,30000000.0
https://nhadat.cafeland.vn/ban-nha-mat-tien-duong-53-hiep-binh-chanh-thu-duc-4x16m-4pn-75-ty-2574509.html,"Bán nhà mặt tiền đường 53 Hiệp Bình Chánh Thủ Đức, 4x16m, 4PN, 7.5 tỷ","Hiệp Bình, Thành phố Hồ Chí Minh",7500000000.0,64.0,4.0,TP.HCM (lõi cũ),Nhà ở/Nhà phố,117187500.0
https://nhadat.cafeland.vn/gio-hang-gia-tot-tay-tu-trach-cityland-garden-hills-toantranvillas-2272840.html,Giỏ hàng Giá Tốt Tây Tứ Trạch Cityland Garden Hills - ToanTranVillas,"An Nhơn, Thành phố Hồ Chí Minh",28000000000.0,110.0,,TP.HCM (lõi cũ),Biệt thự,254545454.54545453
https://nhadat.cafeland.vn/ban-nha-rieng-nha-dep-to-ngoc-van-tam-binh-thu-duc-96m2-3-phong-ngu-gia-4-3187964.html,"Bán nhà riêng: Nhà đẹp Tô Ngọc Vân, Tam Bình, Thủ Đức, 96m2, 3 phòng ngủ, giá 4,","Tam Bình, Thành phố Hồ Chí Minh",4650000000.0,96.25,3.0,TP.HCM (lõi cũ),Nhà ở/Nhà phố,48311688.31168831
https://nhadat.cafeland.vn/can-ban-lai-suat-noi-bo-noxhchuyen-ten-hop-phapgia-ban-11-tycan-55m2-2048791.html,"Cần bán lại suất nội bộ NOXH,chuyển tên hợp pháp.Gía bán 1.1 tỷ/căn 55m2","Bình Chánh, Thành phố Hồ Chí Minh",1090000000.0,55.0,2.0,TP.HCM (lõi cũ),Khác,19818181.818181816
https://nhadat.cafeland.vn/ban-nha-mat-tien-duong-so-6dkhu-ten-lua-5m-x-19m-x-3-tang-125-ty-tl-2558161.html,"BÁN NHÀ MẶT TIỀN ĐƯỜNG SỐ 6D,KHU TÊN LỬA (5m x 19m x 3 TẦNG) 12,5 TỶ TL","An Lạc, Thành phố Hồ Chí Minh",12500000000.0,95.0,4.0,TP.HCM (lõi cũ),Nhà ở/Nhà phố,131578947.36842105
https://nhadat.cafeland.vn/ban-nha-rieng-59-ty-nha-4x20m-hem-xe-tai-1-truc-truong-thi-hoa-khu-hanh-chinh-3186733.html,"Bán nhà riêng: 5,9 tỷ nhà 4x20m hẻm xe tải 1 trục Trương Thị Hoa khu hành chính","Tân Thới Hiệp, Thành phố Hồ Chí Minh",5900000000.0,80.0,3.0,TP.HCM (lõi cũ),Nhà ở/Nhà phố,73750000.0
https://nhadat.cafeland.vn/nha-2-mat-mat-giap-kenh-xuyen-tam-no-hau-12m-226m2-6-tang-hoan-cong-du-3068461.html,"Nhà 2 mặt, mặt giáp kênh Xuyên Tâm, nở hậu 12m, 226m2, 6 tầng hoàn công đủ","Bình Lợi Trung, Thành phố Hồ Chí Minh",32000000000.0,226.0,,TP.HCM (lõi cũ),Nhà ở/Nhà phố,141592920.3539823
https://nhadat.cafeland.vn/ban-nha-rieng-ban-nha-mat-tien-duong-nguyen-thi-dinh-quan-2-vi-tri-dep-3189183.html,"Bán nhà riêng: BÁN NHÀ MẶT TIỀN ĐƯỜNG NGUYỄN THỊ ĐỊNH, QUẬN 2, VỊ TRÍ ĐẸP","Cát Lái, Thành phố Hồ Chí Minh",22000000000.0,78.8,,TP.HCM (lõi cũ),Nhà ở/Nhà phố,279187817.25888324
https://nhadat.cafeland.vn/ban-nha-rieng-mat-tien-kinh-doanh-1-nguyen-anh-thu-120-m2-13-ty-3186761.html,Bán nhà riêng: Mặt tiền Kinh Doanh 1/ Nguyễn Ảnh Thủ. 120 M2 _ 13 tỷ,"Trung Mỹ Tây, Thành phố Hồ Chí Minh",13000000000.0,120.0,4.0,TP.HCM (lõi cũ),Nhà ở/Nhà phố,108333333.33333333
https://nhadat.cafeland.vn/ban-nha-goc-2-mat-tien-dang-van-ngu-phu-nhuan-2477035.html,"Bán nhà góc 2 mặt tiền Đặng Văn Ngữ, Phú Nhuận","Đức Nhuận, Thành phố Hồ Chí Minh",18300000000.0,100.0,,TP.HCM (lõi cũ),Nhà ở/Nhà phố,183000000.0
https://nhadat.cafeland.vn/ban-nha-rieng-nha-4m-x-15m-3-lau-5-ve-sinh-ha-600-trieu-con-698-ty-hem-7m-3186719.html,"Bán nhà riêng: Nhà 4m x 15m, 3 lầu, 5 vệ sinh, hạ 600 triệu còn 6.98 tỷ, hẻm 7m","Tân Thới Hiệp, Thành phố Hồ Chí Minh",6980000000.0,60.0,,TP.HCM (lõi cũ),Nhà ở/Nhà phố,116333333.33333333
https://nhadat.cafeland.vn/nhieu-khach-quay-lai-lan-2-thi-lo-dep-da-co-nguoi-giu-2482920.html,“Nhiều khách quay lại lần 2… thì lô đẹp đã có người giữ!”,"Đất Đỏ, Thành phố Hồ Chí Minh",1582000000.0,140.0,,Bà Rịa - Vũng Tàu (mới sáp nhập),Khác,11300000.0
https://nhadat.cafeland.vn/nha-mat-tien-dc11-duong-12m-ngay-cc-son-ky-80m2-4-tang-4pn-chi-105-ty-tl-2485909.html,"Nhà mặt tiền DC11 đường 12m, ngay cc Sơn Kỳ, 80m2, 4 tầng, 4PN, Chỉ 10.5 tỷ TL","Tây Thạnh, Thành phố Hồ Chí Minh",10500000000.0,80.0,4.0,TP.HCM (lõi cũ),Căn hộ/Chung cư,131250000.0
https://nhadat.cafeland.vn/dat-trong-goc-2mt-485x125m-duong-47-phuong-tan-quy-q7-2334177.html,"Đất Trống góc 2Mt 4,85x12,5m đường 47 Phường Tân Quy Q7","Tân Hưng, Thành phố Hồ Chí Minh",12300000000.0,61.3,,TP.HCM (lõi cũ),Đất nền,200652528.548124
https://nhadat.cafeland.vn/ban-dat-tho-cu-dat-5-x-19m-duong-xuan-thoi-son-16-xa-xuan-thoi-son-tphcm-3182327.html,"Bán đất thổ cư: Đất 5 x 19m đường Xuân Thới Sơn 16, xã Xuân Thới Sơn TPHCM","Xuân Thới Sơn, Thành phố Hồ Chí Minh",2800000000.0,95.0,,TP.HCM (lõi cũ),Đất nền,29473684.210526317
https://nhadat.cafeland.vn/ban-can-ho-dich-vu-mat-tien-song-go-dua-cach-pvd-400m-3176642.html,Bán căn hộ dịch vụ mặt tiền sông Gò Dưa cách PVĐ 400m,"Hiệp Bình, Thành phố Hồ Chí Minh",22900000000.0,228.0,18.0,TP.HCM (lõi cũ),Căn hộ/Chung cư,100438596.49122807
https://nhadat.cafeland.vn/ban-nha-rieng-toa-nha-bui-dinh-tuy-binh-thanh-ngang-8m-281m2-1400m2-san-36-3188429.html,"Bán nhà riêng: Tòa Nhà Bùi Đình Túy Bình Thạnh: Ngang 8m (281m2), 1400m2 Sàn 36","Bình Thạnh, Thành phố Hồ Chí Minh",36000000000.0,281.0,,TP.HCM (lõi cũ),Nhà ở/Nhà phố,128113879.00355873
https://nhadat.cafeland.vn/shop-2-mat-tien-gl-50m2-truc-xuyen-tam-vinh-tien-gia-cu-pkd-0931-79-33-20-2828413.html,SHOP 2 MẶT TIỀN GL 50m2 Trục Xuyên Tâm Vịnh Tiên Giá củ – PKD 0931 79 33 20,"Cần Giờ, Thành phố Hồ Chí Minh",19000000000.0,100.0,,TP.HCM (lõi cũ),Khác,190000000.0
https://nhadat.cafeland.vn/ban-nha-cu-tien-xay-dung-moi-va-son-sua-duong-phan-huy-ich-quan-go-vap-2949414.html,"Bán Nhà Cũ Tiện Xây dựng mới và Sơn sửa Đường phan Huy Ích, Quận Gò Vấp","An Hội Tây, Thành phố Hồ Chí Minh",15700000000.0,145.0,,TP.HCM (lõi cũ),Nhà ở/Nhà phố,108275862.06896552
https://nhadat.cafeland.vn/ban-nha-rieng-ban-nha-goc-mat-tien-duong-dong-hung-thuan-quan-12-so-hong-ri-3182207.html,Bán nhà riêng: Bán nhà góc mặt tiền đường Đông Hưng Thuận - Quận 12 - sổ hồng ri,"Đông Hưng Thuận, Thành phố Hồ Chí Minh",12500000000.0,160.0,,TP.HCM (lõi cũ),Nhà ở/Nhà phố,78125000.0
https://nhadat.cafeland.vn/ban-nha-mat-tien-duong-nguyen-cong-tru-phuong-sai-gon-tp-ho-chi-minh-2490958.html,"Bán nhà mặt tiền đường Nguyễn Công Trứ, phường Sài Gòn, TP. Hồ Chí Minh","Sài Gòn, Thành phố Hồ Chí Minh",23000000000.0,35.63,,TP.HCM (lõi cũ),Nhà ở/Nhà phố,645523435.3073252
https://nhadat.cafeland.vn/ban-dat-tho-cu-02-lo-dat-lien-ke-5m-x-23m-1-lo-mat-nhua-8m-thong-1-duong-tth-3183181.html,Bán đất thổ cư: 02 Lô đất liền kề 5m x 23m / 1 Lô Mat Nhựa 8M Thông 1/ Đường TTH,"Tân Thới Hiệp, Thành phố Hồ Chí Minh",5880000000.0,100.0,,TP.HCM (lõi cũ),Đất nền,58800000.0
https://nhadat.cafeland.vn/ban-nha-rieng-nha-ngang-18m-hiem-co-190m2-san-vuon-huynh-tan-phat-q7-chi-7-3183260.html,"Bán nhà riêng: Nhà ngang 18m hiếm có, 190m2, sân vườn, Huỳnh Tấn Phát, Q7, chỉ 7","Phú Thuận, Thành phố Hồ Chí Minh",7990000000.0,115.0,,TP.HCM (lõi cũ),Nhà ở/Nhà phố,69478260.86956522
https://nhadat.cafeland.vn/ban-nha-rieng-ban-nha-mt-ly-chinh-thang-p7-quan-3-dt-4x23m-gia-305-ty-3188269.html,"Bán nhà riêng: Bán nhà MT Lý Chĩnh Thắng P7 Quận 3, dt: 4x23m giá 30.5 tỷ","Xuân Hòa, Thành phố Hồ Chí Minh",30500000000.0,91.0,,TP.HCM (lõi cũ),Nhà ở/Nhà phố,335164835.16483516
https://nhadat.cafeland.vn/ban-can-ho-chung-cu-ban-chung-cu-sora-gardens-2-96m2-3pn-2wc-gia-ban-55-ty-3183931.html,"Bán căn hộ chung cư: Bán chung cư Sora Gardens 2, 96m², 3PN, 2WC. Giá bán 5,5 tỷ","Bình Dương, Thành phố Hồ Chí Minh",5500000000.0,96.0,3.0,Bình Dương (mới sáp nhập),Căn hộ/Chung cư,57291666.666666664
https://nhadat.cafeland.vn/ban-can-ho-sai-gon-town-dt-60m2-2pn-co-nt-gia-chi-2150-ty-1323694.html,"Bán căn hộ Sài Gòn Town, DT 60m2, 2PN, có NT, giá chỉ 2.150 tỷ.","Tân Phú, Thành phố Hồ Chí Minh",2150000000.0,60.0,2.0,TP.HCM (lõi cũ),Căn hộ/Chung cư,35833333.333333336
https://nhadat.cafeland.vn/ro-hang-ban-ch-riva-park-p-xom-chieu-cap-nhat-gia-tot-lh-0938231076-1907989.html,"Rổ hàng Bán CH Riva Park, P Xóm Chiếu, Cập Nhật Giá Tốt. LH: 0938231076","Xóm Chiếu, Thành phố Hồ Chí Minh",5300000000.0,80.0,,TP.HCM (lõi cũ),Khác,66250000.0
https://nhadat.cafeland.vn/ban-nha-hxh-ngay-cho-ba-chieu-70m2-ngang-hiem-56m-gia-chi-7-ty-2557290.html,"BÁN NHÀ HXH NGAY CHỢ BÀ CHIỂU 70M2, NGANG HIẾM 5.6M. GIÁ CHỈ 7 TỶ","Bình Thạnh, Thành phố Hồ Chí Minh",7000000000.0,49.0,,TP.HCM (lõi cũ),Nhà ở/Nhà phố,142857142.85714287
https://nhadat.cafeland.vn/gio-hang-dep-ma-vn80-13-vinhomes-green-paradise-can-gio-dien-tich-2664m2-xem-gia-tot-ngay-2489238.html,"Giỏ hàng đẹp mã VN80-13 Vinhomes Green Paradise Cần Giờ diện tích 266,4m2 xem giá tốt ngay","Cần Giờ, Thành phố Hồ Chí Minh",30008000000.0,266.4,,TP.HCM (lõi cũ),Khác,112642642.64264265
https://nhadat.cafeland.vn/ban-chdv-6l-hem-8m-le-duc-tho-105m2-ngang-51m-16pn-co-thang-may-tn-100tr-235ty-3181426.html,Bán CHDV 6L hẻm 8m Lê Đức Thọ 105m2 ngang 5.1m 16PN có thang máy TN 100tr 23.5tỷ,"An Hội Đông, Thành phố Hồ Chí Minh",23500000000.0,105.0,16.0,TP.HCM (lõi cũ),Khác,223809523.80952382
https://nhadat.cafeland.vn/ban-nha-khu-dan-tri-cao-an-ninh-tot-duong-so-6-linh-xuan-thu-duc-tphcm-lh0909428-2731695.html,Bán nhà khu dân trí cao an ninh tốt đường số 6 linh xuân thủ đức tphcm LH0909428,"Linh Xuân, Thành phố Hồ Chí Minh",5800000000.0,146.0,,TP.HCM (lõi cũ),Nhà ở/Nhà phố,39726027.39726027
https://nhadat.cafeland.vn/ban-can-ho-chung-cu-ban-can-penthouse-166m2-3pn-tai-park-4-vinhomes-central-3188504.html,"Bán căn hộ chung cư: Bán căn PENTHOUSE 166M2, 3pn, tại PARK 4, VINHOMES CENTRAL","Thạnh Mỹ Tây, Thành phố Hồ Chí Minh",6123000000.0,166.0,3.0,TP.HCM (lõi cũ),Căn hộ/Chung cư,36885542.1686747
https://nhadat.cafeland.vn/gia-tot-94trm2-nha-moi-2-tang-68m2-chi-64-ty-duong-huong-lo-2-shr-gan-bon-xa-3140562.html,"Giá Tốt 94tr/m2 Nhà Mới 2 Tầng 68m2 Chỉ 6,4 Tỷ Đường Hương Lộ 2 SHR Gần Bốn Xã","Bình Trị Đông, Thành phố Hồ Chí Minh",6400000000.0,68.0,,TP.HCM (lõi cũ),Nhà ở/Nhà phố,94117647.05882353
https://nhadat.cafeland.vn/tai-chinh-1-ty-ban-mua-duoc-can-ho-2-phong-ngu-tai-hqc-plaza-binh-chanh-1699505.html,Tài chính 1 tỷ bạn mua được căn hộ 2 phòng ngủ tại HQC PLAZA_Bình Chánh,"Bình Chánh, Thành phố Hồ Chí Minh",1000000000.0,55.0,2.0,TP.HCM (lõi cũ),Căn hộ/Chung cư,18181818.181818184
https://nhadat.cafeland.vn/nha-ban-2-tang-moi-chu-van-an-tang-noi-that-so-hong-rieng-3178482.html,"nhà bán 2 tầng mới chu văn an, tặng nội thất, sổ hồng riêng","Bình Thạnh, Thành phố Hồ Chí Minh",5200000000.0,38.0,3.0,TP.HCM (lõi cũ),Nhà ở/Nhà phố,136842105.2631579
https://nhadat.cafeland.vn/ban-nha-thoai-ngoc-hautrung-tam-quan-tan-phu-so-hong-rieng-110m2-6-tang-3013829.html,"BÁN NHÀ THOẠI NGỌC HẦU,TRUNG TÂM QUẬN TÂN PHÚ - SỔ HỒNG RIÊNG - 110m² - 6 TẦNG","Tân Phú, Thành phố Hồ Chí Minh",16900000000.0,110.0,,TP.HCM (lõi cũ),Nhà ở/Nhà phố,153636363.63636363
https://nhadat.cafeland.vn/nha-pho-re-5-x-30m-truong-han-sieu-da-kao-quan-1-tphcm-2282233.html,Nhà phố rẻ 5 x 30m Trương Hán Siêu Đa Kao Quận 1 TP.HCM,"Tân Định, Thành phố Hồ Chí Minh",27750000000.0,150.0,,TP.HCM (lõi cũ),Nhà ở/Nhà phố,185000000.0
https://nhadat.cafeland.vn/ban-nha-rieng-mat-tien-nguyen-phi-khanh-p-tan-dinh-quan-1-35m24185-3189161.html,"Bán nhà riêng: Mặt tiền Nguyễn Phi Khanh, P. Tân Định- Quận 1 - 35M2(4.18.5) -","Tân Định, Thành phố Hồ Chí Minh",10800000000.0,35.0,,TP.HCM (lõi cũ),Nhà ở/Nhà phố,308571428.5714286
https://nhadat.cafeland.vn/ban-nha-bui-tu-toanan-lacbinh-tanhem-8m-so-hong-rieng-80m2-gia-79-ty-2831798.html,"Bán Nhà Bùi Tư Toàn,An Lạc,Bình Tân,Hẻm 8m - Sổ Hồng Riêng - 80m2 - giá 7,9 tỷ","An Lạc, Thành phố Hồ Chí Minh",7900000000.0,80.0,,TP.HCM (lõi cũ),Nhà ở/Nhà phố,98750000.0
https://nhadat.cafeland.vn/ban-ma-tl-245-vinhomes-green-paradise-can-gio-quy-hoach-lon-dien-tich-150m2-tiem-nang-tang-gia-2489277.html,Bán mã TL-245 Vinhomes Green Paradise Cần Giờ quy hoạch lớn diện tích 150m2 tiềm năng tăng giá,"Cần Giờ, Thành phố Hồ Chí Minh",23556000000.0,150.0,,TP.HCM (lõi cũ),Khác,157040000.0
https://nhadat.cafeland.vn/can-ho-2pn-gia-cuc-tot-cho-khach-dau-tu-chi-nhinh-300trm2-tang-o-parking-2287159.html,"Căn hộ 2PN giá cực tốt cho khách đầu tư, chỉ nhỉnh 300tr/m2 tặng ô parking","An Khánh, Thành phố Hồ Chí Minh",26000000000.0,81.0,2.0,TP.HCM (lõi cũ),Căn hộ/Chung cư,320987654.32098764
https://nhadat.cafeland.vn/ban-dat-nong-lam-nghiep-ban-dat-vuon-2-mat-tien-hieu-liem-bac-tan-uyen-binh-3180482.html,"Bán đất nông, lâm nghiệp: Bán đất vườn 2 mặt tiền Hiếu Liêm, Bắc Tân Uyên, Bình","Thường Tân, Thành phố Hồ Chí Minh",15000000000.0,26.27,,Bình Dương (mới sáp nhập),Đất nền,570993528.7400076
https://nhadat.cafeland.vn/ban-nha-rieng-ban-nha-hxh-duong-cau-xeo-tan-phu-585-16m-1-tret-1-lau-3185737.html,"Bán nhà riêng: Bán nhà hxh đường cầu xéo tân phú | 5,85 16m | 1 trệt 1 lầu","Tân Sơn Nhì, Thành phố Hồ Chí Minh",11000000000.0,93.0,,TP.HCM (lõi cũ),Nhà ở/Nhà phố,118279569.89247312
https://nhadat.cafeland.vn/ban-nha-dien-bien-phu-so-hong-rieng-dat-67-3178444.html,"bán nhà điện biên phủ sổ hồng riêng, đất 67","Gia Định, Thành phố Hồ Chí Minh",6500000000.0,43.0,2.0,TP.HCM (lõi cũ),Đất nền,151162790.69767442
https://nhadat.cafeland.vn/mat-tien-tran-thu-do-53m2-47x115-nha-c4-tien-xay-moi-kd-dinh-chi-10-ty-tl-2489097.html,"Mặt tiền Trần Thủ Độ, 53m2, 4.7x11.5, nhà C4 tiện xây mới, KD đỉnh, Chỉ 10 tỷ TL","Phú Thạnh, Thành phố Hồ Chí Minh",10000000000.0,53.0,,TP.HCM (lõi cũ),Nhà ở/Nhà phố,188679245.28301886
https://nhadat.cafeland.vn/chinh-chu-can-ban-nhanhhem-xe-hoi-bach-dang-quan-tan-binh-2273025.html,"Chính chủ cần bán nhanh,hẻm xe hơi Bạch đằng, quận Tân bình","Tân Sơn Hòa, Thành phố Hồ Chí Minh",16500000000.0,91.0,3.0,TP.HCM (lõi cũ),Khác,181318681.31868133
https://nhadat.cafeland.vn/ban-can-dep-vn75-03-vinhomes-green-paradise-can-gio-dien-tich-270m2-trong-khu-do-thi-lan-bien-2489244.html,Bán căn đẹp VN75-03 Vinhomes Green Paradise Cần Giờ diện tích 270m2 trong khu đô thị lấn biển,"Cần Giờ, Thành phố Hồ Chí Minh",32447000000.0,270.0,,TP.HCM (lõi cũ),Khác,120174074.07407407
https://nhadat.cafeland.vn/ban-nha-rieng-ban-nha-goc-duong-hiep-thanh-35-phuong-tan-thoi-hiep-quan-12-cu-3182200.html,"Bán nhà riêng: Bán nhà góc đường Hiệp Thành 35, phường Tân Thới Hiệp, Quận 12 cũ","Tân Thới Hiệp, Thành phố Hồ Chí Minh",4500000000.0,52.0,2.0,TP.HCM (lõi cũ),Nhà ở/Nhà phố,86538461.53846154
https://nhadat.cafeland.vn/ban-nha-rieng-nha-4-tam-duong-tran-thai-tong-p15-tan-binh-43m2-gia-47-ty-3186769.html,"Bán nhà riêng: Nhà 4 Tấm đường Trần Thái Tông, P.15, Tân Bình 43m2, giá 4,7 tỷ","Tân Sơn, Thành phố Hồ Chí Minh",4700000000.0,43.0,4.0,TP.HCM (lõi cũ),Nhà ở/Nhà phố,109302325.58139534
https://nhadat.cafeland.vn/ban-nha-mtkd-nguyen-chi-thanh-p-cho-lon-khu-kinh-doanh-sam-uat-3160182.html,Bán nhà MTKD Nguyễn Chí Thanh . P chợ lớn . Khu kinh doanh sầm uất,"Chợ Lớn, Thành phố Hồ Chí Minh",19000000000.0,34.0,,TP.HCM (lõi cũ),Nhà ở/Nhà phố,558823529.4117647
https://nhadat.cafeland.vn/chinh-chu-gui-ban-dat-trong-khu-do-thi-lien-ke-vsip-2-binh-duong-2483977.html,Chính chủ gửi bán đất trong khu đô thị liền kề Vsip 2 Bình Dương,"Vĩnh Tân, Thành phố Hồ Chí Minh",980000000.0,75.0,,Bình Dương (mới sáp nhập),Đất nền,13066666.666666666
https://nhadat.cafeland.vn/231m2-nha-cap-4-hem-xe-hoi-thong-ban-co-tt-go-vap-giap-binh-thanh-phu-nhuan-3147691.html,"231m2 Nhà cấp 4, hẻm xe hơi thông bàn cờ, TT Gò Vấp giáp Bình Thạnh, Phú Nhuận","Hạnh Thông, Thành phố Hồ Chí Minh",25000000000.0,231.0,,TP.HCM (lõi cũ),Nhà ở/Nhà phố,108225108.22510822
https://nhadat.cafeland.vn/ban-nha-rieng-pham-huu-lau-gia-55-ty-88m2-3-tang-gan-phu-my-hung-3185792.html,"Bán nhà riêng: Phạm Hữu Lầu, Giá 5.5 Tỷ (88m2) 3 Tầng Gấn Phú Mỹ Hưng","Phú Thuận, Thành phố Hồ Chí Minh",5500000000.0,86.0,,TP.HCM (lõi cũ),Nhà ở/Nhà phố,63953488.37209302
https://nhadat.cafeland.vn/ban-nha-rieng-hiem-cuc-soc-mt-tran-thu-do-tan-phu-77-ty-60m2-4x15-4pn-bo-3182263.html,"Bán nhà riêng: Hiếm cực sốc MT Trần Thủ Độ, Tân Phú 7.7 tỷ, 60m2 (4x15), 4PN, bỏ","Phú Thạnh, Thành phố Hồ Chí Minh",7700000000.0,57.0,4.0,TP.HCM (lõi cũ),Nhà ở/Nhà phố,135087719.2982456
https://nhadat.cafeland.vn/ban-nha-rieng-nha-dep-le-van-phan-3-tang-4-phong-ngu-gia-cuc-yeu-3187768.html,"Bán nhà riêng: Nhà đẹp Lê Văn Phan, 3 tầng, 4 phòng ngủ, giá cực yêu","Phú Thọ Hòa, Thành phố Hồ Chí Minh",5000000000.0,56.0,4.0,TP.HCM (lõi cũ),Nhà ở/Nhà phố,89285714.28571428
https://nhadat.cafeland.vn/nha-dt-95x24m-duong-49-phuong-binh-thuan-q7-gia-30-ty-tl-2249281.html,"nhà DT 9,5x24m đường 49 phường Bình Thuận Q7, giá 30 tỷ TL","Tân Thuận, Thành phố Hồ Chí Minh",30000000000.0,182.0,,TP.HCM (lõi cũ),Nhà ở/Nhà phố,164835164.83516484
https://nhadat.cafeland.vn/toa-nha-chdv-7-tang-150m2-8x19-24-phong-tn-150tr-pccc-day-du-34-ty-tl-2557095.html,"Tòa nhà CHDV 7 tầng, 150m2, 8x19, 24 phòng, TN 150tr, PCCC đầy đủ, 34 tỷ TL","Phú Thọ Hòa, Thành phố Hồ Chí Minh",34000000000.0,150.0,24.0,TP.HCM (lõi cũ),Căn hộ/Chung cư,226666666.66666666
https://nhadat.cafeland.vn/ban-nha-rieng-vi-tri-kinh-doanh-ngay-cho-son-ky-ngay-aeon-mall-tan-phu-truong-3182256.html,"Bán nhà riêng: Vị trí kinh doanh ngay chợ Sơn Kỳ, ngay Aeon Mall Tân Phú, trường","Tây Thạnh, Thành phố Hồ Chí Minh",10700000000.0,118.0,,TP.HCM (lõi cũ),Nhà ở/Nhà phố,90677966.10169491
https://nhadat.cafeland.vn/ban-lien-ke-cua-du-an-vinhomes-green-paradise-can-gio-3189805.html,BÁN LIỀN KỀ CỦA DỰ ÁN VINHOMES GREEN PARADISE CẦN GIỜ,"Cần Giờ, Thành phố Hồ Chí Minh",13676000000.0,80.0,,TP.HCM (lõi cũ),Khác,170950000.0
https://nhadat.cafeland.vn/ban-biet-thu-ban-biet-thu-ven-song-tan-my-q7-cach-truong-canada-phu-my-hung-5-3185782.html,Bán biệt thự: Bán biệt thự ven sông - Tân Mỹ Q7 cách trường Canada Phú Mỹ Hưng 5,"Phú Thuận, Thành phố Hồ Chí Minh",37000000000.0,278.0,7.0,TP.HCM (lõi cũ),Biệt thự,133093525.17985612
https://nhadat.cafeland.vn/ban-dat-tho-cu-ban-lo-dat-ung-van-khiem-4x15-gpxd-tret-2-lau-khu-vuc-dac-dia-3187751.html,Bán đất thổ cư: Bán lô đất Ung Văn Khiêm 4x15 GPXD Trệt + 2 lầu khu vực đắc địa,"Thạnh Mỹ Tây, Thành phố Hồ Chí Minh",9200000000.0,60.0,,TP.HCM (lõi cũ),Đất nền,153333333.33333334
https://nhadat.cafeland.vn/ban-nha-rieng-nha-2-phong-ngu-dien-tich-4m-x-18m-gia-36-ty-mat-tien-kinh-do-3184086.html,"Bán nhà riêng: Nhà 2 phòng ngủ, diện tích 4m x 18m, giá 3,6 tỷ, mặt tiền kinh do","Hiệp Phước, Thành phố Hồ Chí Minh",3600000000.0,72.0,2.0,TP.HCM (lõi cũ),Nhà ở/Nhà phố,50000000.0
https://nhadat.cafeland.vn/ban-nhanh-can-vn84-13-vinhomes-green-paradise-can-gio-khu-vinh-ngoc-dien-tich-2866m2-co-hoi-hiem-2489230.html,"Bán nhanh căn VN84-13 Vinhomes Green Paradise Cần Giờ khu Vịnh Ngọc diện tích 286,6m2 cơ hội hiếm","Cần Giờ, Thành phố Hồ Chí Minh",30327000000.0,286.6,,TP.HCM (lõi cũ),Khác,105816468.94626656
https://nhadat.cafeland.vn/can-goc-2-mat-tien-tang-cao-sieu-dep-ngay-phu-my-hung-full-noi-that-cao-cap-2953598.html,"Căn góc 2 mặt tiền tầng cao siêu đẹp, ngay Phú Mỹ Hưng, Full nội thất cao cấp","Tân Mỹ, Thành phố Hồ Chí Minh",6900000000.0,77.0,2.0,TP.HCM (lõi cũ),Khác,89610389.6103896
https://nhadat.cafeland.vn/nha-hxh-nguyen-huu-tien-75m2-39x192-3pn-xay-kien-co-nha-mat-me-2479594.html,"Nhà HXH Nguyễn Hữu Tiến, 75m2, 3.9x19.2, 3PN, xây kiên cố, nhà mát mẻ","Tây Thạnh, Thành phố Hồ Chí Minh",7500000000.0,75.0,3.0,TP.HCM (lõi cũ),Nhà ở/Nhà phố,100000000.0
https://nhadat.cafeland.vn/ban-can-ho-chung-cu-can-goc-2pn-sky-city-view-phu-my-hung-free-2-nam-phi-du-3184490.html,Bán căn hộ chung cư: Căn góc 2PN Sky City view Phú Mỹ Hưng – free 2 năm phí – Đú,"Tân Mỹ, Thành phố Hồ Chí Minh",4000000000.0,68.78,2.0,TP.HCM (lõi cũ),Căn hộ/Chung cư,58156440.82582146
https://nhadat.cafeland.vn/ban-can-ho-chung-cu-ban-chcc-happy-valley-dt-115m2-3pn-2wc-view-nvl-gia-to-3189038.html,"Bán căn hộ chung cư: Bán CHCC Happy Valley, DT 115m2, 3PN, 2WC, view NVL, giá tố","Tân Hưng, Thành phố Hồ Chí Minh",9000000000.0,115.0,3.0,TP.HCM (lõi cũ),Căn hộ/Chung cư,78260869.56521739
https://nhadat.cafeland.vn/ban-nha-rieng-nha-ba-diem-5x12m-ba-diem-3-nguyen-thi-soc-hoc-mon-3187944.html,"Bán nhà riêng: Nhà Bà Điểm 5x12m, Bà Điểm 3, Nguyễn Thị Sóc Hóc Môn","Bà Điểm, Thành phố Hồ Chí Minh",2150000000.0,50.0,2.0,TP.HCM (lõi cũ),Nhà ở/Nhà phố,43000000.0
https://nhadat.cafeland.vn/nha-43x19m-duong-17-phuong-tan-kieng-q7-cho-tan-quy-2285452.html,"nhà 4,3x19m đường 17 Phường Tân Kiểng Q7. chợ Tân Quy","Tân Hưng, Thành phố Hồ Chí Minh",18300000000.0,80.0,,TP.HCM (lõi cũ),Nhà ở/Nhà phố,228750000.0
https://nhadat.cafeland.vn/nha-mat-tien-duong-hung-vuong-quan-10-phuong-vuon-lai-p1-cu-3189807.html,Nhà mặt tiền đường Hùng Vương Quận 10 - Phường Vườn Lài (p1 Cũ).,"Vườn Lài, Thành phố Hồ Chí Minh",22000000000.0,42.0,6.0,TP.HCM (lõi cũ),Nhà ở/Nhà phố,523809523.8095238
https://nhadat.cafeland.vn/biet-thu-trung-tam-go-vap-hiem-8mx22m-1-hem-xe-tai-dong-tien-35-trieuthang-2933314.html,"Biệt Thự Trung tâm Gò Vấp hiếm 8mx22m - 1/ Hẻm Xe Tải, Dòng tiền 35 Triệu/Tháng","Gò Vấp, Thành phố Hồ Chí Minh",28500000000.0,176.0,,TP.HCM (lõi cũ),Biệt thự,161931818.1818182
https://nhadat.cafeland.vn/ban-nha-rieng-mat-tien-dc11-110m2-5-tang-be-tong-cot-thep-thang-may-via-he-3182243.html,"Bán nhà riêng: Mặt tiền DC11, 110m², 5 tầng bê tông cốt thép, thang máy, vỉa hè,","Tây Thạnh, Thành phố Hồ Chí Minh",14300000000.0,110.0,,TP.HCM (lõi cũ),Nhà ở/Nhà phố,130000000.0
https://nhadat.cafeland.vn/ban-nha-rieng-sat-hxh-nguyen-thi-minh-khai-p5-q3-4-x-10-3pn-3wc-3-tang-bt-3189177.html,Bán nhà riêng: Sát Hxh Nguyễn Thị Minh Khai P5 Q3 4 x 10 - 3PN 3WC 3 Tầng - BT,"Bàn Cờ, Thành phố Hồ Chí Minh",3695000000.0,40.0,3.0,TP.HCM (lõi cũ),Nhà ở/Nhà phố,92375000.0
https://nhadat.cafeland.vn/keo-thom-chinh-chu-mat-tien-an-nhon-tay-144m2-full-tho-cu-2931779.html,Kèo thơm chính chủ - Mặt tiền An Nhơn Tây 144m² full thổ cư,"An Nhơn Tây, Thành phố Hồ Chí Minh",1300000000.0,144.0,,TP.HCM (lõi cũ),Đất nền,9027777.777777778
https://nhadat.cafeland.vn/chuyen-nhuong-can-goc-2-mat-tien-duong-xe-hoi-phuong-binh-trung-dong-quan-2-2474922.html,"Chuyển nhượng căn góc 2 mặt tiền đường xe hơi, phường Bình Trưng Đông, quận 2","An Khánh, Thành phố Hồ Chí Minh",9400000000.0,71.4,3.0,TP.HCM (lõi cũ),Khác,131652661.06442577
https://nhadat.cafeland.vn/ban-nha-rieng-nha-thang-may-5-tang-4x185m-5pn-duong-8m-sat-mt-huong-lo-2-3187840.html,Bán nhà riêng: Nhà thang máy 5 tầng (4x18.5m) 5PN - Đường 8m - Sát MT Hương Lộ 2,"Bình Trị Đông, Thành phố Hồ Chí Minh",8300000000.0,73.0,5.0,TP.HCM (lõi cũ),Nhà ở/Nhà phố,113698630.1369863
https://nhadat.cafeland.vn/ban-nha-rieng-co-nhung-can-nha-dang-dep-chi-co-gia-la-dep-hon-sau-mot-lan-di-3189202.html,"Bán nhà riêng: Có những căn nhà đang đẹp, chỉ có giá là đẹp hơn sau một lần đi","Bình Thạnh, Thành phố Hồ Chí Minh",1759000000.0,43.4,,TP.HCM (lõi cũ),Nhà ở/Nhà phố,40529953.91705069
https://nhadat.cafeland.vn/p-ban-co-nha-4-tang-hxh-quay-dau-ngang-6m-2-mat-thoang-co-garage-20-ty-2474845.html,[P Bàn Cờ] Nhà 4 Tầng –HXH Quay Đầu – Ngang 6m – 2 Mặt Thoáng – Có Garage –20 Tỷ,"Bàn Cờ, Thành phố Hồ Chí Minh",20000000000.0,81.0,,TP.HCM (lõi cũ),Nhà ở/Nhà phố,246913580.24691358
https://nhadat.cafeland.vn/goc-2mt-hong-bangq11-4x12m6-tang-nha-moi-thang-maygia-21-ty-3189870.html,"Góc 2MT Hồng Bàng,Q.11 - 4x12m(6 tầng_NHÀ MỚI_thang máy)Gía: 21 tỷ","Minh Phụng, Thành phố Hồ Chí Minh",21000000000.0,42.0,,TP.HCM (lõi cũ),Nhà ở/Nhà phố,500000000.0
https://nhadat.cafeland.vn/ban-nha-3x12m-4-tang-5pn-hem-3m-xe-tai-nho-vao-so-rieng-hoan-cong-2338352.html,"Bán nhà 3x12m, 4 tầng, 5PN – hẻm 3m xe tải nhỏ vào – sổ riêng hoàn công","Đức Nhuận, Thành phố Hồ Chí Minh",6800000000.0,36.0,5.0,TP.HCM (lõi cũ),Nhà ở/Nhà phố,188888888.8888889
https://nhadat.cafeland.vn/ban-lo-4x18m-duong-41-khu-an-phu-hung-phuong-tan-phong-q7-gia-tot-2211443.html,bán lô 4x18m đường 41 khu an phú hưng phường tân phong Q7. giá tốt,"Tân Hưng, Thành phố Hồ Chí Minh",15000000000.0,72.0,,TP.HCM (lõi cũ),Khác,208333333.33333334
https://nhadat.cafeland.vn/can-ho-2pn-nhat-monrei-saigon-hoan-thien-cao-cap-vi-tri-ket-noi-gan-metro-3175083.html,"Căn hộ 2PN Nhật - Monrei SaiGon hoàn thiện cao cấp, vị trí kết nối gần Metro.","Thuận Giao, Thành phố Hồ Chí Minh",2300000000.0,53.0,2.0,Bình Dương (mới sáp nhập),Căn hộ/Chung cư,43396226.41509434
https://nhadat.cafeland.vn/mtkd-cau-xeo-79m2-ngang-52m-3-tang-4pn-moi-lung-linh-kd-dinh-142-ty-tl-2932829.html,"MTKD Cầu Xéo, 79m2, ngang 5.2m, 3 tầng, 4PN, mới lung linh, KD đỉnh, 14.2 tỷ TL","Tân Sơn Nhì, Thành phố Hồ Chí Minh",14200000000.0,79.0,4.0,TP.HCM (lõi cũ),Khác,179746835.443038
https://nhadat.cafeland.vn/ban-can-ho-chung-cu-ban-ngay-can-ho-tropic-garden-cuc-hiem-tai-quan-2-voi-vi-3188503.html,Bán căn hộ chung cư: Bán ngay căn hộ Tropic Garden cực hiếm tại Quận 2 với vị,"An Khánh, Thành phố Hồ Chí Minh",2890000000.0,112.0,,TP.HCM (lõi cũ),Căn hộ/Chung cư,25803571.42857143
https://nhadat.cafeland.vn/ban-dat-tho-cu-ban-dat-160-met-hxh-nguyen-van-thu-phuong-trung-my-tay-quan-12-3185704.html,"Bán đất thổ cư: Bán đất 160 mét HXH Nguyễn Văn Thủ, Phường Trung Mỹ Tây, Quận 12","Trung Mỹ Tây, Thành phố Hồ Chí Minh",5150000000.0,160.0,,TP.HCM (lõi cũ),Đất nền,32187500.0
https://nhadat.cafeland.vn/biet-thu-2-tang-duong-ho-hoc-lamgan-vo-van-kietkdc-le-thanh-2820690.html,"Biệt thự 2 tầng đường Hồ Học Lãm,gần Võ Văn Kiệt,KDC Lê Thành.","An Lạc, Thành phố Hồ Chí Minh",6900000000.0,94.0,2.0,TP.HCM (lõi cũ),Biệt thự,73404255.31914894
https://nhadat.cafeland.vn/ban-can-ho-chung-cu-ban-can-ho-hoang-anh-thanh-binh-gan-lotte-quan-7-loai-3188313.html,Bán căn hộ chung cư: - Bán căn hộ HOÀNG ANH THANH BÌNH GẦN LOTTE QUẬN 7 - Loại,"Tân Hưng, Thành phố Hồ Chí Minh",2260000000.0,100.0,3.0,TP.HCM (lõi cũ),Căn hộ/Chung cư,22600000.0
https://nhadat.cafeland.vn/nha-re-vi-tri-dep-475-x-26m-1-tret-2-lau-pho-duc-chinh-binh-thanh-tphcm-2827239.html,Nhà rẻ vị trí đẹp 4.75 x 26m 1 trệt 2 lầu Phó Đức Chính Bình Thạnh TP.HCM,"Gia Định, Thành phố Hồ Chí Minh",17500000000.0,123.0,,TP.HCM (lõi cũ),Nhà ở/Nhà phố,142276422.76422763
https://nhadat.cafeland.vn/nha-5-tang-btct-hxh-khu-vuc-an-ninh-yen-tinh-dan-tri-phaply-chuan-2819826.html,"Nhà 5 tầng btct, hxh, khu vực an ninh yên tĩnh dân trí. Pháplý chuẩn","Bàn Cờ, Thành phố Hồ Chí Minh",4950000000.0,20.0,,TP.HCM (lõi cũ),Nhà ở/Nhà phố,247500000.0
https://nhadat.cafeland.vn/quan-3-ban-nha-5-tang-hxh-6m-thong-gan-mat-tien-ly-thai-to-4pn-chi-hon-10-ty-2286314.html,[Quận 3] Bán Nhà 5 Tầng HXH 6M Thông Gần Mặt Tiền Lý Thái Tổ 4PN Chỉ Hơn 10 Tỷ,"Bàn Cờ, Thành phố Hồ Chí Minh",10300000000.0,32.0,4.0,TP.HCM (lõi cũ),Nhà ở/Nhà phố,321875000.0
https://nhadat.cafeland.vn/ban-nha-mat-tien-khu-ten-luaphuong-an-lac-so-hong-rieng-64m2-gia-89-ty-2831792.html,"Bán Nhà Mặt Tiền Khu Tên Lửa,Phường An Lạc - Sổ Hồng Riêng - 64m2 - Giá 8,9 Tỷ","An Lạc, Thành phố Hồ Chí Minh",8900000000.0,64.0,,TP.HCM (lõi cũ),Nhà ở/Nhà phố,139062500.0
https://nhadat.cafeland.vn/ban-dat-tho-cu-hiem-dat-mat-tien-kdc-trung-son-10x20m-canh-phu-my-hung-sun-3184515.html,"Bán đất thổ cư: Hiếm - Đất mặt tiền KDC Trung Sơn, 10x20m, cạnh Phú Mỹ Hưng, Sun","Bình Hưng, Thành phố Hồ Chí Minh",32000000000.0,200.0,,TP.HCM (lõi cũ),Đất nền,160000000.0
https://nhadat.cafeland.vn/ban-nha-rieng-nha-2-tang-duong-9m-ngay-cho-son-ky-bo-bao-tan-thang-gan-aeon-tan-3184009.html,Bán nhà riêng: Nhà 2 tầng đường 9m ngay chợ Sơn Kỳ Bờ Bao Tân Thắng gần Aeon Tân,"Tây Thạnh, Thành phố Hồ Chí Minh",7200000000.0,64.0,2.0,TP.HCM (lõi cũ),Nhà ở/Nhà phố,112500000.0
https://nhadat.cafeland.vn/hang-ngop-sat-cho-long-dien-brvt-full-tho-cu-2485266.html,"HÀNG NGỘP SÁT CHỢ LONG ĐIỀN, BRVT – FULL THỔ CƯ","Long Điền, Thành phố Hồ Chí Minh",2150000000.0,112.6,,Bà Rịa - Vũng Tàu (mới sáp nhập),Đất nền,19094138.543516874
https://nhadat.cafeland.vn/ban-can-ho-chung-cu-gui-ban-gap-tu-chinh-chu-ch-bau-cat-2-qtan-binh-dt72m2-2-3187757.html,"Bán căn hộ chung cư: Gửi bán gấp từ chính chủ CH Bàu Cát 2 Q.Tân Bình, DT72m2, 2","Tân Sơn Nhất, Thành phố Hồ Chí Minh",1720000000.0,72.0,,TP.HCM (lõi cũ),Căn hộ/Chung cư,23888888.888888888
https://nhadat.cafeland.vn/ban-dat-tho-cu-ban-lo-dat-hem-o-to-5m-nguyen-van-qua-quan-12-dien-tich-49m-x-3185693.html,"Bán đất thổ cư: Bán lô đất hẻm ô tô 5m Nguyễn Văn Quá Quận 12, diện tích: 4.9m x","Đông Hưng Thuận, Thành phố Hồ Chí Minh",5800000000.0,93.0,,TP.HCM (lõi cũ),Đất nền,62365591.39784946
https://nhadat.cafeland.vn/ban-nha-rieng-nha-dep-4-tang-60m2-ngang-45m-nguyen-xi-binh-thanh-hem-3184919.html,"Bán nhà riêng: Nhà đẹp 4 tầng - 60m2, ngang 4,5m - Nguyễn Xí - Bình Thạnh - Hẻm","Bình Thạnh, Thành phố Hồ Chí Minh",9300000000.0,60.0,5.0,TP.HCM (lõi cũ),Nhà ở/Nhà phố,155000000.0
https://nhadat.cafeland.vn/hxh-nguyen-suy-gan-tan-huong-64m2-4x16-5-tang-5pn-thiet-ke-chau-au-chi-92-2484549.html,"HXH Nguyễn Suý gần Tân Hương, 64m2, 4x16, 5 tầng, 5PN, thiết kế châu Âu, Chỉ 9.2","Phú Thọ Hòa, Thành phố Hồ Chí Minh",9200000000.0,64.0,5.0,TP.HCM (lõi cũ),Khác,143750000.0
https://nhadat.cafeland.vn/ban-nha-rieng-sieu-pham-mat-tien-kinh-doanh-sam-uat-khu-ho-le-le-niem-tan-ph-3183208.html,"Bán nhà riêng: Siêu phẩm mặt tiền kinh doanh sầm uất, khu Họ Lê, Lê Niệm, Tân Ph","Phú Thạnh, Thành phố Hồ Chí Minh",23000000000.0,115.0,,TP.HCM (lõi cũ),Nhà ở/Nhà phố,200000000.0
https://nhadat.cafeland.vn/ban-nha-mat-tien-duong-chinh-40m-nha-shr-vuong-dep-vi-tri-kinh-doanh-sam-uat-2289924.html,"BÁN NHÀ MẶT TIỀN ĐƯỜNG CHÍNH 40M, NHÀ SHR VUÔNG ĐẸP, VỊ TRÍ KINH DOANH SẦM UẤT","An Nhơn, Thành phố Hồ Chí Minh",23000000000.0,80.0,,TP.HCM (lõi cũ),Nhà ở/Nhà phố,287500000.0
https://nhadat.cafeland.vn/6m18m-4tang-1sec-xe-tai-thong-3can-ra-mat-tien-chu-xay-o-noi-that-cao-cap-3145227.html,"(6M*18M) 4TẦNG, 1SẸC XE TẢI THÔNG, 3CĂN RA MẶT TIỀN, CHỦ XÂY Ở NỘI THẤT CAO CẤP","Gò Vấp, Thành phố Hồ Chí Minh",17500000000.0,108.0,,TP.HCM (lõi cũ),Khác,162037037.03703704
https://nhadat.cafeland.vn/ban-nha-hem-xe-hoiduong-so-18bbinh-hung-hoa-a4m-x-17m-x-4-tang-75-ti-tl-2474587.html,"BÁN NHÀ HẺM XE HƠI,ĐƯỜNG SỐ 18B,BÌNH HƯNG HOÀ A(4m x 17m x 4 TẦNG) 7,5 TỈ TL","Bình Trị Đông, Thành phố Hồ Chí Minh",7500000000.0,68.0,3.0,TP.HCM (lõi cũ),Nhà ở/Nhà phố,110294117.64705883
https://nhadat.cafeland.vn/ban-nha-3-tang-90m2-duong-cay-keo-tam-phu-thu-duc-gia-105-ty-2358001.html,"Bán nhà 3 tầng 90m2 đường Cây Keo Tam Phú Thủ Đức – giá 10,5 tỷ","Tam Bình, Thành phố Hồ Chí Minh",10500000000.0,90.0,,TP.HCM (lõi cũ),Nhà ở/Nhà phố,116666666.66666667
https://nhadat.cafeland.vn/ban-nha-rieng-biet-thu-lam-son-binh-thanh-nha-dep-4-tang-142m6761723-3189207.html,"Bán nhà riêng: Biệt thự Lam Sơn, BÌNH THẠNH - NHÀ ĐẸP 4 TẦNG - 142M(6.7617.23)","Bình Lợi Trung, Thành phố Hồ Chí Minh",4025000000.0,142.0,,TP.HCM (lõi cũ),Biệt thự,28345070.42253521
https://nhadat.cafeland.vn/chuyen-nhuong-nha-mat-tien-kinh-doanh-phuong-12-quan-binh-thanh-2478974.html,"Chuyển nhượng nhà mặt tiền kinh doanh, phường 12, quận Bình Thạnh","Bình Thạnh, Thành phố Hồ Chí Minh",15000000000.0,62.0,4.0,TP.HCM (lõi cũ),Nhà ở/Nhà phố,241935483.87096775
https://nhadat.cafeland.vn/so-huu-re-chcc-2-phong-ngu-lancaster-le-thanh-ton-q1-tphcm-3131417.html,Sở hữu rẻ CHCC 2 phòng ngủ Lancaster Lê Thánh Tôn Q1 TP.HCM,"Sài Gòn, Thành phố Hồ Chí Minh",14190000000.0,86.0,2.0,TP.HCM (lõi cũ),Căn hộ/Chung cư,165000000.0
https://nhadat.cafeland.vn/chdv-5-tang-thang-may-huynh-van-nghe-192m2-8x25-37-phong-ty-suat-8nam-2810974.html,"CHDV 5 tầng thang máy Huỳnh Văn Nghệ, 192m2, 8x25, 37 phòng, tỷ suất >8%/năm","Tân Sơn, Thành phố Hồ Chí Minh",29500000000.0,192.0,37.0,TP.HCM (lõi cũ),Khác,153645833.33333334
https://nhadat.cafeland.vn/nguon-kin-dat-linh-dong-50m2-ngang-45m-duong-xe-hoi-6m-nhinh-4-ty-3190030.html,NGUỒN KÍN - ĐẤT LINH ĐÔNG – 50M2 NGANG 4.5M - ĐƯỜNG XE HƠI 6M - NHỈNH 4 TỶ,"Thủ Đức, Thành phố Hồ Chí Minh",4590000000.0,45.0,2.0,TP.HCM (lõi cũ),Đất nền,102000000.0
https://nhadat.cafeland.vn/ban-nha-lau-100m-shr-1nguyen-thi-sau-xa-thoi-tam-thon-hoc-mon-2268492.html,"BÁN NHÀ LẦU 100M SHR 1/NGUYỄN THỊ SÁU , XÃ THỚI TAM THÔN , HÓC MÔN","Đông Thạnh, Thành phố Hồ Chí Minh",4490000000.0,100.0,2.0,TP.HCM (lõi cũ),Nhà ở/Nhà phố,44900000.0
https://nhadat.cafeland.vn/top-nha-xinh-goc-2-mat-tien-69-x-16m-cu-xa-lu-gia-quan-11-tphcm-2254887.html,Top nhà xinh góc 2 mặt tiền 6.9 x 16m Cư Xá Lữ Gia Quận 11 TP.HCM,"Phú Thọ, Thành phố Hồ Chí Minh",29000000000.0,110.0,,TP.HCM (lõi cũ),Nhà ở/Nhà phố,263636363.63636363
https://nhadat.cafeland.vn/chuyen-nhuong-lo-dat-goc-3-mat-tien-duong-ngo-gia-tu-binh-duong-2474382.html,"Chuyển nhượng lô đất góc 3 mặt tiền đường Ngô Gia Tự, Bình Dương","Bình Dương, Thành phố Hồ Chí Minh",16500000000.0,310.0,,Bình Dương (mới sáp nhập),Đất nền,53225806.451612905
https://nhadat.cafeland.vn/mo-ban-can-ho-green-skylineban-giao-hoan-thien-t12gio-hang-f0-2932606.html,Mở bán căn hộ Green Skyline|Bàn giao hoàn thiện T12|Giỏ hàng F0,"Dĩ An, Thành phố Hồ Chí Minh",2750000000.0,50.0,,Bình Dương (mới sáp nhập),Căn hộ/Chung cư,55000000.0
https://nhadat.cafeland.vn/ban-can-ho-conic-binh-chanh-114m2-3pn-full-noi-that-3189715.html,BÁN CĂN HỘ CONIC BÌNH CHÁNH – 114M² – 3PN – FULL NỘI THẤT,"Bình Chánh, Thành phố Hồ Chí Minh",3850000000.0,114.0,3.0,TP.HCM (lõi cũ),Căn hộ/Chung cư,33771929.8245614
https://nhadat.cafeland.vn/ban-nha-hem-2-xe-hoi-tranh-nhau-duong-nguyen-xi-phuong-binh-loi-trung-tp-ho-chi-minh-2490957.html,"Bán nhà hẻm 2 xe hơi tránh nhau đường Nguyễn Xí, phường Bình Lợi Trung, TP. Hồ Chí Minh","Bình Lợi Trung, Thành phố Hồ Chí Minh",7900000000.0,52.0,,TP.HCM (lõi cũ),Nhà ở/Nhà phố,151923076.92307693
https://nhadat.cafeland.vn/ch-26-nguyen-thuong-hien-so-san-55m2-2-ty-2-o-luon-view-landmark-bank-70-2812335.html,"CH 26 Nguyễn Thượng Hiền ,Sổ sẵn 55M2 / 2 tỷ 2 ,Ở luôn ,View Landmark , Bank 70%","Hạnh Thông, Thành phố Hồ Chí Minh",2200000000.0,55.0,,TP.HCM (lõi cũ),Khác,40000000.0
https://nhadat.cafeland.vn/ban-nha-phuong-ban-co-can-goc-3-mat-tien-hxh-6m-cx-do-thanh-41m2-87-ty-2324773.html,BÁN NHÀ PHƯỜNG BÀN CỜ – CĂN GÓC 3 MẶT TIỀN – HXH 6M CX ĐÔ THÀNH – 41M² – 8.7 TỶ,"Bàn Cờ, Thành phố Hồ Chí Minh",8700000000.0,41.0,,TP.HCM (lõi cũ),Nhà ở/Nhà phố,212195121.9512195
https://nhadat.cafeland.vn/goc-2-mat-tien-phan-van-tri-o-to-dau-cua-3-tang-khong-lo-gioi-chi-78ty-2290237.html,GÓC 2 MẶT TIỀN PHAN VĂN TRỊ - Ô TÔ ĐẬU CỬA - 3 TẦNG - KHÔNG LỘ GIỚI - CHỈ 7.8Tỷ,"Bình Lợi Trung, Thành phố Hồ Chí Minh",7800000000.0,32.0,,TP.HCM (lõi cũ),Khác,243750000.0
https://nhadat.cafeland.vn/nha-2-mat-no-hau-l-moi-dep-voi-4tang-5pn-pn-tret-2-san-thuong-2-san-de-xe-3176391.html,"Nhà 2 mặt, nở hậu L, mới đẹp với 4tầng, 5pn (pn trệt) 2 sân thượng, 2 sân để xe","Đức Nhuận, Thành phố Hồ Chí Minh",9300000000.0,83.0,5.0,TP.HCM (lõi cũ),Nhà ở/Nhà phố,112048192.77108434
https://nhadat.cafeland.vn/ban-nha-rieng-vi-tri-dep-ngang-hon-4m-no-hau-em-sieu-pham-4-tang-moi-dep-sat-3185755.html,"Bán nhà riêng: Vị trí đẹp, ngang hơn 4m, nở hậu, em siêu phẩm 4 tầng mới đẹp sát","Bình Trị Đông, Thành phố Hồ Chí Minh",4400000000.0,34.0,,TP.HCM (lõi cũ),Nhà ở/Nhà phố,129411764.70588236
https://nhadat.cafeland.vn/nha-4-tang-mat-tien-le-than-75m2-41x18-tien-o-kd-lap-duoc-thang-may-2324978.html,"Nhà 4 tầng mặt tiền Lê Thận, 75m2, 4.1x18, tiện ở + KD, lắp được thang máy","Phú Thạnh, Thành phố Hồ Chí Minh",9800000000.0,75.0,,TP.HCM (lõi cũ),Nhà ở/Nhà phố,130666666.66666667
https://nhadat.cafeland.vn/ban-kho-nha-xuong-ban-kho-duong-12m-xe-conter-5x26-129m2-full-tho-gia-hon-7-3183975.html,"Bán kho, nhà xưởng: Bán kho đường 12m xe conter 5x26 129m2. Full thổ. Giá hơn 7","Thới An, Thành phố Hồ Chí Minh",7390000000.0,129.0,,TP.HCM (lõi cũ),Nhà ở/Nhà phố,57286821.70542636
https://nhadat.cafeland.vn/ban-can-ho-chung-cu-can-ho-59m2-2pn2vs-full-noi-that-chung-cu-an-gia-3185819.html,Bán căn hộ chung cư: căn hộ 59m2 . 2pn.2vs. full nội thất . chung cư an gia,"Tân Nhựt, Thành phố Hồ Chí Minh",2800000000.0,59.0,2.0,TP.HCM (lõi cũ),Căn hộ/Chung cư,47457627.118644066
https://nhadat.cafeland.vn/chuyen-nhuong-nha-mat-tien-duong-nguyen-ba-huan-thao-dien-quan-2-2481117.html,"Chuyển nhượng nhà mặt tiền đường Nguyễn Bá Huân, Thảo Điền, quận 2","An Khánh, Thành phố Hồ Chí Minh",25500000000.0,59.2,,TP.HCM (lõi cũ),Nhà ở/Nhà phố,430743243.2432432
https://nhadat.cafeland.vn/ban-nha-6-x20m-duong-so-18-khu-cho-tan-my-p-tan-phu-q7-2236723.html,"bán nhà 6 x20m, đường số 18 . khu chợ tân mỹ . p Tân Phú .Q7","Tân Mỹ, Thành phố Hồ Chí Minh",21500000000.0,120.0,,TP.HCM (lõi cũ),Nhà ở/Nhà phố,179166666.66666666
https://nhadat.cafeland.vn/ban-nha-rieng-nha-rat-dep-huynh-tan-phat-phu-thuan-q7-hang-xom-kdc-nam-long-3-t-3182311.html,Bán nhà riêng: Nhà rất đẹp-Huỳnh Tấn Phát-Phú Thuận-Q7-hàng xóm kdc Nam Long-3 t,"Phú Thuận, Thành phố Hồ Chí Minh",8500000000.0,76.0,,TP.HCM (lõi cũ),Nhà ở/Nhà phố,111842105.26315789
https://nhadat.cafeland.vn/huynh-tan-phat-ha-manh-500tr-nha-3-tang-5pn-47x20m-3179249.html,"Huỳnh tấn phát hạ mạnh 500tr, nhà 3 tầng 5pn 4.7x20m","Tân Mỹ, Thành phố Hồ Chí Minh",5700000000.0,94.0,5.0,TP.HCM (lõi cũ),Nhà ở/Nhà phố,60638297.872340426
https://nhadat.cafeland.vn/ban-dat-tho-cu-chinh-chu-gia-dinh-ban-gap-dat-4x125-50m-dat-duong-1-le-thi-3185696.html,"Bán đất thổ cư: Chính chủ! Gia đình bán gấp đất 4x12,5= 50m đất Đường 1/ Lê Thị","Thới An, Thành phố Hồ Chí Minh",1450000000.0,50.0,,TP.HCM (lõi cũ),Đất nền,29000000.0
https://nhadat.cafeland.vn/ban-nha-rieng-nha-mt-nga-tu-lam-van-ben-gia-ngop-bank-chi-1-can-hiem-co-70m2-4-3184043.html,"Bán nhà riêng: Nhà MT Ngã tư Lâm Văn Bền Giá Ngộp Bank chỉ 1 căn hiếm có 70m2, 4","Tân Hưng, Thành phố Hồ Chí Minh",12000000000.0,70.0,,TP.HCM (lõi cũ),Nhà ở/Nhà phố,171428571.42857143
https://nhadat.cafeland.vn/ban-nha-dep-2-tang-linh-xuan-ngang-6-met-dau-oto-247-50-met-ra-quoc-lo-1k-3189589.html,BÁN NHÀ ĐẸP 2 TẦNG LINH XUÂN - NGANG 6 MÉT ĐẬU OTO 24/7 - 50 MÉT RA QUỐC LỘ 1K,"Linh Xuân, Thành phố Hồ Chí Minh",4600000000.0,61.0,2.0,TP.HCM (lõi cũ),Nhà ở/Nhà phố,75409836.06557377
https://nhadat.cafeland.vn/ban-nha-rieng-nha-vuong-van-dong-hung-thuan-gia-41-ty-3185665.html,"Bán nhà riêng: Nhà vuông vắn Đông Hưng Thuận, giá 4,1 tỷ","Đông Hưng Thuận, Thành phố Hồ Chí Minh",4100000000.0,58.0,2.0,TP.HCM (lõi cũ),Nhà ở/Nhà phố,70689655.1724138
https://nhadat.cafeland.vn/ban-nha-rieng-ke-ben-chuoi-5-he-thong-ngan-hang-cafe-sieu-thi-vi-tri-xung-qu-3187771.html,"Bán nhà riêng: Kế bên chuỗi 5 hệ thống ngân hàng, cafe, siêu thị, vị trí xung qu","Phú Thọ Hòa, Thành phố Hồ Chí Minh",30000000000.0,160.0,5.0,TP.HCM (lõi cũ),Nhà ở/Nhà phố,187500000.0
https://nhadat.cafeland.vn/ban-nha-1432-nguyen-van-luong-go-vap-gia-14-ty-tl-3189636.html,"BÁN NHÀ 14/32 NGUYỄN VĂN LƯỢNG, GÒ VẤP, GIÁ 14 TỶ TL","An Nhơn, Thành phố Hồ Chí Minh",14000000000.0,112.0,,TP.HCM (lõi cũ),Nhà ở/Nhà phố,125000000.0
https://nhadat.cafeland.vn/nha-mat-tien-tay-thanh-78m2-ngang-43m-dong-tien-30trthang-kinh-doanh-dinh-2325948.html,"Nhà mặt tiền Tây Thạnh, 78m2, ngang 4.3m, dòng tiền 30tr/tháng, Kinh doanh đỉnh","Tây Thạnh, Thành phố Hồ Chí Minh",12200000000.0,78.0,,TP.HCM (lõi cũ),Nhà ở/Nhà phố,156410256.41025642
https://nhadat.cafeland.vn/re-nhat-thi-truong-can-ho-q1-gia-42-ty-cach-di-bo-nguyen-hue-50m-so-hong-rieng-2489414.html,"Rẻ nhất thị trường căn hộ Q1 giá 4,2 tỷ cách đi bộ Nguyễn Huệ 50m sổ hồng riêng","Sài Gòn, Thành phố Hồ Chí Minh",4200000000.0,31.0,1.0,TP.HCM (lõi cũ),Căn hộ/Chung cư,135483870.96774194
https://nhadat.cafeland.vn/hang-hiem-ban-nha-nat-mt-duong-so-45-quan-7-dt-35m-x-18m-gia-105-ty-tl-2288175.html,"Hàng hiếm! Bán nhà nát MT đường số 45 Quận 7. DT: 3,5m x 18m. Giá: 10.5 tỷ TL","Tân Thuận, Thành phố Hồ Chí Minh",10500000000.0,63.0,,TP.HCM (lõi cũ),Nhà ở/Nhà phố,166666666.66666666
https://nhadat.cafeland.vn/ban-dat-tho-cu-chu-ngop-ha-gia-ban-nhanh-lo-dat-tho-cu-250m2-duong-tinh-lo-2-li-3186835.html,Bán đất thổ cư: Chủ ngộp hạ giá bán nhanh lô đất thổ cư 250m2 đường Tỉnh Lộ 2 li,"Tân An Hội, Thành phố Hồ Chí Minh",800000000.0,250.0,,TP.HCM (lõi cũ),Đất nền,3200000.0
https://nhadat.cafeland.vn/gio-hang-monrei-saigon-cap-nhat-moi-nhat-uu-tien-chon-can-dep-truoc-mo-ban-2933201.html,GIỎ HÀNG MONREI SAIGON CẬP NHẬT MỚI NHẤT - ƯU TIÊN CHỌN CĂN ĐẸP TRƯỚC MỞ BÁN,"Thuận Giao, Thành phố Hồ Chí Minh",2250000000.0,56.0,,Bình Dương (mới sáp nhập),Khác,40178571.428571425
https://nhadat.cafeland.vn/ban-nha-rieng-164trm2-ban-nha-mat-tien-ngo-tat-to-phuong-22-binh-thanh-182-3185716.html,"Bán nhà riêng: (164tr/m2) bán nhà mặt tiền Ngô Tất Tố, Phường 22, Bình Thạnh 182","Thạnh Mỹ Tây, Thành phố Hồ Chí Minh",29900000000.0,182.0,,TP.HCM (lõi cũ),Nhà ở/Nhà phố,164285714.2857143
https://nhadat.cafeland.vn/ban-nha-mat-tien-duong-ngo-thi-thu-minh-phuong-2-quan-tan-binh-2481784.html,"Bán nhà mặt tiền đường Ngô Thị Thu Minh, phường 2, quận Tân Bình","Tân Bình, Thành phố Hồ Chí Minh",20000000000.0,57.0,7.0,TP.HCM (lõi cũ),Nhà ở/Nhà phố,350877192.98245615
https://nhadat.cafeland.vn/nha-pho-re-44-x-95m-1-tret-2-lau-tran-dinh-xu-quan-1-tphcm-2281421.html,Nhà phố rẻ 4.4 x 9.5m 1 trệt 2 lầu Trần Đình Xu Quận 1 TP.HCM,"Cầu Ông Lãnh, Thành phố Hồ Chí Minh",8900000000.0,42.0,,TP.HCM (lõi cũ),Nhà ở/Nhà phố,211904761.9047619
https://nhadat.cafeland.vn/ban-nha-rieng-giam-500tr-con-5ty150-3-tang-3pn-duong-6m-oto-tranh-co-via-h-3187871.html,Bán nhà riêng: Giảm 500tr còn 5t.y150. 3 tầng. 3pn. Đường 6m ôtô tránh. Có vỉa h,"An Lạc, Thành phố Hồ Chí Minh",5150000000.0,80.0,3.0,TP.HCM (lõi cũ),Nhà ở/Nhà phố,64375000.0
https://nhadat.cafeland.vn/ban-dat-tho-cu-chu-ngop-bank-can-ban-gap-lo-dat-mt-nguyen-van-kha-180m2-gia-6-3184066.html,Bán đất thổ cư: Chủ ngộp bank cần bán gấp lô đất mt nguyễn văn khạ 180m2 - giá 6,"Tân An Hội, Thành phố Hồ Chí Minh",690000000.0,180.0,,TP.HCM (lõi cũ),Đất nền,3833333.3333333335
https://nhadat.cafeland.vn/nha-quan-3-co-hem-nhua-8m-nhu-con-duong-lon-2555782.html,Nhà quận 3 có hẻm nhựa 8m như con đường lớn,"Bàn Cờ, Thành phố Hồ Chí Minh",8850000000.0,35.0,,TP.HCM (lõi cũ),Nhà ở/Nhà phố,252857142.85714287
https://nhadat.cafeland.vn/ban-nha-rieng-can-ban-can-nha-3-lau-kdc-cao-cap-full-noi-that-nang-va-he-nang-3184469.html,"Bán nhà riêng: Cần bán căn nhà 3 lầu KDC cao cấp, full nội thất năng và hệ năng","Phú Thạnh, Thành phố Hồ Chí Minh",14000000000.0,78.0,4.0,TP.HCM (lõi cũ),Nhà ở/Nhà phố,179487179.4871795
https://nhadat.cafeland.vn/nha-full-nt-ngay-gan-truong-th-dang-thuy-tram-sieu-thi-emart-go-vap-439-t-3177110.html,"Nhà fUll NT ngay gần trường TH Đặng Thuỳ Trâm, Siêu Thị Emart Gò Vấp| 4.39 T","An Hội Tây, Thành phố Hồ Chí Minh",4390000000.0,27.0,2.0,TP.HCM (lõi cũ),Nhà ở/Nhà phố,162592592.5925926
https://nhadat.cafeland.vn/ban-re-nha-xinh-4-x-19m-1-tret-2-lau-tran-trieu-luat-tan-binh-tphcm-2279862.html,Bán rẻ nhà xinh 4 x 19m 1 trệt 2 lầu Trần Triệu Luật Tân Bình TP.HCM,"Tân Sơn Nhất, Thành phố Hồ Chí Minh",15300000000.0,78.0,,TP.HCM (lõi cũ),Nhà ở/Nhà phố,196153846.15384614
https://nhadat.cafeland.vn/ban-can-ho-chung-cu-toi-ban-can-goc-carillon-3-tai-hoang-hoa-tham-43-ty-65m2-3183200.html,"Bán căn hộ chung cư: Tôi bán căn góc Carillon 3 tại Hoàng Hoa Thám, 4,3 tỷ, 65m2","Tân Bình, Thành phố Hồ Chí Minh",4300000000.0,65.0,,TP.HCM (lõi cũ),Căn hộ/Chung cư,66153846.15384615
https://nhadat.cafeland.vn/ban-nha-pho-du-an-ngop-ban-nha-3-tang-the-sol-city-35-ty-tl-so-rieng-3188763.html,"Bán nhà phố dự án: Ngộp, bán nhà 3 tầng the sol city, 3,5 tỷ TL, sổ riêng","Hưng Long, Thành phố Hồ Chí Minh",3500000000.0,75.0,,TP.HCM (lõi cũ),Nhà ở/Nhà phố,46666666.666666664
https://nhadat.cafeland.vn/ban-nha-rieng-nha-hem-nguyen-duy-thong-tu-huong-3188261.html,Bán nhà riêng: nhà hẻm nguyễn duy thông tứ hướng,"Phú Định, Thành phố Hồ Chí Minh",3890000000.0,33.0,3.0,TP.HCM (lõi cũ),Nhà ở/Nhà phố,117878787.87878788
https://nhadat.cafeland.vn/dau-tu-an-toan-dong-tien-on-dinh-tai-chcc-vlasta-premier-quan-7-2936269.html,Đầu tư an toàn - Dòng tiền ổn định tại CHCC Vlasta Premier Quận 7,"Phú Thuận, Thành phố Hồ Chí Minh",8900000000.0,101.0,,TP.HCM (lõi cũ),Căn hộ/Chung cư,88118811.88118812
https://nhadat.cafeland.vn/nha-xinh-re-42-x-252m-1-tret-3-lau-nguyen-thi-minh-khai-quan-1-tphcm-2227338.html,Nhà xinh rẻ 4.2 x 25.2m 1 trệt 3 lầu Nguyễn Thị Minh Khai Quận 1 TP.HCM,"Sài Gòn, Thành phố Hồ Chí Minh",25000000000.0,220.0,,TP.HCM (lõi cũ),Nhà ở/Nhà phố,113636363.63636364
https://nhadat.cafeland.vn/ban-can-ho-chung-cu-gia-soc-chu-can-ban-gap-trong-tuan-p7-12-ot17-vi-3188509.html,Bán căn hộ chung cư: Giá sốc – chủ cần bán gấp TRONG TUẦN P7-12 OT17 | Vi,"Thạnh Mỹ Tây, Thành phố Hồ Chí Minh",4580000000.0,83.0,,TP.HCM (lõi cũ),Căn hộ/Chung cư,55180722.89156626
https://nhadat.cafeland.vn/chuyen-nhuong-nha-hem-xe-hoi-duong-d2-binh-thanh-2490920.html,"Chuyển nhượng nhà hẻm xe hơi đường D2, Bình Thạnh","Bình Thạnh, Thành phố Hồ Chí Minh",18800000000.0,90.0,,TP.HCM (lõi cũ),Nhà ở/Nhà phố,208888888.8888889
https://nhadat.cafeland.vn/ban-nha-rieng-giam-600-trieu-ban-gap-nha-hxh-sat-cong-vien-tam-vu-p26-binh-t-3184438.html,"Bán nhà riêng: Giảm 600 triệu bán gấp nhà hxh sát công viên Tầm Vu, P.26, Bình T","Bình Thạnh, Thành phố Hồ Chí Minh",7300000000.0,50.0,,TP.HCM (lõi cũ),Nhà ở/Nhà phố,146000000.0
https://nhadat.cafeland.vn/ban-nha-hxh-119-nguyen-thi-thapquan-7-dt-14x21m-2-lau-2287259.html,"Bán nhà HXH 119 Nguyễn Thị Thập,Quận 7 dt 14x21m, 2 lầu","Tân Hưng, Thành phố Hồ Chí Minh",33000000000.0,287.0,,TP.HCM (lõi cũ),Nhà ở/Nhà phố,114982578.39721255
https://nhadat.cafeland.vn/ban-nha-rieng-hot-ban-gap-nha-rieng-3-tang-tay-thanh-tan-phu-40m2-3-pn-chi-3184468.html,"Bán nhà riêng: Hot, Bán gấp Nhà riêng 3 Tầng Tây Thạnh Tân Phú, 40m2, 3 PN, chỉ","Tây Thạnh, Thành phố Hồ Chí Minh",4100000000.0,40.0,3.0,TP.HCM (lõi cũ),Nhà ở/Nhà phố,102500000.0
https://nhadat.cafeland.vn/ban-nha-rieng-ban-nha-dep-5-tang-kdc-greenlife-13c-binh-hung-giap-quan-8-nhinh-3183315.html,"Bán nhà riêng: BÁN NHÀ ĐẸP 5 TẦNG KDC GreenLife 13C Bình Hưng, giáp Quận 8 nhỉnh","Bình Hưng, Thành phố Hồ Chí Minh",7600000000.0,90.0,,TP.HCM (lõi cũ),Nhà ở/Nhà phố,84444444.44444445
https://nhadat.cafeland.vn/ban-can-ho-chung-cu-chinh-chu-ban-can-ho-thu-thiem-xanh-2pn-lau-cao-minh-d-3188578.html,Bán căn hộ chung cư: Chính chủ BÁN CĂN HỘ THỦ THIÊM XANH – 2PN LẦU CAO Mình đ,"Bình Trưng, Thành phố Hồ Chí Minh",1735000000.0,60.0,2.0,TP.HCM (lõi cũ),Căn hộ/Chung cư,28916666.666666668
https://nhadat.cafeland.vn/dat-48x13-gia-3-ty-80-trieu-dien-tich-48-x-13m-586m2-tho-cu-53m2-2952922.html,"Đất 4,8x13 (Giá 3 tỷ 80 triệu) Diện tích: 4.8 x 13m (58.6m²) – Thổ cư 53m²","Thới An, Thành phố Hồ Chí Minh",3080000000.0,59.0,,TP.HCM (lõi cũ),Đất nền,52203389.83050848
https://nhadat.cafeland.vn/ban-mtkd-30mvia-he-nguyen-oanh-130m2-ngang-52m-kd-dinh-gan-cho-an-nhon-215-ty-2477894.html,Bán MTKD 30m+vỉa hè Nguyễn Oanh 130m2 ngang 5.2m KD đỉnh gần chợ An Nhơn 21.5 tỷ,"An Nhơn, Thành phố Hồ Chí Minh",21500000000.0,130.0,,TP.HCM (lõi cũ),Khác,165384615.3846154
https://nhadat.cafeland.vn/ban-nha-rieng-nha-dep-4-tang-120m2-14pn-dong-tien-55trthang-ngang-53m-cac-3183242.html,"Bán nhà riêng: Nhà đẹp 4 tầng 120m2 14PN dòng tiền 55tr/tháng - ngang 5,3m - các","Tân Mỹ, Thành phố Hồ Chí Minh",12000000000.0,120.0,14.0,TP.HCM (lõi cũ),Nhà ở/Nhà phố,100000000.0
https://nhadat.cafeland.vn/ban-nha-rieng-ban-gap-nha-hem-o-to-le-van-luong-q7-o-tan-hung-dt-100m-su-dun-3185776.html,Bán nhà riêng: Bán gấp nhà hẻm ô tô Lê Văn Lương Q7. Ở Tân Hưng. DT: 100m sử dụn,"Tân Hưng, Thành phố Hồ Chí Minh",6500000000.0,50.0,2.0,TP.HCM (lõi cũ),Nhà ở/Nhà phố,130000000.0
https://nhadat.cafeland.vn/ban-dat-tho-cu-dat-ngop-ban-xa-lo-cach-nga-4-ga-500m-p-an-phu-dong-3184908.html,Bán đất thổ cư: đất ngộp bán xả lổ - cách ngã 4 ga 500m- p. An Phú Đông,"An Phú Đông, Thành phố Hồ Chí Minh",3600000000.0,70.0,,TP.HCM (lõi cũ),Đất nền,51428571.428571425
https://nhadat.cafeland.vn/ban-shophouse-lo-goc-duong-khuong-viettan-phu-88m2-x-2-tang-71-ty-tl-2469365.html,"BÁN SHOPHOUSE LÔ GÓC ĐƯỜNG KHUÔNG VIỆT,TÂN PHÚ - 88m2 x 2 TẦNG -7,1 TỶ TL","Tân Phú, Thành phố Hồ Chí Minh",7100000000.0,88.0,2.0,TP.HCM (lõi cũ),Khác,80681818.18181819
https://nhadat.cafeland.vn/ban-nha-rieng-nha-dong-tien-4-lau-ngay-ben-thanh-quan-1-135-ty-3187708.html,"Bán nhà riêng: Nhà dòng tiền - 4 lầu ngay Bến Thành - Quận 1. 13,5 tỷ.","Bến Thành, Thành phố Hồ Chí Minh",13500000000.0,50.0,6.0,TP.HCM (lõi cũ),Nhà ở/Nhà phố,270000000.0
https://nhadat.cafeland.vn/dat-phuoc-hai-gia-tot-dien-tich-lon-gan-bien-tiem-nang-du-lich-cao-2557397.html,ĐẤT PHƯỚC HẢI GIÁ TỐT – DIỆN TÍCH LỚN – GẦN BIỂN – TIỀM NĂNG DU LỊCH CAO,"Phước Hải, Thành phố Hồ Chí Minh",850000000.0,200.0,,Bà Rịa - Vũng Tàu (mới sáp nhập),Đất nền,4250000.0
https://nhadat.cafeland.vn/chuyen-nhuong-nha-mat-tien-duong-tran-van-dang-phuong-11-quan-3-2478183.html,"Chuyển nhượng nhà mặt tiền đường Trần Văn Đang, phường 11, quận 3","Bàn Cờ, Thành phố Hồ Chí Minh",18800000000.0,70.4,,TP.HCM (lõi cũ),Nhà ở/Nhà phố,267045454.54545453
https://nhadat.cafeland.vn/ban-nha-4-tang-104m2-duong-s2-tay-thanh-tan-phu-17-ty-dang-co-thu-nhap-50trth-2810983.html,Bán nhà 4 tầng 104m2 đường S2 Tây Thạnh Tân Phú- 17 tỷ- Đang có thu nhập 50tr/th,"Tây Thạnh, Thành phố Hồ Chí Minh",17000000000.0,104.0,,TP.HCM (lõi cũ),Nhà ở/Nhà phố,163461538.46153846
https://nhadat.cafeland.vn/ban-can-ho-pi-city-sky-park-ngay-pham-van-dong-ban-giao-full-noi-that-cao-cap-2728850.html,Bán căn hộ Pi City Sky Park ngay Phạm Văn Đồng bàn giao full nội thất cao cấp,"Dĩ An, Thành phố Hồ Chí Minh",2750000000.0,60.0,,Bình Dương (mới sáp nhập),Căn hộ/Chung cư,45833333.333333336
https://nhadat.cafeland.vn/eaton-park-quan-2-ban-can-goc-2pn-view-landmark-81-2555982.html,Eaton Park - Quận 2 - bán căn Góc - 2PN - view Landmark 81,"An Khánh, Thành phố Hồ Chí Minh",10900000000.0,75.0,2.0,TP.HCM (lõi cũ),Khác,145333333.33333334
https://nhadat.cafeland.vn/ban-ma-vn92-05-vinhomes-green-paradise-can-gio-quy-hoach-lon-dien-tich-2701m2-tiem-nang-tang-gia-2489226.html,"Bán mã VN92-05 Vinhomes Green Paradise Cần Giờ quy hoạch lớn diện tích 270,1m2 tiềm năng tăng giá","Cần Giờ, Thành phố Hồ Chí Minh",31706000000.0,270.1,,TP.HCM (lõi cũ),Khác,117386153.27656423
https://nhadat.cafeland.vn/ban-nha-rieng-nha-3-lau-kdc-phu-hong-thinh-gan-lang-dhqg-hoan-cong-duong-nhua-3186660.html,Bán nhà riêng: Nhà 3 lầu kdc phú hồng thịnh gần làng đhqg. hoàn công đường nhựa,"Đông Hòa, Thành phố Hồ Chí Minh",5950000000.0,72.0,,Bình Dương (mới sáp nhập),Nhà ở/Nhà phố,82638888.8888889
https://nhadat.cafeland.vn/nha-pho-tinh-lo-43-3-tang-ngang-76m-gia-59-ty-3164825.html,NHÀ PHỐ TỈNH LỘ 43 | 3 TẦNG | NGANG 7.6M | GIÁ 5.9 TỶ,"Tam Bình, Thành phố Hồ Chí Minh",5900000000.0,110.0,,TP.HCM (lõi cũ),Nhà ở/Nhà phố,53636363.63636363
https://nhadat.cafeland.vn/ban-can-ho-chung-cu-ban-can-ho-vinhomes-central-park-thiet-ke-71m2-2pn-2wc-3188519.html,"Bán căn hộ chung cư: Bán Căn hộ Vinhomes Central Park Thiết kế: 71M², 2PN 2WC","Thạnh Mỹ Tây, Thành phố Hồ Chí Minh",5910000000.0,71.0,2.0,TP.HCM (lõi cũ),Căn hộ/Chung cư,83239436.61971831
https://nhadat.cafeland.vn/phuong-ban-co-mat-tien-kinh-doanh-quan-3-gan-cho-vuon-chuoi-dong-tien-22tr-2289337.html,[Phường Bàn Cờ] Mặt Tiền Kinh Doanh Quận 3 – Gần Chợ Vườn Chuối – Dòng Tiền 22tr,"Bàn Cờ, Thành phố Hồ Chí Minh",12500000000.0,28.0,,TP.HCM (lõi cũ),Khác,446428571.4285714
https://nhadat.cafeland.vn/ban-nha-phuong-14-tan-binh-hem-o-to-gan-truong-chinh-2488454.html,BÁN NHÀ PHƯỜNG 14 – TÂN BÌNH – HẺM Ô TÔ – GẦN TRƯỜNG CHINH,"Tân Bình, Thành phố Hồ Chí Minh",12000000000.0,138.0,,TP.HCM (lõi cũ),Nhà ở/Nhà phố,86956521.73913044
https://nhadat.cafeland.vn/ban-gio-hang-10-can-officetel-golden-king-phu-my-hung-dt-35m2-70m2-2280549.html,"Bán giỏ hàng 10 căn Officetel Golden King - Phú Mỹ Hưng, DT 35m2 - 70m2","Tân Mỹ, Thành phố Hồ Chí Minh",2300000000.0,33.0,,TP.HCM (lõi cũ),Khác,69696969.6969697
https://nhadat.cafeland.vn/ban-nha-duong-so-3phuong-binh-hung-hoa-abinh-tan-110m2-hem-4mgia-8-ty-tl-2812475.html,"Bán Nhà Đường Số 3,Phường Bình Hưng Hoà A,Bình Tân - 110m2 Hẻm 4m,Gía 8 TỶ TL","Bình Hưng Hòa, Thành phố Hồ Chí Minh",8000000000.0,107.0,3.0,TP.HCM (lõi cũ),Nhà ở/Nhà phố,74766355.14018692
https://nhadat.cafeland.vn/top-nha-xinh-re-5-x-16m-5-tang-phan-huy-ich-go-vap-tphcm-2280370.html,Top nhà xinh rẻ 5 x 16m 5 tầng Phan Huy Ích Gò Vấp TP.HCM.,"An Hội Tây, Thành phố Hồ Chí Minh",15800000000.0,80.0,,TP.HCM (lõi cũ),Nhà ở/Nhà phố,197500000.0
https://nhadat.cafeland.vn/dat-mat-tien-vong-cung-tay-bac-ha-huy-giap-toi-le-van-khuong-2933214.html,ĐẤT MẶT TIỀN VÒNG CUNG TÂY BẮC. HÀ HUY GIÁP TỚI LÊ VĂN KHƯỜNG,Thành phố Hồ Chí Minh,9200000000.0,200.0,,TP.HCM (lõi cũ),Khác,46000000.0
https://nhadat.cafeland.vn/mat-tien-le-van-sy-phu-nhuan-2-mat-tien-truoc-sau-quy-dat-dai-hiem-2484222.html,MẶT TIỀN LÊ VĂN SỸ – PHÚ NHUẬN 2 MẶT TIỀN TRƯỚC SAU – QUỸ ĐẤT DÀI HIẾM,"Phú Nhuận, Thành phố Hồ Chí Minh",31500000000.0,119.2,,TP.HCM (lõi cũ),Đất nền,264261744.96644294
https://nhadat.cafeland.vn/ban-nha-rieng-trung-tam-quan-1-nha-moi-3-tang-duc-2pn-3wc-gia-chi-5-ty-nh-3183957.html,Bán nhà riêng: Trung tâm quận 1 - nhà mới 3 tầng đúc (2pn 3wc) - giá chỉ 5 tỷ nh,"Bến Thành, Thành phố Hồ Chí Minh",5280000000.0,26.0,2.0,TP.HCM (lõi cũ),Nhà ở/Nhà phố,203076923.07692307
https://nhadat.cafeland.vn/ban-nha-hem-oto-den-nha-trung-tam-go-vap-nha-shr-xay-duc-that-2-tang-cung-cap-2290268.html,"BÁN NHÀ HẺM ÔTÔ ĐẾN NHÀ TRUNG TÂM GÒ VẤP, NHÀ SHR - XÂY ĐÚC THẬT 2 TẦNG CỨNG CÁP","Thông Tây Hội, Thành phố Hồ Chí Minh",5890000000.0,62.0,,TP.HCM (lõi cũ),Nhà ở/Nhà phố,95000000.0
https://nhadat.cafeland.vn/ban-nha-rieng-chinh-chu-ban-nha-146-m2-nguyen-thi-thanh-hm-hem-xe-hoi-xe-3183300.html,"Bán nhà riêng: Chính chủ bán nhà 146 m2, nguyễn thị thảnh, hm, hẻm xe hơi, xe","Đông Thạnh, Thành phố Hồ Chí Minh",4950000000.0,145.8,,TP.HCM (lõi cũ),Nhà ở/Nhà phố,33950617.28395061
https://nhadat.cafeland.vn/15-ty-mua-dat-hay-mua-ca-mot-phong-cach-song-2933279.html,"1,5 TỶ MUA ĐẤT HAY MUA CẢ MỘT PHONG CÁCH SỐNG?","Đất Đỏ, Thành phố Hồ Chí Minh",1582000000.0,140.0,,Bà Rịa - Vũng Tàu (mới sáp nhập),Đất nền,11300000.0
https://nhadat.cafeland.vn/ban-nha-rieng-ban-nha-cap-4-mat-tien-duong-so-19-pthanh-my-loi-quan-2-3189157.html,Bán nhà riêng: Bán Nhà Cấp 4 Mặt Tiền Đường Số 19 P.Thạnh Mỹ Lợi Quận 2,"Cát Lái, Thành phố Hồ Chí Minh",9000000000.0,121.5,19.0,TP.HCM (lõi cũ),Nhà ở/Nhà phố,74074074.07407407
https://nhadat.cafeland.vn/ban-nha-mat-tien-duong-so-57quan-6-4m-x-16m-x-4-tang-gia-107-ty-tl-2290219.html,"BÁN NHÀ MẶT TIỀN ĐƯỜNG SỐ 57,QUẬN 6 (4m x 16m x 4 TẦNG) GIÁ 10,7 TỶ TL","Bình Phú, Thành phố Hồ Chí Minh",10700000000.0,64.0,5.0,TP.HCM (lõi cũ),Nhà ở/Nhà phố,167187500.0
https://nhadat.cafeland.vn/ban-dat-2-mat-tien-duong-so-23-hiep-binh-chanh-256m2-gan-gigamall-29-ty-2434836.html,"Bán Đất 2 Mặt Tiền Đường Số 23, Hiệp Bình Chánh (256m²) Gần Gigamall- 29 tỷ","Hiệp Bình, Thành phố Hồ Chí Minh",29000000000.0,256.0,,TP.HCM (lõi cũ),Đất nền,113281250.0
https://nhadat.cafeland.vn/hem-xe-tai-phan-van-tri-go-vap-nha-shr-dep-chu-xay-o-duc-ky-3-tang-3pn-3wc-st-2287524.html,"HẺM XE TẢI PHAN VĂN TRỊ GÒ VẤP, NHÀ SHR ĐẸP, CHỦ XÂY Ở ĐÚC KỸ 3 TẦNG 3PN 3WC ST","Gò Vấp, Thành phố Hồ Chí Minh",10290000000.0,60.0,3.0,TP.HCM (lõi cũ),Nhà ở/Nhà phố,171500000.0
https://nhadat.cafeland.vn/top-nha-re-4-x-215m-1-tret-3-lau-nguyen-thi-nho-quan-5-tphcm-3005692.html,Top nhà rẻ 4 x 21.5m 1 trệt 3 lầu Nguyễn Thị Nhỏ Quận 5 TP.HCM,"Chợ Lớn, Thành phố Hồ Chí Minh",28000000000.0,85.0,,TP.HCM (lõi cũ),Nhà ở/Nhà phố,329411764.7058824
https://nhadat.cafeland.vn/biet-thu-dep-long-lanh-8-x-22m-1-ham-5-lau-thang-may-tai-tphcm-chi-38-ty-2239456.html,Biệt thự đẹp long lanh 8 x 22m 1 hầm 5 lầu thang máy tại TP.HCM chỉ 38 tỷ,"Hạnh Thông, Thành phố Hồ Chí Minh",38000000000.0,176.0,,TP.HCM (lõi cũ),Biệt thự,215909090.9090909
https://nhadat.cafeland.vn/ban-nha-rieng-mat-tien-kinh-doanh-ha-dac-1-truc-nguyen-anh-thu-phan-van-hum-3187729.html,"Bán nhà riêng: Mặt tiền kinh doanh Hà Đặc, 1 trục Nguyễn Ảnh Thủ, Phan Văn Hùm","Trung Mỹ Tây, Thành phố Hồ Chí Minh",10000000000.0,130.0,,TP.HCM (lõi cũ),Nhà ở/Nhà phố,76923076.92307693
https://nhadat.cafeland.vn/ban-nha-tinh-lo-10hem-8mkhu-ten-lua-4m-x-22m-x-2-tang-78-ty-tl-2557561.html,"BÁN NHÀ TỈNH LỘ 10,HẺM 8M,KHU TÊN LỬA (4m x 22m x 2 TẦNG) 7,8 TỶ TL","An Lạc, Thành phố Hồ Chí Minh",7800000000.0,86.0,3.0,TP.HCM (lõi cũ),Nhà ở/Nhà phố,90697674.41860466
https://nhadat.cafeland.vn/ban-nha-rieng-ban-nha-3-tang-huong-lo-2-binh-tan-69m2-hem-xe-tai-gia-nhinh-7-ty-3187860.html,Bán nhà riêng: Bán nhà 3 tầng Hương Lộ 2 Bình Tân 69m2 hẻm xe tải giá nhỉnh 7 tỷ,"Bình Trị Đông, Thành phố Hồ Chí Minh",7000000000.0,69.0,,TP.HCM (lõi cũ),Nhà ở/Nhà phố,101449275.36231884
https://nhadat.cafeland.vn/ban-nha-rieng-nha-3tang-66m2-dtsd-hem-4m-thong-thoang-ngay-truc-duong-tan-ho-3187886.html,"Bán nhà riêng: Nhà 3Tầng, 66m2 dtsd, hẻm 4m thông thoáng, ngay trục đường Tân Hò","Bình Trị Đông, Thành phố Hồ Chí Minh",2010000000.0,24.0,3.0,TP.HCM (lõi cũ),Nhà ở/Nhà phố,83750000.0
https://nhadat.cafeland.vn/ban-nha-3-tang-o-ky-hxh-pham-van-chieu-64m241x15-cach-duong-chi-50m-7-ty-hon-2491382.html,Bán nhà 3 tầng ở kỹ HXH Phạm Văn Chiêu 64m2(4.1x15) cách đường chỉ 50m 7 tỷ hơn,"An Hội Tây, Thành phố Hồ Chí Minh",7300000000.0,64.0,,TP.HCM (lõi cũ),Nhà ở/Nhà phố,114062500.0
https://nhadat.cafeland.vn/ban-nha-moi-xay-full-noi-that-duong-so-8-linh-xuan-thu-duc-tphcmlh-0909428959-1562613.html,"Bán nhà mới xây Full nội thất đường số 8 Linh Xuân Thủ Đức TPHCM,LH 0909428959.","Linh Xuân, Thành phố Hồ Chí Minh",6500000000.0,200.0,4.0,TP.HCM (lõi cũ),Nhà ở/Nhà phố,32500000.0
https://nhadat.cafeland.vn/ban-nha-rieng-nha-ma-lo-60m2-4-ty-so-rieng-trao-tay-don-o-vay-bank-80-trun-3187850.html,"Bán nhà riêng: Nhà Mã Lò 60m2 4 tỷ, sổ riêng trao tay, dọn ở, vay BANK 80%, trun","Bình Trị Đông, Thành phố Hồ Chí Minh",4100000000.0,60.0,,TP.HCM (lõi cũ),Nhà ở/Nhà phố,68333333.33333333
https://nhadat.cafeland.vn/ban-dat-tai-thanh-loc-48-an-phu-dong-234-ty-180m2-tp-ho-chi-minh-2326001.html,"Bán Đất tại Thạnh Lộc 48, An Phú Đông, 23,4 tỷ, 180m2, TP Hồ chí minh","An Phú Đông, Thành phố Hồ Chí Minh",23400000000.0,180.0,,TP.HCM (lõi cũ),Đất nền,130000000.0
https://nhadat.cafeland.vn/ban-bt-4pn-4wc-108m2-nha-pho-biet-thu-vung-tau-59-ty-2471641.html,"Bán BT 4PN, 4WC, 108m2, Nhà phố - Biệt Thự Vũng Tàu, 5.9 tỷ","Bà Rịa, Thành phố Hồ Chí Minh",5900000000.0,108.0,4.0,Bà Rịa - Vũng Tàu (mới sáp nhập),Biệt thự,54629629.62962963
https://nhadat.cafeland.vn/empire-city-ban-can-1pn-dung-gu-nguoi-doc-than-thanh-dat-yeu-su-tinh-te-2289282.html,"Empire City - bán căn 1PN - đúng gu người độc thân thành đạt, yêu sự tinh tế","An Khánh, Thành phố Hồ Chí Minh",14500000000.0,64.0,1.0,TP.HCM (lõi cũ),Khác,226562500.0
https://nhadat.cafeland.vn/mo-ban-dot-1-can-ho-tt-genesis-gan-phu-my-hung-chu-dau-tu-viet-nhat-va-sin-3189641.html,"Mở bán đợt 1, căn hộ TT GENESIS gần phú mỹ hưng, chủ đầu tư việt, nhật và sin","Nhà Bè, Thành phố Hồ Chí Minh",2400000000.0,52.0,,TP.HCM (lõi cũ),Căn hộ/Chung cư,46153846.15384615
https://nhadat.cafeland.vn/ban-nha-rieng-phuong-tan-hung-nha-3-tang-hem-ba-gac-44m-3pn-nhinh-5-t-3185768.html,Bán nhà riêng: Phường Tân Hưng - nhà 3 tầng - hẻm ba gác - 44m - 3PN - nhỉnh 5 t,"Tân Hưng, Thành phố Hồ Chí Minh",5500000000.0,40.0,3.0,TP.HCM (lõi cũ),Nhà ở/Nhà phố,137500000.0
https://nhadat.cafeland.vn/ban-dat-tho-cu-dat-vang-hoang-quoc-viet-quan-7-xay-tu-do-vi-tri-cuc-pham-3182288.html,"Bán đất thổ cư: Đất vàng Hoàng Quốc Việt, Quận 7, xây tự do, vị trí cực phẩm","Phú Thuận, Thành phố Hồ Chí Minh",7300000000.0,60.0,,TP.HCM (lõi cũ),Đất nền,121666666.66666667
https://nhadat.cafeland.vn/can-ho-nho-2pn2wcban-cong-tang-thap-cuc-xinh-gia-11-ty-2274815.html,"CĂN HỘ NHỎ 2PN,2WC,BAN CÔNG TẦNG THẤP CỰC XINH GIÁ 1,1 TỶ","Xuân Thới Sơn, Thành phố Hồ Chí Minh",1100000000.0,50.0,2.0,TP.HCM (lõi cũ),Căn hộ/Chung cư,22000000.0
https://nhadat.cafeland.vn/ban-nha-rieng-ban-nha-3-tang-hoang-van-hop-an-lac-hem-xe-hoi-4x14-chi-51-ty-b-3187866.html,"Bán nhà riêng: Bán nhà 3 tầng Hoàng Văn Hợp An Lạc hẻm xe hơi 4x14 chỉ 5,1 tỷ (B","An Lạc, Thành phố Hồ Chí Minh",5100000000.0,56.0,4.0,TP.HCM (lõi cũ),Nhà ở/Nhà phố,91071428.57142857
https://nhadat.cafeland.vn/can-2pn-view-song-dong-nai-65m2-the-gio-riverside-an-gia-vi-tri-lien-ke-thu-duc-2288182.html,CĂN 2PN VIEW SÔNG ĐỒNG NAI 65m2 THE GIÓ RIVERSIDE –AN GIA VỊ TRÍ LIỀN KỀ THỦ ĐỨC,"Dĩ An, Thành phố Hồ Chí Minh",3600000000.0,65.0,2.0,Bình Dương (mới sáp nhập),Khác,55384615.384615384
https://nhadat.cafeland.vn/ban-nha-rieng-gia-tot-quan-1-nha-mt-nguyen-cong-tru-dt-4-x-16m-9-tang-thang-m-3186708.html,Bán nhà riêng: Giá tốt Quận 1 - Nhà MT Nguyễn Công Trứ DT 4 x 16m 9 tầng thang m,"Bến Thành, Thành phố Hồ Chí Minh",30000000000.0,65.0,,TP.HCM (lõi cũ),Nhà ở/Nhà phố,461538461.53846157
https://nhadat.cafeland.vn/ban-nha-rieng-ban-nha-cap-4-duong-tan-chanh-hiep-34-quan-12-dien-tich-56m2-3183958.html,"Bán nhà riêng: Bán nhà cấp 4 đường Tân Chánh Hiệp 34, Quận 12, diện tích 56m2","Trung Mỹ Tây, Thành phố Hồ Chí Minh",1750000000.0,56.0,,TP.HCM (lõi cũ),Nhà ở/Nhà phố,31250000.0
https://nhadat.cafeland.vn/hang-hiem-ba-diem-dat-ngang-5m-133m2-hem-7-2932251.html,"HÀNG HIẾM BÀ ĐIỂM – ĐẤT NGANG 5M, 133M², HẺM 7","Hóc Môn, Thành phố Hồ Chí Minh",4019000000.0,133.0,,TP.HCM (lõi cũ),Đất nền,30218045.112781953
https://nhadat.cafeland.vn/ban-nha-mat-tien-duong-so-11-tran-nao-phuong-an-khanh-quan-2-2481847.html,"Bán nhà mặt tiền đường số 11 Trần Não, phường An Khánh, Quận 2","An Khánh, Thành phố Hồ Chí Minh",8700000000.0,48.0,,TP.HCM (lõi cũ),Nhà ở/Nhà phố,181250000.0
https://nhadat.cafeland.vn/ban-nha-rieng-ban-nha-2-tang-duc-kien-co-gan-cong-vien-lang-hoa-hem-xe-hoi-g-3185666.html,"Bán nhà riêng: Bán nhà 2 tầng đúc kiên cố, gần công viên Làng Hoa, hẻm xe hơi, g","An Phú Đông, Thành phố Hồ Chí Minh",6500000000.0,83.0,3.0,TP.HCM (lõi cũ),Nhà ở/Nhà phố,78313253.0120482
https://nhadat.cafeland.vn/top-nha-vi-tri-trung-tam-56-x-17m-1-tret-3-lau-de-tham-q1-tphcm-2262253.html,Top nhà vị trí trung tâm 5.6 x 17m 1 trệt 3 lầu Đề Thám Q1 TP.HCM,"Bến Thành, Thành phố Hồ Chí Minh",22000000000.0,96.0,,TP.HCM (lõi cũ),Nhà ở/Nhà phố,229166666.66666666
https://nhadat.cafeland.vn/ban-can-ho-chung-cu-ngop-ngan-hang-can-ra-gap-can-studio-950tr-chung-cu-leg-3183093.html,Bán căn hộ chung cư: Ngợp ngân hàng cần ra gấp căn Studio - 950tr - chung cư Leg,"Thuận Giao, Thành phố Hồ Chí Minh",950000000.0,34.0,5.0,Bình Dương (mới sáp nhập),Căn hộ/Chung cư,27941176.470588237
https://nhadat.cafeland.vn/mtkd-duong-le-cao-lang-44m2-khong-lo-gioi-khu-xay-5-tang-675-ty-2932513.html,"MTKD đường Lê Cao Lãng, 44m2, không lộ giới, khu xây 5 tầng, 6.75 tỷ","Phú Thạnh, Thành phố Hồ Chí Minh",6750000000.0,44.0,,TP.HCM (lõi cũ),Khác,153409090.9090909
https://nhadat.cafeland.vn/quan-3-ban-nha-5-tang-thang-may-hxh-cmt8-ngay-cho-hoa-hung-899-ty-2286475.html,[Quận 3] Bán Nhà 5 Tầng Thang Máy HXH CMT8 Ngay Chợ Hoà Hưng 8.99 Tỷ,"Nhiêu Lộc, Thành phố Hồ Chí Minh",8990000000.0,36.0,,TP.HCM (lõi cũ),Nhà ở/Nhà phố,249722222.2222222
https://nhadat.cafeland.vn/mtkd-phan-thi-hanh-ngay-ubnd-55m2-4x136-4-tang-tien-o-kd-chi-86-ty-tl-2819717.html,"MTKD Phan Thị Hành, ngay UBND, 55m2, 4x13.6, 4 tầng, tiện ở +kd, Chỉ 8.6 tỷ TL","Phú Thọ Hòa, Thành phố Hồ Chí Minh",8600000000.0,55.0,,TP.HCM (lõi cũ),Khác,156363636.36363637
https://nhadat.cafeland.vn/so-huu-can-ho-sat-quan-1-chi-voi-2-ty-so-hong-trao-tay-van-tien-duoi-chan-nha-2488844.html,"Sở hữu căn hộ Sát Quận 1, Chỉ với 2 tỷ sổ hồng trao tay, vạn tiện dưới chân nhà","Khánh Hội, Thành phố Hồ Chí Minh",2000000000.0,32.8,,TP.HCM (lõi cũ),Căn hộ/Chung cư,60975609.75609756
https://nhadat.cafeland.vn/mat-tien-duong-hv-banh-ngang-38m-3pn-dang-co-dong-tien-san-co-3147435.html,"Mặt tiền đường Hv Bánh, ngang 3.8m, 3pn, đang có dòng tiền sẵn có","Phú Nhuận, Thành phố Hồ Chí Minh",9500000000.0,25.0,3.0,TP.HCM (lõi cũ),Khác,380000000.0
https://nhadat.cafeland.vn/nha-7x26m-7-lau-duong-so-6-khu-ly-phuc-man-phuong-binh-thuan-quan-7-2201080.html,nhà 7x26m 7 lầu đường số 6 khu lý phục man phường bình thuận Quận 7,"Tân Thuận, Thành phố Hồ Chí Minh",35000000000.0,182.0,28.0,TP.HCM (lõi cũ),Nhà ở/Nhà phố,192307692.30769232
https://nhadat.cafeland.vn/ban-nha-137a-duong-so-45-quan-7-2290145.html,Bán nhà 137A đường số 45 Quận 7,"Tân Hưng, Thành phố Hồ Chí Minh",13500000000.0,72.0,3.0,TP.HCM (lõi cũ),Nhà ở/Nhà phố,187500000.0
https://nhadat.cafeland.vn/chuyen-nhuong-nha-mat-tien-duong-so-phuong-thao-dien-quan-2-2476999.html,"Chuyển nhượng nhà mặt tiền đường số, phường Thảo Điền, quận 2","An Khánh, Thành phố Hồ Chí Minh",22000000000.0,126.0,,TP.HCM (lõi cũ),Nhà ở/Nhà phố,174603174.6031746
https://nhadat.cafeland.vn/nha-3-lau-gan-mat-tien-ba-dinh-cho-xom-cui-quan-8-3189816.html,NHÀ 3 LẦU GẦN MẶT TIỀN BA ĐÌNH – CHỢ XÓM CỦI QUẬN 8,"Chánh Hưng, Thành phố Hồ Chí Minh",5280000000.0,33.0,2.0,TP.HCM (lõi cũ),Nhà ở/Nhà phố,160000000.0
https://nhadat.cafeland.vn/chinh-chu-can-ban-can-studio-the-song-vung-tau-lo-200tr-gia-chot-1850-ty-pham-3189544.html,"Chính chủ cần bán căn studio The Sóng Vũng Tàu lỗ 200tr giá chốt 1,850 tỷ. Phạm","Phước Thắng, Thành phố Hồ Chí Minh",1850000000.0,45.0,,Bà Rịa - Vũng Tàu (mới sáp nhập),Khác,41111111.11111111
https://nhadat.cafeland.vn/ban-nha-rieng-tang-toan-bo-noi-that-gan-hang-xanh-duong-dien-bien-phu-p17-3185717.html,"Bán nhà riêng: Tặng toàn bộ nội thất - Gần Hàng Xanh - Đường Điện Biên Phủ, P17","Gia Định, Thành phố Hồ Chí Minh",5600000000.0,37.0,3.0,TP.HCM (lõi cũ),Nhà ở/Nhà phố,151351351.35135135
https://nhadat.cafeland.vn/hxh-gan-cho-tan-huong-74m2-4x18-3pn-dan-tri-cao-an-ninh-chi-67-ty-tl-2831848.html,"HXH gần chợ Tân Hương, 74m2, 4x18, 3PN, dân trí cao, an ninh, chỉ 6.7 tỷ TL","Phú Thọ Hòa, Thành phố Hồ Chí Minh",6700000000.0,74.0,3.0,TP.HCM (lõi cũ),Khác,90540540.54054055
https://nhadat.cafeland.vn/ban-nha-rieng-ban-nha-hem-xe-hoi-52m2-tran-thi-co-thoi-an-19a-q12-3188416.html,"Bán nhà riêng: bán nhà hẻm xe hơi 52m2 TRẦN THỊ CỜ, Thới An 19A Q12","Thới An, Thành phố Hồ Chí Minh",4360000000.0,52.0,,TP.HCM (lõi cũ),Nhà ở/Nhà phố,83846153.84615384
https://nhadat.cafeland.vn/ban-dat-tho-cu-dat-tho-100m2-sat-cau-cho-dem-3183317.html,Bán đất thổ cư: Đất thổ 100m2 sát cầu Chợ Đệm,"Tân Nhựt, Thành phố Hồ Chí Minh",3000000000.0,100.0,,TP.HCM (lõi cũ),Đất nền,30000000.0
https://nhadat.cafeland.vn/nha-re-dep-long-lanh-1-tret-4-lau-mat-tien-dat-thanh-tan-binh-tphcm-2214391.html,Nhà rẻ đẹp long lanh 1 trệt 4 lầu mặt tiền Đất Thánh Tân Bình TP.HCM,"Tân Hòa, Thành phố Hồ Chí Minh",13200000000.0,204.0,,TP.HCM (lõi cũ),Đất nền,64705882.35294118
https://nhadat.cafeland.vn/ban-dat-tho-cu-ban-gap-kho-xuong-210m2-gia-chi-720tr-tl8-phuoc-vinh-an-cu-3188356.html,Bán đất thổ cư: Bán gấp kho xưởng 210m² - Giá chỉ 720Tr - TL8 Phước Vĩnh An Củ,"Củ Chi, Thành phố Hồ Chí Minh",720000000.0,210.0,,TP.HCM (lõi cũ),Đất nền,3428571.4285714286
https://nhadat.cafeland.vn/ban-nha-5-tang-hxh-nguyen-dinh-chieu-phuong-ban-co-quan-3-gia-52-ty-2557920.html,BÁN NHÀ 5 TẦNG HXH NGUYỄN ĐÌNH CHIỂU PHƯỜNG BÀN CỜ QUẬN 3 – GIÁ 5.2 TỶ,"Bàn Cờ, Thành phố Hồ Chí Minh",5200000000.0,25.0,,TP.HCM (lõi cũ),Nhà ở/Nhà phố,208000000.0
https://nhadat.cafeland.vn/nha-le-duc-tho-go-vap-57-m2-sat-cityland-chi-49-ty-2482769.html,"Nhà Lê Đức Thọ Gò Vấp - 57 m2 -sát Cityland - chỉ 4,9 Tỷ","An Hội Đông, Thành phố Hồ Chí Minh",4900000000.0,57.0,,TP.HCM (lõi cũ),Nhà ở/Nhà phố,85964912.28070176
https://nhadat.cafeland.vn/ban-can-ho-chung-cu-ban-nhanh-can-ho-2pn-saigon-pearl-can-2pn-tang-trun-3188548.html,Bán căn hộ chung cư: BÁN NHANH CĂN HỘ 2PN Saigon Pearl Căn 2PN – tầng trun,"Thạnh Mỹ Tây, Thành phố Hồ Chí Minh",3165000000.0,90.0,2.0,TP.HCM (lõi cũ),Căn hộ/Chung cư,35166666.666666664
https://nhadat.cafeland.vn/ban-dat-tho-cu-lo-dat-vang-thanh-my-loi-100m2-so-hong-rieng-gia-cuc-yeu-3185828.html,"Bán đất thổ cư: Lô đất vàng Thạnh Mỹ Lợi, 100m2, sổ hồng riêng, giá cực yêu","Cát Lái, Thành phố Hồ Chí Minh",7000000000.0,100.0,,TP.HCM (lõi cũ),Đất nền,70000000.0
https://nhadat.cafeland.vn/nha-vi-tri-dep-4-x-15m-nguyen-van-thu-trung-tam-q1-tphcm-3131416.html,Nhà vị trí đẹp 4 x 15m Nguyễn Văn Thủ trung tâm Q1 TP.HCM,"Tân Định, Thành phố Hồ Chí Minh",35000000000.0,60.0,,TP.HCM (lõi cũ),Nhà ở/Nhà phố,583333333.3333334
https://nhadat.cafeland.vn/75-ty-177m2-tai-san-mat-tien-truong-thanh-q9-dong-tien-14-trth-3190003.html,"7,5 Tỷ - 177m2 Tài Sản Mặt Tiền Trường Thạnh Q.9 – Dòng Tiền 14 Tr/Th","Long Phước, Thành phố Hồ Chí Minh",7500000000.0,177.0,,TP.HCM (lõi cũ),Khác,42372881.355932206
https://nhadat.cafeland.vn/ban-nha-rieng-toa-nha-lo-goc-3-mat-ham-7-tang-thang-may-ngang-khung-10m-mat-t-3184940.html,"Bán nhà riêng: Tòa nhà lô góc 3 mặt, hầm 7 tầng thang máy, ngang khủng 10m mặt t","Bình Trị Đông, Thành phố Hồ Chí Minh",29900000000.0,300.0,,TP.HCM (lõi cũ),Nhà ở/Nhà phố,99666666.66666667
https://nhadat.cafeland.vn/ban-dat-tho-cu-lo-dat-mat-tien-duong-762-an-nhon-tay-cu-chi-dien-tich-158m2-3187931.html,"Bán đất thổ cư: Lô đất mặt tiền đường 762, An Nhơn Tây, Củ Chi, diện tích 158m2","An Nhơn Tây, Thành phố Hồ Chí Minh",1000000000.0,158.0,,TP.HCM (lõi cũ),Đất nền,6329113.924050633
https://nhadat.cafeland.vn/mot-can-nha-3-tang-hem-xe-hoi-do-cua-cu-xa-do-thanh-ban-co-chi-8-ty-2286540.html,MỘT CĂN NHÀ 3 TẦNG – HẺM XE HƠI ĐỖ CỬA – CƯ XÁ ĐÔ THÀNH – BÀN CỜ – CHỈ 8 TỶ,"Bàn Cờ, Thành phố Hồ Chí Minh",8000000000.0,30.0,,TP.HCM (lõi cũ),Nhà ở/Nhà phố,266666666.66666666
https://nhadat.cafeland.vn/ban-nha-62-duong-so-13-tan-kieng-quan-7-nay-la-tan-hung-tphcm-2489730.html,Bán nhà 62 đường số 13 Tân Kiểng Quận 7 nay là Tân Hưng TP.HCM,"Tân Hưng, Thành phố Hồ Chí Minh",7000000000.0,60.0,2.0,TP.HCM (lõi cũ),Nhà ở/Nhà phố,116666666.66666667
https://nhadat.cafeland.vn/ban-can-ho-chung-cu-can-ho-chung-cu-saigon-roayal-quan-4-chuyen-nhuong-3-phong-3188338.html,Bán căn hộ chung cư: Căn Hộ Chung Cư SAIGON ROAYAL QUẬN 4 Chuyển nhượng 3 phòng,"Xóm Chiếu, Thành phố Hồ Chí Minh",4035000000.0,117.0,3.0,TP.HCM (lõi cũ),Căn hộ/Chung cư,34487179.48717949
https://nhadat.cafeland.vn/ban-can-ho-chung-cu-ban-nhanh-chcc-scenic-valley-2-dt-77m2-2pn-2wc-ntdd-gi-3188516.html,"Bán căn hộ chung cư: Bán nhanh CHCC Scenic Valley 2, DT 77m2, 2PN, 2WC, NTDD, gi","Tân Mỹ, Thành phố Hồ Chí Minh",7300000000.0,77.0,2.0,TP.HCM (lõi cũ),Căn hộ/Chung cư,94805194.80519481
https://nhadat.cafeland.vn/ban-dat-du-an-xuat-nhap-khau-tong-hop-ii-quan-9-tpthu-duc-lo-biet-thu-2223985.html,"Bán đất dự án Xuất Nhập Khẩu Tổng Hợp II, Quận 9 - Tp.Thủ Đức, lô biệt thự","Long Trường, Thành phố Hồ Chí Minh",18600000000.0,334.0,,TP.HCM (lõi cũ),Biệt thự,55688622.754491016
https://nhadat.cafeland.vn/mat-tien-kinh-doanh-dinh-duong-ba-hom-nha-3-tang-ngay-cho-phu-lam-q6-2935984.html,Mặt tiền kinh doanh đỉnh-đường Bà Hom-Nhà 3 tầng ngay chợ Phú Lâm Q6.,"Phú Lâm, Thành phố Hồ Chí Minh",10000000000.0,80.0,3.0,TP.HCM (lõi cũ),Nhà ở/Nhà phố,125000000.0
https://nhadat.cafeland.vn/ban-nha-nguyen-suyngay-cho-tan-huong-4m-x-19-cap-4-665-ty-tl-2728837.html,"BÁN NHÀ NGUYỄN SUÝ,NGAY CHỢ TÂN HƯƠNG (4m x 19 CẤP 4) 6,65 TỶ TL","Phú Thọ Hòa, Thành phố Hồ Chí Minh",6650000000.0,75.0,,TP.HCM (lõi cũ),Nhà ở/Nhà phố,88666666.66666667
https://nhadat.cafeland.vn/ban-nha-rieng-mat-tien-kinh-doanh-do-cong-tuong-tan-phu-dt-68m-duong-12m-co-vi-3185745.html,Bán nhà riêng: Mặt tiền kinh doanh Đỗ Công Tường Tân Phú. DT 68m đường 12m có vỉ,"Tân Sơn Nhì, Thành phố Hồ Chí Minh",8000000000.0,68.0,4.0,TP.HCM (lõi cũ),Nhà ở/Nhà phố,117647058.8235294
https://nhadat.cafeland.vn/ban-nha-phan-anhphuong-binh-tri-dong-hem-5m-so-rieng-123m2-gia-92-ty-3152126.html,"BÁN NHÀ PHAN ANH,PHƯỜNG BÌNH TRỊ ĐÔNG - HẺM 5M - SỔ RIÊNG - 123M2 - GIÁ 9,2 TỶ","Bình Trị Đông, Thành phố Hồ Chí Minh",9200000000.0,123.0,,TP.HCM (lõi cũ),Nhà ở/Nhà phố,74796747.96747968
https://nhadat.cafeland.vn/ban-nha-duong-ma-lobinh-tangiap-ten-lua-so-hong-rieng-60m2-2-tang-3127262.html,"BÁN NHÀ ĐƯỜNG MÃ LÒ,BÌNH TÂN,GIÁP TÊN LỬA - SỔ HỒNG RIÊNG - 60m² - 2 TẦNG","Bình Trị Đông, Thành phố Hồ Chí Minh",5100000000.0,60.0,,TP.HCM (lõi cũ),Nhà ở/Nhà phố,85000000.0
https://nhadat.cafeland.vn/ban-ma-vn67-30-vinhomes-green-paradise-can-gio-quy-hoach-lon-dien-tich-270m2-tiem-nang-tang-gia-2489246.html,Bán mã VN67-30 Vinhomes Green Paradise Cần Giờ quy hoạch lớn diện tích 270m2 tiềm năng tăng giá,"Cần Giờ, Thành phố Hồ Chí Minh",30873000000.0,270.0,,TP.HCM (lõi cũ),Khác,114344444.44444445
https://nhadat.cafeland.vn/ban-nha-rieng-nha-dep-khong-thieu-nhung-nha-ngang-hon-6m-2-mat-hem-xe-tai-3189211.html,"Bán nhà riêng: Nhà đẹp không thiếu — nhưng NHÀ NGANG HƠN 6M, 2 MẶT HẺM XE TẢI","Gia Định, Thành phố Hồ Chí Minh",3525000000.0,82.0,4.0,TP.HCM (lõi cũ),Nhà ở/Nhà phố,42987804.87804878
https://nhadat.cafeland.vn/hang-hiem-cmt8-hem-sach-se-nha-moi-tang-noi-that-2pn3wc-3-tang-san-thuong-3133473.html,"Hàng hiếm Cmt8 hẻm sạch sẽ, nhà mới tặng nội thất, 2pn3wc, 3 tầng (sân thượng)","Nhiêu Lộc, Thành phố Hồ Chí Minh",4870000000.0,18.0,2.0,TP.HCM (lõi cũ),Nhà ở/Nhà phố,270555555.5555556
https://nhadat.cafeland.vn/ban-nha-rieng-ban-nha-3-tang-mat-tien-ngang-4x18m-gan-nguyen-thi-thap-giam-gia-3186820.html,Bán nhà riêng: Bán nhà 3 tầng mặt tiền ngang 4x18m gần Nguyễn Thị Thập giảm giá,"Phú Thuận, Thành phố Hồ Chí Minh",11600000000.0,67.0,,TP.HCM (lõi cũ),Nhà ở/Nhà phố,173134328.35820895
https://nhadat.cafeland.vn/ban-san-pham-vinhomes-green-paradise-can-gio-ma-vn48-196-dien-tich-1001m2-gia-tot-xem-ngay-hom-nay-2489274.html,"Bán sản phẩm Vinhomes Green Paradise Cần Giờ mã VN48-196 diện tích 100,1m2 giá tốt xem ngay hôm nay","Cần Giờ, Thành phố Hồ Chí Minh",15246000000.0,100.1,,TP.HCM (lõi cũ),Khác,152307692.30769232
https://nhadat.cafeland.vn/ban-nha-rieng-ban-toa-nha-mt-nguyen-cong-tru-quan-1-dt-4x16m-9-tang-gia-31-t-3188459.html,"Bán nhà riêng: Bán tòa nhà MT Nguyễn Công Trứ Quận 1, dt: 4x16m, 9 tầng giá 31 t","Bến Thành, Thành phố Hồ Chí Minh",31000000000.0,64.0,,TP.HCM (lõi cũ),Nhà ở/Nhà phố,484375000.0
https://nhadat.cafeland.vn/ban-ma-vn81-22-vinhomes-green-paradise-can-gio-quy-hoach-lon-dien-tich-3094m2-tiem-nang-tang-gia-2489236.html,"Bán mã VN81-22 Vinhomes Green Paradise Cần Giờ quy hoạch lớn diện tích 309,4m2 tiềm năng tăng giá","Cần Giờ, Thành phố Hồ Chí Minh",34191000000.0,309.4,,TP.HCM (lõi cũ),Khác,110507433.74272788
https://nhadat.cafeland.vn/ngay-trung-tam-5tang-hxh8m-phan-anh-tan-hoa-dong-3180758.html,NGAY TRUNG TÂM 5Tầng HXH8m PHAN ANH - TÂN HOÀ ĐÔNG,"Bình Trị Đông, Thành phố Hồ Chí Minh",7000000000.0,68.0,5.0,TP.HCM (lõi cũ),Khác,102941176.47058824
https://nhadat.cafeland.vn/ban-nha-rieng-145-tyban-nha-hem-6m-huynh-van-banh-phu-nhuan-51x11m-56m2-2-3188431.html,"Bán nhà riêng: 14,5 Tỷ!Bán Nhà Hẻm 6m Huỳnh Văn Bánh Phú Nhuận 5.1x11m (56m2) 2","Phú Nhuận, Thành phố Hồ Chí Minh",14500000000.0,52.0,,TP.HCM (lõi cũ),Nhà ở/Nhà phố,278846153.84615386
https://nhadat.cafeland.vn/ngang-hon-4m-no-hau-63m2-3-tang-btct-6pn-san-de-xe-bancong-phap-ly-chuan-2285461.html,"ngang hơn 4m nở hậu, 63m2, 3 tầng btct, 6pn, sân để xe, bancong. pháp lý chuẩn","Thạnh Mỹ Tây, Thành phố Hồ Chí Minh",8950000000.0,63.0,6.0,TP.HCM (lõi cũ),Khác,142063492.06349206
https://nhadat.cafeland.vn/ban-can-ho-chung-cu-ban-can-ho-2pn-kingdom-101-quan-10-2pn-2wc-so-hong-3188523.html,"Bán căn hộ chung cư: Bán căn hộ 2PN KINGDOM 101, quận 10 ( 2PN + 2WC ), sổ hồng","Diên Hồng, Thành phố Hồ Chí Minh",1975000000.0,78.0,2.0,TP.HCM (lõi cũ),Căn hộ/Chung cư,25320512.82051282
https://nhadat.cafeland.vn/dac-biet52m2-nguyen-binh-khiemso-san2ty1-bao-phigop-lai-0nt-moi-2935320.html,"(ĐẶC BIỆT)52m2-Nguyễn Bỉnh Khiêm,Sổ Sẵn,2Tỷ1 bao phí(góp lãi 0%),NT mới","Hạnh Thông, Thành phố Hồ Chí Minh",2100000000.0,52.0,,TP.HCM (lõi cũ),Khác,40384615.384615384
https://nhadat.cafeland.vn/ban-nha-rieng-ban-nha-3-tang-p5-tan-binh-45m2-ngang-45m-xe-hoi-vao-nha-chi-ho-3184925.html,Bán nhà riêng: Bán nhà 3 tầng P.5 Tân Bình 45m2 ngang 4.5m xe hơi vào nhà chỉ hơ,"Tân Sơn Nhất, Thành phố Hồ Chí Minh",7550000000.0,45.0,,TP.HCM (lõi cũ),Nhà ở/Nhà phố,167777777.7777778
https://nhadat.cafeland.vn/ban-nha-rieng-dinh-thu-sang-trong-gara-o-to-rong-rai-tai-thoi-an-3183146.html,"Bán nhà riêng: Dinh thự sang trọng, gara ô tô rộng rãi tại Thới An","Thới An, Thành phố Hồ Chí Minh",7380000000.0,68.0,,TP.HCM (lõi cũ),Nhà ở/Nhà phố,108529411.76470588
https://nhadat.cafeland.vn/ban-can-ho-chung-cu-noi-bat-tin-ban-charm-city-3pn-3wc-95m2-nha-moi-chi-29-ty-3187595.html,"Bán căn hộ chung cư: Nổi bật tin bán Charm City 3PN 3WC 95m2 nhà mới chỉ 2,9 tỷ","Dĩ An, Thành phố Hồ Chí Minh",2900000000.0,95.0,3.0,Bình Dương (mới sáp nhập),Căn hộ/Chung cư,30526315.789473683
https://nhadat.cafeland.vn/chi-nhin-6-ty-co-nha-trung-tam-70m24x18-4-tang-hxh-pham-van-bach-taam-binh-2325313.html,"CHỈ NHỈN 6 TỶ, CÓ NHÀ TRUNG TÂM 70M2(4X18), 4 TẦNG, HXH PHẠM VĂN BẠCH TAAM BÌNH","Tân Sơn, Thành phố Hồ Chí Minh",6700000000.0,70.0,,TP.HCM (lõi cũ),Nhà ở/Nhà phố,95714285.71428572
https://nhadat.cafeland.vn/hem-8m-hoang-bat-dat-72m2-4x18-5-tang-5pn-khu-dan-tri-cao-chi-97-ty-tl-2831833.html,"Hẻm 8m Hoàng Bất Đạt, 72m2 4x18, 5 tầng, 5PN, khu dân trí cao, Chỉ 9.7 tỷ TL","Tân Sơn, Thành phố Hồ Chí Minh",9700000000.0,72.0,5.0,TP.HCM (lõi cũ),Khác,134722222.2222222
https://nhadat.cafeland.vn/nha-pho-thuong-mai-quang-vinh-2-chi-voi-3t9-nha-nguyen-can-1-tret-2-lau-1-tum-3155585.html,Nhà Phố thương mại Quang Vinh 2 | chỉ với 3T9 nhà nguyên căn 1 trệt 2 lầu 1 tum,"Tân Hiệp, Thành phố Hồ Chí Minh",3900000000.0,233.0,,Bình Dương (mới sáp nhập),Nhà ở/Nhà phố,16738197.424892703
https://nhadat.cafeland.vn/ngang-65m-gan-lotte-mart-nguyen-van-luong-go-vap-835t-3177129.html,NGANG 6.5M – GẦN LOTTE MART NGUYỄN VĂN LƯỢNG Gò Vấp| 8.35T,"An Hội Đông, Thành phố Hồ Chí Minh",8350000000.0,58.0,3.0,TP.HCM (lõi cũ),Khác,143965517.24137932
https://nhadat.cafeland.vn/ban-nha-rieng-sieu-pham-nha-pho-duong-thi-muoi-full-noi-that-xe-hoi-ngu-trong-n-3183960.html,Bán nhà riêng: Siêu phẩm nhà phố đường Thị Mười full nội thất xe hơi ngủ trong n,"Tân Thới Hiệp, Thành phố Hồ Chí Minh",9980000000.0,75.0,,TP.HCM (lõi cũ),Nhà ở/Nhà phố,133066666.66666667
https://nhadat.cafeland.vn/ban-nha-rieng-quy-dat-co-may-in-tien-tai-duong-huynh-khuong-an-sat-nach-dhcn-3189611.html,Bán nhà riêng: Quỹ đất cỗ máy in tiền tại đường Huỳnh Khương An - sát nách ĐHCN-,"An Nhơn, Thành phố Hồ Chí Minh",8900000000.0,58.0,,TP.HCM (lõi cũ),Đất nền,153448275.86206895
https://nhadat.cafeland.vn/p-ban-co-ban-nha-moi-3-tang-ly-thai-to-full-noi-that-o-ngay-gia-515-ty-2288971.html,[P BÀN CỜ] BÁN NHÀ MỚI 3 TẦNG LÝ THÁI TỔ – FULL NỘI THẤT – Ở NGAY – GIÁ 5.15 TỶ,"Bàn Cờ, Thành phố Hồ Chí Minh",5150000000.0,19.0,,TP.HCM (lõi cũ),Nhà ở/Nhà phố,271052631.57894737
https://nhadat.cafeland.vn/long-dien-tp-hcm-gia-ngop-sau-2tyxx-nho-2831752.html,Long Điền - TP HCM gía ngộp sâu: 2tyxx nhỏ,"Long Điền, Thành phố Hồ Chí Minh",2050000000.0,130.0,,Bà Rịa - Vũng Tàu (mới sáp nhập),Khác,15769230.76923077
https://nhadat.cafeland.vn/ban-nha-rieng-ban-nha-3-tang-goc-2mt-hem-xe-tai-dinh-phong-phu-ngay-sau-cho-tnp-3188405.html,Bán nhà riêng: Bán Nhà 3 Tầng Góc 2MT Hẻm Xe Tải Đình Phong Phú Ngay Sau Chợ TNP,"Tăng Nhơn Phú, Thành phố Hồ Chí Minh",6800000000.0,52.0,,TP.HCM (lõi cũ),Nhà ở/Nhà phố,130769230.76923077
https://nhadat.cafeland.vn/nha-chinh-chu-lau-doi-nha-cu-nam-gan-mat-tien-duong-khu-vuc-an-ninh-dan-tri-2557285.html,"Nhà chính chủ lâu đời, nhà cũ. Nằm gần mặt tiền đường. Khu vực an ninh dân trí","Vườn Lài, Thành phố Hồ Chí Minh",6500000000.0,40.0,,TP.HCM (lõi cũ),Nhà ở/Nhà phố,162500000.0
https://nhadat.cafeland.vn/ban-nha-duong-ho-van-longphuong-tan-taobinh-tan-so-hong-rieng-95m-gia-53-t-2932487.html,"Bán Nhà Đường Hồ Văn Long,Phường Tân Tạo,Bình Tân-Sổ Hồng Riêng -95m - Gía 5,3 T","Bình Tân, Thành phố Hồ Chí Minh",5300000000.0,95.0,,TP.HCM (lõi cũ),Nhà ở/Nhà phố,55789473.684210524
https://nhadat.cafeland.vn/ban-nha-kinh-duong-vuongphuong-13quan-6-so-hong-rieng-98m2-gia-125-ty-3155510.html,"BÁN NHÀ KINH DƯƠNG VƯƠNG,PHƯỜNG 13,QUẬN 6 - SỔ HỒNG RIÊNG - 98M² - GIÁ 12,5 TỶ","Phú Lâm, Thành phố Hồ Chí Minh",12500000000.0,98.0,3.0,TP.HCM (lõi cũ),Nhà ở/Nhà phố,127551020.40816326
https://nhadat.cafeland.vn/ban-can-ho-chung-cu-ban-nhanh-can-2pn-55m2-topaz-celadon-city-gia-31-ty-thuong-3188185.html,"Bán căn hộ chung cư: Bán nhanh căn 2PN 55m2 Topaz Celadon City giá 3,1 tỷ thương","Bình Hưng Hòa, Thành phố Hồ Chí Minh",3100000000.0,55.0,2.0,TP.HCM (lõi cũ),Căn hộ/Chung cư,56363636.36363637
https://nhadat.cafeland.vn/ban-nha-duong-so-68-kdc-tan-quy-dong-quan-7-dt-6x15m-3-tang-2240640.html,"Bán nhà đường số 68 KDC Tân Quy Đông ,Quận 7, dt 6x15m, 3 tầng","Tân Hưng, Thành phố Hồ Chí Minh",18500000000.0,90.0,,TP.HCM (lõi cũ),Nhà ở/Nhà phố,205555555.55555555
https://nhadat.cafeland.vn/ban-nha-rieng-ban-toa-khach-san-cong-quynh-p-nct-quan-1-dt-9x16m-gia-37-ty-3188466.html,"Bán nhà riêng: Bán tòa khách sạn Cống Quỳnh P, NCT Quận 1, dt: 9x16m giá 37 tỷ","Cầu Ông Lãnh, Thành phố Hồ Chí Minh",37000000000.0,138.0,,TP.HCM (lõi cũ),Nhà ở/Nhà phố,268115942.0289855
https://nhadat.cafeland.vn/ban-can-ho-chung-cu-ban-can-ho-view-thoang-3188570.html,Bán căn hộ chung cư: ⭐️ [Bán] căn hộ 𝐁𝐎𝐓𝐀𝐍𝐈𝐂𝐀 𝐏𝐑𝐄𝐌𝐈𝐄𝐑 - 𝟔𝟗𝐌𝟐 view THOÁNG,"Tân Sơn Hòa, Thành phố Hồ Chí Minh",2590000000.0,69.0,,TP.HCM (lõi cũ),Căn hộ/Chung cư,37536231.88405797
https://nhadat.cafeland.vn/ban-dat-tho-cu-ban-dat-90m2-ngang-5m-dai-18m-vuong-van-tho-cu-so-do-chi-3183326.html,Bán đất thổ cư: Bán đất 90m² – ngang 5m dài 18m – vuông vắn – thổ cư – sổ đỏ chí,"Bình Khánh, Thành phố Hồ Chí Minh",2500000000.0,90.0,,TP.HCM (lõi cũ),Đất nền,27777777.777777776
https://nhadat.cafeland.vn/ban-nha-rieng-ban-nha-hxh-6m-nguyen-van-sang-nha-2-tang-55m2-chi-hon-5-ty-3184011.html,Bán nhà riêng: Bán nhà HXH 6m - Nguyễn Văn Săng - nhà 2 tầng 55m2 - chỉ hơn 5 tỷ,"Tân Sơn Nhì, Thành phố Hồ Chí Minh",5700000000.0,55.0,,TP.HCM (lõi cũ),Nhà ở/Nhà phố,103636363.63636364
https://nhadat.cafeland.vn/ban-nha-rieng-nha-xinh-thoi-an-04-khong-gian-am-cung-gia-tot-3183149.html,"Bán nhà riêng: Nhà xinh Thới An 04, không gian ấm cúng, giá tốt","Thới An, Thành phố Hồ Chí Minh",1680000000.0,36.0,,TP.HCM (lõi cũ),Nhà ở/Nhà phố,46666666.666666664
https://nhadat.cafeland.vn/nha-moi-go-vap-o-ngay-gan-dh-cong-nghiep-40m2-hxh-thong-nhinh-3-ty-3133271.html,Nhà mới Gò Vấp ở ngay gần ĐH Công Nghiệp - 40m2 - HXH thông - Nhỉnh 3 tỷ,"Hạnh Thông, Thành phố Hồ Chí Minh",3990000000.0,40.0,,TP.HCM (lõi cũ),Nhà ở/Nhà phố,99750000.0
https://nhadat.cafeland.vn/ban-nha-hxh-8mquoc-lo-1aphuong-tan-tao-4m-x-18m-x-2-tang-58-ty-tl-2483568.html,"BÁN NHÀ HXH 8M,QUỐC LỘ 1A,PHƯỜNG TÂN TẠO (4m x 18m x 2 TẦNG) 5,8 TỶ TL","Tân Tạo, Thành phố Hồ Chí Minh",5800000000.0,75.0,3.0,TP.HCM (lõi cũ),Nhà ở/Nhà phố,77333333.33333333
https://nhadat.cafeland.vn/ban-nha-duong-hau-giangquan-6-hem-8m-so-hong-rieng-135m2-gia-14-ty-tl-2728840.html,"BÁN NHÀ ĐƯỜNG HẬU GIANG,QUẬN 6 - HẺM 8M - SỔ HỒNG RIÊNG - 135m2 - GIÁ 14 TỶ TL","Bình Phú, Thành phố Hồ Chí Minh",14000000000.0,135.0,,TP.HCM (lõi cũ),Nhà ở/Nhà phố,103703703.7037037
https://nhadat.cafeland.vn/ban-nha-rieng-ban-nha-mat-pho-140n-phan-van-tri-cho-con-du-hoc-185-ty-92-m2-3184916.html,"Bán nhà riêng: Bán nhà mặt phố 140N Phan Văn Trị, cho con du học 18,5 tỷ, 92 m2,","Bình Thạnh, Thành phố Hồ Chí Minh",18500000000.0,92.0,,TP.HCM (lõi cũ),Nhà ở/Nhà phố,201086956.52173913
https://nhadat.cafeland.vn/ban-can-ho-chung-cu-green-skyline-can-2pn-64m2-tang-10-view-noi-khu-nhan-nha-3183930.html,"Bán căn hộ chung cư: Green skyline, căn 2pn-64m2 tầng 10, view nội khu, nhận nhà","Đông Hòa, Thành phố Hồ Chí Minh",4300000000.0,64.0,2.0,Bình Dương (mới sáp nhập),Căn hộ/Chung cư,67187500.0
https://nhadat.cafeland.vn/ban-nha-rieng-nha-ban-khu-phan-xich-long-nguyen-cong-hoan-1-ty-835-tl-3189168.html,Bán nhà riêng: Nhà bán khu PHAN XÍCH LONG - NGUYỄN CÔNG HOAN 1 tỷ 835 TL -,"Cầu Kiệu, Thành phố Hồ Chí Minh",1835000000.0,45.0,3.0,TP.HCM (lõi cũ),Nhà ở/Nhà phố,40777777.777777776
https://nhadat.cafeland.vn/can-ho-chung-cu-hiem-co-cach-san-bay-quoc-te-tan-son-nhat-chi-3km-3189939.html,CĂN HỘ CHUNG CƯ HIẾM CÓ Cách sân bay quốc tế Tân Sơn Nhất chỉ 3km,"Tân Sơn Hòa, Thành phố Hồ Chí Minh",4235000000.0,53.0,,TP.HCM (lõi cũ),Căn hộ/Chung cư,79905660.3773585
https://nhadat.cafeland.vn/ban-nha-rieng-nha-3-tang-khu-dan-cu-trung-my-tay-16-khu-vip-trung-my-tay-dt-3184418.html,"Bán nhà riêng: Nhà 3 tầng, khu dân cư Trung Mỹ Tây 16, khu VIP Trung Mỹ Tây - DT","Trung Mỹ Tây, Thành phố Hồ Chí Minh",5800000000.0,88.0,,TP.HCM (lõi cũ),Nhà ở/Nhà phố,65909090.90909091
https://nhadat.cafeland.vn/hiceilling-picity-sky-park-lien-ke-pham-van-dong-2555786.html,HICEILLING PICITY SKY PARK LIỀN KỀ PHẠM VĂN ĐỒNG,"Dĩ An, Thành phố Hồ Chí Minh",3300000000.0,55.0,,Bình Dương (mới sáp nhập),Khác,60000000.0
https://nhadat.cafeland.vn/top-nha-vi-tri-dep-1-tret-4-lau-pham-ngu-lao-q1-tphcm-2282064.html,Top nhà vị trí đẹp 1 trệt 4 lầu Phạm Ngũ Lão Q1 TP.HCM,"Bến Thành, Thành phố Hồ Chí Minh",26200000000.0,54.0,,TP.HCM (lõi cũ),Nhà ở/Nhà phố,485185185.1851852
https://nhadat.cafeland.vn/ban-can-ho-chung-cu-ban-nhanh-can-c-skyview-2pn-wc-80m2-full-noi-that-gia-21-t-3184395.html,Bán căn hộ chung cư: Bán nhanh căn C SkyView 2PN-WC 80m2 Full nội thất giá 2.1 t,"Thủ Dầu Một, Thành phố Hồ Chí Minh",2100000000.0,80.0,2.0,Bình Dương (mới sáp nhập),Căn hộ/Chung cư,26250000.0
https://nhadat.cafeland.vn/ban-nha-quoc-lo-1atan-taongay-vong-xoay-an-lac-4m-x-24m-x-2-tang-61-ty-2484234.html,"BÁN NHÀ QUỐC LỘ 1A,TÂN TẠO,NGAY VÒNG XOAY AN LẠC (4m x 24m x 2 TẦNG) 6,1 TỶ","Tân Tạo, Thành phố Hồ Chí Minh",6100000000.0,96.0,3.0,TP.HCM (lõi cũ),Nhà ở/Nhà phố,63541666.666666664
https://nhadat.cafeland.vn/ngop-ban-gap-lo-goc-2-mat-tien-duong-nhua-nguyen-thi-se-cach-quoc-lo-22-200m-3189950.html,"Ngộp bán gấp lô góc 2 mặt tiền đường nhựa Nguyễn Thị Se, cách Quốc lộ 22: 200m,","Củ Chi, Thành phố Hồ Chí Minh",3000000000.0,213.6,,TP.HCM (lõi cũ),Khác,14044943.82022472
https://nhadat.cafeland.vn/nha-5x145m-duong-2-phuong-tan-kieng-quan-7-xd-ham-4-lau-2273435.html,"nhà 5x14,5m đường 2 Phường tân kiểng Quận 7 , XD hầm + 4 lầu","Tân Hưng, Thành phố Hồ Chí Minh",17500000000.0,72.5,4.0,TP.HCM (lõi cũ),Nhà ở/Nhà phố,241379310.3448276
https://nhadat.cafeland.vn/chi-169-ty-co-chdv-6-lau-moi-hxh-cong-lo-ngang-53m-106m2-17pn-dt-90tr-gan-t3-3189484.html,Chỉ 16.9 tỷ có CHDV 6 lầu mới HXH Cống Lở ngang 5.3m 106m2 17PN DT 90tr gần T3,"Tân Sơn, Thành phố Hồ Chí Minh",16900000000.0,106.0,17.0,TP.HCM (lõi cũ),Khác,159433962.26415095
https://nhadat.cafeland.vn/con-duy-nhat-1-lo-mat-tien-tinh-lo-44b-long-dien-2820614.html,CÒN DUY NHẤT 1 LÔ MẶT TIỀN TỈNH LỘ 44B - LONG ĐIỀN,"Long Điền, Thành phố Hồ Chí Minh",1550000000.0,96.0,,Bà Rịa - Vũng Tàu (mới sáp nhập),Khác,16145833.333333334
https://nhadat.cafeland.vn/ban-nha-tinh-lo-10quan-binh-tan-so-hong-rieng-80m2-2-tang-gia-6-ty-650-2937520.html,"BÁN NHÀ TỈNH LỘ 10,QUẬN BÌNH TÂN - SỔ HỒNG RIÊNG - 80m² - 2 TẦNG - GIÁ 6 TỶ 650","Bình Trị Đông, Thành phố Hồ Chí Minh",6650000000.0,80.0,,TP.HCM (lõi cũ),Nhà ở/Nhà phố,83125000.0
https://nhadat.cafeland.vn/can-1pn-the-marq-gia-tot-10-ty-da-co-so-52m2-full-noi-that-3151999.html,"Căn 1PN The Marq giá tốt 10 tỷ đã có sổ, 52m2, full nội thất","Sài Gòn, Thành phố Hồ Chí Minh",10000000000.0,52.0,1.0,TP.HCM (lõi cũ),Khác,192307692.30769232
https://nhadat.cafeland.vn/nha-pho-hcm-binh-duong-cu-dien-tich-233m2-gia-chi-tu-3t9-3157846.html,nhà phố HCM (Bình Dương cũ) diện tích 233m2 giá chỉ từ 3T9,"Tân Hiệp, Thành phố Hồ Chí Minh",3900000000.0,233.0,,Bình Dương (mới sáp nhập),Nhà ở/Nhà phố,16738197.424892703
https://nhadat.cafeland.vn/ban-dat-tho-cu-chi-6-ty-lo-dat-13x14m-166m2-full-tho-ap-3-ba-diem-gan-cho-3184510.html,"Bán đất thổ cư: Chỉ 6 tỷ - Lô đất 13x14m, 166m2 full thổ - Ấp 3 Bà Điểm, gần Chợ","Bà Điểm, Thành phố Hồ Chí Minh",6000000000.0,166.0,,TP.HCM (lõi cũ),Đất nền,36144578.313253015
https://nhadat.cafeland.vn/ban-nha-rieng-le-van-sy-ngang-gan-8m-hem-ba-gac-gan-mt-4pn-nhinh-8-ty-3188427.html,Bán nhà riêng: Lê Văn Sỹ - Ngang Gần 8M - Hẻm Ba Gác Gần MT - 4PN - Nhỉnh 8 Tỷ,"Phú Nhuận, Thành phố Hồ Chí Minh",8850000000.0,45.0,4.0,TP.HCM (lõi cũ),Nhà ở/Nhà phố,196666666.66666666
https://nhadat.cafeland.vn/ra-mat-sieu-pham-can-ho-bcons-center-city-3hacach-nga-tu-linh-xuan-thu-duc-2283187.html,"Ra mắt Siêu Phẩm Căn Hộ Bcons center city 3ha,cách ngã tư linh xuân thủ đức","Đông Hòa, Thành phố Hồ Chí Minh",2700000000.0,52.0,,Bình Dương (mới sáp nhập),Căn hộ/Chung cư,51923076.92307692
https://nhadat.cafeland.vn/ban-nha-rieng-mat-tien-nhanh-duong-nguyen-van-qua-quan-12-dien-tich-92m2-no-3182218.html,"Bán nhà riêng: Mặt tiền nhánh đường Nguyễn Văn Quá, Quận 12 - Diện tích 92m2, nở","Đông Hưng Thuận, Thành phố Hồ Chí Minh",5700000000.0,92.0,,TP.HCM (lõi cũ),Nhà ở/Nhà phố,61956521.73913044
https://nhadat.cafeland.vn/dat-mt-duong-86-xa-cu-chi-full-tho-cu-gia-dau-tu-tot-nhat-phan-khuc-2931776.html,Đất MT Đường 86 Xã Củ Chi - Full thổ cư - Giá đầu tư tốt nhất phân khúc,"Củ Chi, Thành phố Hồ Chí Minh",1550000000.0,110.0,,TP.HCM (lõi cũ),Đất nền,14090909.090909092
https://nhadat.cafeland.vn/ban-gap-5-lo-dat-trong-kdc-hien-huu-gan-ben-xe-quan-qlo-50-ta-quang-buu-tphcm-2275766.html,Bán Gấp 5 Lô Đất Trong KDC Hiện Hữu Gần Bến Xe Quận - QLộ 50 Tạ Quang Bửu TPHCM,"Bình Hưng, Thành phố Hồ Chí Minh",1468000000.0,100.0,,TP.HCM (lõi cũ),Đất nền,14680000.0
https://nhadat.cafeland.vn/nha-pho-xinh-1-tret-1-lau-phan-van-tri-binh-thanh-tphcm-2831791.html,Nhà phố xinh 1 trệt 1 lầu Phan Văn Trị Bình Thạnh TP.HCM,"Bình Lợi Trung, Thành phố Hồ Chí Minh",2480000000.0,14.0,,TP.HCM (lõi cũ),Nhà ở/Nhà phố,177142857.14285713
https://nhadat.cafeland.vn/gap185-ty-diem-kinh-doanh-vip-mat-dg-bach-dang-q-binh-thanh-nha-3t-x-68m2-2826095.html,"GẤP*18,5 tỷ điểm KINH DOANH VIP - Mặt đg Bạch Đằng, Q. Bình Thạnh, Nhà 3T x 68m2","Gia Định, Thành phố Hồ Chí Minh",18500000000.0,68.0,5.0,TP.HCM (lõi cũ),Nhà ở/Nhà phố,272058823.5294118
https://nhadat.cafeland.vn/ban-can-ho-chung-cu-ban-2pn-cc-binh-duong-la-pura-thuan-an-binh-duong-gia-27-3183091.html,"Bán căn hộ chung cư: Bán 2PN CC Bình Dương La Pura Thuận An, Bình Dương, giá 2,7","Thuận Giao, Thành phố Hồ Chí Minh",2700000000.0,60.0,2.0,Bình Dương (mới sáp nhập),Căn hộ/Chung cư,45000000.0
https://nhadat.cafeland.vn/ban-nha-rieng-mat-tien-hem-khu-vip-tan-son-nhi-gan-300m2-san-be-ngang-gan-12m-3183194.html,"Bán nhà riêng: Mặt tiền hẻm khu Vip Tân Sơn Nhì, gần 300m² sàn, bề ngang gần 12m","Tân Sơn Nhì, Thành phố Hồ Chí Minh",12900000000.0,62.0,,TP.HCM (lõi cũ),Nhà ở/Nhà phố,208064516.12903225
https://nhadat.cafeland.vn/sieu-hiem-ban-lo-dat-mat-tien-717m-duong-12m-khu-vip-sam-uat-duong-quang-ham-2286082.html,"SIÊU HIẾM BÁN LÔ ĐẤT MẶT TIỀN (7×17M) ĐƯỜNG 12M, KHU VIP SẦM UẤT DƯƠNG QUẢNG HÀM","Hạnh Thông, Thành phố Hồ Chí Minh",17900000000.0,119.0,,TP.HCM (lõi cũ),Đất nền,150420168.0672269
https://nhadat.cafeland.vn/can-nha-4-tang-no-hau-co-dong-tien-12trth-gan-khu-do-thi-ha-do-gia-59-ty-2289921.html,"CĂN NHÀ 4 TẦNG NỞ HẬU, CÓ DÒNG TIỀN 12TR/TH, GẦN KHU ĐÔ THỊ HÀ ĐÔ, GIÁ 5.9 TỶ","Vườn Lài, Thành phố Hồ Chí Minh",5900000000.0,26.0,,TP.HCM (lõi cũ),Nhà ở/Nhà phố,226923076.92307693
https://nhadat.cafeland.vn/ban-nha-rieng-ban-nha-phu-nhuan-ngang-lon-hem-ba-gac-45m-4pn-nhinh-8-3188252.html,Bán nhà riêng: Bán Nhà Phú Nhuận - Ngang Lớn - Hẻm Ba Gác - 45M - 4PN - Nhỉnh 8,"Phú Nhuận, Thành phố Hồ Chí Minh",8850000000.0,45.0,4.0,TP.HCM (lõi cũ),Nhà ở/Nhà phố,196666666.66666666
https://nhadat.cafeland.vn/60m2-cho-ba-chieu-ch-goc-so-hong-2-ty-4-ban-cong-bu-hien-dai-2026-o-lien-2953907.html,"60M2 Chợ Bà Chiểu , CH góc sổ hồng 2 tỷ 4 , ban công bự , hiện đại 2026 , ở liền","Bình Lợi Trung, Thành phố Hồ Chí Minh",2400000000.0,60.0,,TP.HCM (lõi cũ),Khác,40000000.0
https://nhadat.cafeland.vn/ban-nha-rieng-tai-nha-so-8010-thanh-xuan-43-572-ty-2349403.html,"Bán nhà riêng tại Nhà Số 80/10, Thạnh Xuân 43, 5,72 tỷ.","Thới An, Thành phố Hồ Chí Minh",5720000000.0,150.0,3.0,TP.HCM (lõi cũ),Nhà ở/Nhà phố,38133333.333333336
https://nhadat.cafeland.vn/ban-nha-rieng-kiot-mat-tien-kinh-doanh-8-trieuthang-900-trieu-nguyen-van-kha-3184060.html,"Bán nhà riêng: Kiot mặt tiền kinh doanh 8 triệu/tháng, 900 triệu, Nguyễn Văn Khạ","Tân An Hội, Thành phố Hồ Chí Minh",900000000.0,95.0,,TP.HCM (lõi cũ),Nhà ở/Nhà phố,9473684.210526315
https://nhadat.cafeland.vn/ban-nha-rieng-ban-nha-dep-so-41-duong-thoi-an-35-quan-12-1-tret-2-lau-duon-3182205.html,"Bán nhà riêng: Bán nhà đẹp số 41 - Đường Thới An 35, Quận 12, 1 trệt 2 lầu, đườn","Thới An, Thành phố Hồ Chí Minh",2480000000.0,32.0,3.0,TP.HCM (lõi cũ),Nhà ở/Nhà phố,77500000.0
https://nhadat.cafeland.vn/ban-nha-rieng-giam-700tr-mat-tien-kinh-doanh-4-tang-truong-thi-hoa-q12-3183971.html,Bán nhà riêng: Giảm 700Tr mặt tiền kinh doanh 4 tầng Trương Thị Hoa - Q12,"Tân Thới Hiệp, Thành phố Hồ Chí Minh",16800000000.0,108.0,,TP.HCM (lõi cũ),Nhà ở/Nhà phố,155555555.55555555
https://nhadat.cafeland.vn/ban-nha-rieng-nha-dep-phong-cach-chau-au-giua-phu-nhuan-nguyen-dinh-chinh-p15-3183231.html,"Bán nhà riêng: Nhà đẹp phong cách Châu Âu giữa Phú Nhuận, Nguyễn Đình Chính, P15","Cầu Kiệu, Thành phố Hồ Chí Minh",6950000000.0,40.0,3.0,TP.HCM (lõi cũ),Nhà ở/Nhà phố,173750000.0
https://nhadat.cafeland.vn/can-ho-bcons-center-city-1pn-2pn-3pn-gia-goc-f0-ho-tro-vay-80-lien-ke-ga-metro-3181470.html,Căn hộ Bcons Center City 1PN-2PN-3PN giá gốc F0 hỗ trợ vay 80% Liền kề ga Metro,"Đông Hòa, Thành phố Hồ Chí Minh",2900000000.0,52.7,1.0,Bình Dương (mới sáp nhập),Căn hộ/Chung cư,55028462.998102464
https://nhadat.cafeland.vn/ban-nha-rieng-nha-4-tang-duong-hoang-quoc-viet-quan-7-dien-tich-525m2-o-to-3186803.html,"Bán nhà riêng: Nhà 4 tầng đường Hoàng Quốc Việt, Quận 7, diện tích 52.5m2, ô tô","Phú Thuận, Thành phố Hồ Chí Minh",10500000000.0,52.5,,TP.HCM (lõi cũ),Nhà ở/Nhà phố,200000000.0
https://nhadat.cafeland.vn/can-ho-nhat-ban-2pn2wc-tra-cham-voi-lai-suat-chi-69-3189802.html,CĂN HỘ NHẬT BẢN 2PN2WC TRẢ CHẬM VỚI LÃI SUẤT CHỈ 6.9%,"Đông Hòa, Thành phố Hồ Chí Minh",2392000000.0,52.0,2.0,Bình Dương (mới sáp nhập),Căn hộ/Chung cư,46000000.0
https://nhadat.cafeland.vn/ban-dat-tai-thanh-loc-54-an-phu-dong-ho-chi-minh-323-ty-294m2-uy-tin-hot-2325999.html,"Bán Đất tại Thạnh Lộc 54, An Phú Đông, Hồ Chí Minh, 32,3 tỷ, 294m2, uy tín Hot!",Thành phố Hồ Chí Minh,32300000000.0,294.0,,TP.HCM (lõi cũ),Đất nền,109863945.57823129
https://nhadat.cafeland.vn/ban-nha-mat-tien-kdc-view-cong-vien-6x14-4-tang-gap-ban-giam-soc-gia-nhinh-9-2820613.html,"BÁN NHÀ MẶT TIỀN KDC, VIEW CÔNG VIÊN 6X14, 4 TẦNG. GẤP BÁN GIẢM SỐC, GIÁ NHỈNH 9","An Lạc, Thành phố Hồ Chí Minh",9600000000.0,84.0,,TP.HCM (lõi cũ),Nhà ở/Nhà phố,114285714.28571428
https://nhadat.cafeland.vn/dat-so-do-gia-dt-98-12-ty-tai-van-phuc-city-ql13-nh-cho-vay-70-dt-105m2-3177224.html,"Đất sổ đỏ giá ĐT 9,8 - 12 tỷ tại Vạn Phúc City Ql13, NH cho vay 70%, DT 105m2,","Hiệp Bình, Thành phố Hồ Chí Minh",9800000000.0,105.0,,TP.HCM (lõi cũ),Đất nền,93333333.33333333
https://nhadat.cafeland.vn/nha-63x196m-huynh-tan-phap-phuong-phu-thuan-q7-6-tang-thang-may-2283491.html,"nhà 6.3x19,6m Huỳnh Tấn Pháp phường phú Thuận Q7. 6 tầng + Thang máy","Phú Thuận, Thành phố Hồ Chí Minh",35000000000.0,120.0,,TP.HCM (lõi cũ),Nhà ở/Nhà phố,291666666.6666667
https://nhadat.cafeland.vn/ban-can-ho-2-phong-ngu-muong-thanh-phu-huu-tp-thu-duc-vi-tri-dep-3155581.html,"Bán căn hộ 2 phòng ngủ Mường Thanh Phú Hữu TP Thủ Đức, vị trí đẹp","Long Trường, Thành phố Hồ Chí Minh",3060000000.0,68.0,2.0,TP.HCM (lõi cũ),Căn hộ/Chung cư,45000000.0
https://nhadat.cafeland.vn/goc-2-mt-duong-85-phuong-tan-quy-q7-dt-52x18m-gia-25-ty-2265857.html,góc 2 Mt đường 85 phường tân quy Q7. Dt 5.2x18m giá 25 tỷ,"Tân Hưng, Thành phố Hồ Chí Minh",25000000000.0,83.0,,TP.HCM (lõi cũ),Khác,301204819.27710843
https://nhadat.cafeland.vn/eaton-park-chi-4-ty-600-cong-chung-ngay-can-goc-2pn-tang-2x-view-landmark-2556226.html,"Eaton Park - chỉ 4 tỷ 600 công chứng ngay - Căn góc 2PN - tầng 2x ,view Landmark","An Khánh, Thành phố Hồ Chí Minh",11300000000.0,75.0,2.0,TP.HCM (lõi cũ),Khác,150666666.66666666
https://nhadat.cafeland.vn/ban-nha-rieng-ban-nha-rieng-tan-phu-khu-dan-tri-hem-thong-nguyen-van-sang-48-3186791.html,"Bán nhà riêng: Bán nhà riêng Tân Phú, khu dân trí, hẻm thông Nguyễn Văn Săng 4,8","Tân Sơn Nhì, Thành phố Hồ Chí Minh",7390000000.0,85.0,3.0,TP.HCM (lõi cũ),Nhà ở/Nhà phố,86941176.47058824
https://nhadat.cafeland.vn/ban-nha-rieng-ban-can-ho-dich-vu-mat-tien-so-62-duong-160-tang-nhon-phu-a-3189182.html,"Bán nhà riêng: Bán Căn Hộ Dịch Vụ Mặt Tiền Số 62 đường 160, Tăng Nhơn Phú A","Tăng Nhơn Phú, Thành phố Hồ Chí Minh",19500000000.0,146.0,,TP.HCM (lõi cũ),Căn hộ/Chung cư,133561643.83561644
https://nhadat.cafeland.vn/ban-nha-rieng-giam-500-trieu-ban-nha-nguyen-van-dau-binh-thanh-hxh-62m2-3184910.html,"Bán nhà riêng: Giảm 500 triệu bán nhà Nguyễn Văn Đậu, Bình Thạnh - HXH - 62m2 -","Bình Lợi Trung, Thành phố Hồ Chí Minh",9200000000.0,62.0,,TP.HCM (lõi cũ),Nhà ở/Nhà phố,148387096.77419356
https://nhadat.cafeland.vn/can-goc-view-deptang-caochi-2-ty-2-2pn-le-quang-dinh-so-vinh-vien-o-ngay-2491742.html,"Căn Góc ,View đẹp,Tầng Cao,Chỉ 2 tỷ 2 - 2PN Lê Quang Định ,Sổ Vĩnh Viễn, Ở Ngay","Bình Lợi Trung, Thành phố Hồ Chí Minh",2200000000.0,54.0,2.0,TP.HCM (lõi cũ),Khác,40740740.74074074
https://nhadat.cafeland.vn/ban-nha-rieng-ban-can-nha-ngay-chung-cu-thai-an-qua-tan-binh-go-vap-thuan-3186747.html,"Bán nhà riêng: Bán căn nhà ngay chung cư Thái An qua Tân Bình - Gò Vấp, Thuận -","Trung Mỹ Tây, Thành phố Hồ Chí Minh",5650000000.0,80.0,,TP.HCM (lõi cũ),Căn hộ/Chung cư,70625000.0
https://nhadat.cafeland.vn/can-tien-ban-lo-them-500tr-lo-goc-2mt-duong-nhua-nguyen-thi-se-nh-vay-rat-cao-3189788.html,Cần tiền bán lỗ thêm 500tr lô góc 2MT đường nhựa Nguyễn Thị Se - NH vay rất cao,"Củ Chi, Thành phố Hồ Chí Minh",2790000000.0,216.0,,TP.HCM (lõi cũ),Khác,12916666.666666666
https://nhadat.cafeland.vn/orchard-collection-sycamore-chinh-thuc-nhan-booking-giu-cho-chi-tu-100-trieu-2481134.html,Orchard Collection Sycamore CHÍNH THỨC NHẬN BOOKING GIỮ CHỖ CHỈ TỪ 100 TRIỆU.,"Bình Dương, Thành phố Hồ Chí Minh",5265000000.0,81.0,,Bình Dương (mới sáp nhập),Khác,65000000.0
https://nhadat.cafeland.vn/co-hoi-so-huu-nha-pho-dang-cap-6-x-15m-1-tret-5-lau-thang-may-trung-tam-sai-gon-2398278.html,Cơ hội sở hữu nhà phố đẳng cấp 6 x 15m 1 trệt 5 lầu thang máy trung tâm Sài Gòn,"Cầu Ông Lãnh, Thành phố Hồ Chí Minh",29500000000.0,90.0,,TP.HCM (lõi cũ),Nhà ở/Nhà phố,327777777.7777778
https://nhadat.cafeland.vn/nha-cap-4-dt-5x268m-duong-le-van-luong-phuong-tan-phong-q7-21ty-1769936.html,"nhà cấp 4 dt 5x26,8m đường lê văn lương phường tân phong Q7+ 21ty","Tân Hưng, Thành phố Hồ Chí Minh",21000000000.0,133.0,,TP.HCM (lõi cũ),Nhà ở/Nhà phố,157894736.84210527
https://nhadat.cafeland.vn/mat-bang-kinh-doanh-quang-trung-42m2-vua-o-va-buon-ban-chi-599-ty-tl-2936173.html,"Mặt bằng kinh doanh Quang Trung - 42m2 - Vừa ở và buôn bán- Chỉ 5,99 tỷ TL","An Hội Tây, Thành phố Hồ Chí Minh",5790000000.0,42.0,,TP.HCM (lõi cũ),Khác,137857142.85714287
https://nhadat.cafeland.vn/ban-nha-rieng-ban-nha-cap-4-tam-binh-vuong-dep-be-ngang-lon-hem-o-to-phap-ly-3184958.html,"Bán nhà riêng: Bán nhà cấp 4 Tam Bình, vuông đẹp bề ngang lớn, hẻm ô tô, pháp lý","Tam Bình, Thành phố Hồ Chí Minh",5000000000.0,78.0,2.0,TP.HCM (lõi cũ),Nhà ở/Nhà phố,64102564.102564104
https://nhadat.cafeland.vn/ban-nha-rieng-nha-mat-pho-60m2-tai-dc1-tay-thanh-tan-phu-nhinh-6-ty-vnd-ban-3184018.html,"Bán nhà riêng: Nhà mặt phố 60m2 tại DC1, Tây Thạnh, Tân Phú, Nhỉnh 6 tỷ VND, bán","Tây Thạnh, Thành phố Hồ Chí Minh",6000000000.0,60.0,,TP.HCM (lõi cũ),Nhà ở/Nhà phố,100000000.0
https://nhadat.cafeland.vn/ban-nha-rieng-chinh-chu-chua-dau-tu-ban-nha-hxh-ngan-thanh-loc-22-an-phu-dong-3185670.html,Bán nhà riêng: Chính chủ chưa đầu tư Bán nhà HXH ngắn Thạnh Lộc 22 An Phú Đông -,"An Phú Đông, Thành phố Hồ Chí Minh",7500000000.0,81.0,,TP.HCM (lõi cũ),Nhà ở/Nhà phố,92592592.5925926
https://nhadat.cafeland.vn/mat-tien-pham-quy-thich-100m2-no-hau-dep-khong-lo-gioi-kd-o-chi-99-ty-tl-2488455.html,"Mặt tiền Phạm Quý Thích, 100m2, nở hậu đẹp, không lộ giới, KD + Ở, Chỉ 9.9 tỷ TL","Phú Thọ Hòa, Thành phố Hồ Chí Minh",9900000000.0,100.0,,TP.HCM (lõi cũ),Khác,99000000.0
https://nhadat.cafeland.vn/chi-11ty6-so-huu-ngay-can-clarke-quay-loi-nhuan-2-ty-3-nam-trong-vong-5-nam-2555941.html,Chỉ 11ty6 sở hữu ngay căn Clarke Quay lợi nhuận ~2 tỷ 3 / năm trong vòng 5 năm.,"Cần Giờ, Thành phố Hồ Chí Minh",38809000000.0,227.2,,TP.HCM (lõi cũ),Khác,170814260.5633803
https://nhadat.cafeland.vn/ban-nha-duong-an-duong-vuongphuong-an-lac-4m-x-16m-x-2-tang-64-ty-tl-2728848.html,"BÁN NHÀ ĐƯỜNG AN DƯƠNG VƯƠNG,PHƯỜNG AN LẠC (4m x 16m x 2 TẦNG) 6,4 TỶ TL","An Lạc, Thành phố Hồ Chí Minh",6400000000.0,62.0,2.0,TP.HCM (lõi cũ),Nhà ở/Nhà phố,103225806.4516129
https://nhadat.cafeland.vn/tin-that-ch-co-dien-52m2-so-hong-san-vay-75-goi-linh-dong-goc-view-dep-3160253.html,"( Tin Thật ) ,CH cổ điển 52m2 sổ hồng sẵn ,vay 75% gói linh động ,góc view đẹp","An Nhơn, Thành phố Hồ Chí Minh",2100000000.0,52.0,2.0,TP.HCM (lõi cũ),Khác,40384615.384615384
https://nhadat.cafeland.vn/mtkd-duong-cn11-duong-rong-40m-102m2-4x25-kinh-doanh-sam-uat-chi-11-ty-tl-2820630.html,"MTKD đường CN11, đường rộng 40m, 102m2, 4x25, kinh doanh sầm uất, Chỉ 11 tỷ TL","Tây Thạnh, Thành phố Hồ Chí Minh",11000000000.0,102.0,,TP.HCM (lõi cũ),Khác,107843137.25490196
https://nhadat.cafeland.vn/ban-biet-thu-pham-van-dong-thu-duc-khu-ben-song-gigamall-dt-81x16-15-ty-3166885.html,Bán Biệt thự Phạm Văn Đồng Thủ Đức - khu bên sông Gigamall - DT 8.1x16 - 15 tỷ,"Hiệp Bình, Thành phố Hồ Chí Minh",15000000000.0,130.0,6.0,TP.HCM (lõi cũ),Biệt thự,115384615.38461539
https://nhadat.cafeland.vn/ban-nha-14-duong-so-7-noi-dai-phuong-tan-tao-a-quan-binh-tan-2485191.html,"Bán nhà 14 đường số 7 nối dài, phường Tân Tạo A, quận Bình Tân","Bình Tân, Thành phố Hồ Chí Minh",13000000000.0,120.0,21.0,TP.HCM (lõi cũ),Nhà ở/Nhà phố,108333333.33333333
https://nhadat.cafeland.vn/can-ban-ma-tl-197-vinhomes-green-paradise-can-gio-dien-tich-100m2-phap-ly-ro-rang-chot-nhanh-2489280.html,Cần bán mã TL-197 Vinhomes Green Paradise Cần Giờ diện tích 100m2 pháp lý rõ ràng chốt nhanh,"Cần Giờ, Thành phố Hồ Chí Minh",18553000000.0,100.0,,TP.HCM (lõi cũ),Khác,185530000.0
https://nhadat.cafeland.vn/ban-nha-xay-moi-5-tang-thang-may-1sec-duong-6m-xe-tai-thong-ke-emart-go-vap-2728823.html,"BÁN NHÀ XÂY MỚI 5 TẦNG THANG MÁY, 1SẸC ĐƯỜNG 6M XE TẢI THÔNG, KỀ EMART GÒ VẤP","An Hội Tây, Thành phố Hồ Chí Minh",11990000000.0,64.0,5.0,TP.HCM (lõi cũ),Nhà ở/Nhà phố,187343750.0
https://nhadat.cafeland.vn/khu-noi-bo-3-can-ngang-4m-4-tang-5wc-trung-tam-q10-2556634.html,"Khu nội bộ 3 căn, ngang 4m 4 tầng 5wc. Trung tâm q10","Diên Hồng, Thành phố Hồ Chí Minh",6600000000.0,42.0,,TP.HCM (lõi cũ),Khác,157142857.14285713
https://nhadat.cafeland.vn/ban-nha-rieng-nha-moi-dep-81m2-hem-8m-xe-tai-le-van-khuong-4-tang-tang-full-noi-3183978.html,Bán nhà riêng: Nhà mới đẹp-81m2-hẻm 8m xe tải Lê Văn Khương-4 tầng-tặng full nội,"Thới An, Thành phố Hồ Chí Minh",8000000000.0,81.0,,TP.HCM (lõi cũ),Nhà ở/Nhà phố,98765432.09876543
https://nhadat.cafeland.vn/ban-nha-hxh-duong-binh-thoiquan-11-68m2-4m-x-16m-x-4-tang-97-ty-tl-2290430.html,"BÁN NHÀ HXH ĐƯỜNG BÌNH THỚI,QUẬN 11 ( 68m2 - 4m x 16m x 4 TẦNG ) 9,7 TỶ TL","Bình Thới, Thành phố Hồ Chí Minh",9700000000.0,72.0,6.0,TP.HCM (lõi cũ),Nhà ở/Nhà phố,134722222.2222222
https://nhadat.cafeland.vn/ban-dat-tho-cu-dat-goc-3-mat-thoang-131m2-duong-so-7-linh-xuan-thu-duc-3183320.html,"Bán đất thổ cư: Đất góc 3 mặt thoáng 131m2 đường số 7, Linh Xuân, Thủ Đức","Linh Xuân, Thành phố Hồ Chí Minh",7800000000.0,144.0,,TP.HCM (lõi cũ),Đất nền,54166666.666666664
https://nhadat.cafeland.vn/mat-tien-ly-phuc-man-phuong-binh-thuan-quan-7-dt-6x21m-tret-4-lau-2194446.html,mặt tiền lý phục man phường bình thuận Quận 7. dt 6x21m trệt 4 lầu,"Tân Thuận, Thành phố Hồ Chí Minh",23000000000.0,100.0,,TP.HCM (lõi cũ),Khác,230000000.0
https://nhadat.cafeland.vn/do-thay-doi-du-tinh-chi-khach-can-ban-2pn-1wc-60m2-chung-cu-picity-skypark-2490826.html,"Do thay đổi dự tính, chị khách cần bán 2PN-1WC (60m2) chung cư Picity SkyPark.","Dĩ An, Thành phố Hồ Chí Minh",3000000000.0,60.0,2.0,Bình Dương (mới sáp nhập),Căn hộ/Chung cư,50000000.0
https://nhadat.cafeland.vn/ban-can-ho-chung-cu-ban-can-ho-tai-river-panorama-quan-7-dia-chi-duong-le-3188555.html,Bán căn hộ chung cư: BÁN CĂN HỘ TẠI RIVER PANORAMA – QUẬN 7 Địa chỉ: Đường Lê,"Phú Thuận, Thành phố Hồ Chí Minh",2175000000.0,114.0,3.0,TP.HCM (lõi cũ),Căn hộ/Chung cư,19078947.36842105
https://nhadat.cafeland.vn/nha-7x18m-khu-dan-cu-ven-song-phuong-tan-phong-q7-2102263.html,nhà 7x18m khu dân cư ven sông phường tân phong Q7+,"Tân Hưng, Thành phố Hồ Chí Minh",23000000000.0,126.0,5.0,TP.HCM (lõi cũ),Nhà ở/Nhà phố,182539682.53968254
https://nhadat.cafeland.vn/ban-can-ho-chung-cu-chuyen-cong-tac-ban-gap-can-68m2-2pn-2wc-goc-gia-36-ty-vie-3182340.html,"Bán căn hộ chung cư: Chuyển công tác bán gấp căn 68m2 2pn 2wc góc giá 3,6 tỷ vie","Bình Hưng, Thành phố Hồ Chí Minh",3600000000.0,68.0,2.0,TP.HCM (lõi cũ),Căn hộ/Chung cư,52941176.47058824
https://nhadat.cafeland.vn/ban-nha-hem-xe-hoi-duong-huynh-van-banh-phuong-phu-nhuan-tp-ho-chi-minh-2490892.html,"Bán nhà hẻm xe hơi đường Huỳnh Văn Bánh, phường Phú Nhuận, TP. Hồ Chí Minh","Đức Nhuận, Thành phố Hồ Chí Minh",12500000000.0,44.0,4.0,TP.HCM (lõi cũ),Nhà ở/Nhà phố,284090909.09090906
https://nhadat.cafeland.vn/ban-nha-mat-tien-le-van-luong-quan-7-nha-1-lau-moi-dep-gia-185-ty-2477022.html,Bán nhà mặt tiền Lê Văn Lương Quận 7 nhà 1 lầu mới đẹp giá 18.5 tỷ,"Tân Hưng, Thành phố Hồ Chí Minh",18500000000.0,188.0,2.0,TP.HCM (lõi cũ),Nhà ở/Nhà phố,98404255.31914894
https://nhadat.cafeland.vn/chuyen-nhuong-nha-mat-tien-kinh-doanh-nguyen-van-troi-phuong-8-phu-nhuan-2490914.html,"Chuyển nhượng nhà mặt tiền kinh doanh Nguyễn Văn Trỗi, Phường 8, Phú Nhuận","Đức Nhuận, Thành phố Hồ Chí Minh",8000000000.0,32.0,,TP.HCM (lõi cũ),Nhà ở/Nhà phố,250000000.0
https://nhadat.cafeland.vn/ban-nha-rieng-ban-nha-duong-hoang-quoc-viet-quan-7-ngay-cong-vien-2-tang-so-3182318.html,"Bán nhà riêng: Bán nhà Đường Hoàng Quốc Việt, Quận 7, ngay công viên, 2 tầng, sổ","Phú Thuận, Thành phố Hồ Chí Minh",9800000000.0,80.0,2.0,TP.HCM (lõi cũ),Nhà ở/Nhà phố,122500000.0
https://nhadat.cafeland.vn/ban-re-nha-vi-tri-dep-1-tret-2-lau-bui-thi-xuan-quan-1-tphcm-3131280.html,Bán rẻ nhà vị trí đẹp 1 trệt 2 lầu Bùi Thị Xuân Quận 1 TP.HCM,"Bến Thành, Thành phố Hồ Chí Minh",25500000000.0,78.0,,TP.HCM (lõi cũ),Nhà ở/Nhà phố,326923076.9230769
https://nhadat.cafeland.vn/ban-nha-4-tang-view-song-cong-vien-kdc-an-phu-hung-quan-7-2285221.html,Bán nhà 4 tầng view sông công viên KDC An Phú Hưng Quận 7,"Tân Hưng, Thành phố Hồ Chí Minh",25000000000.0,105.0,,TP.HCM (lõi cũ),Nhà ở/Nhà phố,238095238.0952381
https://nhadat.cafeland.vn/chi-con-1-lo-duy-nhat-b12-gia-re-nhat-khu-dan-cu-lumian-2829833.html,CHỈ CÒN 1 LÔ DUY NHẤT B12 – GIÁ RẺ NHẤT KHU DÂN CƯ LUMIAN,"Đất Đỏ, Thành phố Hồ Chí Minh",1312000000.0,113.0,,Bà Rịa - Vũng Tàu (mới sáp nhập),Khác,11610619.469026549
https://nhadat.cafeland.vn/duong-8m-khu-ban-co-duong-yen-do-85m2-41x21-4pn-chi-895-ty-tl-2325089.html,"Đường 8m khu bàn cờ đường Yên Đỗ, 85m2, 4.1x21, 4PN, Chỉ 8.95 tỷ TL","Tân Phú, Thành phố Hồ Chí Minh",8950000000.0,85.0,4.0,TP.HCM (lõi cũ),Khác,105294117.64705883
https://nhadat.cafeland.vn/ban-biet-thu-nha-pho-gia-tot-vi-tri-dep-dai-hoc-quoc-te-4950-ty-full-uu-dai-t-3187943.html,"Bán biệt thự: Nhà phố giá tốt vị trí đẹp Đại học Quốc tế, 4.950 tỷ full ưu đãi T","Xuân Thới Sơn, Thành phố Hồ Chí Minh",4950000000.0,50.0,,TP.HCM (lõi cũ),Biệt thự,99000000.0
https://nhadat.cafeland.vn/ban-nha-rieng-nha-3-lau-xay-moi-gan-cho-vuon-lai-dh-nguyen-tat-thanh-hem-xe-3185674.html,Bán nhà riêng: Nhà 3 lầu xây mới gần chợ Vườn Lài - ĐH Nguyễn Tất Thành - Hẻm xe,"An Phú Đông, Thành phố Hồ Chí Minh",5750000000.0,51.0,,TP.HCM (lõi cũ),Nhà ở/Nhà phố,112745098.03921568
https://nhadat.cafeland.vn/ban-dat-tho-cu-can-ban-gap-vai-nen-tho-cu-26-ty-thuong-luong-dat-sau-cho-binh-3183310.html,"Bán đất thổ cư: cần bán gấp vài nền thổ cư 2,6 tỷ thương lượng đất sau chợ bình","Bình Chánh, Thành phố Hồ Chí Minh",2600000000.0,100.0,,TP.HCM (lõi cũ),Đất nền,26000000.0
https://nhadat.cafeland.vn/ban-can-ho-chung-cu-ban-can-ho-an-phu-block-a-quan-6-85m2-2pn-2wc-d-3188543.html,Bán căn hộ chung cư: Bán căn hộ AN PHÚ BLOCK A – QUẬN 6 | 85M² | 2PN – 2WC Đ,"Bình Phú, Thành phố Hồ Chí Minh",1815000000.0,85.0,2.0,TP.HCM (lõi cũ),Căn hộ/Chung cư,21352941.17647059
https://nhadat.cafeland.vn/phuong-ban-co-ban-nha-70m2-no-hau-duong-4m-khu-cho-ban-co-chi-105-ty-2289844.html,[PHƯỜNG BÀN CỜ] BÁN NHÀ 70M² NỞ HẬU – ĐƯỜNG 4M – KHU CHỢ BÀN CỜ – CHỈ 10.5 TỶ,"Bàn Cờ, Thành phố Hồ Chí Minh",10500000000.0,70.0,,TP.HCM (lõi cũ),Nhà ở/Nhà phố,150000000.0
https://nhadat.cafeland.vn/nha-khu-an-ninh-duong-8m-tan-thang-ke-aeon-64m2-3-tang-4pn-chi-86-ty-2481426.html,"Nhà khu an ninh đường 8m Tân Thắng, kế AEON, 64m2, 3 tầng, 4PN, Chỉ 8.6 tỷ","Tân Sơn Nhì, Thành phố Hồ Chí Minh",8600000000.0,64.0,4.0,TP.HCM (lõi cũ),Nhà ở/Nhà phố,134375000.0
https://nhadat.cafeland.vn/ban-can-ho-tai-dedge-thao-dien-tang-trung-188m2-4pn-3wc-view-song-so-hong-2812300.html,"Bán căn hộ tại D'Edge Thảo Điền tầng trung, 188m2, 4PN-3WC, view sông, sổ hồng","An Khánh, Thành phố Hồ Chí Minh",36200000000.0,188.0,4.0,TP.HCM (lõi cũ),Căn hộ/Chung cư,192553191.4893617
https://nhadat.cafeland.vn/eaton-park-can-2-ngu-chi-2-ty-678-trieu-20-ndt-so-huu-ngay-bds-dong-tien-2286920.html,"Eaton Park - Căn 2 ngủ, chỉ 2 tỷ 678 triệu (20%) - NĐT sở hữu ngay BĐS dòng tiền","An Khánh, Thành phố Hồ Chí Minh",10000000000.0,75.0,,TP.HCM (lõi cũ),Khác,133333333.33333333
https://nhadat.cafeland.vn/ban-lo-dat-tho-cu-vi-tri-dep-tien-xay-chdv-duong-so-49-quan-7-2828405.html,Bán lô đất thổ cư vị trí đẹp tiện xây CHDV Đường số 49. Quận 7,"Tân Thuận, Thành phố Hồ Chí Minh",13900000000.0,110.0,,TP.HCM (lõi cũ),Đất nền,126363636.36363636
https://nhadat.cafeland.vn/chuyen-nhuong-nha-hem-xe-hoi-duong-truong-chinh-phuong-14-quan-tan-binh-2480862.html,"Chuyển nhượng nhà hẻm xe hơi đường Trường Chinh, phường 14, quận Tân Bình","Tân Bình, Thành phố Hồ Chí Minh",18000000000.0,96.0,,TP.HCM (lõi cũ),Nhà ở/Nhà phố,187500000.0
https://nhadat.cafeland.vn/can-ho-quoc-lo-13-thanh-toan-10-vao-o-ngay-so-hong-trao-tay-an-han-ngan-hang-2401578.html,"Căn hộ Quốc lộ 13, thanh toán 10% vào ở ngay, Sổ hồng trao tay, Ân hạn ngân hàng","Lái Thiêu, Thành phố Hồ Chí Minh",3182000000.0,68.0,,Bình Dương (mới sáp nhập),Căn hộ/Chung cư,46794117.64705882
https://nhadat.cafeland.vn/nha-cap-4-dt-8x15m-duong-1-cho-tan-my-phuong-tan-phu-q7-vi-tri-kinh-doanh-2947663.html,Nhà cấp 4 Dt 8x15m đường 1 chợ Tân mỹ Phường Tân Phú Q7. VỊ trí Kinh doanh,"Tân Mỹ, Thành phố Hồ Chí Minh",26500000000.0,120.0,,TP.HCM (lõi cũ),Nhà ở/Nhà phố,220833333.33333334
https://nhadat.cafeland.vn/ban-can-ho-duplex-tai-chung-cu-vista-verde-quan-2-cu-185m2-5pn-3179363.html,Bán Căn hộ DUPLEX tại chung cư VISTA VERDE - Quận 2 cũ-185m2-5PN,"Cát Lái, Thành phố Hồ Chí Minh",14800000000.0,185.0,5.0,TP.HCM (lõi cũ),Căn hộ/Chung cư,80000000.0
https://nhadat.cafeland.vn/ban-nha-rieng-ban-nha-4-tang-140m2-truong-thi-hoa-tan-thoi-hiep-q12-ngang-7m-3187731.html,"Bán nhà riêng: Bán nhà 4 tầng 140m2 trương thị hoa, tân thới hiệp q12 ngang 7m -","Tân Thới Hiệp, Thành phố Hồ Chí Minh",10600000000.0,140.0,,TP.HCM (lõi cũ),Nhà ở/Nhà phố,75714285.71428572
https://nhadat.cafeland.vn/dat-duong-o-to-thong-binh-my-cu-chi-85x125m-550tr-2823803.html,"Đất đường ô tô thông, Bình Mỹ, Củ Chi, 8,5x12,5m, 550tr","Bình Mỹ, Thành phố Hồ Chí Minh",550000000.0,113.0,,TP.HCM (lõi cũ),Đất nền,4867256.637168142
https://nhadat.cafeland.vn/ban-nha-rieng-ban-can-homestay-mini-di-bo-ra-bien-loc-an-chi-300m-3187671.html,Bán nhà riêng: Bán căn homestay mini đi bộ ra biển Lộc An chỉ 300m,"Phước Hải, Thành phố Hồ Chí Minh",2300000000.0,83.0,2.0,Bà Rịa - Vũng Tàu (mới sáp nhập),Nhà ở/Nhà phố,27710843.373493977
https://nhadat.cafeland.vn/ban-nha-quan-7-duong-mai-van-vinh-dt-63x20m-nh-67m-5-tang-2276177.html,"Bán nhà Quận 7 đường Mai Văn Vĩnh , dt 6,3x20m, Nh 6,7m 5 tầng","Tân Hưng, Thành phố Hồ Chí Minh",26500000000.0,113.0,,TP.HCM (lõi cũ),Nhà ở/Nhà phố,234513274.33628318
https://nhadat.cafeland.vn/nha-dep-gia-re-go-vap-xe-hoi-dau-cach-nha-10m-2488396.html,Nhà đẹp giá rẻ Gò Vấp - Xe hơi đậu cách nhà 10m,"Gò Vấp, Thành phố Hồ Chí Minh",4950000000.0,35.0,2.0,TP.HCM (lõi cũ),Nhà ở/Nhà phố,141428571.42857143
https://nhadat.cafeland.vn/ban-can-ho-the-opera-2-pn-81-m2-nha-moi-chua-qua-su-dung-2278120.html,BÁN CĂN HỘ THE OPERA 2 PN 81 M2 - NHÀ MỚI CHƯA QUA SỬ DỤNG,"An Khánh, Thành phố Hồ Chí Minh",26000000000.0,81.0,2.0,TP.HCM (lõi cũ),Căn hộ/Chung cư,320987654.32098764
https://nhadat.cafeland.vn/ban-nha-le-trong-tan-tan-phu-hem-thong-3m-38x115m-vuong-a4-nha-moi-dep-2828314.html,"Bán nhà Lê Trọng Tấn, Tân Phú - hẻm thông 3m - 3.8x11.5m vuông A4 - nhà mới đẹp","Tây Thạnh, Thành phố Hồ Chí Minh",5360000000.0,44.0,,TP.HCM (lõi cũ),Nhà ở/Nhà phố,121818181.81818181
https://nhadat.cafeland.vn/dat-pham-the-hien-q8-gia-1ty350-da-co-so-lien-he-xem-ngay-0932068012-2833210.html,"Đất Phạm Thế Hiển Q8 giá 1tỷ350 , đã có sổ , liên hệ xem ngay 0932068012","Bình Đông, Thành phố Hồ Chí Minh",1350000000.0,100.0,,TP.HCM (lõi cũ),Đất nền,13500000.0
https://nhadat.cafeland.vn/ban-nha-rieng-ban-gap-nha-mat-tien-kinh-doanh-6-x-27-duong-tan-son-nhi-phuong-t-3186776.html,Bán nhà riêng: Bán gấp nhà mặt tiền kinh doanh 6 x 27 đương tân sơn nhì phường t,"Tân Sơn Nhì, Thành phố Hồ Chí Minh",33000000000.0,185.0,,TP.HCM (lõi cũ),Nhà ở/Nhà phố,178378378.3783784
https://nhadat.cafeland.vn/toa-nha-van-phong-goc-3-mat-tien-cuc-dep-khu-kim-son-quan-7-2462296.html,Toà nhà Văn phòng góc 3 Mặt Tiền cực đẹp Khu Kim Sơn. Quận 7,"Tân Thuận, Thành phố Hồ Chí Minh",35000000000.0,109.0,,TP.HCM (lõi cũ),Nhà ở/Nhà phố,321100917.43119264
https://nhadat.cafeland.vn/ban-nha-rieng-289-ty-tl-204m2-172m-x-13m-goc-2mt-duong-12m-nguyen-huu-da-3184004.html,"Bán nhà riêng: 28.9 tỷ TL - 204m2 - 17.2m x 13m, góc 2MT đường 12m Nguyễn Hữu Dậ","Tây Thạnh, Thành phố Hồ Chí Minh",28900000000.0,204.0,,TP.HCM (lõi cũ),Nhà ở/Nhà phố,141666666.66666666
https://nhadat.cafeland.vn/ban-nha-rieng-chdv-5-lau-dang-khoan-70trth-huynh-van-banh-pn-thang-may-450kg-3184027.html,"Bán nhà riêng: Chdv 5 lầu đang khoán 70tr/th Huỳnh Văn Bánh, PN, thang máy 450kg","Phú Nhuận, Thành phố Hồ Chí Minh",18300000000.0,75.0,14.0,TP.HCM (lõi cũ),Nhà ở/Nhà phố,244000000.0
https://nhadat.cafeland.vn/ban-can-ho-chung-cu-can-2pn-2wc-67m2-17-ty-shr-tai-thanh-binh-residence-3184389.html,"Bán căn hộ chung cư: Căn 2PN 2WC 67m², 1,7 tỷ, SHR tại Thanh Bình Residence","Bình Hòa, Thành phố Hồ Chí Minh",1700000000.0,67.0,2.0,Bình Dương (mới sáp nhập),Căn hộ/Chung cư,25373134.32835821
https://nhadat.cafeland.vn/nhinh-5-ty-so-huu-nha-trung-tam-go-vap-51m2-3-tang-hem-3-gac-sach-se-2932834.html,Nhỉnh 5 tỷ sở hữu nhà trung tâm Gò Vấp - 51m2 - 3 tầng- hẻm 3 gác sạch sẽ,"Gò Vấp, Thành phố Hồ Chí Minh",5400000000.0,51.0,,TP.HCM (lõi cũ),Nhà ở/Nhà phố,105882352.94117647
https://nhadat.cafeland.vn/hot-deal-chinh-chu-gui-ban-can-ho-essensia-sky-119m2-view-ho-boi-dep-3133305.html,HOT DEAL | CHÍNH CHỦ GỬI BÁN CĂN HỘ ESSENSIA SKY 119m² – VIEW HỒ BƠI ĐẸP,"Nhà Bè, Thành phố Hồ Chí Minh",8900000000.0,119.0,,TP.HCM (lõi cũ),Căn hộ/Chung cư,74789915.96638656
https://nhadat.cafeland.vn/ban-re-nha-pho-55-x-23m-1-tret-1-lau-tran-van-dang-q3-tphcm-3142554.html,Bán rẻ nhà phố 5.5 x 23m 1 trệt 1 lầu Trần văn Đang Q3 TP.HCM,"Nhiêu Lộc, Thành phố Hồ Chí Minh",24000000000.0,126.0,,TP.HCM (lõi cũ),Nhà ở/Nhà phố,190476190.47619048
https://nhadat.cafeland.vn/ban-nha-rieng-mat-tien-3-tang-hon-203m2-ngang-8m-duong-trung-my-tay-quan-12-3182216.html,"Bán nhà riêng: Mặt tiền 3 tầng hơn 203m2, ngang 8m - Đường Trung Mỹ Tây, Quận 12","Trung Mỹ Tây, Thành phố Hồ Chí Minh",12900000000.0,203.0,,TP.HCM (lõi cũ),Nhà ở/Nhà phố,63546798.02955665
https://nhadat.cafeland.vn/top-nha-pho-re-15-x-19m-1-tret-1-lau-thu-duc-tphcm-chi-11-ty-2272569.html,Top nhà phố rẻ 15 x 19m 1 trệt 1 lầu Thủ Đức TP.HCM chỉ 11 tỷ,"Hiệp Bình, Thành phố Hồ Chí Minh",11000000000.0,285.0,,TP.HCM (lõi cũ),Nhà ở/Nhà phố,38596491.22807018
https://nhadat.cafeland.vn/chi-hon-3-ty-la-co-the-so-huu-mot-can-ho-tang-tret-cc-nguyen-thien-thuat-quan-3-2288888.html,CHỈ HƠN 3 TỶ LÀ CÓ THỂ SỞ HỮU MỘT CĂN HỘ TẦNG TRỆT C/C NGUYỄN THIỆN THUẬT QUẬN 3,"Bàn Cờ, Thành phố Hồ Chí Minh",3500000000.0,44.0,,TP.HCM (lõi cũ),Căn hộ/Chung cư,79545454.54545455
https://nhadat.cafeland.vn/ban-nha-duong-hiep-binh-thu-duc-dt-75m2-4pn-tien-kinh-doanh-819-ty-3167074.html,Bán nhà đường Hiệp Bình Thủ Đức - DT 75m2 - 4PN - tiện kinh doanh - 8.19 tỷ,"Hiệp Bình, Thành phố Hồ Chí Minh",8190000000.0,75.0,4.0,TP.HCM (lõi cũ),Nhà ở/Nhà phố,109200000.0
https://nhadat.cafeland.vn/ch-3pn-tt-chi-933tr-nhan-nha-full-noi-that-cb-cao-cap-he-thong-iot-smarthomes-2554842.html,"CH 3PN TT chỉ 933tr Nhận nhà, Full nội thất CB Cao Cấp + Hệ thống IOT Smarthomes","Dĩ An, Thành phố Hồ Chí Minh",3726000000.0,69.0,3.0,Bình Dương (mới sáp nhập),Nhà ở/Nhà phố,54000000.0
https://nhadat.cafeland.vn/ban-nha-rieng-hiem-chua-toi-125trm2-ban-dat-tang-nha-5x20m-binh-loi-dang-th-3184452.html,Bán nhà riêng: Hiếm chưa tới 125tr/m2! Bán đất tặng nhà 5x20m Bình Lợi - Đặng Th,"Bình Lợi Trung, Thành phố Hồ Chí Minh",12450000000.0,100.0,,TP.HCM (lõi cũ),Đất nền,124500000.0
https://nhadat.cafeland.vn/ban-nha-rieng-nha-cap-4-shr-5x12m-mt-nhua-10-gan-truong-tran-cao-van-3183989.html,"Bán nhà riêng: Nhà Cấp 4, Shr, 5x12m MT Nhựa 10 Gần Trường Trần Cao Văn.","Trung Mỹ Tây, Thành phố Hồ Chí Minh",4000000000.0,60.0,,TP.HCM (lõi cũ),Nhà ở/Nhà phố,66666666.666666664
https://nhadat.cafeland.vn/ban-nha-hxh-duong-chien-luocgan-chung-cu-saisonhome-4m-x-13m-x-4-tang-7-ty-tl-2347866.html,"BÁN NHÀ HXH ĐƯỜNG CHIẾN LƯỢC,GẦN CHUNG CƯ SAISONHOME (4m x 13m x 4 TẦNG) 7 TỶ TL","Bình Trị Đông, Thành phố Hồ Chí Minh",7000000000.0,54.0,6.0,TP.HCM (lõi cũ),Căn hộ/Chung cư,129629629.62962963
https://nhadat.cafeland.vn/hem-xe-tai-8m-duong-thoai-ngoc-hau-88m2-4x22-4-tang-5pn-nha-dep-chi-12ty-2555895.html,"Hẻm xe tải 8m đường Thoại Ngọc Hầu, 88m2, 4x22, 4 tầng, 5PN, nhà đẹp, Chỉ 12tỷ","Phú Thạnh, Thành phố Hồ Chí Minh",11990000000.0,88.0,5.0,TP.HCM (lõi cũ),Nhà ở/Nhà phố,136250000.0
https://nhadat.cafeland.vn/ban-can-dep-vn48-436-vinhomes-green-paradise-can-gio-dien-tich-100m2-trong-khu-do-thi-lan-bien-2489265.html,Bán căn đẹp VN48-436 Vinhomes Green Paradise Cần Giờ diện tích 100m2 trong khu đô thị lấn biển,"Cần Giờ, Thành phố Hồ Chí Minh",15680000000.0,100.0,,TP.HCM (lõi cũ),Khác,156800000.0
https://nhadat.cafeland.vn/p-ban-co-can-goc-2-mat-tien-khu-cx-do-thanh-3-tang-co-dong-tien-109-ty-2357757.html,[P BÀN CỜ] CĂN GÓC 2 MẶT TIỀN KHU CX ĐÔ THÀNH – 3 TẦNG – CÓ DÒNG TIỀN – 10.9 TỶ,"Bàn Cờ, Thành phố Hồ Chí Minh",10900000000.0,36.0,,TP.HCM (lõi cũ),Khác,302777777.7777778
https://nhadat.cafeland.vn/ro-hang-f0-can-mat-tien-duong-binh-thung-5x169-nha-pho-bcons-eden-park-2832940.html,"RỔ HÀNG F0 CĂN MẶT TIỀN ĐƯỜNG BÌNH THUNG 5X16,9 NHÀ PHỐ BCONS EDEN PARK","Đông Hòa, Thành phố Hồ Chí Minh",8100000000.0,208.0,,Bình Dương (mới sáp nhập),Nhà ở/Nhà phố,38942307.692307696
https://nhadat.cafeland.vn/dat-trong-4x19m-duong-79-phuong-tan-quy-q7-tan-hung-moi-2477577.html,Đất Trống 4x19m Đường 79 phường Tân Quy Q7 ( Tân Hưng mới ),"Tân Hưng, Thành phố Hồ Chí Minh",15000000000.0,77.0,79.0,TP.HCM (lõi cũ),Đất nền,194805194.8051948
https://nhadat.cafeland.vn/ban-can-ho-golden-king-nguyen-luong-bang-can-goc-39-ty-44m2-q7view-dep-2290443.html,"Bán căn hộ Golden King, Nguyễn Lương Bằng, Căn góc 3,9 tỷ, 44m2, Q7,view đẹp","Tân Mỹ, Thành phố Hồ Chí Minh",3900000000.0,44.0,,TP.HCM (lõi cũ),Căn hộ/Chung cư,88636363.63636364
https://nhadat.cafeland.vn/ban-nha-rieng-hiem-nha-dep-5-tang-hem-xe-hoi-8m-dien-bien-phu-ngay-hutech-p25-3184445.html,"Bán nhà riêng: Hiếm! Nhà đẹp 5 tầng hẻm xe hơi 8m Điện Biên Phủ ngay Hutech, P25","Thạnh Mỹ Tây, Thành phố Hồ Chí Minh",10500000000.0,60.0,,TP.HCM (lõi cũ),Nhà ở/Nhà phố,175000000.0
https://nhadat.cafeland.vn/ban-nha-mat-tien-khu-vip-tan-son-nhi-4-tang-ngang-hiem-45x20-vuong-vuc-2324980.html,Bán nhà Mặt Tiền khu VIP Tân Sơn Nhì 4 tầng ngang hiếm 4.5x20 vuông vức,"Tân Sơn Nhì, Thành phố Hồ Chí Minh",22000000000.0,90.0,,TP.HCM (lõi cũ),Nhà ở/Nhà phố,244444444.44444445
https://nhadat.cafeland.vn/ban-nha-pho-ven-song-dong-nai-chi-tu-50trm2-gan-san-bay-long-thanh-2287305.html,Bán nhà phố ven sông Đồng Nai chỉ từ 50tr/m2 gần sân bay Long Thành,"Long Phước, Thành phố Hồ Chí Minh",6800000000.0,114.0,,TP.HCM (lõi cũ),Nhà ở/Nhà phố,59649122.80701754
https://nhadat.cafeland.vn/chuyen-nhuong-nha-hem-sat-mat-tien-duong-phan-xich-long-quan-phu-nhuan-2481147.html,"Chuyển nhượng nhà hẻm sát mặt tiền đường Phan Xích Long, quận Phú Nhuận","Đức Nhuận, Thành phố Hồ Chí Minh",11500000000.0,80.0,,TP.HCM (lõi cũ),Nhà ở/Nhà phố,143750000.0
https://nhadat.cafeland.vn/ban-dat-tho-cu-dat-ban-1x-duong-nguyen-thi-kieu-p-tan-thoi-hiep-q12-3187741.html,Bán đất thổ cư: đất bán 1x đường Nguyễn Thị Kiểu p Tân Thới Hiệp Q12,"Tân Thới Hiệp, Thành phố Hồ Chí Minh",3790000000.0,50.0,,TP.HCM (lõi cũ),Đất nền,75800000.0
https://nhadat.cafeland.vn/ban-nha-rieng-ban-nha-thanh-loc-28-dt-4x15-4t-5pn-5wc-hem-xe-hoi-vi-tri-n-3183178.html,"Bán nhà riêng: Bán nhà Thạnh Lộc 28, DT 4x15, 4T, 5PN, 5WC, hẻm xe hơi, vị trí n","An Phú Đông, Thành phố Hồ Chí Minh",5990000000.0,60.0,5.0,TP.HCM (lõi cũ),Nhà ở/Nhà phố,99833333.33333333
https://nhadat.cafeland.vn/ban-can-ho-chung-cu-giam-cuc-sau-3-ty-930-can-ho-d1-mension-so-hong-rieng-b-3188577.html,Bán căn hộ chung cư: Giảm cực sâu 3 TỶ 930 căn hộ D1 MENSION SỔ HỒNG RIÊNG | B,"Bến Thành, Thành phố Hồ Chí Minh",3930000000.0,94.0,,TP.HCM (lõi cũ),Căn hộ/Chung cư,41808510.63829787
https://nhadat.cafeland.vn/ban-nha-mat-tien-mai-van-vinh-ngay-nguyen-thi-thap-dien-tich-52x20m-nha-dep-vo-2235229.html,"Bán Nhà Mặt Tiền Mai Văn Vĩnh Ngay Nguyễn Thị Thập. Diện Tích 5,2X20M Nhà Đẹp Vô","Tân Hưng, Thành phố Hồ Chí Minh",23800000000.0,64.0,,TP.HCM (lõi cũ),Nhà ở/Nhà phố,371875000.0
https://nhadat.cafeland.vn/dat-dep-5x25-co-100tc-dat-so-rieng-vi-tri-thuan-tien-gan-cac-kcn-gia-1490-2506890.html,"Đất đẹp, 5x25 có 100tc. Đất sổ riêng, vị trí thuận tiện. gần các kcn. giá 1.490","Phú An, Thành phố Hồ Chí Minh",1490000000.0,125.1,,Bình Dương (mới sáp nhập),Đất nền,11910471.622701839
https://nhadat.cafeland.vn/ban-nha-rieng-ban-nha-dep-tran-van-on-tan-phu-414m2-4-tang-gia-495-ty-3185722.html,"Bán nhà riêng: Bán nhà đẹp Trần Văn Ơn, Tân Phú, 41.4m2, 4 tầng, giá 4.95 tỷ","Tân Sơn Nhì, Thành phố Hồ Chí Minh",4950000000.0,41.4,,TP.HCM (lõi cũ),Nhà ở/Nhà phố,119565217.39130436
https://nhadat.cafeland.vn/ban-dat-hem-xe-hoi-duong-12-an-khanh-quan-2-2485836.html,"Bán đất hẻm xe hơi đường 12, An Khánh, Quận 2","Thủ Đức, Thành phố Hồ Chí Minh",16000000000.0,67.8,,TP.HCM (lõi cũ),Đất nền,235988200.5899705
https://nhadat.cafeland.vn/ban-nha-rieng-chu-ngop-bank-nen-giam-gia-sau-vi-nha-qua-dep-gia-lai-cuc-tot-3187946.html,Bán nhà riêng: Chủ ngộp bank nên giảm giá sâu. Vì nhà quá đẹp giá lại cực tốt.,"Đông Thạnh, Thành phố Hồ Chí Minh",2750000000.0,75.0,,TP.HCM (lõi cũ),Nhà ở/Nhà phố,36666666.666666664
https://nhadat.cafeland.vn/ban-nha-rieng-ban-nha-ngay-vinh-phu-05-xac-ben-cau-vinh-binh-bvqt-hanh-phuc-3183089.html,"Bán nhà riêng: Bán nhà ngay Vĩnh Phú 05, xác bên cầu Vĩnh Bình, BVQT Hạnh Phúc,","Bình Hòa, Thành phố Hồ Chí Minh",7000000000.0,124.0,,Bình Dương (mới sáp nhập),Nhà ở/Nhà phố,56451612.90322581
https://nhadat.cafeland.vn/san-bay-ch-50m2-2ty-so-san-thang-may-view-ho-boi-o-ngay-gop-2-nam-0-lai-2466046.html,"Sân Bay CH 50m2 /2tỷ - Sổ Sẵn ,Thang Máy ,View Hồ Bơi ,Ở Ngay ,Góp 2 Năm 0 Lãi","Bình Lợi Trung, Thành phố Hồ Chí Minh",2000000000.0,50.0,2.0,TP.HCM (lõi cũ),Khác,40000000.0
https://nhadat.cafeland.vn/can-hiem-nha-pho-mt-phu-thuan-ngang-8m-mat-tien-duong-30m-vi-tri-vip-2280114.html,"Căn hiếm nhà phố MT Phú Thuận – ngang 8m, mặt tiền đường 30m, vị trí VIP","Phú Thuận, Thành phố Hồ Chí Minh",40000000000.0,160.0,,TP.HCM (lõi cũ),Nhà ở/Nhà phố,250000000.0
https://nhadat.cafeland.vn/ban-nha-duong-so-18-khu-ven-song-tan-phong-quan-7-dt-7x18m-1-tret-2-lau-2234008.html,"Bán nhà đường số 18 Khu Ven Sông Tân Phong ,Quận 7, dt 7x18m, 1 trệt 2 lầu","Tân Hưng, Thành phố Hồ Chí Minh",23000000000.0,126.0,,TP.HCM (lõi cũ),Nhà ở/Nhà phố,182539682.53968254
https://nhadat.cafeland.vn/ban-nha-rieng-ban-nha-gan-truong-hoc-4x13m-xay-1-lau-hem-7m-thong-thoi-an-19-3186758.html,"Bán nhà riêng: Bán nhà gần trường học 4x13m, xây 1 lầu hẻm 7m thông Thới An 19 (","Thới An, Thành phố Hồ Chí Minh",4290000000.0,53.0,2.0,TP.HCM (lõi cũ),Nhà ở/Nhà phố,80943396.2264151
https://nhadat.cafeland.vn/ban-nha-mat-tien-phan-van-tri-binh-thanh-ngang-53m-gia-10x-ty-2812190.html,"Bán nhà mặt tiền Phan Văn Trị, Bình Thạnh, ngang 5.3m- Giá 10.x tỷ","Bình Lợi Trung, Thành phố Hồ Chí Minh",10900000000.0,63.0,,TP.HCM (lõi cũ),Nhà ở/Nhà phố,173015873.01587301
https://nhadat.cafeland.vn/ban-nha-rieng-quan-7-nha-hiem-5m-90m2-chi-12-ty-688-ngay-lotte-mart-3185777.html,Bán nhà riêng: Quận 7 nhà hiếm 5m -90m2 chỉ 12 tỷ 688 ngay Lotte Mart,"Tân Hưng, Thành phố Hồ Chí Minh",12680000000.0,90.0,,TP.HCM (lõi cũ),Nhà ở/Nhà phố,140888888.8888889
https://nhadat.cafeland.vn/mtkd-tan-quy-gan-aeon-tan-phu-72m2-4x18-tien-xay-moi-kd-dinh-123-ty-tl-2831998.html,"MTKD Tân Quý, gần Aeon Tân Phú, 72m2, 4x18, tiện xây mới, KD đỉnh, 12.3 tỷ TL","Tân Sơn Nhì, Thành phố Hồ Chí Minh",12300000000.0,72.0,,TP.HCM (lõi cũ),Khác,170833333.33333334
https://nhadat.cafeland.vn/ban-dat-tho-cu-ban-dat-tho-cu-hem-7m-ha-huy-giap-cach-nga-tu-400m-dt-110m2-gi-3185692.html,Bán đất thổ cư: Bán đất thổ cư hẻm 7m Hà Huy Giáp cách ngã tư 400m - DT 110m2 gi,"Thới An, Thành phố Hồ Chí Minh",4650000000.0,110.0,,TP.HCM (lõi cũ),Đất nền,42272727.27272727
https://nhadat.cafeland.vn/nha-pho-goc-3-mat-hem-xd-moi-full-nt-1-tret-1-lung-2-lau-st-748t-3177119.html,Nhà Phố Góc 3 mặt hẻm - XD Mới - FULL NT| 1 trệt 1 lửng 2 lầu st| 7.48T,"Thông Tây Hội, Thành phố Hồ Chí Minh",7480000000.0,53.4,,TP.HCM (lõi cũ),Nhà ở/Nhà phố,140074906.3670412
https://nhadat.cafeland.vn/ban-nha-goc-2-mat-tien-nguyen-canh-chan-quan-1-7m-x-7m-hdt-38-trieuth-235-ty-2832835.html,"Bán Nhà Góc 2 Mặt Tiền Nguyễn Cảnh Chân, Quận 1 7m x 7m HĐT 38 Triệu/Th 23,5 tỷ","Cầu Ông Lãnh, Thành phố Hồ Chí Minh",23500000000.0,49.0,,TP.HCM (lõi cũ),Nhà ở/Nhà phố,479591836.7346939
https://nhadat.cafeland.vn/ban-nha-pham-van-dong-thu-duc-dt-7x11-no-hau-hxh-thong-gia-89-ty-3171054.html,"Bán nhà Phạm Văn Đồng Thủ Đức, DT 7x11 nở hậu, hxh thông, giá 8.9 tỷ","Hiệp Bình, Thành phố Hồ Chí Minh",8900000000.0,77.0,4.0,TP.HCM (lõi cũ),Nhà ở/Nhà phố,115584415.58441558
https://nhadat.cafeland.vn/chu-ngop-can-ban-nha-hoa-hao-quan-10-dang-co-dong-tien-45trieu-2555887.html,"Chủ ngộp cần bán nhà Hoà Hảo _ quận 10, đang có dòng tiền 45triệu.","Diên Hồng, Thành phố Hồ Chí Minh",9200000000.0,56.0,8.0,TP.HCM (lõi cũ),Nhà ở/Nhà phố,164285714.2857143
https://nhadat.cafeland.vn/ban-nha-rieng-mat-tien-khu-ban-co-ho-le-nha-dep-3-tang-ngang-rong-hon-7m-gi-3184005.html,Bán nhà riêng: Mặt tiền khu bàn cờ Họ Lê - Nhà đẹp 3 tầng ngang rộng hơn 7m - Gi,"Phú Thạnh, Thành phố Hồ Chí Minh",21500000000.0,130.0,,TP.HCM (lõi cũ),Nhà ở/Nhà phố,165384615.3846154
https://nhadat.cafeland.vn/ban-nha-rieng-ban-nha-lai-thieu-11-ty-so-rieng-co-gac-3187598.html,"Bán nhà riêng: Bán nhà Lái Thiêu 1,1 tỷ sổ riêng có gác","Lái Thiêu, Thành phố Hồ Chí Minh",1100000000.0,16.0,,Bình Dương (mới sáp nhập),Nhà ở/Nhà phố,68750000.0
https://nhadat.cafeland.vn/ban-nha-duong-so-4ngay-cho-go-xoai-4m-x-18m-x-3-tang-7-ty-tl-2487528.html,"BÁN NHÀ ĐƯỜNG SỐ 4,NGAY CHỢ GÒ XOÀI (4m x 18m x 3 TẦNG) 7 TỶ TL","Bình Hưng Hòa, Thành phố Hồ Chí Minh",7000000000.0,72.0,5.0,TP.HCM (lõi cũ),Nhà ở/Nhà phố,97222222.22222222
https://nhadat.cafeland.vn/can-ho-cao-cap-officetel-re-nhat-lk-pham-van-dong-day-du-tien-ich-cao-cap-2557756.html,Căn Hộ Cao Cấp Officetel rẻ nhất LK Phạm Văn Đồng đầy đủ tiện ích cao cấp,"Dĩ An, Thành phố Hồ Chí Minh",1700000000.0,32.0,,Bình Dương (mới sáp nhập),Căn hộ/Chung cư,53125000.0
https://nhadat.cafeland.vn/ban-nha-rieng-hem-xe-hoi-52m2-nguyen-thi-dang-ht35-quan-12-3188420.html,Bán nhà riêng: Hẻm xe hơi-52m2-NGUYỄN THỊ ĐẶNG HT35 Quận 12,"Tân Thới Hiệp, Thành phố Hồ Chí Minh",4500000000.0,52.0,,TP.HCM (lõi cũ),Nhà ở/Nhà phố,86538461.53846154
https://nhadat.cafeland.vn/can-ho-cao-cap-tai-pham-van-dong-nhan-nha-vao-quy-12027-2557902.html,Căn hộ cao cấp tại Phạm Văn Đồng nhận nhà vào quý 1/2027,"Dĩ An, Thành phố Hồ Chí Minh",3500000000.0,71.0,,Bình Dương (mới sáp nhập),Căn hộ/Chung cư,49295774.64788733
https://nhadat.cafeland.vn/ban-nha-rieng-930tr-ban-gap-day-tro-6-phong-o-kcn-tay-bac-5mx23m116m2-so-hon-3185799.html,Bán nhà riêng: 930tr Bán gấp dãy trọ 6 phòng ở KCN Tây Bắc (5mx23m=116m2) sổ hồn,"Tân An Hội, Thành phố Hồ Chí Minh",930000000.0,116.0,6.0,TP.HCM (lõi cũ),Nhà ở/Nhà phố,8017241.379310345
https://nhadat.cafeland.vn/ban-khach-san-ngay-emart-phan-van-tri-5lau-13p-dts-255m2-khai-thac-100tr-139-ty-2555842.html,Bán Khách sạn ngay Emart Phan Văn Trị 5lầu 13P DTS 255m2 khai thác 100tr 13.9 tỷ,"An Nhơn, Thành phố Hồ Chí Minh",13900000000.0,76.0,13.0,TP.HCM (lõi cũ),Khác,182894736.84210527
https://nhadat.cafeland.vn/ban-lo-dat-hem-xe-hoi-duong-so-12-phuong-an-khanh-q2-2481844.html,"Bán lô đất hẻm xe hơi đường số 12, phường An Khánh, Q2","An Khánh, Thành phố Hồ Chí Minh",16000000000.0,63.0,,TP.HCM (lõi cũ),Đất nền,253968253.96825397
https://nhadat.cafeland.vn/ban-nha-rieng-ban-nha-hxh-6m-nguyen-van-dau-4x16m-1-lau-62-m2-sat-mat-tien-du-3184451.html,"Bán nhà riêng: Bán nhà HXH 6m Nguyễn Văn Đậu, 4x16m 1 lầu 62 m2, sát mặt tiền đư","Gia Định, Thành phố Hồ Chí Minh",9200000000.0,62.0,,TP.HCM (lõi cũ),Nhà ở/Nhà phố,148387096.77419356
https://nhadat.cafeland.vn/eaton-park-ban-can-goc-3pn-slot-dau-xe-oto-dinh-danh-view-song-dong-nam-2556607.html,Eaton Park - Bán Căn Góc 3PN + slot đậu xe oto định danh - view sông Đông Nam,"An Khánh, Thành phố Hồ Chí Minh",21150000000.0,104.0,3.0,TP.HCM (lõi cũ),Khác,203365384.6153846
https://nhadat.cafeland.vn/can-nha-mat-tien-doi-dien-cong-vien-so-1-ly-thai-to-rong-43ha-gia-chi-11-ty-2492200.html,Căn Nhà Mặt Tiền Đối Diện Công viên Số 1 Lý Thái Tổ rộng 4.3ha – Giá Chỉ 11 Tỷ,"Bàn Cờ, Thành phố Hồ Chí Minh",11000000000.0,25.0,2.0,TP.HCM (lõi cũ),Nhà ở/Nhà phố,440000000.0
https://nhadat.cafeland.vn/chinh-chu-ban-nha-hem-cao-thang-q10-904m2-18-ty-tl-3180046.html,"CHÍNH CHỦ BÁN NHÀ HẺM CAO THẮNG, Q.10 – 90,4M² – 18 TỶ TL","Hòa Hưng, Thành phố Hồ Chí Minh",18000000000.0,90.4,,TP.HCM (lõi cũ),Nhà ở/Nhà phố,199115044.2477876
https://nhadat.cafeland.vn/ban-nha-1hem-xe-tai-8m-oto-thong-sat-mat-tien-o-kd-khu-vip-go-vap-ke-binh-thanh-2287971.html,BÁN NHÀ 1/HẺM XE TẢI 8M ÔTÔ THÔNG SÁT MẶT TIỀN Ở KD KHU VIP GÒ VẤP KỀ BÌNH THẠNH,"An Nhơn, Thành phố Hồ Chí Minh",13999000000.0,62.0,,TP.HCM (lõi cũ),Nhà ở/Nhà phố,225790322.58064517
https://nhadat.cafeland.vn/ban-nha-rieng-gia-tot-dau-tu-le-quang-dinh-phuong-gia-dinh-dt-80m2-vi-tri-3184913.html,"Bán nhà riêng: Giá tốt đầu tư. Lê Quang Định, Phường Gia Định - Dt 80m2 - Vị trí","Gia Định, Thành phố Hồ Chí Minh",11000000000.0,80.0,,TP.HCM (lõi cũ),Nhà ở/Nhà phố,137500000.0
https://nhadat.cafeland.vn/nha-mat-tien-nguyen-van-linh-q7-715x12m-tret-1-lau-ngay-che-xuat-tan-thuan-2231012.html,"Nhà mặt tiền Nguyễn văn linh Q7 - 7.15x12m - Trệt 1 lầu, ngay chế xuất tân thuận","Tân Thuận, Thành phố Hồ Chí Minh",19600000000.0,84.0,,TP.HCM (lõi cũ),Nhà ở/Nhà phố,233333333.33333334
https://nhadat.cafeland.vn/ban-nha-rieng-sieu-pham-mat-tien-truoc-sau-xe-hoi-ngu-trong-nha-hang-xom-cela-3182241.html,"Bán nhà riêng: Siêu phẩm mặt tiền trước sau, xe hơi ngủ trong nhà, hàng xóm Cela","Tân Sơn Nhì, Thành phố Hồ Chí Minh",5300000000.0,50.0,2.0,TP.HCM (lõi cũ),Nhà ở/Nhà phố,106000000.0
https://nhadat.cafeland.vn/ban-nha-rieng-ban-nha-hem-10m-doan-thi-diem-ket-cau-san-cach-phan-dang-luu-va-3186798.html,"Bán nhà riêng: Bán nhà hẻm 10m Đoàn Thị Điểm, kết cấu sẵn, cách Phan Đăng Lưu và","Cầu Kiệu, Thành phố Hồ Chí Minh",12900000000.0,51.0,,TP.HCM (lõi cũ),Nhà ở/Nhà phố,252941176.47058824
https://nhadat.cafeland.vn/nha-ngang-8m-3pn-cach-mt-20m-duong-so-8-p11-go-vap-547-t-3177111.html,"Nhà ngang 8m. 3PN - Cách MT 20m - Đường số 8, P11, Gò Vấp | 5.47 T","Thông Tây Hội, Thành phố Hồ Chí Minh",5470000000.0,40.0,3.0,TP.HCM (lõi cũ),Nhà ở/Nhà phố,136750000.0
https://nhadat.cafeland.vn/top-nha-xinh-re-6-x-25m-1-tret-2-lau-huynh-tan-phat-q7-tphcm-2280071.html,Top nhà xinh rẻ 6 x 25m 1 trệt 2 lầu Huỳnh Tấn Phát Q7 TP.HCM,"Phú Thuận, Thành phố Hồ Chí Minh",14900000000.0,150.0,,TP.HCM (lõi cũ),Nhà ở/Nhà phố,99333333.33333333
https://nhadat.cafeland.vn/ban-nha-rieng-ban-dat-tang-nha-tran-xuan-soan-q7-61m-so-hong-chinh-chu-nhinh-3186808.html,Bán nhà riêng: Bán đất tặng nhà Trần Xuân Soạn Q7 61m sổ hồng chính chủ - nhỉnh,"Tân Hưng, Thành phố Hồ Chí Minh",5700000000.0,61.0,,TP.HCM (lõi cũ),Đất nền,93442622.95081967
https://nhadat.cafeland.vn/ban-nha-pho-tp-tan-uyen-binh-duong-mat-tien-kinh-doanh-so-rieng-39ty-3155563.html,"Bán nhà phố TP. Tân Uyên Bình Dương – Mặt tiền kinh doanh, sổ riêng, 3,9ty","Tân Hiệp, Thành phố Hồ Chí Minh",3900000000.0,243.0,,Bình Dương (mới sáp nhập),Nhà ở/Nhà phố,16049382.716049382
https://nhadat.cafeland.vn/ban-nha-rieng-nha-pho-3-tang-101m2-mat-tien-hem-nguyen-thi-thap-phuong-tan-phu-3184042.html,Bán nhà riêng: Nhà phố 3 tầng 101m2 mặt tiền hẻm Nguyễn Thị Thập Phường Tân Phú,"Tân Mỹ, Thành phố Hồ Chí Minh",10000000000.0,101.0,7.0,TP.HCM (lõi cũ),Nhà ở/Nhà phố,99009900.99009901
https://nhadat.cafeland.vn/ban-biet-thu-biet-thu-vuon-300m2-nguyen-anh-thu-hoc-mon-gia-giam-sau-2-ty-3187939.html,"Bán biệt thự: Biệt thự vườn 300m2 Nguyễn Ảnh Thủ, Hóc Môn, giá giảm sâu 2 tỷ","Bà Điểm, Thành phố Hồ Chí Minh",8000000000.0,300.0,,TP.HCM (lõi cũ),Biệt thự,26666666.666666668
https://nhadat.cafeland.vn/ban-nha-rieng-sieu-pham-kdc-cong-ich-quan-7-lien-ke-phu-my-hung-co-thang-m-3182292.html,"Bán nhà riêng: Siêu phẩm KDC Công Ích, Quận 7 - Liền kề Phú Mỹ Hưng - Có thang m","Phú Thuận, Thành phố Hồ Chí Minh",20500000000.0,80.0,,TP.HCM (lõi cũ),Nhà ở/Nhà phố,256250000.0
https://nhadat.cafeland.vn/ban-nha-tan-hiep-thanh-pho-ho-chi-minh-3155534.html,Bán Nhà Tân Hiệp Thành Phố Hồ Chí Minh,"Tân Hiệp, Thành phố Hồ Chí Minh",3990000000.0,67.5,20.0,Bình Dương (mới sáp nhập),Nhà ở/Nhà phố,59111111.11111111
https://nhadat.cafeland.vn/don-dau-can-gio-voi-ma-vn67-26-vinhomes-green-paradise-dien-tich-270m2-vi-tri-noi-bat-hom-nay-2489247.html,Đón đầu Cần Giờ với mã VN67-26 Vinhomes Green Paradise diện tích 270m2 vị trí nổi bật hôm nay,"Cần Giờ, Thành phố Hồ Chí Minh",30739000000.0,270.0,,TP.HCM (lõi cũ),Khác,113848148.14814815
https://nhadat.cafeland.vn/ban-nha-rieng-mat-tien-duong-10m-nhua-100m2-thoi-an-tran-thi-co-q12-sat-go-vap-3184413.html,"Bán nhà riêng: Mặt tiền đường 10m nhựa 100m2 Thới An, Trần Thị Cờ Q12 Sát Gò Vấp","Thới An, Thành phố Hồ Chí Minh",6990000000.0,96.0,3.0,TP.HCM (lõi cũ),Nhà ở/Nhà phố,72812500.0
https://nhadat.cafeland.vn/nong-chi-25-ty-co-chdv-5l-ngang-75m-110m2-15pn-tmay-tn-90tr-hxh-nguyen-van-dau-3189934.html,NÓNG Chỉ 25 tỷ có CHDV 5L ngang 7.5m 110m2 15PN T.máy TN 90tr HXH Nguyễn Văn Đậu,"Bình Lợi Trung, Thành phố Hồ Chí Minh",25000000000.0,110.0,15.0,TP.HCM (lõi cũ),Khác,227272727.27272728
https://nhadat.cafeland.vn/ban-nha-quoc-lo-1a-phuong-tan-tao-aquan-binh-tan-so-hong-rieng-80m2-2932833.html,"Bán Nhà Quốc Lộ 1A, Phường Tân Tạo A,Quận Bình Tân - Sổ Hồng Riêng - 80m²","Tân Tạo, Thành phố Hồ Chí Minh",5100000000.0,80.0,,TP.HCM (lõi cũ),Nhà ở/Nhà phố,63750000.0
https://nhadat.cafeland.vn/ban-can-ho-chung-cu-can-ban-gap-chung-cu-ngo-gia-tu-duong-hoa-hao-phuong-vuon-3188539.html,"Bán căn hộ chung cư: Cần bán gấp chung cư Ngô Gia Tự đường Hòa Hảo, Phường Vườn","Vườn Lài, Thành phố Hồ Chí Minh",1385000000.0,60.0,2.0,TP.HCM (lõi cũ),Căn hộ/Chung cư,23083333.333333332
https://nhadat.cafeland.vn/ban-gap-can-lien-ke-the-light-city-110m2-gia-61-ty-lh-0942882192-2326013.html,"Bán Gấp Căn Liên Kế The Light City 110m2 Giá 6,1 tỷ. LH: 0942882192","Vũng Tàu, Thành phố Hồ Chí Minh",6100000000.0,108.0,,Bà Rịa - Vũng Tàu (mới sáp nhập),Khác,56481481.481481485
https://nhadat.cafeland.vn/nha-4x25m-tret-3-lau-duong-39-phuong-binh-thuan-q7-gia-138-ty-tl-2288419.html,"Nhà 4x25m Trệt 3 lầu đường 39 Phường Bình Thuận Q7. giá 13,8 tỷ TL","Tân Thuận, Thành phố Hồ Chí Minh",13800000000.0,69.0,5.0,TP.HCM (lõi cũ),Nhà ở/Nhà phố,200000000.0
https://nhadat.cafeland.vn/suat-ngoai-giao-gold-coast-vung-tau-can-ban-can-goc-8x18m-duong-68m-gia-9ty-2820079.html,Suất ngoại giao Gold Coast Vũng Tàu cần bán căn góc 8x18m đường 68m. Giá 9tỷ.,"Vũng Tàu, Thành phố Hồ Chí Minh",9000000000.0,144.0,,Bà Rịa - Vũng Tàu (mới sáp nhập),Khác,62500000.0
https://nhadat.cafeland.vn/chinh-chu-ban-can-goc-2pn-2-ty-5-avenue-nam-ngay-mat-tien-xa-lo-ha-noi-3180747.html,Chính Chủ Bán Căn góc 2PN 2 tỷ 5 Avenue nằm ngay mặt tiền Xa Lộ Hà Nội,"Đông Hòa, Thành phố Hồ Chí Minh",2500000000.0,60.0,2.0,Bình Dương (mới sáp nhập),Khác,41666666.666666664
https://nhadat.cafeland.vn/ban-nha-rieng-ban-nha-huong-lo-2-nga-tu-4-xa-binh-tan-4x15m-4pn-hxh-nhinh-3187819.html,"Bán nhà riêng: Bán nhà Hương Lộ 2, Ngã Tư 4 Xã, Bình Tân, 4x15m, 4PN, HXH, nhỉnh","Bình Trị Đông, Thành phố Hồ Chí Minh",5000000000.0,60.0,4.0,TP.HCM (lõi cũ),Nhà ở/Nhà phố,83333333.33333333
https://nhadat.cafeland.vn/dat-4x18m-duong-so-1-sau-dien-may-xanh-khu-dan-cu-tan-thuan-phuong-phu-thuan-q7-2207061.html,đất 4x18m đường số 1 sau điện máy xanh khu dân cư tân thuận phường phú thuận Q7,"Phú Thuận, Thành phố Hồ Chí Minh",11500000000.0,80.0,,TP.HCM (lõi cũ),Đất nền,143750000.0
https://nhadat.cafeland.vn/ban-nha-mat-tien-cu-xa-phu-lam-aquan-6-so-hong-rieng-80m2-gia-103-ty-3189978.html,"BÁN NHÀ MẶT TIỀN CƯ XÁ PHÚ LÂM A,QUẬN 6 - SỔ HỒNG RIÊNG - 80m² - GIÁ 10,3 TỶ.","Phú Lâm, Thành phố Hồ Chí Minh",10300000000.0,80.0,4.0,TP.HCM (lõi cũ),Nhà ở/Nhà phố,128750000.0
https://nhadat.cafeland.vn/ban-nha-rieng-5167-ty-nha-51m-q12-xe-hoi-ngu-trong-nha-vuong-a4-tang-full-noi-3185685.html,"Bán nhà riêng: 5,167 tỷ nhà 51m Q12 xe hơi ngủ trong nhà vuông A4 tặng full nội","Tân Thới Hiệp, Thành phố Hồ Chí Minh",5160000000.0,51.0,3.0,TP.HCM (lõi cũ),Nhà ở/Nhà phố,101176470.58823529
https://nhadat.cafeland.vn/ban-nha-rieng-nha-1-lau-dep-5x20m-shr-mt-xtt-27-kd-buon-ban-tot-gan-phan-van-3184078.html,"Bán nhà riêng: Nhà 1 Lầu Đẹp 5x20m, Shr MT XTT 27 KD Buôn Bán Tốt, Gần Phan Văn","Bà Điểm, Thành phố Hồ Chí Minh",5590000000.0,100.0,3.0,TP.HCM (lõi cũ),Nhà ở/Nhà phố,55900000.0
https://nhadat.cafeland.vn/ban-nha-rieng-ban-nha-mt-nguyen-huy-tu-phuong-sai-gon-quan-1-dt41x235m-gia-3-3188464.html,Bán nhà riêng: Bán nhà MT Nguyễn Huy Tự Phường Sài Gòn Quận 1 dt:4.1x23.5m giá 3,"Sài Gòn, Thành phố Hồ Chí Minh",32000000000.0,90.5,,TP.HCM (lõi cũ),Nhà ở/Nhà phố,353591160.2209945
https://nhadat.cafeland.vn/ban-nha-rieng-nha-5-tang-lung-linh-an-duong-vuong-o-to-tranh-nhau-gia-yeu-thu-3184029.html,"Bán nhà riêng: Nhà 5 tầng lung linh An Dương Vương, ô tô tránh nhau, giá yêu thư","An Lạc, Thành phố Hồ Chí Minh",6000000000.0,56.0,,TP.HCM (lõi cũ),Nhà ở/Nhà phố,107142857.14285715
https://nhadat.cafeland.vn/bcons-center-city-gia-va-chinh-sach-khuyen-mai-cao-nhat-truc-tiep-hang-cdt-2323897.html,"Bcons Center City, giá và chính sách khuyến mãi cao nhất, trực tiếp hàng CĐT","Đông Hòa, Thành phố Hồ Chí Minh",2860000000.0,52.0,,Bình Dương (mới sáp nhập),Khác,55000000.0
https://nhadat.cafeland.vn/nha-duong-40-khu-tan-quy-dong-phuong-tan-phong-q7-dt-6x18m-tret-lung-3-lau-2228913.html,"nhà đường 40 khu tân quy đông phường tân phong Q7, dt 6x18m trệt lửng 3 lầu","Tân Hưng, Thành phố Hồ Chí Minh",25000000000.0,90.0,,TP.HCM (lõi cũ),Nhà ở/Nhà phố,277777777.7777778
https://nhadat.cafeland.vn/tim-nha-huong-tay-bac-gia-tot-jamona-home-resort-toantranvillas-2105452.html,Tìm Nhà Hướng Tây Bắc Giá Tốt Jamona Home Resort - ToanTranVillas,"Hiệp Bình, Thành phố Hồ Chí Minh",13800000000.0,146.25,,TP.HCM (lõi cũ),Biệt thự,94358974.35897435
https://nhadat.cafeland.vn/ban-nha-rieng-ban-gap-nha-ngay-cho-cay-queo-52x16m-nha-cap-4-tien-xay-moi-3184909.html,"Bán nhà riêng: Bán gấp nhà ngay chợ Cây Quéo 5,2x16m nhà cấp 4 tiện xây mới","Bình Lợi Trung, Thành phố Hồ Chí Minh",8500000000.0,84.0,,TP.HCM (lõi cũ),Nhà ở/Nhà phố,101190476.1904762
https://nhadat.cafeland.vn/ban-nha-rieng-ban-nha-4-tang-dtsd-124m2-4-phong-ngu-duong-so-tan-quy-gan-lo-3187917.html,"Bán nhà riêng: Bán nhà 4 tầng, DTSD 124m2, 4 phòng ngủ, Đường Số Tân Quy, Gần Lo","Tân Hưng, Thành phố Hồ Chí Minh",6400000000.0,37.0,4.0,TP.HCM (lõi cũ),Nhà ở/Nhà phố,172972972.97297296
https://nhadat.cafeland.vn/ban-can-ho-chung-cu-can-ho-moiview-ho-boi-54m22-ty2-2pn2wc-full-ntshrvay-3186796.html,"Bán căn hộ chung cư: (căn hộ mới)view hồ bơi 54m2/2 tỷ2 (2pn2wc) full nt,shr,vay","Đức Nhuận, Thành phố Hồ Chí Minh",2200000000.0,54.0,2.0,TP.HCM (lõi cũ),Căn hộ/Chung cư,40740740.74074074
https://nhadat.cafeland.vn/ban-nha-103-duong-so-49-p-tan-hung-quan-7-8x20m-gia-263-ty-3189954.html,"BÁN NHÀ 103 ĐƯỜNG SỐ 49, P. TÂN HƯNG, QUẬN 7 – 8x20m giá 26,3 tỷ","Tân Hưng, Thành phố Hồ Chí Minh",26300000000.0,150.0,,TP.HCM (lõi cũ),Nhà ở/Nhà phố,175333333.33333334
https://nhadat.cafeland.vn/hem-4m-duong-van-duong-65m2-3pn-co-pn-tang-tret-moi-lung-linh-chi-66-ty-2932450.html,"Hẻm 4m Dương Văn Dương, 65m2, 3PN, có PN tầng trệt, mới lung linh, Chỉ 6.6 tỷ","Phú Thọ Hòa, Thành phố Hồ Chí Minh",6600000000.0,65.0,3.0,TP.HCM (lõi cũ),Khác,101538461.53846154
https://nhadat.cafeland.vn/ban-biet-thu-bao-vat-truyen-doi-biet-thu-song-lap-vinhomes-225m2-bai-bien-ben-3184521.html,"Bán biệt thự: Bảo vật truyền đời: Biệt Thự Song Lập Vinhomes 225m² ""Bãi Biển Bên","Cần Giờ, Thành phố Hồ Chí Minh",24200000000.0,225.0,,TP.HCM (lõi cũ),Biệt thự,107555555.55555555
https://nhadat.cafeland.vn/344-883-trieu-so-huu-dat-gan-bien-ho-tram-tai-sao-khong-2832847.html,344 -883 TRIỆU SỞ HỮU ĐẤT GẦN BIỂN HỒ TRÀM – TẠI SAO KHÔNG?,"Hòa Hội, Thành phố Hồ Chí Minh",883000000.0,138.7,,Bà Rịa - Vũng Tàu (mới sáp nhập),Đất nền,6366258.111031002
https://nhadat.cafeland.vn/ban-nha-dep-3-tang-duong-truong-luu-p-long-truong-quan-9-gia-ban-54-ty-3151947.html,"Bán nhà đẹp 3 tầng, đường Trường Lưu, P. Long Trường, Quận 9. Giá bán 5,4 tỷ.","Long Trường, Thành phố Hồ Chí Minh",5400000000.0,51.8,4.0,TP.HCM (lõi cũ),Nhà ở/Nhà phố,104247104.24710426
https://nhadat.cafeland.vn/chuyen-nhuong-biet-thu-khu-dan-cu-tan-truong-phuong-phu-thuan-quan-7-2481520.html,"Chuyển nhượng biệt thự khu dân cư Tân Trường, phường Phú Thuận, quận 7","Tân Thuận, Thành phố Hồ Chí Minh",25000000000.0,145.0,5.0,TP.HCM (lõi cũ),Biệt thự,172413793.10344827
https://nhadat.cafeland.vn/cc-can-ban-nhanh-can-ho-green-town-binh-tan-2478038.html,CC cần bán nhanh căn hộ Green Town Bình Tân,"Bình Tân, Thành phố Hồ Chí Minh",2750000000.0,68.0,2.0,TP.HCM (lõi cũ),Căn hộ/Chung cư,40441176.47058824
https://nhadat.cafeland.vn/nha-mat-tien-duong-65-khu-tan-quy-dong-phuong-tan-phong-q7dt-6x20m-3-tang-2828394.html,Nhà mặt tiền đường 65 Khu Tân Quy Đông Phường Tân phong Q7.DT 6x20m 3 tầng,"Tân Hưng, Thành phố Hồ Chí Minh",31000000000.0,120.0,,TP.HCM (lõi cũ),Nhà ở/Nhà phố,258333333.33333334
https://nhadat.cafeland.vn/ngop-bank-ban-gap-biet-thu-moi-dep-mat-tien-8x35-6tang-giam-soc-tu-46-con-35-2289533.html,"NGỘP BANK BÁN GẤP. BIỆT THỰ MỚI ĐẸP MẶT TIỀN 8X35, 6TẦNG. GIẢM SỐC TỪ 46 CÒN 35","Phú Thọ Hòa, Thành phố Hồ Chí Minh",35000000000.0,300.0,,TP.HCM (lõi cũ),Biệt thự,116666666.66666667
https://nhadat.cafeland.vn/so-huu-nha-nay-ban-se-duoc-cuoc-song-thinh-vuong-va-hanh-phuc-2227305.html,SỞ HỮU NHÀ NÀY BẠN SẼ ĐƯỢC CUỘC SỐNG THỊNH VƯỢNG VÀ HẠNH PHÚC,"Tân Định, Thành phố Hồ Chí Minh",28500000000.0,326.0,,TP.HCM (lõi cũ),Nhà ở/Nhà phố,87423312.88343558
https://nhadat.cafeland.vn/can-ho-2pn-chung-cu-noxh-eco-home-1-5039m2-thiet-ke-thong-minh-gia-hap-dan-3147688.html,"Căn hộ 2PN Chung cư NOXH Eco Home 1 50,39m2 thiết kế thông minh giá hấp dẫn","Phú Mỹ, Thành phố Hồ Chí Minh",1000000000.0,50.0,2.0,TP.HCM (lõi cũ),Căn hộ/Chung cư,20000000.0
https://nhadat.cafeland.vn/chuyen-nhuong-nha-mat-tien-hem-xe-tai-duong-tran-thien-chanh-phuong-12-quan-10-2479204.html,"Chuyển nhượng nhà mặt tiền hẻm xe tải đường Trần Thiện Chánh, phường 12, quận 10","Hòa Hưng, Thành phố Hồ Chí Minh",26000000000.0,81.5,,TP.HCM (lõi cũ),Nhà ở/Nhà phố,319018404.90797544
https://nhadat.cafeland.vn/ban-nha-rieng-nha-5-tang-5m-x-12m-sieu-dep-dong-tien-8-trieuthang-gan-aeon-3185754.html,"Bán nhà riêng: Nhà 5 tầng, 5m x 12m siêu đẹp, dòng tiền 8 triệu/tháng, gần Aeon","Bình Tân, Thành phố Hồ Chí Minh",3900000000.0,60.0,,TP.HCM (lõi cũ),Nhà ở/Nhà phố,65000000.0
https://nhadat.cafeland.vn/chinh-chu-ban-nha-hem-xe-tai-ngang-khung-gan-7m-co-bon-tam-5ty95-tl-3180164.html,"CHÍNH CHỦ BÁN NHÀ HẺM XE TẢI, NGANG KHỦNG GẦN 7M, CÓ BỒN TẮM, 5TỶ95 TL","Tân Phú, Thành phố Hồ Chí Minh",5950000000.0,68.0,2.0,TP.HCM (lõi cũ),Nhà ở/Nhà phố,87500000.0
https://nhadat.cafeland.vn/sieu-pham-quan-3-can-ho-2pn-view-bo-ke-truong-sa-chi-26-ty-2932187.html,"""Siêu Phẩm"" Quận 3 - Căn Hộ 2PN, View Bờ Kè Trường Sa - Chỉ 2.6 Tỷ !","Nhiêu Lộc, Thành phố Hồ Chí Minh",2600000000.0,44.0,2.0,TP.HCM (lõi cũ),Căn hộ/Chung cư,59090909.09090909
https://nhadat.cafeland.vn/ban-nha-rieng-nha-moi-dep-trung-my-tay-2-tang-don-vao-o-ngay-shr-chi-408-t-3184414.html,"Bán nhà riêng: Nhà mới đẹp Trung Mỹ Tây, 2 tầng, dọn vào ở ngay, SHR, chỉ 4,08 t","Trung Mỹ Tây, Thành phố Hồ Chí Minh",4080000000.0,50.0,,TP.HCM (lõi cũ),Nhà ở/Nhà phố,81600000.0
https://nhadat.cafeland.vn/ban-can-ho-chung-cu-ban-can-ho-3pn-at-garden-thuan-an-gia-hon-3-ty-3183927.html,Bán căn hộ chung cư: Bán căn hộ 3PN A&T Garden Thuận An giá hơn 3 tỷ,"Lái Thiêu, Thành phố Hồ Chí Minh",3100000000.0,81.0,3.0,Bình Dương (mới sáp nhập),Căn hộ/Chung cư,38271604.938271604
https://nhadat.cafeland.vn/ban-can-ho-chung-cu-ban-can-ho-cao-cap-the-gold-view-gia-ban-3-ty-790-bao-3188569.html,Bán căn hộ chung cư: Bán căn hộ cao cấp The Gold View. Giá bán: 3 tỷ 790 ( bao,"Vĩnh Hội, Thành phố Hồ Chí Minh",3790000000.0,81.0,2.0,TP.HCM (lõi cũ),Căn hộ/Chung cư,46790123.45679013
https://nhadat.cafeland.vn/nha-dep-truong-chinh-cong-hoa-75m2-ngang-5m-3-tang-3pn-so-dep-chi-64-ty-2831934.html,"Nhà đẹp Trường Chinh - Cộng Hòa, 75m2, ngang 5m, 3 tầng, 3PN, sổ đẹp, Chỉ 6.4 tỷ","Tây Thạnh, Thành phố Hồ Chí Minh",6400000000.0,75.0,3.0,TP.HCM (lõi cũ),Nhà ở/Nhà phố,85333333.33333333
https://nhadat.cafeland.vn/ban-dat-tho-cu-may-lo-dat-biet-thu-ngang-10m-kdc-phu-nhuan-le-thi-rieng-3186751.html,Bán đất thổ cư: Mấy lô đất biệt thự Ngang 10m KDC Phú Nhuận Lê Thị Riêng,"Thới An, Thành phố Hồ Chí Minh",10290000000.0,200.0,,TP.HCM (lõi cũ),Biệt thự,51450000.0
https://nhadat.cafeland.vn/dat-5x20m-10x20m-khu-dan-cu-kim-son-phuong-tan-phong-quan-7-2187649.html,đất 5x20m- 10x20m khu Dân cư kim sơn phường tân phong Quận 7.,"Tân Hưng, Thành phố Hồ Chí Minh",21000000000.0,100.0,,TP.HCM (lõi cũ),Đất nền,210000000.0
https://nhadat.cafeland.vn/can-ban-can-ho-conic-boulevard-binh-chanh-ngay-vo-van-kiet-3179952.html,Cần bán căn hộ Conic Boulevard Bình Chánh ngay Võ Văn Kiệt,"Bình Chánh, Thành phố Hồ Chí Minh",2850000000.0,85.0,,TP.HCM (lõi cũ),Căn hộ/Chung cư,33529411.76470588
https://nhadat.cafeland.vn/ban-nha-rieng-chu-ban-nha-3-tang-gia-4ty3-thuan-giao-tphcm-3187599.html,Bán nhà riêng: Chủ bán nhà 3 tầng giá 4tỷ3 Thuận Giao TPHCM,"Thuận Giao, Thành phố Hồ Chí Minh",4300000000.0,64.0,4.0,Bình Dương (mới sáp nhập),Nhà ở/Nhà phố,67187500.0
https://nhadat.cafeland.vn/dat-trong-xay-chdv-hxh-117-nguyen-huu-canh-p22-quan-binh-thanh-dt-8mx23m-3176365.html,"Đất Trống Xây CHDV HXH 117 Nguyễn Hữu Cảnh, P22, Quận Bình Thạnh. DT 8mx23m","Thạnh Mỹ Tây, Thành phố Hồ Chí Minh",35000000000.0,175.0,,TP.HCM (lõi cũ),Đất nền,200000000.0
https://nhadat.cafeland.vn/ban-nha-kdc-an-phu-hung-quan-7-2287631.html,Bán Nhà KDC An Phú Hưng Quận 7,"Tân Hưng, Thành phố Hồ Chí Minh",18500000000.0,72.0,,TP.HCM (lõi cũ),Nhà ở/Nhà phố,256944444.44444445
https://nhadat.cafeland.vn/so-huu-can-ho-full-noi-that-dai-lo-pham-van-dong-von-400-trieu-mien-lai-3-nam-2555141.html,Sở hữu căn hộ full nội thất đại lộ Phạm Văn Đồng vốn 400 triệu. Miễn lãi 3 năm,"Dĩ An, Thành phố Hồ Chí Minh",2700000000.0,55.0,,Bình Dương (mới sáp nhập),Căn hộ/Chung cư,49090909.09090909
https://nhadat.cafeland.vn/ban-nha-duong-so-1binh-hung-hoa-a-4m-x-18m-x-3-tang-78-ty-tl-2468620.html,"BÁN NHÀ ĐƯỜNG SỐ 1,BÌNH HƯNG HOÀ A (4m x 18m x 3 TÂNG ) 7,8 TỶ TL","Bình Tân, Thành phố Hồ Chí Minh",7800000000.0,140.0,4.0,TP.HCM (lõi cũ),Nhà ở/Nhà phố,55714285.71428572
https://nhadat.cafeland.vn/ban-nha-rieng-nha-3-tang-khu-ten-lua-binh-tan-duong-10m-dien-tich-76m2-gia-3182287.html,"Bán nhà riêng: Nhà 3 tầng khu Tên Lửa, Bình Tân, đường 10m, diện tích 76m2, giá","An Lạc, Thành phố Hồ Chí Minh",8000000000.0,76.0,,TP.HCM (lõi cũ),Nhà ở/Nhà phố,105263157.89473684
https://nhadat.cafeland.vn/ban-can-ho-chung-cu-can-ho-river-panorama-quan-7-view-song-cuc-dep-gia-chi-36-3182289.html,"Bán căn hộ chung cư: Căn hộ River Panorama Quận 7 view sông cực đẹp, giá chỉ 3,6","Phú Thuận, Thành phố Hồ Chí Minh",3600000000.0,55.0,,TP.HCM (lõi cũ),Căn hộ/Chung cư,65454545.45454545
https://nhadat.cafeland.vn/ban-nha-rieng-ban-toa-nha-can-ho-dich-vu-ngay-pho-tay-bui-vien-quan-1-7-phong-3185653.html,"Bán nhà riêng: Bán tòa nhà căn hộ dịch vụ, ngay phố tây bùi viện quận 1- 7 phòng","Bến Thành, Thành phố Hồ Chí Minh",14500000000.0,53.0,7.0,TP.HCM (lõi cũ),Căn hộ/Chung cư,273584905.6603774
https://nhadat.cafeland.vn/ban-nha-rieng-ngop-ban-toa-nha-chdv-ngay-mt-dien-bien-phu-binh-thanh-9-x-23m-3183196.html,"Bán nhà riêng: Ngộp! Bán tòa nhà CHDV ngay MT Điện Biên Phủ, Bình Thạnh (9 x 23m","Gia Định, Thành phố Hồ Chí Minh",38000000000.0,203.0,,TP.HCM (lõi cũ),Nhà ở/Nhà phố,187192118.22660097
https://nhadat.cafeland.vn/lo-dat-y5-khu-an-phu-hung-tan-phong-q7-dt-7x20m-2265703.html,Lô Đất Y5 khu An Phú Hưng - Tân Phong - Q7 - DT 7x20m,"Tân Hưng, Thành phố Hồ Chí Minh",26000000000.0,140.0,,TP.HCM (lõi cũ),Đất nền,185714285.7142857
https://nhadat.cafeland.vn/ban-can-ho-chung-cu-noi-bo-gio-f0-shld-can-ho-1pn-59m2-gia-269-ty-da-vat-ch-3187680.html,"Bán căn hộ chung cư: Nội bộ giỏ F0 SHLD! Căn hộ 1PN+ 59m2 giá 2,69 tỷ đã VAT. Ch","Rạch Dừa, Thành phố Hồ Chí Minh",2690000000.0,59.0,1.0,Bà Rịa - Vũng Tàu (mới sáp nhập),Căn hộ/Chung cư,45593220.33898305
https://nhadat.cafeland.vn/ban-nha-rieng-nha-2-tang-dien-tich-571m2-tai-quan-12-hem-xe-hoi-3185654.html,"Bán nhà riêng: Nhà 2 tầng, diện tích 57,1m2 tại Quận 12, hẻm xe hơi","An Phú Đông, Thành phố Hồ Chí Minh",4700000000.0,60.0,,TP.HCM (lõi cũ),Nhà ở/Nhà phố,78333333.33333333
https://nhadat.cafeland.vn/ban-nha-rieng-80m2-nhinh-7-ty-hoa-binh-tan-phu-duong-15m-kd-tot-sat-be-3184000.html,"Bán nhà riêng: 80m2 - Nhỉnh 7 tỷ - Hòa Bình, Tân Phú - Đường 15m KD tốt - Sát bê","Phú Thạnh, Thành phố Hồ Chí Minh",7600000000.0,80.0,,TP.HCM (lõi cũ),Nhà ở/Nhà phố,95000000.0
https://nhadat.cafeland.vn/ban-nha-mat-tien-nguyen-trong-tuyen-phu-nhuan-full-noi-that-2477096.html,"Bán nhà mặt tiền Nguyễn Trọng Tuyển, Phú Nhuận – full nội thất","Đức Nhuận, Thành phố Hồ Chí Minh",21000000000.0,71.0,6.0,TP.HCM (lõi cũ),Nhà ở/Nhà phố,295774647.8873239
https://nhadat.cafeland.vn/mat-tien-4519m-go-vap-sat-binh-thanh-phu-nhuan-gan-san-bay-tsn-san-9-chdv-2555984.html,"MẶT TIỀN (4.5×19m) GÒ VẤP SÁT BÌNH THẠNH, PHÚ NHUẬN, GẦN SÂN BAY TSN, SẴN 9 CHDV","An Nhơn, Thành phố Hồ Chí Minh",12000000000.0,85.0,9.0,TP.HCM (lõi cũ),Khác,141176470.5882353
https://nhadat.cafeland.vn/ban-nha-rieng-gia-chu-ngat-xiu-giam-ngay-700-trieu-cho-can-nha-6-phong-ngu-tai-3187961.html,"Bán nhà riêng: Giá chủ ngất xỉu, giảm ngay 700 triệu cho căn nhà 6 phòng ngủ tại","Long Trường, Thành phố Hồ Chí Minh",7500000000.0,84.0,6.0,TP.HCM (lõi cũ),Nhà ở/Nhà phố,89285714.28571428
https://nhadat.cafeland.vn/kiet-tac-ben-song-vi-the-dan-dau-mang-ten-the-opera-residence-2284558.html,KIỆT TÁC BÊN SÔNG – VỊ THẾ DẪN ĐẦU mang tên The Opera Residence,"An Khánh, Thành phố Hồ Chí Minh",20000000000.0,70.0,,TP.HCM (lõi cũ),Khác,285714285.71428573
https://nhadat.cafeland.vn/chi-25-ty-so-huu-ngay-nha-vip-duong-nguyen-duy-trinh-ke-ben-cho-long-truong-2950990.html,"Chỉ 2,5 tỷ sở hữu ngay nhà vip đường Nguyễn Duy Trinh, ( Kế bên chợ Long Trường)","Long Trường, Thành phố Hồ Chí Minh",2500000000.0,50.0,,TP.HCM (lõi cũ),Nhà ở/Nhà phố,50000000.0
https://nhadat.cafeland.vn/ban-nha-rieng-ban-nha-3-mat-tien-binh-long-gan-nga-tu-bon-xa-dt-5x20m-2-tang-3187841.html,"Bán nhà riêng: Bán nhà 3 mặt tiền bình long gần Ngã Tư Bốn Xã, DT 5x20m, 2 tầng,","Bình Hưng Hòa, Thành phố Hồ Chí Minh",5000000000.0,100.0,,TP.HCM (lõi cũ),Nhà ở/Nhà phố,50000000.0
https://nhadat.cafeland.vn/ban-nha-mat-tien-dang-van-ngu-pn-98m2-5pn-3wc-2464359.html,"Bán nhà mặt tiền Đặng văn Ngữ PN, 98m2, 5pn 3wc","Phú Nhuận, Thành phố Hồ Chí Minh",16900000000.0,98.0,5.0,TP.HCM (lõi cũ),Nhà ở/Nhà phố,172448979.59183672
https://nhadat.cafeland.vn/1-hem-oto-ngu-nha-shr-vuong-dep-51m19m-chinh-chu-xay-o-5tang-noi-that-dep-3140662.html,"1/ HẺM ÔTÔ NGỦ NHÀ, SHR VUÔNG ĐẸP (5.1m*19m), CHÍNH CHỦ XÂY Ở 5TẦNG NỘI THẤT ĐẸP","Thông Tây Hội, Thành phố Hồ Chí Minh",11500000000.0,96.0,7.0,TP.HCM (lõi cũ),Nhà ở/Nhà phố,119791666.66666667
https://nhadat.cafeland.vn/ban-nha-rieng-nha-dep-xay-moi-43m-x-10m-xe-hoi-dau-tan-cua-ngay-nga-4-hoan-3184484.html,"Bán nhà riêng: Nhà đẹp, xây mới, 4,3m x 10m, xe hơi đậu tận cửa, ngay ngã 4 Hoàn","Đức Nhuận, Thành phố Hồ Chí Minh",5800000000.0,40.0,,TP.HCM (lõi cũ),Nhà ở/Nhà phố,145000000.0
https://nhadat.cafeland.vn/duong-quang-ham-ch-57m2-o-ngay-vay-bank-80-gia-chot-2-ty-280-tang-dep-2933372.html,"Dương Quảng Hàm - CH 57m2 , Ở Ngay , Vay Bank 80% , Giá chốt 2 Tỷ 280 , Tầng đẹp","An Nhơn, Thành phố Hồ Chí Minh",2280000000.0,57.0,,TP.HCM (lõi cũ),Khác,40000000.0
https://nhadat.cafeland.vn/don-dau-can-gio-voi-ma-vn80-15-vinhomes-green-paradise-dien-tich-2653m2-vi-tri-noi-bat-hom-nay-2489237.html,"Đón đầu Cần Giờ với mã VN80-15 Vinhomes Green Paradise diện tích 265,3m2 vị trí nổi bật hôm nay","Cần Giờ, Thành phố Hồ Chí Minh",30633000000.0,265.3,,TP.HCM (lõi cũ),Khác,115465510.74255559
https://nhadat.cafeland.vn/ban-nha-duong-ma-logan-benh-vien-quan-4m-x-20m-x-4-tang-79-ty-tl-2555923.html,"BÁN NHÀ ĐƯỜNG MÃ LÒ,GẦN BỆNH VIỆN QUẬN (4m x 20m x 4 TẦNG) 7,9 TỶ TL","Bình Trị Đông, Thành phố Hồ Chí Minh",7900000000.0,80.0,4.0,TP.HCM (lõi cũ),Nhà ở/Nhà phố,98750000.0
https://nhadat.cafeland.vn/ban-nha-rieng-ban-nha-mat-pho-tai-112-tam-dong-285-ty-47m2-gia-tot-view-de-3184512.html,"Bán nhà riêng: Bán nhà mặt phố tại 112 Tam Đông, 2,85 tỷ, 47m2, giá tốt, view đẹ","Đông Thạnh, Thành phố Hồ Chí Minh",2850000000.0,47.0,2.0,TP.HCM (lõi cũ),Nhà ở/Nhà phố,60638297.872340426
https://nhadat.cafeland.vn/ban-nha-rieng-6-ty-200-phuong-5-phu-nhuan-10-met-ra-o-to-2-tang-3-pn-3182279.html,"Bán nhà riêng: 6 tỷ 200 - Phường 5, Phú Nhuận - 10 mét ra ô tô - 2 tầng, 3 PN -","Đức Nhuận, Thành phố Hồ Chí Minh",6200000000.0,37.0,3.0,TP.HCM (lõi cũ),Nhà ở/Nhà phố,167567567.56756756
https://nhadat.cafeland.vn/ban-nha-rieng-nha-4-tang-duong-chien-luoc-binh-tan-dien-tich-49m2-hem-xe-tai-3182284.html,"Bán nhà riêng: Nhà 4 tầng đường Chiến Lược, Bình Tân, diện tích 49m2, hẻm xe tải","Bình Trị Đông, Thành phố Hồ Chí Minh",5350000000.0,48.0,,TP.HCM (lõi cũ),Nhà ở/Nhà phố,111458333.33333333
https://nhadat.cafeland.vn/ban-nha-rieng-165-ty-co-nha-1-tret-1-lau-hem-xe-hoi-hoc-mon-gia-nay-khong-cho-3184520.html,"Bán nhà riêng: 1,65 tỷ có nhà 1 trệt 1 lầu hẻm xe hơi Hóc Môn. Giá này không chờ","Đông Thạnh, Thành phố Hồ Chí Minh",1650000000.0,40.0,2.0,TP.HCM (lõi cũ),Nhà ở/Nhà phố,41250000.0
https://nhadat.cafeland.vn/ban-dat-tho-cu-ban-dat-tho-cu-duong-my-hue-trung-chanh-hoc-mon-dien-tich-87-3183288.html,"Bán đất thổ cư: Bán đất thổ cư đường Mỹ Huề, Trung Chánh, Hóc Môn, diện tích 87.","Bà Điểm, Thành phố Hồ Chí Minh",3600000000.0,87.5,,TP.HCM (lõi cũ),Đất nền,41142857.14285714
https://nhadat.cafeland.vn/mat-tien-nguyen-anh-thu-150m2-45x34-4-tang-8pn-giam-manh-gia-chi-13-ty-2465022.html,"MẶT TIỀN NGUYỄN ẢNH THỦ 150M2, 4.5X34, 4 TẦNG, 8PN. GIẢM MẠNH, GIÁ CHỈ 13 TÝ,","Trung Mỹ Tây, Thành phố Hồ Chí Minh",13600000000.0,150.0,8.0,TP.HCM (lõi cũ),Khác,90666666.66666667
https://nhadat.cafeland.vn/ban-nha-rieng-nha-1-tret-1-lau-quan-12-gia-chi-720-trieu-tang-full-noi-that-3186725.html,"Bán nhà riêng: Nhà 1 trệt 1 lầu Quận 12 giá chỉ 720 triệu, tặng full nội thất","Thới An, Thành phố Hồ Chí Minh",720000000.0,21.0,,TP.HCM (lõi cũ),Nhà ở/Nhà phố,34285714.28571428
https://nhadat.cafeland.vn/ban-ch-nguyen-khoai-2pn-68m2-65-ty-view-bitexco-giap-q1-1649505.html,"Bán CH Nguyễn Khoái, 2pn 68m2, 6,5 tỷ View bitexco, giáp Q1","Vĩnh Hội, Thành phố Hồ Chí Minh",6500000000.0,68.0,2.0,TP.HCM (lõi cũ),Khác,95588235.29411764
https://nhadat.cafeland.vn/can-ho-chuan-bi-ban-giao-mat-tien-duong-lon-ngay-sieu-thi-doi-dien-lang-dai-hoc-3177231.html,Căn hộ chuẩn bị bàn giao mặt tiền đường lớn ngay siêu thị đối diện làng đại học,"Đông Hòa, Thành phố Hồ Chí Minh",3800000000.0,68.0,,Bình Dương (mới sáp nhập),Căn hộ/Chung cư,55882352.941176474
https://nhadat.cafeland.vn/mat-tien-230-nguyen-oanh-go-vap-dt-43x24m-1-tret-3-lau-gia-nhinh-20-ty-3147425.html,"MẶT TIỀN 230 NGUYỄN OANH GÒ VẤP - DT 4,3X24M - 1 TRỆT 3 LẦU. GIÁ NHỈNH 20 TỶ","Gò Vấp, Thành phố Hồ Chí Minh",20000000000.0,102.0,,TP.HCM (lõi cũ),Khác,196078431.37254903
https://nhadat.cafeland.vn/ban-dat-tho-cu-64m-dat-shr-tho-cu-duong-tx25-lgan-cho-thanh-xuan-3182226.html,Bán đất thổ cư: 64m đất shr tho cu duong tx25 lgần chợ thạnh xuân,"Thới An, Thành phố Hồ Chí Minh",3280000000.0,64.0,,TP.HCM (lõi cũ),Đất nền,51250000.0
https://nhadat.cafeland.vn/ban-ma-vn59-29-vinhomes-green-paradise-can-gio-quy-hoach-lon-dien-tich-1576m2-tiem-nang-tang-gia-2489256.html,"Bán mã VN59-29 Vinhomes Green Paradise Cần Giờ quy hoạch lớn diện tích 157,6m2 tiềm năng tăng giá","Cần Giờ, Thành phố Hồ Chí Minh",22300000000.0,157.6,,TP.HCM (lõi cũ),Khác,141497461.928934
https://nhadat.cafeland.vn/chdv-7l-169m2-ngang-65m-xe-du-lich-toi-pham-van-chieu-gan-cho-30pn-tmay-299-ty-2478483.html,CHDV 7L 169m2 ngang 6.5m xe du lịch tới Phạm Văn Chiêu gần chợ 30PN Tmáy 29.9 tỷ,"An Hội Đông, Thành phố Hồ Chí Minh",29900000000.0,169.0,30.0,TP.HCM (lõi cũ),Khác,176923076.92307693
https://nhadat.cafeland.vn/mat-tien-kd-duong-sinconha-moi-3-tang-152m255x28gan-ho-hoc-lamql1-2812371.html,"Mặt tiền KD đường Sinco,nhà mới 3 tầng- 152m2(5.5x28),gần Hồ Học Lãm,QL1","An Lạc, Thành phố Hồ Chí Minh",12200000000.0,152.0,2.0,TP.HCM (lõi cũ),Nhà ở/Nhà phố,80263157.89473684
https://nhadat.cafeland.vn/ban-nha-rieng-nha-gan-cho-cau-dong-duong-8m-4x19-chi-5x-ty-tl-3187739.html,"Bán nhà riêng: Nhà Gần Chợ Cầu Đồng, Đường 8M, 4x19 chỉ 5.x Tỷ TL","An Phú Đông, Thành phố Hồ Chí Minh",5750000000.0,74.0,,TP.HCM (lõi cũ),Nhà ở/Nhà phố,77702702.7027027
https://nhadat.cafeland.vn/ban-nha-rieng-le-van-luong-chi-3-ty-3-co-can-nha-2-tang-4x10m-so-hong-rieng-san-3186823.html,Bán nhà riêng: Lê Văn Lương chỉ 3 tỷ 3 có căn nhà 2 tầng 4x10m Sô hồng riêng san,"Tân Hưng, Thành phố Hồ Chí Minh",3300000000.0,40.0,,TP.HCM (lõi cũ),Nhà ở/Nhà phố,82500000.0
https://nhadat.cafeland.vn/ban-nha-rieng-mat-tien-le-vinh-hoa-tan-phu-con-sot-lai-1-can-hiem-co-chi-77-3186778.html,"Bán nhà riêng: Mặt tiền Lê Vĩnh Hòa, Tân Phú, còn sót lại 1 căn hiếm có chỉ 7,7","Phú Thạnh, Thành phố Hồ Chí Minh",7700000000.0,57.0,4.0,TP.HCM (lõi cũ),Nhà ở/Nhà phố,135087719.2982456
https://nhadat.cafeland.vn/ban-nha-rieng-nha-canh-aeon-mall-tan-phu-3-tang-4pn-duong-nhua-6m-nha-dep-3187882.html,Bán nhà riêng: Nhà cạnh Aeon Mall Tân Phú - 3 tầng 4PN- đường nhựa 6m - nhà đẹp-,"Bình Hưng Hòa, Thành phố Hồ Chí Minh",6300000000.0,56.0,4.0,TP.HCM (lõi cũ),Nhà ở/Nhà phố,112500000.0
https://nhadat.cafeland.vn/ban-nha-no-trang-long-64m2-ngang-53m-cuc-dep-co-phong-xong-hoi-2493509.html,"Bán nhà Nơ Trang Long 64m2, ngang 5.3m cực đẹp, có phòng xông hơi","Bình Lợi Trung, Thành phố Hồ Chí Minh",7400000000.0,64.0,,TP.HCM (lõi cũ),Nhà ở/Nhà phố,115625000.0
https://nhadat.cafeland.vn/ban-nha-rieng-nha-moi-3-tang-ngang-5m-sieu-xinh-tai-huynh-tan-phat-quan-7-3183236.html,"Bán nhà riêng: Nhà mới 3 tầng ngang 5m siêu xinh tại Huỳnh Tấn Phát, Quận 7","Phú Thuận, Thành phố Hồ Chí Minh",5390000000.0,43.0,,TP.HCM (lõi cũ),Nhà ở/Nhà phố,125348837.20930232
https://nhadat.cafeland.vn/ban-building-van-phong-phuong-13-quan-tan-binh-gan-nha-ga-t3-sb-tan-son-nhat-2482600.html,"Bán building văn phòng phường 13, quận Tân Bình gần nhà ga T3 sb Tân Sơn Nhất","Tân Bình, Thành phố Hồ Chí Minh",35000000000.0,188.0,,TP.HCM (lõi cũ),Nhà ở/Nhà phố,186170212.76595744
https://nhadat.cafeland.vn/hqc-hoc-mon-ban-can-2-phong-ngu2-tolet-gia-1250-ty-dien-tich-60m2-2253955.html,"HQC Hóc Môn bán căn 2 phòng ngủ,2 tolet giá 1.250 tỷ, diện tích 60m2","Bình Hưng Hòa, Thành phố Hồ Chí Minh",1250000000.0,60.0,2.0,TP.HCM (lõi cũ),Khác,20833333.333333332
https://nhadat.cafeland.vn/ban-can-ho-dich-vu-7-tang-mat-tien-tran-van-ky-binh-thanh-3176640.html,Bán căn hộ dịch vụ 7 tầng mặt tiền Trần Văn Kỷ Bình Thạnh,"Bình Thạnh, Thành phố Hồ Chí Minh",32900000000.0,120.0,,TP.HCM (lõi cũ),Căn hộ/Chung cư,274166666.6666667
https://nhadat.cafeland.vn/can-ho-3pn-skyzen-68m2-giai-phap-an-cu-3-the-he-von-ban-dau-900-trieu-2811486.html,CĂN HỘ 3PN SKYZEN - 68m2 - GIẢI PHÁP AN CƯ 3 THẾ HỆ VỐN BAN ĐẨU 900 TRIỆU,"Dĩ An, Thành phố Hồ Chí Minh",3600000000.0,66.0,3.0,Bình Dương (mới sáp nhập),Căn hộ/Chung cư,54545454.54545455
https://nhadat.cafeland.vn/ban-nha-hem-xe-hoi-ung-van-khiem-phuong-25-binh-thanh-2557352.html,"Bán nhà hẻm xe hơi Ung Văn Khiêm, Phường 25, Bình Thạnh","Bình Thạnh, Thành phố Hồ Chí Minh",11800000000.0,73.0,,TP.HCM (lõi cũ),Nhà ở/Nhà phố,161643835.61643836
https://nhadat.cafeland.vn/ban-nha-rieng-nha-pho-2-tang-khu-kieu-dam-quan-7-47m-x-75m-shr-khong-quy-h-3183244.html,"Bán nhà riêng: Nhà phố 2 tầng khu Kiều Đàm, Quận 7, 4.7m x 7.5m, SHR không quy h","Tân Hưng, Thành phố Hồ Chí Minh",3100000000.0,341.0,,TP.HCM (lõi cũ),Nhà ở/Nhà phố,9090909.090909092
https://nhadat.cafeland.vn/ban-can-ho-chung-cu-chi-15-ty-nhan-nha-o-lien-tai-quan-2-cach-trung-tam-chi-10-3184959.html,Bán căn hộ chung cư: Chỉ 1.5 tỷ nhận nhà ở liền tại quận 2 cách trung tâm chỉ 10,"Cát Lái, Thành phố Hồ Chí Minh",1500000000.0,68.0,,TP.HCM (lõi cũ),Căn hộ/Chung cư,22058823.529411763
https://nhadat.cafeland.vn/hot-can-ho-cao-cap-vi-tri-tang-dep-55m2-1n1wc-can-ho-cao-cap-day-du-tien-ich-2811775.html,"Hot Căn Hộ Cao Cấp Vị Trí Tầng Đẹp 55m2, 1N+1WC Căn Hộ Cao Cấp Đầy Đủ Tiện Ích.","Dĩ An, Thành phố Hồ Chí Minh",2900000000.0,55.0,,Bình Dương (mới sáp nhập),Căn hộ/Chung cư,52727272.72727273
https://nhadat.cafeland.vn/ban-nha-5-tang-301m2-dep-lung-linh-tai-nguyen-van-linh-q7-gia-132t-2477583.html,"BÁN NHÀ 5 TẦNG 301m2 ĐẸP LUNG LINH TẠI NGUYỄN VĂN LINH, Q7, GIÁ 13,2T","Tân Thuận, Thành phố Hồ Chí Minh",13200000000.0,84.0,,TP.HCM (lõi cũ),Nhà ở/Nhà phố,157142857.14285713
https://nhadat.cafeland.vn/ban-nha-duong-ma-lop-binh-tri-dongbinh-tan-so-hong-rieng-54m2-gia-588-ty-2934036.html,"BÁN NHÀ ĐƯỜNG MÃ LÒ,P - BÌNH TRỊ ĐÔNG,BÌNH TÂN-SỔ HỒNG RIÊNG- 54m² - GIÁ 5,88 TỶ","Bình Trị Đông, Thành phố Hồ Chí Minh",5880000000.0,54.0,,TP.HCM (lõi cũ),Nhà ở/Nhà phố,108888888.8888889
https://nhadat.cafeland.vn/ban-dat-tho-cu-ban-nhanh-lo-dat-dt-8x18-m-gia-chi-18-ty-lien-ke-phu-my-hungk-3182314.html,"Bán đất thổ cư: Bán nhanh lô đất dt: 8x18 m ,giá chỉ 18 tỷ, liền kề phú mỹ hưngk","Tân Mỹ, Thành phố Hồ Chí Minh",18000000000.0,144.0,,TP.HCM (lõi cũ),Đất nền,125000000.0
https://nhadat.cafeland.vn/ban-dat-tho-cu-2-lo-biet-thu-goc-khu-binh-nguyen-vi-tri-dac-dia-3184396.html,Bán đất thổ cư: 2 lô biệt thự góc khu bình nguyên – vị trí đắc địa,"Đông Hòa, Thành phố Hồ Chí Minh",17500000000.0,317.5,,Bình Dương (mới sáp nhập),Biệt thự,55118110.23622047
https://nhadat.cafeland.vn/ban-can-ho-chung-cu-ban-nhanh-chcc-kingston-dt-82m2-gia-71-ty-nam-2-mat-t-3184486.html,"Bán căn hộ chung cư: Bán nhanh CHCC Kingston. DT: 82m², Giá: 7.1 tỷ. Nằm 2 mặt t","Phú Nhuận, Thành phố Hồ Chí Minh",7100000000.0,82.0,2.0,TP.HCM (lõi cũ),Căn hộ/Chung cư,86585365.85365854
https://nhadat.cafeland.vn/ban-nha-huynh-tan-phat-155m2-full-tho-cu-co-nha-cap-4-chac-dep-tt-nha-be-2289300.html,Bán nhà HUỲNH TẤN PHÁT - 155m2 full Thổ cư - có nhà Cấp 4 chắc đẹp - TT Nhà Bè.,"Nhà Bè, Thành phố Hồ Chí Minh",8300000000.0,155.0,3.0,TP.HCM (lõi cũ),Đất nền,53548387.09677419
https://nhadat.cafeland.vn/ban-nha-mat-tien-cho-lonphuong-binh-phu-232m2-5m-x-47m-x-2-tang-32-ty-tl-2483565.html,"BÁN NHÀ MẶT TIỀN CHỢ LỚN,PHƯỜNG BÌNH PHÚ (232m2 - 5m x 47m x 2 TẦNG) 32 TỶ TL","Bình Phú, Thành phố Hồ Chí Minh",32000000000.0,232.0,6.0,TP.HCM (lõi cũ),Nhà ở/Nhà phố,137931034.4827586
https://nhadat.cafeland.vn/cuoi-tuan-nay-anh-chi-da-co-ke-hoach-chua-2931979.html,CUỐI TUẦN NÀY ANH CHỊ ĐÃ CÓ KẾ HOẠCH CHƯA?,"Đất Đỏ, Thành phố Hồ Chí Minh",139000000.0,123.0,,Bà Rịa - Vũng Tàu (mới sáp nhập),Khác,1130081.300813008
https://nhadat.cafeland.vn/ban-can-ho-1pn-seaview-vung-tau-view-phao-hoa-blanca-2522406.html,"Bán căn hộ 1PN Seaview Vũng Tàu, View pháo hoa Blanca","Vũng Tàu, Thành phố Hồ Chí Minh",2350000000.0,53.0,1.0,Bà Rịa - Vũng Tàu (mới sáp nhập),Căn hộ/Chung cư,44339622.641509436
https://nhadat.cafeland.vn/anh-chi-la-gia-dinh-tre-dang-tim-noi-2812676.html,anh chị là Gia đình trẻ đang tìm nơi:,"Đất Đỏ, Thành phố Hồ Chí Minh",1392000000.0,123.0,,Bà Rịa - Vũng Tàu (mới sáp nhập),Khác,11317073.170731707
https://nhadat.cafeland.vn/nha-moi-dep-duong-nhua-nhanh-cao-van-ngoc-long-dien-ba-ria-vung-tau-2831987.html,"NHÀ MỚI ĐẸP – ĐƯỜNG NHỰA NHÁNH CAO VĂN NGỌC, LONG ĐIỀN, BÀ RỊA VŨNG TÀU","Long Điền, Thành phố Hồ Chí Minh",2250000000.0,100.0,2.0,Bà Rịa - Vũng Tàu (mới sáp nhập),Nhà ở/Nhà phố,22500000.0
https://nhadat.cafeland.vn/mat-tien-cu-xa-phu-lam-a-nha-dep-4-tang-155m24x40-gia-14-ty-2935840.html,Mặt tiền cư xá phú lâm A-Nhà đẹp 4 tầng 155m2(4x40)-Giá 14 tỷ,"Phú Lâm, Thành phố Hồ Chí Minh",14000000000.0,155.0,4.0,TP.HCM (lõi cũ),Nhà ở/Nhà phố,90322580.64516129
https://nhadat.cafeland.vn/le-van-sy-q3-lo-goc-2-mat-thoang-mat-hem-35m-truoc-nha-sach-se-2556113.html,"Lê văn Sỹ q3 lô góc 2 mặt thoáng mát, hẻm 3.5m trước nhà sạch sẽ.","Nhiêu Lộc, Thành phố Hồ Chí Minh",5000000000.0,24.0,,TP.HCM (lõi cũ),Nhà ở/Nhà phố,208333333.33333334
https://nhadat.cafeland.vn/chinh-chu-can-ban-dat-tho-cu-phuong-thoi-hoa-tp-ho-chi-minh-2556958.html,"CHÍNH CHỦ CẦN BÁN ĐẤT THỔ CƯ - PHƯỜNG THỚI HÒA, TP. HỒ CHÍ MINH","Thới Hòa, Thành phố Hồ Chí Minh",3000000000.0,150.0,,Bình Dương (mới sáp nhập),Đất nền,20000000.0
https://nhadat.cafeland.vn/ban-nha-rieng-hem-vip-93-2mt-go-dau-quan-tan-phu-4x17m-64m2-786-ty-3184470.html,"Bán nhà riêng: Hẻm Vip 93 2MT Gò Dầu Quận Tân Phú; 4x17m 64m2 7,86 tỷ","Phú Thọ Hòa, Thành phố Hồ Chí Minh",7860000000.0,64.0,,TP.HCM (lõi cũ),Nhà ở/Nhà phố,122812500.0
https://nhadat.cafeland.vn/sieu-pham-lavida-quan-7-can-ho-38m2-hoan-thien-2939131.html,Siêu Phẩm Lavida Quận 7 – Căn Hộ 38m² Hoàn Thiện,"Tân Hưng, Thành phố Hồ Chí Minh",3000000000.0,38.6,,TP.HCM (lõi cũ),Căn hộ/Chung cư,77720207.25388601
https://nhadat.cafeland.vn/mat-tien-phu-tho-hoa-tt-cho-vai-64m2-4x17-dong-tien-28trthang-chi-147-ty-2556625.html,"Mặt tiền Phú Thọ Hòa, tt chợ vải, 64m2, 4x17, dòng tiền 28tr/tháng, Chỉ 14.7 tỷ","Phú Thọ Hòa, Thành phố Hồ Chí Minh",14700000000.0,64.0,,TP.HCM (lõi cũ),Khác,229687500.0
https://nhadat.cafeland.vn/ban-nha-rieng-nha-moi-quan-12-3183990.html,Bán nhà riêng: Nhà mới Quận 12,"Đông Hưng Thuận, Thành phố Hồ Chí Minh",5000000000.0,51.0,,TP.HCM (lõi cũ),Nhà ở/Nhà phố,98039215.68627451
https://nhadat.cafeland.vn/chdv-4x28m-ham-6-lau-duong-3-phuong-tan-kieng-q7-thu-nhap-120trthang-2251015.html,CHDV 4x28m hầm 6 lầu đường 3 phường tân kiểng Q7. thu nhập 120tr/tháng,"Tân Hưng, Thành phố Hồ Chí Minh",26500000000.0,112.0,25.0,TP.HCM (lõi cũ),Khác,236607142.85714287
https://nhadat.cafeland.vn/ket-tai-chinh-cat-lo-can-ban-gap-can-ho-art-stella-di-an-2558024.html,KẸT TÀI CHÍNH CẮT LỖ – CẦN BÁN GẤP CĂN HỘ ART STELLA DĨ AN,"Dĩ An, Thành phố Hồ Chí Minh",2850000000.0,61.37,2.0,Bình Dương (mới sáp nhập),Căn hộ/Chung cư,46439628.48297214
https://nhadat.cafeland.vn/nhinh-3ti-nha-1-huong-lo-2-khu-dan-cu-sam-uat-so-rieng-don-o-phong-thuy-3189822.html,Nhỉnh 3Tỉ - Nhà 1/ Hương Lộ 2 - Khu dân cư sầm uất - SỔ RiÊNG - DỌN Ở-Phong Thủy,"Bình Trị Đông, Thành phố Hồ Chí Minh",3450000000.0,30.0,10.0,TP.HCM (lõi cũ),Nhà ở/Nhà phố,115000000.0
https://nhadat.cafeland.vn/ban-nha-mat-tien-duong-so-2khu-ten-lua-45m-x-15m-x-3-tang-76-ty-tl-2554847.html,"BÁN NHÀ MẶT TIỀN ĐƯỜNG SỐ 2,KHU TÊN LỬA (4,5m x 15m x 3 TẦNG) 7,6 TỶ TL","An Lạc, Thành phố Hồ Chí Minh",7600000000.0,68.0,3.0,TP.HCM (lõi cũ),Nhà ở/Nhà phố,111764705.88235295
https://nhadat.cafeland.vn/ban-nha-rieng-ban-toa-nha-can-ho-dich-vu-cao-cap-le-van-sy-95x20m-7-lau-2-3184485.html,Bán nhà riêng: Bán tòa nhà căn hộ dịch vụ cao cấp Lê Văn Sỹ - 9.5x20m 7 lầu + 2,"Phú Nhuận, Thành phố Hồ Chí Minh",35000000000.0,190.0,,TP.HCM (lõi cũ),Căn hộ/Chung cư,184210526.31578946
https://nhadat.cafeland.vn/ban-nha-rieng-co-hoi-so-huu-nha-truong-quoc-dung-phu-nhuan-khu-vuc-luon-duoc-s-3182282.html,"Bán nhà riêng: Cơ hội sở hữu nhà Trương Quốc Dung Phú Nhuận, khu vực luôn được s","Phú Nhuận, Thành phố Hồ Chí Minh",7000000000.0,54.0,,TP.HCM (lõi cũ),Nhà ở/Nhà phố,129629629.62962963
https://nhadat.cafeland.vn/ban-re-nha-pho-76-x-10m-ly-chinh-thang-quan-3-tphcm-3131424.html,Bán rẻ nhà phố 7.6 x 10m Lý Chính Thắng Quận 3 TP.HCM,"Nhiêu Lộc, Thành phố Hồ Chí Minh",20500000000.0,76.0,,TP.HCM (lõi cũ),Nhà ở/Nhà phố,269736842.1052632
https://nhadat.cafeland.vn/hem-4m-binh-long-go-dau-70m2-4-tang-kien-co-5pn-hoan-cong-du-chi-65-ty-2832615.html,"Hẻm 4m Bình Long - Gò Dầu, 70m2, 4 tầng kiên cố, 5PN, hoàn công đủ, Chỉ 6.5 tỷ","Tân Sơn Nhì, Thành phố Hồ Chí Minh",6500000000.0,70.0,5.0,TP.HCM (lõi cũ),Khác,92857142.85714285
https://nhadat.cafeland.vn/ban-dat-tho-cu-ban-dat-ngo-chi-quoc-thu-duc-nhinh-5-ty-308m2-lo-goc-2-mat-ti-3182345.html,"Bán đất thổ cư: Bán đất Ngô Chí Quốc, Thủ Đức, nhỉnh 5 tỷ, 308m2 lô góc 2 mặt ti","Tam Bình, Thành phố Hồ Chí Minh",5500000000.0,308.0,,TP.HCM (lõi cũ),Đất nền,17857142.85714286
https://nhadat.cafeland.vn/ban-nha-so-200-lam-van-ben-quan-7-dt-5x18m-1-lau-gia-24-ty-2481759.html,"Bán nhà số 200 Lâm Văn Bền Quận 7 dt 5x18m, 1 lầu giá 24 tỷ","Tân Hưng, Thành phố Hồ Chí Minh",24000000000.0,90.0,,TP.HCM (lõi cũ),Nhà ở/Nhà phố,266666666.66666666
https://nhadat.cafeland.vn/ban-gap-nha-kinh-doanh-tot-tai-trung-tam-binh-thanh-2557443.html,Bán gấp nhà kinh doanh tốt tại trung tâm Bình Thạnh,"Bình Thạnh, Thành phố Hồ Chí Minh",15450000000.0,76.0,,TP.HCM (lõi cũ),Nhà ở/Nhà phố,203289473.68421054
https://nhadat.cafeland.vn/nha-mat-tien-dang-van-ngu-92-met-vuong-365-ty-gan-truong-trung-hoc-co-so-tphcm-2371177.html,"NHÀ MẶT TIỀN ĐẶNG VĂN NGỮ 92 MÉT VUÔNG 36,5 TỶ GẦN TRƯỜNG TRUNG HỌC CƠ SỞ, TPHCM","Phú Nhuận, Thành phố Hồ Chí Minh",36500000000.0,92.0,,TP.HCM (lõi cũ),Nhà ở/Nhà phố,396739130.4347826
https://nhadat.cafeland.vn/nha-cap-4-dt-107-x-20m-duong-nguyen-thi-xieu-truong-dh-marketing-quan-7-2288421.html,"Nhà cấp 4 DT: 10,7 x 20m đường nguyễn thị xiếu Trường ĐH marketing Quận 7","Tân Thuận, Thành phố Hồ Chí Minh",35000000000.0,215.0,,TP.HCM (lõi cũ),Nhà ở/Nhà phố,162790697.6744186
https://nhadat.cafeland.vn/nha-pho-re-tien-kinh-doanh-1-tret-4-lau-cao-thang-q3-tphcm-3142558.html,Nhà phố rẻ tiện kinh doanh 1 trệt 4 lầu Cao Thắng Q3 TP.HCM,"Bàn Cờ, Thành phố Hồ Chí Minh",26000000000.0,59.0,,TP.HCM (lõi cũ),Nhà ở/Nhà phố,440677966.10169494
https://nhadat.cafeland.vn/sieu-pham-6-tang-thang-may-phan-anh-hem-6m-66m2-42x17-8pn-chi-103-ty-2812344.html,"Siêu phẩm 6 tầng thang máy Phan Anh, hẻm 6m, 66m2, 4.2x17, 8PN, Chỉ 10.3 tỷ","Phú Thạnh, Thành phố Hồ Chí Minh",10300000000.0,66.0,8.0,TP.HCM (lõi cũ),Khác,156060606.06060606
https://nhadat.cafeland.vn/ban-nha-1-tret-1-lau-hem-1-sec-duong-168-do-xuan-hop-2932944.html,BÁN NHÀ 1 TRỆT 1 LẦU – HẺM 1 SẸC ĐƯỜNG 168 ĐỖ XUÂN HỢP,"Phước Long, Thành phố Hồ Chí Minh",5050000000.0,116.0,,TP.HCM (lõi cũ),Nhà ở/Nhà phố,43534482.75862069
https://nhadat.cafeland.vn/ban-nha-rieng-tan-phu-nha-dep-56m-hem-o-to-toi-cua-2pn-2wc-chi-5x-ty-o-ngay-3183222.html,Bán nhà riêng: Tân Phú nhà đẹp 56m hẻm ô tô tới cửa 2PN 2WC chỉ 5.X tỷ ở ngay!,"Tây Thạnh, Thành phố Hồ Chí Minh",5850000000.0,54.0,2.0,TP.HCM (lõi cũ),Nhà ở/Nhà phố,108333333.33333333
https://nhadat.cafeland.vn/ban-nha-tai-32-huyen-quang-phuong-tan-dinh-quan-1-hcm-2285300.html,"Bán nhà tại 32 Huyền Quang, Phường Tân Định, Quận 1, HCM","Tân Định, Thành phố Hồ Chí Minh",10800000000.0,33.5,2.0,TP.HCM (lõi cũ),Nhà ở/Nhà phố,322388059.70149255
https://nhadat.cafeland.vn/hxh-8m-luy-ban-bich-khu-biet-thu-adc-64m2-4x16-4-tang-dep-o-ngay-119-ty-2933262.html,"HXH 8m Lũy Bán Bích - khu biệt thự ADC, 64m2, 4x16, 4 tầng, đẹp ở ngay, 11.9 tỷ","Phú Thạnh, Thành phố Hồ Chí Minh",11900000000.0,64.0,4.0,TP.HCM (lõi cũ),Biệt thự,185937500.0
https://nhadat.cafeland.vn/hot-gia-f0-can-ho-bcons-center-city-cach-ga-metro-5-phut-tang-2-chi-vang-sjc-2932212.html,"Hot! Giá F0 căn hộ Bcons Center City cách ga Metro 5 phút, tặng 2 chỉ vàng SJC","Đông Hòa, Thành phố Hồ Chí Minh",145000000.0,52.0,,Bình Dương (mới sáp nhập),Căn hộ/Chung cư,2788461.5384615385
https://nhadat.cafeland.vn/mot-can-nha-5-tang-trong-cho-ban-co-mat-tien-10m-tien-kinh-doanh-chi-9-ty-2287758.html,"MỘT CĂN NHÀ 5 TẦNG, TRONG CHỢ BÀN CỜ, MẶT TIỀN 10M, TIỆN KINH DOANH, CHỈ 9 TỶ","Bàn Cờ, Thành phố Hồ Chí Minh",9000000000.0,30.0,4.0,TP.HCM (lõi cũ),Nhà ở/Nhà phố,300000000.0
https://nhadat.cafeland.vn/ban-nha-rieng-nha-mat-tien-95m2-2-tang-chi-73-ty-tan-thoi-hiep-quan-12-3185694.html,"Bán nhà riêng: * Nhà mặt tiền, 95m², 2 tầng, chỉ 7,3 tỷ, Tân Thới Hiệp, Quận 12","Tân Thới Hiệp, Thành phố Hồ Chí Minh",7300000000.0,95.0,,TP.HCM (lõi cũ),Nhà ở/Nhà phố,76842105.26315789
https://nhadat.cafeland.vn/ban-nha-rieng-nha-khu-phan-lo-duong-8m-co-le-ngay-cho-son-ky-bo-bao-tan-thang-g-3184007.html,Bán nhà riêng: Nhà khu phân lô đường 8m có lề ngay chợ sơn kỳ bờ bao tân thắng g,"Tây Thạnh, Thành phố Hồ Chí Minh",8600000000.0,64.0,3.0,TP.HCM (lõi cũ),Nhà ở/Nhà phố,134375000.0
https://nhadat.cafeland.vn/ban-nha-rieng-ngay-cong-dai-hoc-van-lang-hem-dep-dang-thuy-tram-p13-bt-4x1-3184447.html,Bán nhà riêng: NGAY Cổng Đại Học Văn Lang - HẺM Đẹp Đặng Thuỳ Trâm P.13 BT - 4x1,"Bình Lợi Trung, Thành phố Hồ Chí Minh",9000000000.0,65.0,,TP.HCM (lõi cũ),Nhà ở/Nhà phố,138461538.46153846
https://nhadat.cafeland.vn/ban-nha-rieng-ban-nha-cap-4-moi-dep-gan-cho-doan-thi-kia-dt-102-m2-ngang-47-m-3184386.html,"Bán nhà riêng: Bán nhà cấp 4 mới đẹp gần chợ Đoàn Thị Kia DT 102 m2 ngang 4,7 m","Dĩ An, Thành phố Hồ Chí Minh",3500000000.0,102.0,,Bình Dương (mới sáp nhập),Nhà ở/Nhà phố,34313725.49019608
https://nhadat.cafeland.vn/ban-re-nha-pho-xinh-4-x-15m-1-tret-2-lau-au-co-tan-binh-tphcm-2933594.html,Bán rẻ nhà phố xinh 4 x 15m 1 trệt 2 lầu Âu Cơ Tân Bình TP.HCM,"Tân Bình, Thành phố Hồ Chí Minh",8960000000.0,60.0,,TP.HCM (lõi cũ),Nhà ở/Nhà phố,149333333.33333334
https://nhadat.cafeland.vn/ban-nha-rieng-ban-nha-120m2-tai-hoc-mon-san-dau-o-to-3-phong-ngu-gia-chi-61-3182326.html,"Bán nhà riêng: Bán nhà 120m2 tại Hóc Môn, sân đậu ô tô, 3 phòng ngủ, giá chỉ 6.1","Bà Điểm, Thành phố Hồ Chí Minh",6100000000.0,120.0,3.0,TP.HCM (lõi cũ),Nhà ở/Nhà phố,50833333.333333336
https://nhadat.cafeland.vn/can-ho-moonlight-park-view-2pn-tang-noi-that-cao-cap-so-hong-lh-0933654662-2811918.html,Căn hộ Moonlight Park View 2PN tặng nội thất cao cấp sổ hồng. LH 0933654662,"An Lạc, Thành phố Hồ Chí Minh",3680000000.0,60.0,2.0,TP.HCM (lõi cũ),Căn hộ/Chung cư,61333333.333333336
https://nhadat.cafeland.vn/ban-nha-le-dinh-can-phuong-tan-taobinh-tan-so-hong-rieng-hem-5m-65m2-g-2819952.html,"Bán Nhà Lê Đình Cẩn, Phường Tân Tạo,bình Tân - Sổ Hồng Riêng - Hẻm 5m - 65m2 - G","Bình Trị Đông, Thành phố Hồ Chí Minh",6000000000.0,65.0,,TP.HCM (lõi cũ),Nhà ở/Nhà phố,92307692.3076923
https://nhadat.cafeland.vn/chinh-chu-ban-gap-ch-m-one-nguyen-binh-khiem-2pn-55m2-so-san-o-ngay-100-2828397.html,"Chính Chủ bán gấp CH M- One Nguyễn Bỉnh Khiêm , 2PN / 55M2 ,Sổ sẵn ,Ở Ngay 100%","Hạnh Thông, Thành phố Hồ Chí Minh",2200000000.0,55.0,2.0,TP.HCM (lõi cũ),Khác,40000000.0
https://nhadat.cafeland.vn/can-ho-cao-cap-tran-5m3-duplex-1pn-1wc-them-gac-lung-gap-doi-dien-tich-su-dung-2503942.html,"Căn Hộ Cao Cấp Trần 5m3 Duplex 1PN+ 1WC Thêm Gác Lửng, Gấp Đôi Diện Tích Sử Dụng","Dĩ An, Thành phố Hồ Chí Minh",3200000000.0,55.0,1.0,Bình Dương (mới sáp nhập),Căn hộ/Chung cư,58181818.18181818
https://nhadat.cafeland.vn/biet-thu-vua-tiec-tung-lam-san-golf-ho-ca-san-choi-cho-con-van-du-2005923.html,"Biệt Thự Vừa Tiệc Tùng, Làm Sân Golf, Hồ Cá, Sân Chơi Cho Con Vẫn Dư","Hiệp Bình, Thành phố Hồ Chí Minh",29000000000.0,336.0,,TP.HCM (lõi cũ),Biệt thự,86309523.8095238
https://nhadat.cafeland.vn/ban-nha-3-lau-gia-re-so-hong-rieng-1le-thi-ha-ap-dinh-tan-xuan-hoc-mon-2284966.html,"BÁN NHÀ 3 LẦU GIÁ RẺ SỔ HỒNG RIÊNG 1/LÊ THỊ HÀ , ẤP ĐÌNH , TÂN XUÂN , HÓC MÔN","Hóc Môn, Thành phố Hồ Chí Minh",7900000000.0,120.0,,TP.HCM (lõi cũ),Nhà ở/Nhà phố,65833333.333333336
https://nhadat.cafeland.vn/ban-nha-5-tang-hem-118-duong-bui-van-ba-ptan-thuan-dong-thu-nhap-60trthang-2236431.html,"Bán nhà 5 tầng hẻm 118 đường Bùi Văn Ba, P.Tân Thuận Đông thu nhập 60tr/tháng","Tân Thuận, Thành phố Hồ Chí Minh",14000000000.0,121.0,15.0,TP.HCM (lõi cũ),Nhà ở/Nhà phố,115702479.33884297
https://nhadat.cafeland.vn/ban-dat-tho-cu-ket-no-nen-thanh-toan-lo-62m2-gia-nhinh-4-ty-huong-lo-2-ke-ben-t-3187834.html,Bán đất thổ cư: Kẹt nợ nên thanh toán lô 62m2 giá nhỉnh 4 tỷ Hương Lộ 2 kế bên t,"Bình Trị Đông, Thành phố Hồ Chí Minh",4580000000.0,62.0,,TP.HCM (lõi cũ),Đất nền,73870967.74193548
https://nhadat.cafeland.vn/ban-nha-rieng-nha-ngay-chung-cu-quan-doi-phuong-trung-my-tay-quan-12-dien-tic-3182202.html,Bán nhà riêng: Nhà ngay chung cư quân đội Phường Trung Mỹ Tây Quận 12 - Diện tíc,"Trung Mỹ Tây, Thành phố Hồ Chí Minh",4600000000.0,61.0,,TP.HCM (lõi cũ),Căn hộ/Chung cư,75409836.06557377
https://nhadat.cafeland.vn/ban-nha-rieng-ban-nha-512m-phu-thuan-canh-phu-my-hung-gia-sieu-hoi-998-ty-3186809.html,"Bán nhà riêng: Bán nhà 5*12m, Phú Thuận, cạnh Phú Mỹ Hưng, giá siêu hời 9,98 tỷ","Phú Thuận, Thành phố Hồ Chí Minh",9980000000.0,60.0,4.0,TP.HCM (lõi cũ),Nhà ở/Nhà phố,166333333.33333334
https://nhadat.cafeland.vn/can-ban-can-ho-56m2-full-noi-that-gia-29-ty-ngay-nga-tu-pham-van-dong-2554893.html,Cần bán căn hộ 56m2 full nội thất giá 2.9 tỷ ngay ngã tư Phạm Văn Đồng,"Dĩ An, Thành phố Hồ Chí Minh",2930000000.0,56.0,,Bình Dương (mới sáp nhập),Căn hộ/Chung cư,52321428.571428575
https://nhadat.cafeland.vn/nha-452x20m-huynh-tan-phat-phuong-binh-thuan-q7-nha-4-tang-195-ty-2827281.html,"Nhà 4,52x20m Huỳnh Tấn Phát Phường Bình Thuận Q7. Nhà 4 Tầng 19,5 tỷ","Tân Thuận, Thành phố Hồ Chí Minh",19500000000.0,70.0,,TP.HCM (lõi cũ),Nhà ở/Nhà phố,278571428.5714286
https://nhadat.cafeland.vn/ket-tien-xoay-von-ban-nhanh-lo-dat-356m2-gan-ho-tram-2932355.html,KẸT TIỀN XOAY VỐN - BÁN NHANH LÔ ĐẤT 356M² GẦN HỒ TRÀM,"Hòa Hội, Thành phố Hồ Chí Minh",1564000000.0,345.0,,Bà Rịa - Vũng Tàu (mới sáp nhập),Đất nền,4533333.333333333
https://nhadat.cafeland.vn/nha-43x19m-3-lau-duong-17-phuong-tan-kieng-q7-cho-tan-quy-2287061.html,"nhà 4,3x19m 3 lầu đường 17 Phường Tân Kiểng Q7. chợ Tân Quy","Tân Hưng, Thành phố Hồ Chí Minh",18600000000.0,80.0,,TP.HCM (lõi cũ),Nhà ở/Nhà phố,232500000.0
https://nhadat.cafeland.vn/ban-nha-rieng-nha-dep-2-tang-khu-cho-vai-phu-tho-hoa-3187785.html,Bán nhà riêng: Nhà đẹp 2 tầng khu chợ vải Phú Thọ Hòa,"Phú Thọ Hòa, Thành phố Hồ Chí Minh",3680000000.0,25.0,2.0,TP.HCM (lõi cũ),Nhà ở/Nhà phố,147200000.0
https://nhadat.cafeland.vn/ban-dat-tho-cu-giup-chu-ba-con-oi-ngop-qua-roi-ban-lo-lay-tien-ve-que-3185798.html,"Bán đất thổ cư: Giúp chủ bà con ơi, ngộp quá rồi. Bán lỗ lấy tiền về quê","Tân An Hội, Thành phố Hồ Chí Minh",1450000000.0,100.0,,TP.HCM (lõi cũ),Đất nền,14500000.0
https://nhadat.cafeland.vn/ban-nha-rieng-ha-gia-300-trieu-so-huu-ngay-nha-lo-goc-4-tang-view-cong-vien-ta-3187772.html,"Bán nhà riêng: Hạ giá 300 triệu, sở hữu ngay nhà lô góc 4 tầng view công viên Tâ","Tân Sơn Nhì, Thành phố Hồ Chí Minh",11000000000.0,74.25,,TP.HCM (lõi cũ),Nhà ở/Nhà phố,148148148.14814815
https://nhadat.cafeland.vn/ban-can-ho-chung-cu-can-ban-can-ho-midtown-phu-my-hung-nha-dep-hien-dai-gia-cuc-3188238.html,Bán căn hộ chung cư: Cần bán căn hộ Midtown Phú Mỹ Hưng nhà đẹp hiện đại giá cực,"Tân Mỹ, Thành phố Hồ Chí Minh",9700000000.0,80.0,,TP.HCM (lõi cũ),Căn hộ/Chung cư,121250000.0
https://nhadat.cafeland.vn/ban-nha-duong-lac-long-quancu-xa-phu-binh-4m-x-12m-x-3-tang-69-ty-tl-2555220.html,"BÁN NHÀ ĐƯỜNG LẠC LONG QUÂN,CƯ XÁ PHÚ BÌNH (4m x 12m x 3 TẦNG) 6,9 TỶ TL","Hòa Bình, Thành phố Hồ Chí Minh",6900000000.0,48.0,4.0,TP.HCM (lõi cũ),Nhà ở/Nhà phố,143750000.0
https://nhadat.cafeland.vn/ban-nha-quan-tan-binh-gia-duoi-285-ty-cach-mang-thang-8-tret-lau-2831713.html,"Bán nhà Quận Tân Bình giá dưới 2,85 tỷ Cách Mạng Tháng 8 trệt lầu.","Tân Sơn Nhất, Thành phố Hồ Chí Minh",2850000000.0,24.0,1.0,TP.HCM (lõi cũ),Nhà ở/Nhà phố,118750000.0
https://nhadat.cafeland.vn/nha-pho-re-4-x-16m-1-tret-2-lau-cmt8-quan-10-tphcm-2476952.html,Nhà phố rẻ 4 x 16m 1 trệt 2 lầu CMT8 Quận 10 TP.HCM,"Hòa Hưng, Thành phố Hồ Chí Minh",9800000000.0,64.0,,TP.HCM (lõi cũ),Nhà ở/Nhà phố,153125000.0
https://nhadat.cafeland.vn/ban-nha-nguyen-van-luongphuong-binh-phuquan-6-72m2-so-hong-rieng-gia-75-ty-2826023.html,"Bán Nhà Nguyễn Văn Luông,Phường Bình Phú,Quận 6 - 72m2 Sổ Hồng Riêng giá 7,5 Tỷ","Bình Phú, Thành phố Hồ Chí Minh",7500000000.0,72.0,,TP.HCM (lõi cũ),Nhà ở/Nhà phố,104166666.66666667
https://nhadat.cafeland.vn/ban-nha-rieng-ban-nha-1-tret-1-lau-duong-song-hanh-xlhn-ngay-ga-metro-truong-t-3189613.html,"Bán nhà riêng: Bán Nhà 1 Trệt 1 Lầu Đường Song Hành XLHN Ngay Ga Mêtro, Trường T","Thủ Đức, Thành phố Hồ Chí Minh",9500000000.0,110.0,3.0,TP.HCM (lõi cũ),Nhà ở/Nhà phố,86363636.36363636
https://nhadat.cafeland.vn/ban-nha-rieng-villa-pho-4-tang-cao-cap-gan-cong-ga-t3-moi-xe-hoi-do-cua-3184923.html,"Bán nhà riêng: Villa Phố, 4 tầng cao cấp, gần cổng Ga T3 mới, xe hơi đỗ cửa","Tân Sơn, Thành phố Hồ Chí Minh",7500000000.0,40.0,4.0,TP.HCM (lõi cũ),Biệt thự,187500000.0
https://nhadat.cafeland.vn/nha-dep-cu-xa-phu-lam-a-quan-6-4x14m-4-tang-gia-74t-2357728.html,"NHÀ ĐẸP CƯ XÁ PHÚ LÂM A, QUẬN 6, 4x14m, 4 TẦNG, GIÁ 7.4T","Bình Phú, Thành phố Hồ Chí Minh",7400000000.0,56.0,4.0,TP.HCM (lõi cũ),Nhà ở/Nhà phố,132142857.14285715
https://nhadat.cafeland.vn/dat-biet-thu-mat-tien-duong-so-40-khu-tan-quy-dong-quan-7-dt-12x19-dtcn-228m2-2269397.html,"Đất biệt thự mặt tiền đường Số 40 khu Tân Quy Đông, Quận 7, DT 12x19, DTCN 228m2","Tân Hưng, Thành phố Hồ Chí Minh",36000000000.0,228.0,,TP.HCM (lõi cũ),Biệt thự,157894736.84210527
https://nhadat.cafeland.vn/ban-dat-tang-biet-thu-300m2-6-tang-mat-tien-binh-long-gia-re-ngop-bank-20-ty-2290334.html,"Bán đất tặng Biệt thự 300m2, 6 tầng Mặt tiền Bình Long. Giá rẻ ngộp bank 20 tỷ","Tân Phú, Thành phố Hồ Chí Minh",35000000000.0,300.0,,TP.HCM (lõi cũ),Biệt thự,116666666.66666667
https://nhadat.cafeland.vn/hot-ban-can-ho-3pn-goc-victoria-village-thanh-my-loi-q2-view-dep-q1-2272767.html,"HOT! Bán căn hộ 3PN góc Victoria Village Thạnh Mỹ Lợi Q2, view đẹp Q1","Cát Lái, Thành phố Hồ Chí Minh",8050000000.0,82.0,3.0,TP.HCM (lõi cũ),Căn hộ/Chung cư,98170731.70731707
https://nhadat.cafeland.vn/ban-nha-rieng-ban-nha-mat-tien-le-cao-lang-tan-phu-805mx1433m-1-lau-gia-115-3186781.html,Bán nhà riêng: Bán Nhà Mặt Tiền Lê Cao Lãng Tân Phú 8.05mx14.33m 1 Lầu Giá 11.5,"Phú Thạnh, Thành phố Hồ Chí Minh",11500000000.0,100.0,,TP.HCM (lõi cũ),Nhà ở/Nhà phố,115000000.0
https://nhadat.cafeland.vn/tt-genesis-can-ho-tri-thuc-nhat-ban-tai-nam-sai-gon-giai-doan-1-3189915.html,TT GENESIS – CĂN HỘ TRI THỨC NHẬT BẢN TẠI NAM SÀI GÒN giai đoạn 1,"Nhà Bè, Thành phố Hồ Chí Minh",2431000000.0,35.0,,TP.HCM (lõi cũ),Căn hộ/Chung cư,69457142.85714285
https://nhadat.cafeland.vn/can-ho-tbs-green-skyline-uu-dai-duy-nhat-xuan-binh-ngo-2026-can-ho-di-an-2323934.html,Căn hộ TBS Green Skyline - ưu đãi duy nhất Xuân Bính Ngọ 2026 | CĂN HỘ DĨ AN,"Dĩ An, Thành phố Hồ Chí Minh",4900000000.0,79.0,,Bình Dương (mới sáp nhập),Căn hộ/Chung cư,62025316.4556962
https://nhadat.cafeland.vn/ban-dat-tho-cu-dat-dep-kdc-dien-thuan-an-phu-dong-dan-tri-cao-chi-425-ty-3185697.html,"Bán đất thổ cư: Đất đẹp - KDC Điền Thuận - An Phú Đông - dân trí cao chỉ 4,25 tỷ","An Phú Đông, Thành phố Hồ Chí Minh",4250000000.0,56.0,,TP.HCM (lõi cũ),Đất nền,75892857.14285715
https://nhadat.cafeland.vn/ban-nha-gan-kcn-nam-tan-uyen-mat-tien-kinh-doanh-so-hong-rieng-3155519.html,Bán nhà gần KCN Nam Tân Uyên – Mặt tiền kinh doanh – Sổ hồng riêng,"Tân Hiệp, Thành phố Hồ Chí Minh",3900000000.0,243.0,,Bình Dương (mới sáp nhập),Nhà ở/Nhà phố,16049382.716049382
https://nhadat.cafeland.vn/ban-nha-rieng-giam-sau-450-trieu-nha-dep-thoi-an-16-3-tang-57m2-duong-oto-tra-3186735.html,Bán nhà riêng: Giảm sâu 450 triệu- nhà đẹp thới an 16-3 tầng-57m2- đường ôtô trá,"Thới An, Thành phố Hồ Chí Minh",4950000000.0,57.0,,TP.HCM (lõi cũ),Nhà ở/Nhà phố,86842105.26315789
https://nhadat.cafeland.vn/ban-nha-rieng-nha-hxh-cong-hoa-5x15m-gia-125-ty-ngay-etown-cong-hoa-3187763.html,"Bán nhà riêng: Nhà HXH Cộng Hòa (5x15m) - Giá 12,5 tỷ - Ngay ETown Cộng Hòa","Tân Bình, Thành phố Hồ Chí Minh",12500000000.0,75.0,,TP.HCM (lõi cũ),Nhà ở/Nhà phố,166666666.66666666
https://nhadat.cafeland.vn/nha-phu-nhuan-hxh-ma-gia-chua-toi-120trm2-3178636.html,Nhà Phú Nhuận hxh mà giá chưa tới 120tr/m2,"Phú Nhuận, Thành phố Hồ Chí Minh",9300000000.0,83.0,,TP.HCM (lõi cũ),Nhà ở/Nhà phố,112048192.77108434
https://nhadat.cafeland.vn/ban-nha-duong-tan-hoa-dongphuong-binh-tri-dongso-hong-rieng-72m2-gia-69-t-2932342.html,"Bán Nhà Đường Tân Hoà Đông,Phường Bình Trị Đông,Sổ Hồng Riêng - 72m2 - Gía 6,9 T","Bình Trị Đông, Thành phố Hồ Chí Minh",6900000000.0,72.0,,TP.HCM (lõi cũ),Nhà ở/Nhà phố,95833333.33333333
https://nhadat.cafeland.vn/p-ban-co-ban-nha-4-tang-hxh-quan-3-36m2-so-vuong-nhu-a4-chi-83-ty-2286582.html,"[P BÀN CỜ] BÁN NHÀ 4 TẦNG HXH, QUẬN 3, 36M², SỔ VUÔNG NHƯ A4, CHỈ 8.3 TỶ","Bàn Cờ, Thành phố Hồ Chí Minh",8300000000.0,36.0,,TP.HCM (lõi cũ),Nhà ở/Nhà phố,230555555.55555555
https://nhadat.cafeland.vn/ban-nha-rieng-nha-2-tang-45x10-tran-xuan-soan-quan-7-chi-379-ty-3184047.html,"Bán nhà riêng: Nhà 2 tầng, 4.5x10, Trần Xuân Soạn, Quận 7, chỉ 3.79 tỷ","Tân Hưng, Thành phố Hồ Chí Minh",3790000000.0,45.0,2.0,TP.HCM (lõi cũ),Nhà ở/Nhà phố,84222222.22222222
https://nhadat.cafeland.vn/ban-nha-rieng-vi-tri-dep-mat-tien-thich-hop-mo-van-phong-spa-showroom-dang-3182255.html,"Bán nhà riêng: Vị trí đẹp, mặt tiền, thích hợp mở văn phòng, spa, showroom, đang","Tân Sơn Nhì, Thành phố Hồ Chí Minh",11700000000.0,76.0,,TP.HCM (lõi cũ),Nhà ở/Nhà phố,153947368.42105263
https://nhadat.cafeland.vn/ban-nha-rieng-ngang-57x12m-cn-77m2-3-tang-btct-le-quang-dinh-p11-binh-tha-3184440.html,"Bán nhà riêng: Ngang 5,7x12m CN 77m2 - 3 Tầng BTCT - Lê Quang Định P.11 Bình Thạ","Bình Lợi Trung, Thành phố Hồ Chí Minh",8000000000.0,77.0,,TP.HCM (lõi cũ),Nhà ở/Nhà phố,103896103.89610389
https://nhadat.cafeland.vn/ban-can-ho-mat-tien-nguyen-van-linh-gia-1-ty-080-trieunhan-nha-o-ngay-1699337.html,"Bán căn hộ mặt tiền Nguyễn Văn Linh giá 1 tỷ 080 triệu,nhận nhà ở ngay","Bình Chánh, Thành phố Hồ Chí Minh",1080000000.0,55.0,2.0,TP.HCM (lõi cũ),Căn hộ/Chung cư,19636363.636363637
https://nhadat.cafeland.vn/ban-dat-tho-cu-dat-dien-tich-7m-x-17m-cach-mat-tien-le-thi-tam-chi-50m-full-t-3186857.html,"Bán đất thổ cư: Đất diện tích 7m x 17m, cách mặt tiền Lê Thị Tám chỉ 50m, full t","Hiệp Phước, Thành phố Hồ Chí Minh",4890000000.0,119.0,,TP.HCM (lõi cũ),Đất nền,41092436.97478992
https://nhadat.cafeland.vn/biet-thu-binh-loi-4-tang-175m2-hem-xe-tai-thong-chi-21-ty-thuong-luong-2464329.html,"Biệt thự Bình Lợi 4 tầng, 175m2, hẻm xe tải thông chỉ 21 Tỷ Thương lượng","Bình Lợi Trung, Thành phố Hồ Chí Minh",21000000000.0,175.0,9.0,TP.HCM (lõi cũ),Biệt thự,120000000.0
https://nhadat.cafeland.vn/nha-4-tang-to-hieu-duong-nhua-12m-72m2-4x18-gan-dam-sen-o-kd-chi-108-ty-2324096.html,"Nhà 4 tầng Tô Hiệu, đường nhựa 12m, 72m2, 4x18, gần Đầm Sen, Ở + KD, Chỉ 10.8 tỷ","Phú Thạnh, Thành phố Hồ Chí Minh",10800000000.0,72.0,,TP.HCM (lõi cũ),Nhà ở/Nhà phố,150000000.0
https://nhadat.cafeland.vn/nha-ban-binh-chanh-2pn-2wc-ngay-destino-centro-3189960.html,NHÀ BÁN BÌNH CHÁNH 2PN 2WC NGAY DESTINO CENTRO,"Bình Chánh, Thành phố Hồ Chí Minh",680000000.0,56.0,2.0,TP.HCM (lõi cũ),Nhà ở/Nhà phố,12142857.142857144
https://nhadat.cafeland.vn/hot-can-ho-3-phong-ngu-bcons-newsky-mat-tien-quoc-lo-13-cach-metro-chi-100m-2933606.html,"HOT! CĂN HỘ 3 PHÒNG NGỦ BCONS NEWSKY – MẶT TIỀN QUỐC LỘ 13, CÁCH METRO CHỈ 100M","Lái Thiêu, Thành phố Hồ Chí Minh",3600000000.0,78.0,3.0,Bình Dương (mới sáp nhập),Căn hộ/Chung cư,46153846.15384615
https://nhadat.cafeland.vn/ban-can-ho-chung-cu-cat-lo-giam-300tr-con-thuong-luong-dt-6277-m2-can-2pn-hd-3184867.html,"Bán căn hộ chung cư: Cắt lỗ giảm 300tr còn thương lượng dt 62,77 m2, căn 2pn, hd","Đông Hòa, Thành phố Hồ Chí Minh",2100000000.0,63.0,2.0,Bình Dương (mới sáp nhập),Căn hộ/Chung cư,33333333.333333332
https://nhadat.cafeland.vn/nha-8x18m-duong-79-phuong-tan-quy-q7-cap-4-thuong-luong-2094633.html,nhà 8x18m đường 79 phường tân quy Q7. cấp 4 Thương lượng,"Tân Hưng, Thành phố Hồ Chí Minh",35800000000.0,144.0,,TP.HCM (lõi cũ),Nhà ở/Nhà phố,248611111.1111111
https://nhadat.cafeland.vn/hang-dau-tu-ngop-bank-mat-tien-746-su-van-hanh-quan-10-ngay-vanhanhmall-3180294.html,"hàng đầu tư ngợp bank - mặt tiền 746 sư vạn hạnh, quận 10 ngay vanhanhmall","Hòa Hưng, Thành phố Hồ Chí Minh",30000000000.0,67.0,,TP.HCM (lõi cũ),Khác,447761194.0298507
https://nhadat.cafeland.vn/chu-muon-ban-nhanh-nha-2-mat-tien-duong-xe-hoi-xe-may-dau-thoai-mai-3178438.html,"Chủ muốn bán nhanh nhà 2 mặt tiền đường, xe hơi xe máy đậu thoải mái","Bảy Hiền, Thành phố Hồ Chí Minh",8200000000.0,82.0,,TP.HCM (lõi cũ),Nhà ở/Nhà phố,100000000.0
https://nhadat.cafeland.vn/ban-dat-kdc-gan-bxq8-full-tho-cu-shr-gia-tot-chi-1ty199-2830244.html,"Bán đất KDC gần BXQ8 , full thổ cư SHR, giá tốt chỉ 1tỷ199","Bình Hưng, Thành phố Hồ Chí Minh",1199000000.0,100.0,,TP.HCM (lõi cũ),Đất nền,11990000.0
https://nhadat.cafeland.vn/ban-nha-duong-so-1binh-hung-hoa-a-hxh-4m-x-17m-x-3-tang-75-ty-tl-2485897.html,"BÁN NHÀ ĐƯỜNG SỐ 1,BÌNH HƯNG HOÀ A HXH (4m x 17m x 3 TẦNG) 7,5 TỶ TL","Bình Hưng Hòa, Thành phố Hồ Chí Minh",7500000000.0,70.0,3.0,TP.HCM (lõi cũ),Nhà ở/Nhà phố,107142857.14285715
https://nhadat.cafeland.vn/ban-nha-rieng-nha-khu-phan-lo-thanh-loc-29-gia-re-56-ty-tl-3186760.html,"Bán nhà riêng: Nhà Khu Phân Lô Thạnh Lộc 29, giá rẻ 5.6 Tỷ Tl","An Phú Đông, Thành phố Hồ Chí Minh",5600000000.0,67.0,,TP.HCM (lõi cũ),Nhà ở/Nhà phố,83582089.5522388
https://nhadat.cafeland.vn/ban-nha-mat-tien-duong-so-6tan-tao-abinh-tan-so-hong-rieng-100m2-2945530.html,"BÁN NHÀ MẶT TIỀN ĐƯỜNG SỐ 6,TÂN TẠO A,BÌNH TÂN - SỔ HỒNG RIÊNG- 100m²","Tân Tạo, Thành phố Hồ Chí Minh",5500000000.0,100.0,,TP.HCM (lõi cũ),Nhà ở/Nhà phố,55000000.0
https://nhadat.cafeland.vn/ban-nha-rieng-ban-nha-mat-tien-cau-ba-phu-83m-1-tret-1-lung-3-lau-gan-cong-vi-3183977.html,"Bán nhà riêng: Bán nhà mặt tiền Cầu Ba Phụ 83m, 1 trệt 1 lửng 3 lầu. Gần công vi","Thới An, Thành phố Hồ Chí Minh",8300000000.0,84.0,5.0,TP.HCM (lõi cũ),Nhà ở/Nhà phố,98809523.8095238
https://nhadat.cafeland.vn/view-cau-ba-son-ch-goc-2pn-60m2-moi-100-shr-o-ngay-bank-70-2474383.html,"View cầu Ba Son - CH góc 2PN (60m2) - mới 100%, SHR , Ở Ngay , Bank 70%","Bình Lợi Trung, Thành phố Hồ Chí Minh",2400000000.0,60.0,2.0,TP.HCM (lõi cũ),Khác,40000000.0
https://nhadat.cafeland.vn/ban-nha-rieng-chi-735-ty-tl-nha-4-tang-btct-duong-dang-mo-rong-25m-tan-thoi-3184408.html,Bán nhà riêng: Chỉ 7.35 tỷ TL - Nhà 4 tầng BTCT đường đang mở rộng 25m Tân Thới,"Tân Thới Hiệp, Thành phố Hồ Chí Minh",7350000000.0,100.0,,TP.HCM (lõi cũ),Nhà ở/Nhà phố,73500000.0
https://nhadat.cafeland.vn/biet-thu-khu-vip-nguyen-huu-dat-111m2-ngang-7m-4-tang-thang-may-6pn-22-ty-2933273.html,"Biệt thự khu VIP Nguyễn Hữu Dật, 111m2, ngang 7m, 4 tầng thang máy, 6PN, 22 tỷ","Tây Thạnh, Thành phố Hồ Chí Minh",22000000000.0,111.0,6.0,TP.HCM (lõi cũ),Biệt thự,198198198.1981982
https://nhadat.cafeland.vn/ban-nha-rieng-nha-dep-tan-chanh-hiep-5-phong-ngu-hem-xe-hoi-gia-chi-429-ty-3185658.html,"Bán nhà riêng: Nhà đẹp Tân Chánh Hiệp 5 phòng ngủ, hẻm xe hơi, giá chỉ 4,29 tỷ","Trung Mỹ Tây, Thành phố Hồ Chí Minh",4290000000.0,72.0,5.0,TP.HCM (lõi cũ),Nhà ở/Nhà phố,59583333.333333336
https://nhadat.cafeland.vn/ban-nha-rieng-quan-1-ban-chdv-cao-cap-vip-mat-tien-xe-hoi-dau-cua-tran-hung-da-3182193.html,Bán nhà riêng: Quận 1: bán CHDV cao cấp vip mặt tiền xe hơi đậu cửa Trần Hưng Đạ,"Bến Thành, Thành phố Hồ Chí Minh",35000000000.0,72.0,,TP.HCM (lõi cũ),Nhà ở/Nhà phố,486111111.1111111
https://nhadat.cafeland.vn/don-dau-can-gio-voi-ma-vn59-15-vinhomes-green-paradise-dien-tich-1575m2-vi-tri-noi-bat-hom-nay-2489257.html,"Đón đầu Cần Giờ với mã VN59-15 Vinhomes Green Paradise diện tích 157,5m2 vị trí nổi bật hôm nay","Cần Giờ, Thành phố Hồ Chí Minh",22375000000.0,157.5,,TP.HCM (lõi cũ),Khác,142063492.06349206
https://nhadat.cafeland.vn/can-ho-green-skyline-mt-ql1k-ban-giao-q42026-gia-tu-2-ty-4-2935444.html,Căn hộ Green Skyline MT QL1K | Bàn giao Q4/2026 | Giá từ 2 tỷ 4,"Dĩ An, Thành phố Hồ Chí Minh",2400000000.0,44.0,,Bình Dương (mới sáp nhập),Căn hộ/Chung cư,54545454.54545455
https://nhadat.cafeland.vn/ban-nha-32-huyen-quang-phuong-tan-dinh-quan-1-hcm-2424969.html,"Bán nhà 32 Huyền Quang, Phường Tân Định, Quận 1, HCM.","Tân Định, Thành phố Hồ Chí Minh",10800000000.0,33.5,2.0,TP.HCM (lõi cũ),Nhà ở/Nhà phố,322388059.70149255
https://nhadat.cafeland.vn/sat-vach-khu-city-land-hxh-tranh-thong-dan-tri-cao-nha-4-tang-ngang-4m-4pn-2289596.html,Sát vách khu City Land - Hxh tránh thông dân trí cao nhà 4 tầng ngang 4m- 4pn,"Gò Vấp, Thành phố Hồ Chí Minh",7680000000.0,33.0,4.0,TP.HCM (lõi cũ),Nhà ở/Nhà phố,232727272.72727272
https://nhadat.cafeland.vn/chdv-6-lau-moi-100-17pn-ngang-6m-108m2-ngay-cho-pham-van-bach-tn-100tr-219-ty-2357999.html,CHDV 6 lầu mới 100% 17PN ngang 6m 108m2 ngay chợ Phạm Văn Bạch TN 100tr 21.9 tỷ,"An Hội Tây, Thành phố Hồ Chí Minh",21900000000.0,108.0,17.0,TP.HCM (lõi cũ),Khác,202777777.7777778
https://nhadat.cafeland.vn/ban-lo-dat-vuon-307m2-ngang-10-san-rao-chi-1ty800-ngay-chan-nui-minh-dam-die-3189004.html,"BÁN LÔ ĐẤT VƯỜN 307M2 NGANG 10 SẲN RÀO CHỈ 1Ty800, NGAY CHÂN NÚI MINH ĐẠM Diệ","Phước Hải, Thành phố Hồ Chí Minh",1800000000.0,306.0,,Bà Rịa - Vũng Tàu (mới sáp nhập),Đất nền,5882352.94117647
https://nhadat.cafeland.vn/nha-pho-xinh-32-x-12m-1-tret-3-lau-nguyen-trong-tuyen-tan-binh-tphcm-2933590.html,Nhà phố xinh 3.2 x 12m 1 trệt 3 lầu Nguyễn Trọng Tuyển Tân Bình TP.HCM,"Tân Sơn Hòa, Thành phố Hồ Chí Minh",7900000000.0,38.0,,TP.HCM (lõi cũ),Nhà ở/Nhà phố,207894736.84210527
https://nhadat.cafeland.vn/nguyen-thi-thap-gia-10-ty-5-4-tang-5pn-4x15m-canh-him-lam-3179256.html,"Nguyễn thị thập Giá 10 tỷ 5, 4 tầng 5pn 4x15m cạnh Him Lam","Tân Hưng, Thành phố Hồ Chí Minh",10500000000.0,60.0,5.0,TP.HCM (lõi cũ),Khác,175000000.0
https://nhadat.cafeland.vn/ban-nha-rieng-mat-hem-nguyen-than-hien-p-18-q4-dien-tich-58m2-ngan-3189222.html,"Bán nhà riêng: -Mặt Hẻm Nguyễn Thần Hiến, P. 18, Q4. - Diện tích: 58m² ( Ngan","Xóm Chiếu, Thành phố Hồ Chí Minh",3775000000.0,58.0,,TP.HCM (lõi cũ),Nhà ở/Nhà phố,65086206.89655172
https://nhadat.cafeland.vn/ban-nha-rieng-ban-gap-nha-mt-duong-20m-kinh-doanh-buon-ban-sam-uat-gan-sieu-thi-3184015.html,Bán nhà riêng: Bán gấp nhà MT đường 20m kinh doanh buôn bán sầm uất gần siêu thị,"Tây Thạnh, Thành phố Hồ Chí Minh",15700000000.0,100.0,,TP.HCM (lõi cũ),Nhà ở/Nhà phố,157000000.0
https://nhadat.cafeland.vn/chi-59ty-so-huu-ngay-nha-pho-vung-tau-108m2-vi-tri-dep-dai-lo-68m-2812161.html,"Chỉ 5,9ty sở hữu ngay Nhà Phố Vũng Tàu, 108m2, vị trí đẹp, đại lộ 68m","Vũng Tàu, Thành phố Hồ Chí Minh",5900000000.0,108.0,,Bà Rịa - Vũng Tàu (mới sáp nhập),Nhà ở/Nhà phố,54629629.62962963
https://nhadat.cafeland.vn/dat-ngay-bxq8-gia-1ty350-so-hong-rieng-cong-chung-ngay-2833667.html,"Đất ngay BXQ8 giá 1tỷ350 , sổ hồng riêng công chứng ngay","Bình Hưng, Thành phố Hồ Chí Minh",1350000000.0,100.0,,TP.HCM (lõi cũ),Đất nền,13500000.0
https://nhadat.cafeland.vn/ban-nha-hxh-ha-huy-giap-4x25m-1-tret-2-lau-san-dau-o-to-mt-song-cuc-mat-2478954.html,"Bán nhà HXH Hà Huy Giáp, 4x25m, 1 trệt 2 lầu, sân đậu ô tô, MT sông cực mát","An Phú Đông, Thành phố Hồ Chí Minh",5880000000.0,100.0,,TP.HCM (lõi cũ),Nhà ở/Nhà phố,58800000.0
https://nhadat.cafeland.vn/nha-hxh-go-dau-gan-aeon-mall-90m2-42x22-4-tang-4pn-ko-lo-gioi-chi-10-ty-2481160.html,"Nhà HXH Gò Dầu gần AEON Mall, 90m2, 4.2x22, 4 tầng 4PN, ko lộ giới, Chỉ 10 tỷ","Phú Thọ Hòa, Thành phố Hồ Chí Minh",10000000000.0,90.0,4.0,TP.HCM (lõi cũ),Nhà ở/Nhà phố,111111111.1111111
https://nhadat.cafeland.vn/ban-can-ho-moonlight-boulevard-2pn-2wc-gia-35-ty-lh-0933-654-662-2811915.html,"Bán căn hộ Moonlight Boulevard 2PN 2WC giá 3,5 tỷ. LH 0933 654 662","An Lạc, Thành phố Hồ Chí Minh",3500000000.0,70.0,2.0,TP.HCM (lõi cũ),Căn hộ/Chung cư,50000000.0
https://nhadat.cafeland.vn/ban-nha-le-van-quoi-phuong-binh-tri-dong-binh-tan-so-hong-rieng-gia-15-ty-2931994.html,"Bán Nhà Lê Văn Quới, Phường Bình Trị Đông, Bình Tân, Sổ Hồng Riêng - Gía 15 Tỷ","Bình Trị Đông, Thành phố Hồ Chí Minh",15000000000.0,80.0,,TP.HCM (lõi cũ),Nhà ở/Nhà phố,187500000.0
https://nhadat.cafeland.vn/nha-go-vap-4-ty-970tr-co-noi-that-sat-sieu-thi-emart-44m2-3pn-2-mat-hem-4m-2933126.html,Nhà Gò Vấp 4 tỷ 970tr có nội thất sát siêu thị Emart - 44m2 -3PN - 2 Mặt hẻm 4M,"An Hội Tây, Thành phố Hồ Chí Minh",4970000000.0,44.0,3.0,TP.HCM (lõi cũ),Nhà ở/Nhà phố,112954545.45454545
https://nhadat.cafeland.vn/ban-nha-so-rieng-ngay-sieu-thi-go-tan-uyen-3189011.html,Bán nhà sổ riêng ngay siêu thị Go tân uyên,"Tân Uyên, Thành phố Hồ Chí Minh",2100000000.0,63.0,3.0,Bình Dương (mới sáp nhập),Nhà ở/Nhà phố,33333333.333333332
https://nhadat.cafeland.vn/mat-tien-truong-chinh-khu-vuc-san-bay-tan-binh-2830536.html,MẶT TIỀN TRƯỜNG CHINH – KHU VỰC SÂN BAY TÂN BÌNH,"Tân Bình, Thành phố Hồ Chí Minh",34000000000.0,82.63,,TP.HCM (lõi cũ),Khác,411472830.69103235
https://nhadat.cafeland.vn/ban-nha-rieng-nha-dep-2-tang-o-ngay-hxh-thong-le-van-khuong-q12-86m2-5173-3186753.html,"Bán nhà riêng: Nhà đẹp 2 tầng ở ngay, hxh thông Lê Văn Khương Q12, 86m2 (5*17,3)","Tân Thới Hiệp, Thành phố Hồ Chí Minh",5490000000.0,86.0,2.0,TP.HCM (lõi cũ),Nhà ở/Nhà phố,63837209.302325584
https://nhadat.cafeland.vn/ban-dat-tho-cu-dat-mt-huynh-van-co-chi-520tr-gia-re-bat-ngo-mua-ngay-keo-lo-3182324.html,"Bán đất thổ cư: Đất MT Huỳnh Văn Cọ chỉ 520TR – Giá rẻ bất ngờ, mua ngay kẻo lỡ","Tân An Hội, Thành phố Hồ Chí Minh",520000000.0,96.0,,TP.HCM (lõi cũ),Đất nền,5416666.666666667
https://nhadat.cafeland.vn/suat-noi-bo-officetel-picity-55m2-gia-all-in-22-ty-chi-tiet-phan-noi-dung-2557919.html,"Suất nội bộ Officetel Picity 55m2 - Giá All in 2,2 tỷ. Chi tiết phần nội dung.","Dĩ An, Thành phố Hồ Chí Minh",2200000000.0,55.0,,Bình Dương (mới sáp nhập),Khác,40000000.0
https://nhadat.cafeland.vn/ban-nha-rieng-khu-93-nguyen-quy-anh-duong-12m-dien-tich-5x17-cap-4-gia-91-t-3182266.html,"Bán nhà riêng: Khu 93 Nguyễn Quý Anh, Đường 12m, diện tích 5x17 cấp 4, giá 9,1 t","Tân Sơn Nhì, Thành phố Hồ Chí Minh",9100000000.0,90.0,,TP.HCM (lõi cũ),Nhà ở/Nhà phố,101111111.1111111
https://nhadat.cafeland.vn/ban-can-ho-chung-cu-chi-43-ty-nhan-nha-lien-ke-cho-ben-thanh-tien-ich-cao-cap-3182191.html,"Bán căn hộ chung cư: Chỉ 4.3 tỷ nhận nhà liền kề chợ Bến Thành, tiện ích cao cấp","Bến Thành, Thành phố Hồ Chí Minh",17000000000.0,68.0,,TP.HCM (lõi cũ),Căn hộ/Chung cư,250000000.0
https://nhadat.cafeland.vn/ban-nha-rieng-ban-nha-moi-vua-hoan-thien-tai-duong-thanh-loc-29-phuong-thanh-l-3186729.html,"Bán nhà riêng: Bán nhà mới vừa hoàn thiện tại đường Thạnh Lộc 29, phường Thạnh L","An Phú Đông, Thành phố Hồ Chí Minh",4080000000.0,48.0,3.0,TP.HCM (lõi cũ),Nhà ở/Nhà phố,85000000.0
https://nhadat.cafeland.vn/chi-thanh-toan-600-nhan-nha-o-pham-van-dong-vao-quy-12027-2557640.html,Chỉ thanh toán 600 nhận nhà ở Phạm Văn Đồng vào quý 1/2027,"Dĩ An, Thành phố Hồ Chí Minh",2700000000.0,60.0,,Bình Dương (mới sáp nhập),Nhà ở/Nhà phố,45000000.0
https://nhadat.cafeland.vn/ban-nha-rieng-20519-thoai-ngoc-hau-4x105-duc-2-lau-san-thuong-3186775.html,"Bán nhà riêng: 205/19 Thoại Ngọc Hầu, 4x10,5 đúc 2 lầu sân thượng","Phú Thọ Hòa, Thành phố Hồ Chí Minh",6600000000.0,40.0,,TP.HCM (lõi cũ),Nhà ở/Nhà phố,165000000.0
https://nhadat.cafeland.vn/ban-nha-rieng-nha-hem-xe-hoi-linh-xuan-thu-duc-53m2-gia-chi-405-ty-3187963.html,"Bán nhà riêng: Nhà hẻm xe hơi Linh Xuân, Thủ Đức, 53m2, giá chỉ 4,05 tỷ","Linh Xuân, Thành phố Hồ Chí Minh",4050000000.0,53.0,,TP.HCM (lõi cũ),Nhà ở/Nhà phố,76415094.33962265
https://nhadat.cafeland.vn/can-ho-doi-dien-aeon-mall-thanh-toan-10-nhan-nha-vao-o-ngay-an-han-ngan-hang-2476426.html,"Căn hộ đối diện AEON Mall, thanh toán 10% nhận nhà vào ở ngay, Ân hạn ngân hàng","Lái Thiêu, Thành phố Hồ Chí Minh",2340000000.0,50.0,,Bình Dương (mới sáp nhập),Căn hộ/Chung cư,46800000.0
https://nhadat.cafeland.vn/ban-nha-mat-tien-tan-hoa-dongtrung-tam-quan-binh-tan-so-hong-rieng-130m2-3147664.html,"BÁN NHÀ MẶT TIỀN TÂN HOÀ ĐÔNG,TRUNG TÂM QUẬN BÌNH TÂN - SỔ HỒNG RIÊNG - 130m²","Bình Trị Đông, Thành phố Hồ Chí Minh",11900000000.0,130.0,,TP.HCM (lõi cũ),Nhà ở/Nhà phố,91538461.53846154
https://nhadat.cafeland.vn/mua-chung-cu-trung-tam-quan-5-chi-16-ty-2pn2wc-so-hong-rieng-so-huu-lau-dai-3179240.html,"Mua chung cư trung tâm Quận 5 chỉ 1,6 tỷ-2PN2WC - Sổ hồng riêng, sở hữu lâu dài","An Đông, Thành phố Hồ Chí Minh",1600000000.0,27.0,2.0,TP.HCM (lõi cũ),Căn hộ/Chung cư,59259259.25925926
https://nhadat.cafeland.vn/nha-dep-go-vap-ngay-cho-thach-da-53m2-3-tang-ket-hop-kinh-doanh-mbkd-2935905.html,"Nhà đẹp Gò Vấp ngay chợ Thạch Đà - 53m2 - 3 tầng - Kết hợp Kinh Doanh, MBKD","An Hội Tây, Thành phố Hồ Chí Minh",6450000000.0,53.0,,TP.HCM (lõi cũ),Nhà ở/Nhà phố,121698113.20754717
https://nhadat.cafeland.vn/chdv-hem-5m-phu-tho-hoa-86m2-ngang-45m-3-tang-8-phongdt-40trthang-95-ty-2906690.html,"CHDV Hẻm 5m Phú Thọ Hòa, 86m2, ngang 4.5m, 3 tầng, 8 phòng,DT 40tr/tháng, 9.5 tỷ","Phú Thọ Hòa, Thành phố Hồ Chí Minh",9500000000.0,86.0,8.0,TP.HCM (lõi cũ),Khác,110465116.27906977
https://nhadat.cafeland.vn/ban-nha-rieng-nha-hem-xe-hoi-den-cua-gan-truong-tieu-hoc-tan-thoi-3183205.html,"Bán nhà riêng: Nhà hẻm xe hơi đến cửa, gần trường Tiểu học Tân Thới","Phú Thọ Hòa, Thành phố Hồ Chí Minh",7200000000.0,90.0,,TP.HCM (lõi cũ),Nhà ở/Nhà phố,80000000.0
https://nhadat.cafeland.vn/ban-nha-rieng-nha-so-hong-rieng-moi-keng-1-tret-1-lau-4x13m-gia-cuc-yeu-3ty1-3183290.html,"Bán nhà riêng: Nhà sổ hồng riêng mới keng, 1 trệt 1 lầu ,4x13m ,giá cực yêu-3ty1","Đông Thạnh, Thành phố Hồ Chí Minh",3160000000.0,52.0,2.0,TP.HCM (lõi cũ),Nhà ở/Nhà phố,60769230.76923077
https://nhadat.cafeland.vn/ban-nha-rieng-nha-2x-ty-thoi-an-32-32-m2-3183154.html,Bán nhà riêng: Nhà 2.x Tỷ _ Thới An 32 _ 32 M2 _,"Thới An, Thành phố Hồ Chí Minh",2600000000.0,32.0,,TP.HCM (lõi cũ),Nhà ở/Nhà phố,81250000.0
https://nhadat.cafeland.vn/ban-toa-can-ho-hem-xe-tai-phuong-linh-dong-thu-duc-2481693.html,"Bán tòa căn hộ hẻm xe tải phường Linh Đông, Thủ Đức","Thủ Đức, Thành phố Hồ Chí Minh",13800000000.0,216.0,20.0,TP.HCM (lõi cũ),Căn hộ/Chung cư,63888888.88888889
https://nhadat.cafeland.vn/ban-nha-can-ho-dich-vu-hem-xe-hoi-phan-tay-ho-phuong-7-quan-phu-nhuan-2483533.html,"Bán nhà căn hộ dịch vụ hẻm xe hơi Phan Tây Hồ, phường 7, quận Phú Nhuận","Đức Nhuận, Thành phố Hồ Chí Minh",23000000000.0,127.3,12.0,TP.HCM (lõi cũ),Căn hộ/Chung cư,180675569.52081698
https://nhadat.cafeland.vn/ban-dat-tho-cu-ban-dat-lo-goc-111m-hem-o-to-gia-chi-38-ty-dat-vinh-loc-sat-b-3184082.html,"Bán đất thổ cư: Bán đất lô góc 111m hẻm ô tô giá chỉ 3,8 tỷ đất Vĩnh Lộc - sát B","Bình Chánh, Thành phố Hồ Chí Minh",3800000000.0,111.0,,TP.HCM (lõi cũ),Đất nền,34234234.234234236
https://nhadat.cafeland.vn/ban-nha-rieng-nha-dep-hem-xe-hoi-chien-luoc-binh-tan-gian-song-ly-tuong-3187812.html,"Bán nhà riêng: Nhà đẹp hẻm xe hơi Chiến Lược, Bình Tân, gian sống lý tưởng","Bình Trị Đông, Thành phố Hồ Chí Minh",3300000000.0,35.0,,TP.HCM (lõi cũ),Nhà ở/Nhà phố,94285714.28571428
https://nhadat.cafeland.vn/ban-nha-tret-3-lau-mat-tien-duong-45-quan-7-gia-dau-tu-2279218.html,Bán nhà trệt 3 lầu mặt tiền đường 45 Quận 7 giá đầu tư,"Tân Hưng, Thành phố Hồ Chí Minh",12500000000.0,52.0,,TP.HCM (lõi cũ),Nhà ở/Nhà phố,240384615.3846154
https://nhadat.cafeland.vn/100m2-full-tho-cu-hem-xe-hoi-10m-so-hong-chinh-chu-thanh-loc-quan-12-2486190.html,"100M2 FULL THỔ CƯ – HẺM XE HƠI 10M – SỔ HỒNG CHÍNH CHỦ – THẠNH LỘC, QUẬN 12","An Phú Đông, Thành phố Hồ Chí Minh",5500000000.0,100.0,,TP.HCM (lõi cũ),Đất nền,55000000.0
https://nhadat.cafeland.vn/ban-can-ho-chung-cu-minh-ban-can-ho-khu-celadon-ruby-vi-tri-khu-do-thi-celad-3188579.html,Bán căn hộ chung cư: Mình bán căn hộ Khu Celadon Ruby Vị trí: Khu đô thị Celad,"Bình Hưng Hòa, Thành phố Hồ Chí Minh",2135000000.0,71.0,,TP.HCM (lõi cũ),Căn hộ/Chung cư,30070422.53521127
https://nhadat.cafeland.vn/sunshine-sky-city-toa-v8-v9-nhan-giu-cho-chiet-khau-1-gia-tu-98-trieum2-2432928.html,"Sunshine Sky City tòa V8, V9 nhận giữ chỗ chiết khấu 1% giá từ 98 triệu/m2","Phú Thuận, Thành phố Hồ Chí Minh",7700000000.0,77.0,,TP.HCM (lõi cũ),Khác,100000000.0
https://nhadat.cafeland.vn/ban-nha-rieng-nha-rieng-1-ben-phu-my-hung-3-tang-ngang-5m-full-noi-that-3186816.html,"Bán nhà riêng: Nhà riêng, 1 Bên Phú Mỹ Hưng, 3 Tầng, Ngang 5m, full Nội Thất","Phú Thuận, Thành phố Hồ Chí Minh",9860000000.0,57.0,4.0,TP.HCM (lõi cũ),Nhà ở/Nhà phố,172982456.14035088
https://nhadat.cafeland.vn/nha-mat-tien-kinh-doanh-120m2-gan-coop-dong-van-cong-pthanh-my-loi-q2-3179381.html,NHÀ MẶT TIỀN KINH DOANH -120M2- GẦN CO.OP ĐỒNG VĂN CỐNG- P.THẠNH MỸ LỢI – Q.2,Thành phố Hồ Chí Minh,7000000000.0,120.0,2.0,TP.HCM (lõi cũ),Nhà ở/Nhà phố,58333333.333333336
https://nhadat.cafeland.vn/ban-nha-rieng-ngop-bank-ban-gap-goc-2mt-ngang-20m-ngay-aeon-tan-phu-3187869.html,Bán nhà riêng: Ngợp bank bán gấp góc 2MT ngang 20m ngay Aeon Tân Phú,"Bình Hưng Hòa, Thành phố Hồ Chí Minh",14500000000.0,250.0,,TP.HCM (lõi cũ),Nhà ở/Nhà phố,58000000.0
https://nhadat.cafeland.vn/ban-can-ho-chung-cu-ban-can-ho-city-garden-3-phong-ngu-2-phong-tam-14-3188566.html,Bán căn hộ chung cư: BÁN CĂN HỘ CITY GARDEN 3 phòng ngủ | 2 phòng tắm | 14,"Thạnh Mỹ Tây, Thành phố Hồ Chí Minh",2755000000.0,145.0,3.0,TP.HCM (lõi cũ),Căn hộ/Chung cư,19000000.0
https://nhadat.cafeland.vn/dat-mat-tien-kinh-doanh-dt750-long-hoa-tphcm-binh-duong-2283019.html,Đất mặt tiền kinh doanh ĐT750 Long Hòa Tp.HCM (Bình Dương),"Long Hòa, Thành phố Hồ Chí Minh",1150000000.0,235.0,,Bình Dương (mới sáp nhập),Đất nền,4893617.021276596
https://nhadat.cafeland.vn/ban-can-ho-chung-cu-can-ho-moi-nhan-nha-o-ngay-lien-ke-bui-vien-cho-ben-thanh-3184898.html,"Bán căn hộ chung cư: Căn hộ mới nhận nhà ở ngay liền kề Bùi Viện, chợ Bến Thành","Bến Thành, Thành phố Hồ Chí Minh",14000000000.0,68.0,,TP.HCM (lõi cũ),Căn hộ/Chung cư,205882352.94117647
https://nhadat.cafeland.vn/ban-nha-5tang-duong-40-hiep-binh-chanh-so-hoan-cong-chi-87-ty-2597142.html,"Bán nhà 5tầng Đường 40 Hiệp Bình Chánh - Sổ hoàn công- chỉ 8,7 tỷ","Hiệp Bình, Thành phố Hồ Chí Minh",8700000000.0,51.0,,TP.HCM (lõi cũ),Nhà ở/Nhà phố,170588235.29411766
https://nhadat.cafeland.vn/bcons-homes-bcons-newsky-bcons-city-life-khu-do-thi-bcons-city-3118765.html,"Bcons Homes , Bcons Newsky , Bcons City Life Khu Đô Thị Bcons City","Bắc Tân Uyên, Thành phố Hồ Chí Minh",2500000000.0,99.0,,Bình Dương (mới sáp nhập),Khác,25252525.25252525
https://nhadat.cafeland.vn/mua-1-tang-tang-1-tang-can-ho-biet-thu-tren-khong-tran-cao-53m-2775608.html,"MUA 1 TẦNG - TẶNG 1 TẦNG | CĂN HỘ ""BIỆT THỰ TRÊN KHÔNG"" TRẦN CAO 5.3M","Thủ Đức, Thành phố Hồ Chí Minh",3200000000.0,60.0,,TP.HCM (lõi cũ),Căn hộ/Chung cư,53333333.333333336
https://nhadat.cafeland.vn/gia-tot-nhat-80m2-2pn-2wc-full-cao-cap-gia-6050-nhan-nha-lh-0906233195-3179265.html,"Gía Tốt Nhất, 80m2, 2PN, 2WC, Full Cao Cấp, Gía 6.050 Nhận Nhà LH : 0906233195","Nhà Bè, Thành phố Hồ Chí Minh",6050000000.0,80.0,2.0,TP.HCM (lõi cũ),Nhà ở/Nhà phố,75625000.0
https://nhadat.cafeland.vn/ban-dat-tho-cu-so-huu-ngay-5-lo-dat-vang-huynh-thi-hai-hai-mat-tien-thoang-dan-3185656.html,"Bán đất thổ cư: Sở hữu ngay 5 lô đất vàng Huỳnh Thị Hai, hai mặt tiền thoáng đãn","Trung Mỹ Tây, Thành phố Hồ Chí Minh",4300000000.0,51.7,,TP.HCM (lõi cũ),Đất nền,83172147.00193423
https://nhadat.cafeland.vn/nha-dep-40m2-nhu-hinh-huong-lo-2-3xti-ke-ma-lole-van-quoigan-benh-vien-shr-3181469.html,"(NHÀ ĐẸP)-40m2 NHƯ HìNH-Hương Lộ 2, 3.xTỉ-kế Mã Lò+Lê Văn Quới,gần Bệnh viện-SHR","Bình Trị Đông, Thành phố Hồ Chí Minh",3700000000.0,40.0,,TP.HCM (lõi cũ),Nhà ở/Nhà phố,92500000.0
https://nhadat.cafeland.vn/tong-4-can-thanh-xuan-25-moi-100-gia-re-2276909.html,TỔNG 4 CĂN THẠNH XUÂN 25 MỚI 100%. GIÁ RẺ.,"Thới An, Thành phố Hồ Chí Minh",7600000000.0,296.0,,TP.HCM (lõi cũ),Khác,25675675.675675675
https://nhadat.cafeland.vn/ban-nha-rieng-nha-dep-gia-re-duong-be-van-cam-p-tan-hung-q7-dt-56m2gia-27-3182320.html,"Bán nhà riêng: Nhà đẹp giá rẻ. Đường Bế Văn Cấm, P Tân Hưng, Q7. DT 56m2/Giá 2.7","Tân Hưng, Thành phố Hồ Chí Minh",2700000000.0,56.0,3.0,TP.HCM (lõi cũ),Nhà ở/Nhà phố,48214285.71428572
https://nhadat.cafeland.vn/can-ho-cao-cap-55m2-ke-duong-pham-van-dong-day-du-tien-ich-cao-cap-htls-10na-2504291.html,"Căn Hộ Cao Cấp 55m2 ,Kế Đường Phạm Văn Đồng, Đầy Đủ Tiện Ích Cao Cấp HTLS 10%/nă","Thủ Đức, Thành phố Hồ Chí Minh",2900000000.0,55.0,,TP.HCM (lõi cũ),Căn hộ/Chung cư,52727272.72727273
https://nhadat.cafeland.vn/chinh-chu-ban-2-lo-kdc-dong-duong-bung-ong-thoan-lo-a-lo-l-pphu-huu-q9-2256135.html,"Chính chủ bán 2 lô KDC Đông Dương - Bưng Ông Thoàn, Lô A, Lô L, P.Phú Hữu, Q9","Long Trường, Thành phố Hồ Chí Minh",8500000000.0,223.0,,TP.HCM (lõi cũ),Khác,38116591.92825112
https://nhadat.cafeland.vn/ban-nha-hem-xe-hoi-duong-nguyen-hien-quan-3-2485849.html,"Bán nhà hẻm xe hơi đường Nguyễn Hiền, Quận 3","Bàn Cờ, Thành phố Hồ Chí Minh",9000000000.0,50.0,,TP.HCM (lõi cũ),Nhà ở/Nhà phố,180000000.0
https://nhadat.cafeland.vn/ban-nha-rieng-nha-dep-khu-dan-cu-cao-cap-hem-nhua-6m-thong-gan-aeon-tan-phu-3183191.html,"Bán nhà riêng: Nhà đẹp khu dân cư cao cấp, hẻm nhựa 6m thông, gần Aeon Tân Phú","Phú Thạnh, Thành phố Hồ Chí Minh",4000000000.0,56.0,,TP.HCM (lõi cũ),Nhà ở/Nhà phố,71428571.42857143
https://nhadat.cafeland.vn/chuyen-nhuong-toa-can-ho-dich-vu-mat-tien-duong-so-15-ptruong-tho-thu-duc-2481101.html,"Chuyển nhượng tòa căn hộ dịch vụ mặt tiền đường số 15, p,Trường Thọ, Thủ Đức","Thủ Đức, Thành phố Hồ Chí Minh",39000000000.0,320.0,36.0,TP.HCM (lõi cũ),Căn hộ/Chung cư,121875000.0
https://nhadat.cafeland.vn/nha-ma-lo-60m2-4ty-so-rieng-trao-taydon-o-vay-bank-80trung-tam-binh-tan-3180499.html,"(NHà Mã Lò) 60m2 4.Tỷ, Sổ Riêng trao tay,Dọn Ở, Vay BANK 80%,trung tâm Bình Tân","Bình Trị Đông, Thành phố Hồ Chí Minh",4100000000.0,60.0,,TP.HCM (lõi cũ),Nhà ở/Nhà phố,68333333.33333333
https://nhadat.cafeland.vn/csj-tower-giai-doan-1-can-1pn-full-noi-that-cao-cap-sat-bien-bai-sau-2289369.html,CSJ TOWER GIAI ĐOẠN 1 – CĂN 1PN FULL NỘI THẤT CAO CẤP | SÁT BIỂN BÃI SAU,"Vũng Tàu, Thành phố Hồ Chí Minh",2990000000.0,62.0,1.0,Bà Rịa - Vũng Tàu (mới sáp nhập),Khác,48225806.451612905
https://nhadat.cafeland.vn/ban-nha-rieng-ban-gap-chi-45-ty-lo-datnha-88m2-ngang-10m-nguyen-van-qua-3182210.html,Bán nhà riêng: Bán gấp chỉ 4.5 tỷ - Lô đất/nhà 88m2 ngang 10m Nguyễn Văn Quá,"Đông Hưng Thuận, Thành phố Hồ Chí Minh",4500000000.0,90.0,,TP.HCM (lõi cũ),Đất nền,50000000.0
https://nhadat.cafeland.vn/ban-nha-rieng-ban-nha-thoai-ngoc-hau-4123-tang-gia-56-ty-xe-tai-thong-tu-tu-3184471.html,"Bán nhà riêng: Bán nhà thoại ngọc hầu 4*12,3 tầng, giá 5,6 ty_xe tải thông tứ tu","Phú Thọ Hòa, Thành phố Hồ Chí Minh",5600000000.0,48.0,4.0,TP.HCM (lõi cũ),Nhà ở/Nhà phố,116666666.66666667
https://nhadat.cafeland.vn/nha-ham-3-lau-dt-8x18m-duong-47-phuong-tan-quy-q7-2283413.html,nhà hầm 3 lầu dt 8x18m đường 47 phường Tân Quy Q7,"Tân Hưng, Thành phố Hồ Chí Minh",35000000000.0,144.0,,TP.HCM (lõi cũ),Nhà ở/Nhà phố,243055555.55555555
https://nhadat.cafeland.vn/ban-nha-mat-tien-khieu-nang-tinhtrung-tam-quan-binh-tan-115m2-so-hong-reng-2286573.html,"Bán Nhà Mặt Tiền Khiếu Năng Tĩnh,Trung Tâm Quận Bình Tân - 115m2 - Sổ Hồng Rêng","An Lạc, Thành phố Hồ Chí Minh",11000000000.0,115.0,,TP.HCM (lõi cũ),Nhà ở/Nhà phố,95652173.91304348
https://nhadat.cafeland.vn/ban-nha-4x18m-khu-an-phu-hung-phuong-tan-phong-q7-2084112.html,bán nhà 4x18m khu an phú hưng phường tân phong Q7,"Tân Hưng, Thành phố Hồ Chí Minh",20700000000.0,72.0,,TP.HCM (lõi cũ),Nhà ở/Nhà phố,287500000.0
https://nhadat.cafeland.vn/ban-villa-mat-tien-duong-khu-an-phu-vista-quan-2-2481897.html,"Bán villa mặt tiền đường khu An Phú Vista, Quận 2","An Khánh, Thành phố Hồ Chí Minh",38000000000.0,122.0,,TP.HCM (lõi cũ),Biệt thự,311475409.8360656
https://nhadat.cafeland.vn/ban-nha-rieng-ban-nha-4-tang-1-pham-van-dong-dt45x19-cn83m2-hxh-ne-co-the-k-3184449.html,Bán nhà riêng: Bán Nhà 4 Tầng 1/ Phạm Văn Đồng DT:4.5x19 CN:83m2 Hxh Né Có thể K,"Bình Lợi Trung, Thành phố Hồ Chí Minh",13500000000.0,83.0,,TP.HCM (lõi cũ),Nhà ở/Nhà phố,162650602.40963855
https://nhadat.cafeland.vn/chung-cu-su-van-hanh-quan-5-doi-dien-benh-vien-30-4-cach-cho-an-dong-100m-2949408.html,chung cư sư vạn hạnh quận 5 đối diện bệnh viện 30-4 cách chợ an đông 100m,"An Đông, Thành phố Hồ Chí Minh",3600000000.0,60.0,2.0,TP.HCM (lõi cũ),Căn hộ/Chung cư,60000000.0
https://nhadat.cafeland.vn/nha-go-vap-3-lau-san-thuong-full-noi-that-cao-cap-gia-559-ty-2482781.html,NHÀ GÒ VẤP - 3 LẦU SÂN THƯỢNG - FULL NỘI THẤT CAO CẤP - GIÁ 5.59 TỶ,"An Hội Tây, Thành phố Hồ Chí Minh",5590000000.0,40.0,,TP.HCM (lõi cũ),Nhà ở/Nhà phố,139750000.0
https://nhadat.cafeland.vn/ban-nha-62m2-4-tang-hem-xe-hoi-lo-lu-truong-thanh-q9-gia-54-ty-3189863.html,"Bán Nhà 62m2, 4 Tầng Hẻm Xe Hơi Lò Lu – Trường Thạnh Q9 – Giá 5,4 Tỷ","Long Phước, Thành phố Hồ Chí Minh",5400000000.0,62.0,,TP.HCM (lõi cũ),Nhà ở/Nhà phố,87096774.19354838
https://nhadat.cafeland.vn/ban-nha-rieng-nha-dep-lam-van-ben-duong-so-17-quan-7-hem-nhua-o-to-do-cua-4x-3184033.html,Bán nhà riêng: Nhà đẹp Lâm Văn Bền đường số 17 Quận 7 | Hẻm nhựa ô tô đỗ cửa- 4x,"Tân Hưng, Thành phố Hồ Chí Minh",4700000000.0,40.0,2.0,TP.HCM (lõi cũ),Nhà ở/Nhà phố,117500000.0
https://nhadat.cafeland.vn/ban-nen-kdc-dai-phu-tran-dai-nghia-so-rieng-xay-dung-tu-do-block-c-dep-gia-re-2284401.html,"Bán nền KDC Đại Phú, Trần Đại Nghĩa, sổ riêng xây dựng tự do, block C đẹp giá rẻ","Bình Chánh, Thành phố Hồ Chí Minh",2920000000.0,80.0,,TP.HCM (lõi cũ),Khác,36500000.0
https://nhadat.cafeland.vn/ban-can-ho-chung-cu-ban-sang-chcc-garden-plaza-1-dt-148m2-3pn-2wc-gia-sang-3188196.html,"Bán căn hộ chung cư: Bán sang CHCC Garden Plaza 1, DT 148m2, 3PN, 2WC, giá sang","Tân Hưng, Thành phố Hồ Chí Minh",14500000000.0,148.0,3.0,TP.HCM (lõi cũ),Căn hộ/Chung cư,97972972.97297297
https://nhadat.cafeland.vn/phuong-vuon-lai-ban-nha-4-tang-full-noi-that-55m2-gia-tot-vao-o-ngay-2286944.html,[PHƯỜNG VƯỜN LÀI] BÁN NHÀ 4 TẦNG – FULL NỘI THẤT – 55M² – GIÁ TỐT VÀO Ở NGAY,"Vườn Lài, Thành phố Hồ Chí Minh",10600000000.0,55.0,,TP.HCM (lõi cũ),Nhà ở/Nhà phố,192727272.72727272
https://nhadat.cafeland.vn/ban-nha-rieng-nha-dep-truong-chinh-hem-xe-hoi-4-tang-4-phong-ngu-chi-48-ty-3182257.html,"Bán nhà riêng: Nhà đẹp Trường Chinh, hẻm xe hơi, 4 tầng, 4 phòng ngủ, chỉ 4,8 tỷ","Tân Sơn Nhì, Thành phố Hồ Chí Minh",4800000000.0,33.0,4.0,TP.HCM (lõi cũ),Nhà ở/Nhà phố,145454545.45454547
https://nhadat.cafeland.vn/ban-nha-rieng-nha-pho-4m-x-22m-4-tang-5pn-5wc-ngay-chan-cau-vuot-quang-trung-3186738.html,Bán nhà riêng: Nhà phố 4m x 22m 4 tầng 5PN 5WC. Ngay Chân Cầu Vượt Quang Trung.,"Trung Mỹ Tây, Thành phố Hồ Chí Minh",5690000000.0,88.0,5.0,TP.HCM (lõi cũ),Nhà ở/Nhà phố,64659090.90909091
https://nhadat.cafeland.vn/ban-nha-huong-lo-2gan-benh-vien-quan-binh-tan-so-hong-rieng-68m2-gia-68-3147690.html,"BÁN NHÀ HƯƠNG LỘ 2,GẦN BỆNH VIỆN QUẬN BÌNH TÂN - SỔ HỒNG RIÊNG - 68m² - GIÁ 6,8","Bình Trị Đông, Thành phố Hồ Chí Minh",6800000000.0,68.0,4.0,TP.HCM (lõi cũ),Nhà ở/Nhà phố,100000000.0
https://nhadat.cafeland.vn/dat-nen-mat-tien-dt-741-so-san-san-ten-ngay-2282907.html,Đất Nền Mặt Tiền ĐT 741. Sổ sẵn san tên ngay,"Phước Hòa, Thành phố Hồ Chí Minh",980000000.0,80.0,,Bình Dương (mới sáp nhập),Đất nền,12250000.0
https://nhadat.cafeland.vn/lo-dat-duong-so-47-thao-dien-quan-2-2485245.html,"Lô đất đường số 47, Thảo Điền, Quận 2","Thủ Đức, Thành phố Hồ Chí Minh",14500000000.0,115.0,,TP.HCM (lõi cũ),Đất nền,126086956.52173913
https://nhadat.cafeland.vn/mat-tien-kinh-doanh-mt52m2-be-the-ngay-cho-tam-binh-thu-duc-dien-tich-225m2-2485260.html,"MẶT TIỀN KINH DOANH MT5,2m2 BỀ THẾ NGAY CHỢ TAM BÌNH, THỦ ĐỨC Diện tích: 225m2","Tam Bình, Thành phố Hồ Chí Minh",32400000000.0,225.0,,TP.HCM (lõi cũ),Khác,144000000.0
https://nhadat.cafeland.vn/gold-coast-vung-tau-dai-do-thi-1300ha-ba-ria-long-dien-2478086.html,GOLD COAST VŨNG TÀU – Đại đô thị 1.300ha - Bà Rịa – Long Điền,Thành phố Hồ Chí Minh,6000000000.0,120.0,,TP.HCM (lõi cũ),Khác,50000000.0
https://nhadat.cafeland.vn/can-ho-cao-cap-2pn2wc-70m2-cach-cach-cho-thu-duc-3km-gia-soc-chi-299-ty-2258304.html,"Căn Hộ Cao Cấp 2PN+2WC 70m2 cách cách chợ Thủ Đức 3km giá sốc chỉ 2,99 tỷ","Linh Xuân, Thành phố Hồ Chí Minh",2999000000.0,70.0,2.0,TP.HCM (lõi cũ),Căn hộ/Chung cư,42842857.14285714
https://nhadat.cafeland.vn/mat-tien-p-tan-son-nhi-tan-phu-8x29-4-tang-gap-ban-giam-soc-gia-re-con-23t-2825923.html,"MẶT TIỀN P. TÂN SƠN NHÌ (TÂN PHÚ) 8X29, 4 TẦNG. GẤP BÁN GIẢM SỐC, GIÁ RẺ CÒN 23T","Tân Sơn Nhì, Thành phố Hồ Chí Minh",23500000000.0,233.0,,TP.HCM (lõi cũ),Khác,100858369.09871244
https://nhadat.cafeland.vn/ban-nha-hem-xe-hoi-nguyen-van-khoi-go-vap-2477031.html,"Bán nhà hẻm xe hơi Nguyễn Văn Khối, Gò Vấp","Gò Vấp, Thành phố Hồ Chí Minh",6750000000.0,43.0,4.0,TP.HCM (lõi cũ),Nhà ở/Nhà phố,156976744.1860465
https://nhadat.cafeland.vn/ban-nha-rieng-ban-biet-thu-khu-do-thi-an-khanh-quan-2-dt8x20m-gia-32-ty-3188547.html,"Bán nhà riêng: Bán Biệt thự khu đô thị An Khánh Quận 2, dt:8x20m giá 32 tỷ","An Khánh, Thành phố Hồ Chí Minh",32000000000.0,166.7,,TP.HCM (lõi cũ),Biệt thự,191961607.67846432
https://nhadat.cafeland.vn/ban-nha-rieng-ban-nha-mt-mai-thi-luu-p-dakao-quan-1-dt7x21m-gia-40-ty-3188214.html,"Bán nhà riêng: Bán nhà MT Mai Thị Lựu P, Đakao Quận 1, dt:7x21m giá 40 tỷ","Sài Gòn, Thành phố Hồ Chí Minh",40000000000.0,146.2,,TP.HCM (lõi cũ),Nhà ở/Nhà phố,273597811.2175103
https://nhadat.cafeland.vn/chung-cu-hqc-plaza-ban-can-ho-2-pn-vao-o-ngayke-ben-cho-dau-moi-binh-dien-1699512.html,"Chung cư HQC PLAZA bán căn hộ 2 PN vào ở ngay,kế bên chợ đầu mối Bình Điền","Bình Chánh, Thành phố Hồ Chí Minh",1100000000.0,55.0,2.0,TP.HCM (lõi cũ),Căn hộ/Chung cư,20000000.0
https://nhadat.cafeland.vn/biet-thu-thoai-ngoc-hau-145m2-8x185-4-tang-thang-may-sang-trong-275-ty-2555898.html,"Biệt thự Thoại Ngọc Hầu, 145m2, 8x18.5, 4 tầng thang máy, Sang trọng, 27.5 tỷ","Phú Thạnh, Thành phố Hồ Chí Minh",27500000000.0,145.0,,TP.HCM (lõi cũ),Biệt thự,189655172.41379312
https://nhadat.cafeland.vn/ban-nha-rieng-yeu-cay-xanh-thi-ve-ben-anh-sieu-pham-duong-ba-cung-ngay-binh-phu-3187893.html,Bán nhà riêng: Yêu cây xanh thì về bên anh siêu phẩm Dương Bá Cung ngay Bình Phú,"An Lạc, Thành phố Hồ Chí Minh",3550000000.0,30.0,2.0,TP.HCM (lõi cũ),Nhà ở/Nhà phố,118333333.33333333
https://nhadat.cafeland.vn/ban-nha-rieng-nha-dep-hem-rong-thong-thoang-4-tang-64m2-4pn-ngang-lon-525m-3184455.html,"Bán nhà riêng: Nhà đẹp hẻm rộng thông thoáng - 4 tầng, 64m2, 4PN ngang lớn 5,25m","Bình Lợi Trung, Thành phố Hồ Chí Minh",9950000000.0,66.0,4.0,TP.HCM (lõi cũ),Nhà ở/Nhà phố,150757575.75757575
https://nhadat.cafeland.vn/ban-gap-nha-c4-so-hong-rieng-2ngan-song-hanh-trung-chanh-hoc-mon-2289551.html,"BÁN GẤP NHÀ C4 SỔ HỒNG RIÊNG ,2/NGẮN SONG HÀNH ,TRUNG CHÁNH, HÓC MÔN","An Hội Tây, Thành phố Hồ Chí Minh",3550000000.0,57.0,2.0,TP.HCM (lõi cũ),Nhà ở/Nhà phố,62280701.75438596
https://nhadat.cafeland.vn/ban-dat-tho-cu-can-ban-lo-dat-55m-x-44m-mat-tien-xe-tai-giap-kenh-tham-luong-3183161.html,"Bán đất thổ cư: Cần bán lô đất 5,5m x 44m. Mặt tiền xe tải giáp kênh Tham Lương","Đông Hưng Thuận, Thành phố Hồ Chí Minh",10990000000.0,242.0,,TP.HCM (lõi cũ),Đất nền,45413223.14049587
https://nhadat.cafeland.vn/ban-nha-rieng-ban-nha-kinh-doanh-chdv-hem-duong-so-39-oto-2-chieu-3189156.html,"Bán nhà riêng: BÁN NHÀ KINH DOANH CHDV HẺM ĐƯỜNG SỐ 39, ÔTÔ 2 CHIỀU","Bình Trưng, Thành phố Hồ Chí Minh",11400000000.0,94.3,,TP.HCM (lõi cũ),Nhà ở/Nhà phố,120890774.12513256
https://nhadat.cafeland.vn/ban-nha-rieng-ban-nha-rieng-tai-duong-nguyen-van-bua-800-trieu-32m2-gia-sieu-3183296.html,"Bán nhà riêng: Bán nhà riêng tại Đường Nguyễn Văn Bứa, 800 triệu, 32m2, giá siêu","Xuân Thới Sơn, Thành phố Hồ Chí Minh",800000000.0,32.0,,TP.HCM (lõi cũ),Nhà ở/Nhà phố,25000000.0
https://nhadat.cafeland.vn/ban-nha-rieng-hxh-sat-mat-tien-truc-pham-van-dong-3182238.html,Bán nhà riêng: HXH - Sát Mặt Tiền Trục Phạm Văn Đồng,"Bình Lợi Trung, Thành phố Hồ Chí Minh",8500000000.0,52.0,,TP.HCM (lõi cũ),Nhà ở/Nhà phố,163461538.46153846
https://nhadat.cafeland.vn/ban-nha-rieng-nha-dep-2-tang-80m2-2pn-master-hem-xe-hoi-6m-no-hau-73m-cach-3183239.html,Bán nhà riêng: Nhà đẹp 2 tầng 80m2 2PN Master hẻm xe hơi 6m - nở hậu 7.3m - cách,"Phú Thuận, Thành phố Hồ Chí Minh",7000000000.0,80.0,2.0,TP.HCM (lõi cũ),Nhà ở/Nhà phố,87500000.0
https://nhadat.cafeland.vn/can-ho-2pn-full-noi-that-chi-tu-22-ty-doi-dien-aeon-mall-thanh-toan-10-2725261.html,"Căn Hộ 2PN Full Nội Thất Chỉ Từ 2,2 Tỷ, Đối Diện Aeon Mall, Thanh Toán 10%","Thuận Giao, Thành phố Hồ Chí Minh",2200000000.0,54.0,2.0,Bình Dương (mới sáp nhập),Căn hộ/Chung cư,40740740.74074074
https://nhadat.cafeland.vn/ban-nha-rieng-nha-dep-nga-tu-bon-xa-hem-xe-hoi-ddinh-nghi-xuan-4-tangst-5-3187845.html,"Bán nhà riêng: Nhà đẹp Ngã tư Bốn Xã| Hẻm xe hơi| Đ.Đình Nghi Xuân| 4 Tầng+ST, 5","Bình Trị Đông, Thành phố Hồ Chí Minh",7200000000.0,47.0,5.0,TP.HCM (lõi cũ),Nhà ở/Nhà phố,153191489.3617021
https://nhadat.cafeland.vn/chon-ngay-ma-vn48-434-vinhomes-green-paradise-can-gio-dien-tich-100m2-cho-dau-tu-dai-han-2489266.html,Chọn ngay mã VN48-434 Vinhomes Green Paradise Cần Giờ diện tích 100m2 cho đầu tư dài hạn,"Cần Giờ, Thành phố Hồ Chí Minh",15355000000.0,100.0,,TP.HCM (lõi cũ),Khác,153550000.0
https://nhadat.cafeland.vn/ban-can-ho-chung-cu-ban-can-ho-2pn-64-hoang-quoc-viet-quan-7-shr-dt-60m2-3184056.html,"Bán căn hộ chung cư: Bán căn hộ 2PN - 64 Hoàng Quốc Việt, Quận 7 - SHR - DT 60m2","Phú Thuận, Thành phố Hồ Chí Minh",3100000000.0,60.0,2.0,TP.HCM (lõi cũ),Căn hộ/Chung cư,51666666.666666664
https://nhadat.cafeland.vn/ban-nha-rieng-ban-nha-mat-tien-do-xuan-hop-tp-thu-duc-ngang-55m-3189167.html,"Bán nhà riêng: BÁN NHÀ MẶT TIỀN ĐỖ XUÂN HỢP, TP. THỦ ĐỨC – NGANG 5.5M","Phước Long, Thành phố Hồ Chí Minh",16000000000.0,115.2,,TP.HCM (lõi cũ),Nhà ở/Nhà phố,138888888.8888889
https://nhadat.cafeland.vn/eaton-park-chu-nha-ban-can-1-phong-ngu-view-dep-dinh-phao-hoa-bitexco-quan-1-2555988.html,Eaton Park - Chủ nhà bán căn 1 phòng ngủ - view đẹp đỉnh pháo hoa Bitexco Quận 1,"An Khánh, Thành phố Hồ Chí Minh",7600000000.0,51.0,1.0,TP.HCM (lõi cũ),Nhà ở/Nhà phố,149019607.84313726
https://nhadat.cafeland.vn/chinh-chu-can-goc-83m2-hoang-kim-the-gia-so-hong-san-full-noi-that-2290189.html,"Chính chủ căn góc 83m2 Hoàng Kim Thế Gia, sổ hồng sẵn, full nội thất","Bình Trị Đông, Thành phố Hồ Chí Minh",3950000000.0,83.0,3.0,TP.HCM (lõi cũ),Khác,47590361.44578313
https://nhadat.cafeland.vn/cc-26-nguyen-thuong-hien-2pn-2-ty-05-51m2-moi-hien-dai-2026-bank-10-nam-2933292.html,"CC 26 Nguyễn Thượng Hiền ,2PN ( 2 Tỷ 05 ) 51m2 ,mới hiện đại 2026 ,Bank 10 năm","Hạnh Thông, Thành phố Hồ Chí Minh",2050000000.0,51.0,2.0,TP.HCM (lõi cũ),Căn hộ/Chung cư,40196078.431372546
https://nhadat.cafeland.vn/ban-nha-rieng-ban-nha-2-tang-hem-xe-hoi-thong-duong-nguyen-van-qua-quan-12-3187734.html,Bán nhà riêng: Bán nhà 2 tầng hẻm xe hơi thông - Đường Nguyễn Văn Quá - Quận 12,"Đông Hưng Thuận, Thành phố Hồ Chí Minh",5200000000.0,84.0,3.0,TP.HCM (lõi cũ),Nhà ở/Nhà phố,61904761.9047619
https://nhadat.cafeland.vn/ban-nha-rieng-ban-nha-rieng-8x15m-duc-1-lau-kieu-villa-tai-xuan-thoi-son-nguy-3182332.html,Bán nhà riêng: Bán nhà riêng 8x15m đúc 1 lầu kiểu villa tại Xuân Thới Sơn - Nguy,"Xuân Thới Sơn, Thành phố Hồ Chí Minh",5500000000.0,120.0,,TP.HCM (lõi cũ),Biệt thự,45833333.333333336
https://nhadat.cafeland.vn/chuyen-nhuong-can-ho-officetel-gia-cuc-tot-tai-lavida-plus-245-ty-37m2o-ngay-2463824.html,"Chuyển nhượng căn hộ Officetel giá cực tốt tại Lavida Plus, 2,45 tỷ, 37m2,ở ngay","Tân Hưng, Thành phố Hồ Chí Minh",2450000000.0,38.0,,TP.HCM (lõi cũ),Căn hộ/Chung cư,64473684.21052632
https://nhadat.cafeland.vn/ban-ch-so-hong-tang-cao-1524-2pn2wc-gia-chi-2ti3-ke-lang-dhqg-hcm-view-hb-2831829.html,"Bán CH sổ hồng tầng cao (15.24), 2PN2WC giá chỉ 2ti3, kế làng ĐHQG HCM , view HB","Đông Hòa, Thành phố Hồ Chí Minh",2394000000.0,61.4,2.0,Bình Dương (mới sáp nhập),Khác,38990228.013029315
https://nhadat.cafeland.vn/nha-nat-mat-tien-diep-minh-chau-96m2-4x24-khong-lo-gioi-khu-vip-chi-13-ty-2325483.html,"Nhà nát mặt tiền Diệp Minh Châu, 96m2, 4x24, không lộ giới, khu VIP, Chỉ 13 tỷ","Tân Sơn Nhì, Thành phố Hồ Chí Minh",13000000000.0,96.0,,TP.HCM (lõi cũ),Nhà ở/Nhà phố,135416666.66666666
https://nhadat.cafeland.vn/ban-nha-le-van-quoibinh-tri-dong-a-62m-x-18m-x-3-tang-115-ty-tl-2323970.html,"BÁN NHÀ LÊ VĂN QUỚI,BÌNH TRỊ ĐÔNG A (6,2m x 18m x 3 TẦNG) 11,5 TỶ TL","Bình Trị Đông, Thành phố Hồ Chí Minh",11500000000.0,114.0,4.0,TP.HCM (lõi cũ),Nhà ở/Nhà phố,100877192.98245615
https://nhadat.cafeland.vn/ban-nha-rieng-ban-nha-goc-2mt-tran-hung-dao-p-nct-quan-1-dt51x15m-gia-40-ty-3188226.html,"Bán nhà riêng: Bán nhà góc 2MT Trần Hưng Đạo P, NCT Quận 1, dt:5.1x15m giá 40 tỷ","Cầu Ông Lãnh, Thành phố Hồ Chí Minh",40000000000.0,70.0,,TP.HCM (lõi cũ),Nhà ở/Nhà phố,571428571.4285715
https://nhadat.cafeland.vn/nha-dep-hem-o-to-cach-cho-binh-chanh-3km-2933232.html,"NHÀ ĐẸP, HẺM Ô TÔ, CÁCH CHỢ BÌNH CHÁNH 3KM","Bình Chánh, Thành phố Hồ Chí Minh",1680000000.0,72.0,2.0,TP.HCM (lõi cũ),Nhà ở/Nhà phố,23333333.333333332
https://nhadat.cafeland.vn/ban-nha-rieng-khu-vip-tan-son-nhi-dien-tich-khung-273m2-be-ngang-lon-9m-3186779.html,Bán nhà riêng: Khu VIP Tân Sơn Nhì - Diện tích khủng 273m2 - Bề ngang lớn 9m,"Tân Sơn Nhì, Thành phố Hồ Chí Minh",29000000000.0,273.0,,TP.HCM (lõi cũ),Nhà ở/Nhà phố,106227106.22710623
https://nhadat.cafeland.vn/nhan-giu-cho-toa-v8-v9-sunshine-sky-city-chiet-khau-1-gia-tu-98-trieum2-2417206.html,"Nhận giữ chỗ tòa V8, V9 sunshine sky city chiết khấu 1%, giá từ 98 triệu/m2","Phú Thuận, Thành phố Hồ Chí Minh",7500000000.0,77.0,,TP.HCM (lõi cũ),Khác,97402597.4025974
https://nhadat.cafeland.vn/can-ho-picity-sky-park-mien-goc-lai-den-2029-chi-15-nhan-nha-q12027-2557569.html,"Căn Hộ Picity Sky Park: Miễn Gốc Lãi Đến 2029, Chỉ 15% Nhận Nhà Q1/2027","Dĩ An, Thành phố Hồ Chí Minh",2550000000.0,56.0,,Bình Dương (mới sáp nhập),Căn hộ/Chung cư,45535714.28571428
https://nhadat.cafeland.vn/man-thien-tang-nhon-phu-a-hem-xe-hoi-64m2-gia-48-ty-2943291.html,"MAN THIỆN TĂNG NHƠN PHÚ A, HẺM XE HƠI, 64M2, GIÁ 4.8 TỶ.","Tăng Nhơn Phú, Thành phố Hồ Chí Minh",4800000000.0,64.0,,TP.HCM (lõi cũ),Khác,75000000.0
https://nhadat.cafeland.vn/ban-dat-tho-cu-dat-ban-1x-truong-thi-hoa-q12-3187742.html,Bán đất thổ cư: đất bán 1x Trương Thị Hoa Q12,"Tân Thới Hiệp, Thành phố Hồ Chí Minh",3800000000.0,200.0,,TP.HCM (lõi cũ),Đất nền,19000000.0
https://nhadat.cafeland.vn/ban-dat-tho-cu-dat-gia-4-ty-dien-tich-52m-x-154m-full-tho-cu-duong-nguyen-3185821.html,"Bán đất thổ cư: Đất giá 4 tỷ, diện tích 5,2m x 15,4m, full thổ cư, đường Nguyễn","Hiệp Phước, Thành phố Hồ Chí Minh",4000000000.0,80.08,,TP.HCM (lõi cũ),Đất nền,49950049.95004995
https://nhadat.cafeland.vn/ban-nha-rieng-ban-nha-mat-tien-kinh-doanh-duong-t6-tay-thanh-thanh-pho-ho-chi-3182254.html,"Bán nhà riêng: Bán nhà mặt tiền kinh doanh đường T6, Tây Thạnh, thành phố Hồ Chí","Tây Thạnh, Thành phố Hồ Chí Minh",10500000000.0,60.0,,TP.HCM (lõi cũ),Nhà ở/Nhà phố,175000000.0
https://nhadat.cafeland.vn/ban-chdv-64-duong-so-51p-tan-quy-quan-7-dt-4x18m6-tang-2481758.html,"Bán CHDV 64 đường số 51,P Tân Quy, Quận 7 dt 4x18m,6 tầng","Tân Hưng, Thành phố Hồ Chí Minh",19500000000.0,70.0,11.0,TP.HCM (lõi cũ),Khác,278571428.5714286
https://nhadat.cafeland.vn/ban-nha-rieng-32-ty-326m2-mtkd-binh-long-dt-722-x-45m-vi-tri-dep-gan-thac-3184014.html,Bán nhà riêng: 32 tỷ - 326m2 MTKD Bình Long. DT: 7.22 x 45m. Vị trí đẹp gần Thạc,"Phú Thạnh, Thành phố Hồ Chí Minh",32000000000.0,326.0,,TP.HCM (lõi cũ),Nhà ở/Nhà phố,98159509.20245399
https://nhadat.cafeland.vn/mat-tien-tien-kinh-doanh-cac-loai-hinh-khu-ket-noi-cac-quan-trung-tam-pl-chuan-2932422.html,Mặt tiền tiện kinh doanh các loại hình. khu kết nối các quận trung tâm. Pl chuẩn,"Nhiêu Lộc, Thành phố Hồ Chí Minh",3900000000.0,25.0,,TP.HCM (lõi cũ),Khác,156000000.0
https://nhadat.cafeland.vn/nha-mat-tien-duong-195b-ke-chung-cu-tay-thanh-93m2-3-tang-full-noi-that-2325874.html,"Nhà mặt tiền đường 19/5B, kế chung cư Tây Thạnh, 93m2, 3 tầng, full nội thất","Tây Thạnh, Thành phố Hồ Chí Minh",13500000000.0,93.0,,TP.HCM (lõi cũ),Căn hộ/Chung cư,145161290.32258064
https://nhadat.cafeland.vn/ban-nha-hem-291-vo-van-tan-trung-tam-quan-3-2475250.html,bán nhà hẽm 291 Võ Văn Tần . trung tâm Quận 3,"Bàn Cờ, Thành phố Hồ Chí Minh",6000000000.0,80.0,,TP.HCM (lõi cũ),Nhà ở/Nhà phố,75000000.0
https://nhadat.cafeland.vn/ban-can-ho-chung-cu-can-ho-2pn-1wc-gia-tot-tai-lusso-saigon-56m2-binh-hoa-2-3184390.html,"Bán căn hộ chung cư: Căn hộ 2PN 1WC giá tốt tại Lusso Saigon, 56m2, Bình Hòa, 2,","Bình Hòa, Thành phố Hồ Chí Minh",2800000000.0,56.0,2.0,Bình Dương (mới sáp nhập),Căn hộ/Chung cư,50000000.0
https://nhadat.cafeland.vn/nha-rong-58m2-3-tang-no-hau-4m-pho-am-thuc-sam-uat-cho-ban-co-2833212.html,NHÀ RỘNG 58M2 – 3 TẦNG NỞ HẬU 4M - PHỐ ẨM THỰC SẦM UẤT - CHỢ BÀN CỜ!,"Bàn Cờ, Thành phố Hồ Chí Minh",7000000000.0,58.0,,TP.HCM (lõi cũ),Nhà ở/Nhà phố,120689655.1724138
https://nhadat.cafeland.vn/chuyen-nhuong-nha-hem-xe-hoi-duong-nguyen-cong-hoan-phuong-7-quan-phu-nhuan-2480832.html,"Chuyển nhượng nhà hẻm xe hơi đường Nguyễn Công Hoan, phường 7, quận Phú Nhuận","Đức Nhuận, Thành phố Hồ Chí Minh",9900000000.0,61.9,,TP.HCM (lõi cũ),Nhà ở/Nhà phố,159935379.64458805
https://nhadat.cafeland.vn/ban-nha-rieng-ban-nha-mt-duong-so-4-kdc-vinh-loc-dt-6x15-gia-re-chi-785-ty-3189595.html,Bán nhà riêng: Bán nhà MT Đường Số 4 KDC Vĩnh Lộc- DT 6x15- giá rẻ chỉ 7.85 TỶ,"Bình Tân, Thành phố Hồ Chí Minh",7850000000.0,90.0,,TP.HCM (lõi cũ),Nhà ở/Nhà phố,87222222.22222222
https://nhadat.cafeland.vn/ban-nha-hem-231-binh-tien-chu-l-41m2-cuc-hiem-da-ha-gia-tu-4ty7-con-4ty5-2489107.html,"Bán nhà hẻm 231 Bình Tiên, chữ L 41m2 cực hiếm. Đã hạ giá từ 4ty7 còn 4ty5.","Bình Tiên, Thành phố Hồ Chí Minh",4500000000.0,41.0,3.0,TP.HCM (lõi cũ),Nhà ở/Nhà phố,109756097.56097561
https://nhadat.cafeland.vn/ban-nha-pho-du-an-chi-2ty299-so-huu-nha-pho-shophouse-cach-tttm-lon-nhat-dna-c-3187593.html,"Bán nhà phố dự án: Chỉ 2tỷ299 sở hữu Nhà Phố, Shophouse cách TTTM lớn nhất ĐNA c","Thủ Dầu Một, Thành phố Hồ Chí Minh",7100000000.0,120.0,,Bình Dương (mới sáp nhập),Nhà ở/Nhà phố,59166666.666666664
https://nhadat.cafeland.vn/ban-can-ho-khang-gia-go-vap-74m-2pn2wc-chua-ra-so-gia-ban-22-ty-3180269.html,"bán căn hộ khang gia gò vấp 74m, 2PN,2WC, chưa ra sổ , giá bán : 2,2 tỷ","An Hội Tây, Thành phố Hồ Chí Minh",2200000000.0,76.0,2.0,TP.HCM (lõi cũ),Căn hộ/Chung cư,28947368.42105263
https://nhadat.cafeland.vn/ban-nha-rieng-nha-nguyen-anh-thu-gan-truong-giao-thong-van-tai-54x18m-2-tang-3183985.html,"Bán nhà riêng: Nhà Nguyễn Ảnh Thủ gần Trường Giao thông vận tải, 5.4x18m, 2 tầng","Trung Mỹ Tây, Thành phố Hồ Chí Minh",5390000000.0,98.0,,TP.HCM (lõi cũ),Nhà ở/Nhà phố,55000000.0
https://nhadat.cafeland.vn/ban-dat-tho-cu-dat-tho-cu-hem-874-nguyen-van-tao-hiep-phuoc-3184518.html,"Bán đất thổ cư: Đất thổ cư hẻm 874 Nguyễn Văn Tạo, Hiệp Phước","Hiệp Phước, Thành phố Hồ Chí Minh",3000000000.0,100.0,,TP.HCM (lõi cũ),Đất nền,30000000.0
https://nhadat.cafeland.vn/mtkd-luong-truc-dam-giap-luy-ban-bich-80m2-ngang-42m-kd-o-tot-137-ty-tl-2812148.html,"MTKD Lương Trúc Đàm, giáp Lũy Bán Bích, 80m2, ngang 4.2m, KD + ở tốt, 13.7 tỷ TL","Tân Phú, Thành phố Hồ Chí Minh",13700000000.0,80.0,,TP.HCM (lõi cũ),Khác,171250000.0
https://nhadat.cafeland.vn/ban-officetel-lavida-37m2-nha-htcb-gia-chi-245-ty-bao-het-nhan-nha-ngaylh-2453234.html,"Bán officetel lavida + 37m2 nhà htcb giá chỉ 2,45 tỷ bao hết, nhận nhà ngay,lh","Tân Hưng, Thành phố Hồ Chí Minh",2450000000.0,38.0,,TP.HCM (lõi cũ),Nhà ở/Nhà phố,64473684.21052632
https://nhadat.cafeland.vn/ban-nha-rieng-khong-co-can-thu-2-so-sanh-60m2-45mx15m-chi-68-ty-tai-le-thu-3186788.html,"Bán nhà riêng: Không có căn thứ 2 so sánh 60m2 (4.5mx15m), chỉ 6,8 tỷ tại Lê Thú","Phú Thọ Hòa, Thành phố Hồ Chí Minh",6800000000.0,60.0,,TP.HCM (lõi cũ),Nhà ở/Nhà phố,113333333.33333333
https://nhadat.cafeland.vn/ban-nha-truong-phuoc-phanbinh-tan-hem-8m-so-hong-rieng-80m2-4-tang-3181385.html,"BÁN NHÀ TRƯƠNG PHƯỚC PHAN,BÌNH TÂN - HẺM 8M - SỔ HỒNG RIÊNG - 80m2 - 4 TẦNG","Bình Trị Đông, Thành phố Hồ Chí Minh",8000000000.0,80.0,,TP.HCM (lõi cũ),Nhà ở/Nhà phố,100000000.0
https://nhadat.cafeland.vn/hot-mo-ban-sot-lai-can-1pn-beacon-blanca-gia-cuc-tot-2555931.html,HOT! Mở Bán Sót Lại Căn 1PN+ Beacon Blanca Giá Cực Tốt,"Vũng Tàu, Thành phố Hồ Chí Minh",3900000000.0,59.7,1.0,Bà Rịa - Vũng Tàu (mới sáp nhập),Khác,65326633.165829144
https://nhadat.cafeland.vn/5x31m-shr-duong-nhua-oto-gan-bv-xuyen-a-kcn-tan-phu-trung-2829935.html,5x31m SHR - Đường nhựa ôtô - Gần BV Xuyên Á - KCN Tân Phú Trung,"Củ Chi, Thành phố Hồ Chí Minh",2000000000.0,154.0,,TP.HCM (lõi cũ),Khác,12987012.987012986
https://nhadat.cafeland.vn/ban-nha-rieng-nha-hem-ba-dinh-phuong-8-quan-8-3188262.html,Bán nhà riêng: nhà hẻm ba đình phường 8 quận 8,"Chánh Hưng, Thành phố Hồ Chí Minh",2800000000.0,15.36,2.0,TP.HCM (lõi cũ),Nhà ở/Nhà phố,182291666.6666667
https://nhadat.cafeland.vn/ban-nha-rieng-286-ty-nha-pho-kdc-thu-dau-mot-so-hoan-cong-hem-xe-hoi-7m-3184877.html,"Bán nhà riêng: 2,86 tỷ Nhà phố KDC Thủ Dầu Một - Sổ hoàn công, hẻm xe hơi 7m","Chánh Hiệp, Thành phố Hồ Chí Minh",2860000000.0,120.0,3.0,Bình Dương (mới sáp nhập),Nhà ở/Nhà phố,23833333.333333332
https://nhadat.cafeland.vn/ban-dat-toc-tien-chau-pha-phu-my-5x30m-150m2-83m2-tc-3179094.html,"Bán đất Tóc Tiên, Châu Pha, Phú Mỹ 5x30m 150m2 - 83m2-tc","Bà Rịa, Thành phố Hồ Chí Minh",300000000.0,150.0,,Bà Rịa - Vũng Tàu (mới sáp nhập),Đất nền,2000000.0
https://nhadat.cafeland.vn/ban-nha-rieng-nha-quan-1-cuc-chay-hem-5m-3-tang-chi-725-ty-3183950.html,"Bán nhà riêng: Nhà Quận 1 cực cháy, hẻm 5m, 3 tầng, chỉ 7,25 tỷ","Bến Thành, Thành phố Hồ Chí Minh",7250000000.0,31.0,,TP.HCM (lõi cũ),Nhà ở/Nhà phố,233870967.7419355
https://nhadat.cafeland.vn/3pn-2wc-huong-dong-mat-ca-ngay-ch-57m2-so-bao-vat-gop-0-trong-2-nammoi-100-3176143.html,"3PN ,2WC Hướng Đông mát cả ngày ,CH 57m2 sổ bao Vat ,góp 0% trong 2 năm,mới 100%","Hạnh Thông, Thành phố Hồ Chí Minh",2350000000.0,57.0,3.0,TP.HCM (lõi cũ),Khác,41228070.1754386
https://nhadat.cafeland.vn/ban-dat-tho-cu-dat-615-x-1520m-vi-tri-dep-hem-oto-tranh-cach-mat-tien-duong-3184076.html,"Bán đất thổ cư: Đất 6,15 x 15,20m Vị trí đẹp, hẻm ôtô tránh. Cách Mặt tiền đường","Bà Điểm, Thành phố Hồ Chí Minh",2750000000.0,82.0,,TP.HCM (lõi cũ),Đất nền,33536585.36585366
https://nhadat.cafeland.vn/ban-nha-rieng-ban-nha-duong-bui-tu-toan-hem-110m-thong-gan-aeon-ten-lua-3187818.html,Bán nhà riêng: Bán nhà - Đường Bùi Tư Toàn - Hẻm 1/10m thông - Gần AEON Tên Lửa,"An Lạc, Thành phố Hồ Chí Minh",10500000000.0,124.0,,TP.HCM (lõi cũ),Nhà ở/Nhà phố,84677419.35483871
https://nhadat.cafeland.vn/dat-hem-o-to-thong-binh-my-cu-chi-85x25m-990tr-3070878.html,"Đất hẻm ô tô thông, Bình Mỹ, Củ Chi. 8,5x25m, 990tr.","Bình Mỹ, Thành phố Hồ Chí Minh",990000000.0,215.0,,TP.HCM (lõi cũ),Đất nền,4604651.162790698
https://nhadat.cafeland.vn/ban-lo-dat-7x20m-wiew-song-cong-vien-khu-an-phu-hung-quan-7-2235492.html,Bán lô đất 7x20m wiew sông công viên khu an phú hưng Quận 7,"Tân Hưng, Thành phố Hồ Chí Minh",30000000000.0,140.0,,TP.HCM (lõi cũ),Đất nền,214285714.2857143
https://nhadat.cafeland.vn/ban-nha-mat-tien-661-phan-van-tri-p7-dt-54x24m-2-tang-gia-29-ty-3155511.html,"Bán nhà mặt tiền 661 Phan Văn Trị P7, DT 5,4x24m, 2 tầng. Giá 29 tỷ","Hạnh Thông, Thành phố Hồ Chí Minh",29000000000.0,112.0,,TP.HCM (lõi cũ),Nhà ở/Nhà phố,258928571.42857143
https://nhadat.cafeland.vn/biet-thu-vi-tri-dep-6-x-20m-1-tret-2-lau-vo-thi-sau-q3-tp-sai-gon-3142553.html,Biệt thự vị trí đẹp 6 x 20m 1 trệt 2 lầu Võ Thị Sáu Q3 TP. Sài Gòn,"Xuân Hòa, Thành phố Hồ Chí Minh",30500000000.0,120.0,,TP.HCM (lõi cũ),Biệt thự,254166666.66666666
https://nhadat.cafeland.vn/dat-nen-phuong-16-quan-8-khu-4-mat-tien-truong-dinh-hoi-3178979.html,ĐẤT NỀN PHƯỜNG 16 QUẬN 8 – KHU 4 MẶT TIỀN TRƯƠNG ĐÌNH HỘI,"Phú Định, Thành phố Hồ Chí Minh",4500000000.0,50.0,,TP.HCM (lõi cũ),Đất nền,90000000.0
https://nhadat.cafeland.vn/ban-lo-duong-20m-dt-10x185m-gia-92-trm2-tai-kdc-hung-phu-2-p-phuoc-long-b-2233888.html,"Bán lô đường 20m dt 10x18,5m giá 92 tr/m2 tại KDC Hưng Phú 2 P Phước Long B","Phước Long, Thành phố Hồ Chí Minh",17000000000.0,185.0,2.0,TP.HCM (lõi cũ),Khác,91891891.8918919
https://nhadat.cafeland.vn/ban-nha-rieng-nha-moi-5-tang-le-dinh-can-4x13m-4pn-full-noi-that-hxt-3187852.html,Bán nhà riêng: Nhà mới 5 tầng - Lê Đình Cẩn (4x13m) - 4PN - Full nội thất - HXT,"Bình Trị Đông, Thành phố Hồ Chí Minh",7200000000.0,50.0,4.0,TP.HCM (lõi cũ),Nhà ở/Nhà phố,144000000.0
https://nhadat.cafeland.vn/ban-nha-duong-so-2binh-hung-hoa-a-100m2-4m-x-25m-x-4-tang-81-ty-tl-2326180.html,"BÁN NHÀ ĐƯỜNG SỐ 2,BÌNH HƯNG HOÀ A (100m2 - 4m x 25m x 4 TẦNG) 8,1 TỶ TL","Bình Trị Đông, Thành phố Hồ Chí Minh",8100000000.0,100.0,,TP.HCM (lõi cũ),Nhà ở/Nhà phố,81000000.0
https://nhadat.cafeland.vn/ban-nha-moi-100-68m2-ngang-62m-gia-78-ty-full-noi-that-tai-duong-khanh-hoi-2269529.html,"Bán nhà mới 100%, 68m²-ngang 6.2m giá 7.8 tỷ full nội thất tại Đường Khánh Hội","Khánh Hội, Thành phố Hồ Chí Minh",7800000000.0,68.0,,TP.HCM (lõi cũ),Nhà ở/Nhà phố,114705882.35294117
https://nhadat.cafeland.vn/ban-dat-mat-tien-duong-nhua-co-san-vuon-buoi-tai-tru-van-tho-bau-bang-binh-duong-2288554.html,Bán đất mặt tiền đường nhựa có sẵn vườn bưởi tại Trừ Văn Thố Bàu Bàng Bình Dương,"Trừ Văn Thố, Thành phố Hồ Chí Minh",950000000.0,250.0,,Bình Dương (mới sáp nhập),Đất nền,3800000.0
https://nhadat.cafeland.vn/gia-tot-60trm2-ban-dat-hxh-duong-tinh-lo-10-khu-ten-lua-4x22m-52-ty-gan-aeon-3142562.html,"Giá Tốt 60tr/m2 Bán Đất HXH Đường Tỉnh Lộ 10 Khu Tên Lửa 4x22m 5,2 Tỷ Gần Aeon","Bình Trị Đông, Thành phố Hồ Chí Minh",5200000000.0,87.0,,TP.HCM (lõi cũ),Đất nền,59770114.94252873
https://nhadat.cafeland.vn/nha-goc-2-mat-tien-6x18m-3-lau-st-phuong-tan-phong-quan-7-tay-tu-trach-2190687.html,nhà góc 2 mặt tiền 6x18m 3 lầu st phường tân phong quận 7. tây tứ trạch,"Tân Hưng, Thành phố Hồ Chí Minh",25000000000.0,114.0,3.0,TP.HCM (lõi cũ),Nhà ở/Nhà phố,219298245.6140351
https://nhadat.cafeland.vn/gia-tot-nha-khu-dong-bo-d-tan-ky-tan-quy-gan-aeon-53m2-x5-tang-67-ty-shr-3133316.html,"Giá Tốt Nhà Khu Đồng Bộ Đ. Tân Kỳ Tân Quý Gần Aeon 53m2 x5 Tầng 6,7 Tỷ SHR","Bình Hưng Hòa, Thành phố Hồ Chí Minh",6700000000.0,53.0,,TP.HCM (lõi cũ),Nhà ở/Nhà phố,126415094.33962265
https://nhadat.cafeland.vn/ban-nha-duong-go-xoaibinh-hung-hoa-a-5m-x-18m-x-4-tang-87-ty-tl-2486226.html,"BÁN NHÀ ĐƯỜNG GÒ XOÀI,BÌNH HƯNG HOÀ A (5m x 18m x 4 TẦNG) 8,7 TỶ TL","Bình Trị Đông, Thành phố Hồ Chí Minh",8700000000.0,91.0,3.0,TP.HCM (lõi cũ),Nhà ở/Nhà phố,95604395.6043956
https://nhadat.cafeland.vn/nha-5-tang59x18m-mt-kinh-doanh-duong-15-gan-cho-tan-quy-q7-2238063.html,"Nhà 5 tầng(5.9x18m) MT Kinh Doanh đường 15 gần Chợ Tân Quy, Q7","Tân Hưng, Thành phố Hồ Chí Minh",32500000000.0,103.0,,TP.HCM (lõi cũ),Nhà ở/Nhà phố,315533980.5825243
https://nhadat.cafeland.vn/ban-biet-thu-tu-van-villa-ixora-the-grand-ho-tram-can-2pn-23ty-tu-cdt-thanh-t-3187673.html,"Bán biệt thự: Tư vấn villa IXORA The Grand Hồ Tràm, căn 2PN 23tỷ từ CĐT, thanh t","Hồ Tràm, Thành phố Hồ Chí Minh",23900000000.0,275.0,2.0,Bà Rịa - Vũng Tàu (mới sáp nhập),Biệt thự,86909090.9090909
https://nhadat.cafeland.vn/can-tien-ban-can-ho-quan-3-full-noi-that-cao-cap-vao-o-ngay-gia-cuc-tot-2453417.html,"Cần tiền bán căn hộ Quận 3, Full nội thất cao cấp vào ở ngay, giá cực tốt","Bàn Cờ, Thành phố Hồ Chí Minh",2400000000.0,26.0,,TP.HCM (lõi cũ),Căn hộ/Chung cư,92307692.3076923
https://nhadat.cafeland.vn/ban-nha-mat-tien-lam-van-ben-quan-7-ngan-5m-dai-24m-gan-nguyen-thi-thap-2279214.html,Bán nhà mặt tiền Lâm Văn Bền Quận 7 ngan 5m dài 24m gần nguyễn thị thập,"Tân Hưng, Thành phố Hồ Chí Minh",26000000000.0,100.0,,TP.HCM (lõi cũ),Nhà ở/Nhà phố,260000000.0
https://nhadat.cafeland.vn/nha-134-duong-1-cho-tan-my-phuong-tan-phu-q7-dt-5x23m-2286196.html,nhà 134 đường 1 chợ Tân Mỹ Phường Tân Phú Q7. DT 5x23m,"Tân Mỹ, Thành phố Hồ Chí Minh",21500000000.0,111.0,,TP.HCM (lõi cũ),Nhà ở/Nhà phố,193693693.6936937
https://nhadat.cafeland.vn/ban-biet-thu-biet-thu-lo-goc-kdc-hai-thanh-4-tang-72x193m-4pn-sat-con-3187880.html,Bán biệt thự: Biệt thự lô góc - KDC Hai Thành - 4 tầng (7.2x19.3m) 4PN - Sát côn,"Bình Tân, Thành phố Hồ Chí Minh",12300000000.0,129.0,4.0,TP.HCM (lõi cũ),Biệt thự,95348837.20930232
https://nhadat.cafeland.vn/ban-re-nha-pho-tien-kinh-doanh-1-tret-3-lau-nguyen-dinh-chieu-q3-tphcm-2284788.html,Bán rẻ nhà phố tiện kinh doanh 1 trệt 3 lầu Nguyễn Đình Chiểu Q3 TP.HCM,"Bàn Cờ, Thành phố Hồ Chí Minh",13000000000.0,24.0,,TP.HCM (lõi cũ),Nhà ở/Nhà phố,541666666.6666666
https://nhadat.cafeland.vn/ban-nha-moi-keng-mat-tien-tan-xuan-hoc-mon-so-hong-rieng-gia-535-ty-2485915.html,"BÁN NHÀ MỚI KENG MẶT TIỀN TÂN XUÂN, HÓC MÔN ,SỔ HỒNG RIÊNG GIÁ 5,35 TỶ","An Lạc, Thành phố Hồ Chí Minh",5350000000.0,100.0,3.0,TP.HCM (lõi cũ),Nhà ở/Nhà phố,53500000.0
https://nhadat.cafeland.vn/ban-nha-rieng-hem-xe-hoi-thong-105m2-le-duc-tho-p16-go-vap-3188413.html,"Bán nhà riêng: Hẻm xe hơi thông 105M2 Lê Đức Thọ, P16 Gò Vấp","An Hội Đông, Thành phố Hồ Chí Minh",9990000000.0,105.0,,TP.HCM (lõi cũ),Nhà ở/Nhà phố,95142857.14285715
https://nhadat.cafeland.vn/ch-phong-thuy-tot-58m2-2-ty-4-so-san-bao-vat-don-o-luon-gop-bank-5-nam-2833703.html,"CH Phong Thuỷ tốt 58m2 - 2 tỷ 4 , sổ sẵn bao Vat , dọn ở luôn , Góp bank 5 năm","Tân Sơn Hòa, Thành phố Hồ Chí Minh",2400000000.0,58.0,2.0,TP.HCM (lõi cũ),Khác,41379310.344827585
https://nhadat.cafeland.vn/ban-gap-dat-gan-bxq8-duong-ta-quang-buu-di-vao-gia-1ty350-so-san-2831764.html,"Bán gấp Đất gần BXQ8 đường Tạ Quang Bửu đi vào, giá 1tỷ350, sổ sẵn","Bình Hưng, Thành phố Hồ Chí Minh",1350000000.0,100.0,,TP.HCM (lõi cũ),Đất nền,13500000.0
https://nhadat.cafeland.vn/ban-nha-rieng-chay-no-can-ban-gap-nha-duong-to-ky-quan-12-gia-155-ty-so-hong-3183988.html,"Bán nhà riêng: Chạy nợ cần bán gấp nhà đường Tô Ký, quận 12, giá 1,55 tỷ-sổ hồng","An Phú Đông, Thành phố Hồ Chí Minh",1550000000.0,68.0,3.0,TP.HCM (lõi cũ),Nhà ở/Nhà phố,22794117.647058822
https://nhadat.cafeland.vn/chuyen-nhuong-lo-dat-2-mat-tien-truoc-sau-duong-so-9-phuong-binh-an-quan-2-2478470.html,"Chuyển nhượng lô đất 2 mặt tiền trước sau đường số 9, phường Bình An, quận 2","An Khánh, Thành phố Hồ Chí Minh",18000000000.0,84.0,,TP.HCM (lõi cũ),Đất nền,214285714.2857143
https://nhadat.cafeland.vn/ban-dat-tho-cu-dat-190m2-sat-mat-tien-truong-chinh-gia-115-ty-3183145.html,"Bán đất thổ cư: Đất 190m2 sát mặt tiền Trường Chinh, giá 11.5 tỷ","Đông Hưng Thuận, Thành phố Hồ Chí Minh",11500000000.0,190.0,,TP.HCM (lõi cũ),Đất nền,60526315.78947368
https://nhadat.cafeland.vn/ban-can-2pn1wc-63m2-265ty-the-emerald-golf-view-doi-dien-kcn-vsip1-so-san-2489729.html,"Bán căn 2PN1WC, 63m2, 2,65tỷ The Emerald Golf View đối diện KCN Vsip1, sổ sẵn.","Lái Thiêu, Thành phố Hồ Chí Minh",2650000000.0,63.0,2.0,Bình Dương (mới sáp nhập),Khác,42063492.06349207
https://nhadat.cafeland.vn/ban-nha-rieng-day-tro-chinh-chu-gui-can-ban-gap-thuoc-phuong-dong-hung-thuan-q1-3182221.html,Bán nhà riêng: Dãy trọ chính chủ gửi cần bán gấp thuộc phường Đông Hưng Thuận Q1,"Đông Hưng Thuận, Thành phố Hồ Chí Minh",5300000000.0,100.0,,TP.HCM (lõi cũ),Nhà ở/Nhà phố,53000000.0
https://nhadat.cafeland.vn/ban-nha-rieng-ban-nha-hem-xe-hoi-kdc-kieu-dam-dt-45-x-115-nha-2-lau-4pn-3-3186812.html,"Bán nhà riêng: Bán nhà hẻm xe hơi KDC Kiều Đàm, dt 4,5 x 11,5, nhà 2 lầu, 4PN, 3","Tân Hưng, Thành phố Hồ Chí Minh",9700000000.0,51.0,4.0,TP.HCM (lõi cũ),Nhà ở/Nhà phố,190196078.43137255
https://nhadat.cafeland.vn/can-ho-the-emerald-mang-phong-cach-ngoc-luc-bao-2272135.html,Căn Hộ The Emerald - Mang Phong Cách Ngọc Lục Bảo,"Bình Hòa, Thành phố Hồ Chí Minh",3650000000.0,73.0,,Bình Dương (mới sáp nhập),Căn hộ/Chung cư,50000000.0
https://nhadat.cafeland.vn/nha-hxh-thong-duong-binh-tri-dong-62m2-4x16-3pn-chi-57-ty-tl-2325077.html,"Nhà HXH thông đường Bình Trị Đông, 62m2, 4x16, 3PN, Chỉ 5.7 tỷ TL","Bình Trị Đông, Thành phố Hồ Chí Minh",5700000000.0,62.0,3.0,TP.HCM (lõi cũ),Nhà ở/Nhà phố,91935483.87096775
https://nhadat.cafeland.vn/nha-dep-6l-lo-goc-ngang-44m-75m2-hxh-1-truc-pham-van-chieu-tang-tmay-145-ty-2556613.html,Nhà đẹp 6L lô góc ngang 4.4m 75m2 HXH 1 trục Phạm Văn Chiêu tặng T.máy 14.5 tỷ,"Thông Tây Hội, Thành phố Hồ Chí Minh",14500000000.0,75.0,,TP.HCM (lõi cũ),Nhà ở/Nhà phố,193333333.33333334
https://nhadat.cafeland.vn/ban-can-goc-mat-tien-kenh-tham-luong-1716m2-full-tho-cu-co-dong-tien-2812242.html,Bán căn góc mặt tiền Kênh Tham Lương - 171.6m2 full thổ cư - Có dòng tiền,"Bình Tân, Thành phố Hồ Chí Minh",16900000000.0,171.6,,TP.HCM (lõi cũ),Đất nền,98484848.48484848
https://nhadat.cafeland.vn/nha-4x18m-3-lau-duong-40-khu-an-phu-hung-phuong-tan-phong-q7-hg-tay-nam-2141732.html,nhà 4x18m 3 lầu đường 40 khu an phú hưng phường tân phong Q7+ hg tây nam,"Tân Hưng, Thành phố Hồ Chí Minh",21500000000.0,72.0,4.0,TP.HCM (lõi cũ),Nhà ở/Nhà phố,298611111.1111111
https://nhadat.cafeland.vn/serena-riverside-home-resort-ben-song-va-cau-chuyen-ha-tang-dang-chu-y-3189534.html,Serena Riverside - Home Resort bên sông và câu chuyện hạ tầng đáng chú ý,"Lái Thiêu, Thành phố Hồ Chí Minh",2815000000.0,50.0,,Bình Dương (mới sáp nhập),Khác,56300000.0
https://nhadat.cafeland.vn/mtkd-6-tang-thang-may-quach-dinh-bao-khu-ban-co-85m2-full-noi-that-155-ty-2812492.html,"MTKD 6 tầng thang máy Quách Đình Bảo, khu bàn cờ, 85m2, full Nội thất, 15.5 tỷ","Phú Thạnh, Thành phố Hồ Chí Minh",15500000000.0,85.0,,TP.HCM (lõi cũ),Khác,182352941.17647058
https://nhadat.cafeland.vn/ban-nha-mat-tien-duong-so-34khu-ten-luabinh-tan-so-ngop-bank-80m2-125-t-2932344.html,"Bán Nhà Mặt Tiền Đường Số 34,Khu Tên Lửa,Bình Tân- Sổ -Ngộp Bank - 80m² - 12,5 T","An Lạc, Thành phố Hồ Chí Minh",12500000000.0,80.0,,TP.HCM (lõi cũ),Nhà ở/Nhà phố,156250000.0
https://nhadat.cafeland.vn/picity-sky-park-can-ho-cao-tran-53m-he-ceiling-khong-gian-song-2-tang-2490824.html,PICITY SKY PARK – CĂN HỘ CAO TRẦN 5.3M (HE-CEILING) Không gian sống 2 tầng,"Đông Hòa, Thành phố Hồ Chí Minh",3200000000.0,55.0,,Bình Dương (mới sáp nhập),Căn hộ/Chung cư,58181818.18181818
https://nhadat.cafeland.vn/6xti-nha-5tang-gara-oto-7c-o-ngay-cv-lang-hoa-go-vap-1-sec-1-can-ra-mat-tien-2848182.html,"6.xTỉ Nhà 5Tầng Gara ÔTô 7c Ở Ngay CV Làng Hoa Gò Vấp, 1 Sẹc 1 Căn ra mặt tiền","Thông Tây Hội, Thành phố Hồ Chí Minh",6850000000.0,42.0,,TP.HCM (lõi cũ),Nhà ở/Nhà phố,163095238.0952381
https://nhadat.cafeland.vn/hxh-6m-thong-tan-thanh-100m2-3-tang-4pn-so-vuong-khong-lo-gioi-105-ty-tl-2823800.html,"HXH 6M thông Tân Thành, 100m², 3 tầng, 4PN, sổ vuông không lộ giới, 10,5 tỷ TL","Tân Phú, Thành phố Hồ Chí Minh",10500000000.0,100.0,4.0,TP.HCM (lõi cũ),Khác,105000000.0
https://nhadat.cafeland.vn/ban-dat-tinh-lo-10lien-ke-khu-ten-lua-45m-x-17m-gia-53-ty-tl-2289707.html,"BÁN ĐẤT TỈNH LỘ 10,LIỀN KỀ KHU TÊN LỬA (4,5m x 17m) GIÁ 5,3 TỶ TL","Bình Trị Đông, Thành phố Hồ Chí Minh",5300000000.0,74.0,,TP.HCM (lõi cũ),Đất nền,71621621.62162162
https://nhadat.cafeland.vn/chuyen-nhuong-lo-dat-mat-tien-duong-so-47-phuong-binh-trung-quan-2-2482084.html,"Chuyển nhượng lô đất mặt tiền đường số 47, phường Bình Trưng, quận 2","Bình Trưng, Thành phố Hồ Chí Minh",25600000000.0,160.0,,TP.HCM (lõi cũ),Đất nền,160000000.0
https://nhadat.cafeland.vn/hem-8m-le-thuc-hoach-64m2-4x16-xe-hoi-vao-nha-ko-lo-gioi-chi-849-ty-tl-2931075.html,"Hẻm 8m Lê Thúc Hoạch, 64m2, 4x16, xe hơi vào nhà, ko lộ giới, Chỉ 8.49 tỷ TL","Phú Thọ Hòa, Thành phố Hồ Chí Minh",8490000000.0,64.0,,TP.HCM (lõi cũ),Nhà ở/Nhà phố,132656250.0
https://nhadat.cafeland.vn/ban-nha-duong-hau-giang-54m2-x-4-tang-phuong-11-gia-55-ty-tl-2290129.html,"BÁN NHÀ ĐƯỜNG HẬU GIANG 54m2 x 4 TẦNG ,PHƯỜNG 11 - GIÁ 5,5 TỶ TL","Bình Phú, Thành phố Hồ Chí Minh",5500000000.0,54.0,5.0,TP.HCM (lõi cũ),Nhà ở/Nhà phố,101851851.85185185
https://nhadat.cafeland.vn/ban-nha-duong-le-dinh-cantan-taogiap-khu-ten-lua-5-x-14-x-4-tang-63-ty-tl-2472068.html,"BÁN NHÀ ĐƯỜNG LÊ ĐÌNH CẨN,TÂN TẠO,GIÁP KHU TÊN LỬA (5 x 14 x 4 TẦNG) 6,3 TỶ TL","Bình Trị Đông, Thành phố Hồ Chí Minh",6300000000.0,65.0,5.0,TP.HCM (lõi cũ),Nhà ở/Nhà phố,96923076.92307693
https://nhadat.cafeland.vn/ban-2pn-2wc-phuc-dat-gia-216-ty-gan-ben-sieu-thi-go-2323955.html,"BÁN 2PN 2WC Phúc Đạt. Giá 2,16 tỷ gần bên siêu thị GO","Tân Hiệp, Thành phố Hồ Chí Minh",2160000000.0,60.0,2.0,Bình Dương (mới sáp nhập),Khác,36000000.0
https://nhadat.cafeland.vn/ban-nha-rieng-ban-gap-nha-tan-son-nhi-hxh-thong-ke-cong-vien-2tang-4x15m2-c-3185731.html,"Bán nhà riêng: Bán gấp nhà tân sơn nhì hxh thông kế công viên 2tầng , 4x15m2 - c","Tân Sơn Nhì, Thành phố Hồ Chí Minh",7800000000.0,60.0,2.0,TP.HCM (lõi cũ),Nhà ở/Nhà phố,130000000.0
https://nhadat.cafeland.vn/ban-nha-rieng-ban-nha-100m2-x-4-tang-nha-moi-duong-14m-p-tay-thanh-gan-truong-h-3185724.html,Bán nhà riêng: Bán nhà 100m2 x 4 tầng nhà mới đường 14m P Tây Thạnh gần trường h,"Tây Thạnh, Thành phố Hồ Chí Minh",15000000000.0,100.0,4.0,TP.HCM (lõi cũ),Nhà ở/Nhà phố,150000000.0
https://nhadat.cafeland.vn/ban-nha-du-an-gold-coast-vung-tau-gia-59-ty-2478444.html,Bán nhà dự án Gold Coast Vũng Tàu giá 5.9 tỷ,"Long Điền, Thành phố Hồ Chí Minh",6000000000.0,120.0,,Bà Rịa - Vũng Tàu (mới sáp nhập),Nhà ở/Nhà phố,50000000.0
https://nhadat.cafeland.vn/so-san-266m2-mat-tien-phu-loi-7m-binh-duong-tho-cu-100-gia-dau-tu-f0-2431295.html,"[Sổ sẵn] 266m2 mặt tiền Phú Lợi 7m, Bình Dương, thổ cư 100% - Giá đầu tư F0","Phú Lợi, Thành phố Hồ Chí Minh",18000000000.0,266.0,,Bình Dương (mới sáp nhập),Đất nền,67669172.93233083
https://nhadat.cafeland.vn/ban-nha-hem-xe-hoi-66m2-6x11-3-tang-3pn-phuong-hiep-binh-tphcm-2485906.html,"Bán nhà Hẻm Xe Hơi 66m2 (6x11), 3 Tầng, 3PN, Phường Hiệp Bình, TP.HCM","Hiệp Bình, Thành phố Hồ Chí Minh",8500000000.0,66.0,3.0,TP.HCM (lõi cũ),Nhà ở/Nhà phố,128787878.78787878
https://nhadat.cafeland.vn/ban-nha-rieng-mat-tien-khu-ban-co-tan-hung-q7-4-tang-duong-8m-via-he-3m-c-3187919.html,Bán nhà riêng: Mặt tiền khu bàn cờ Tân Hưng Q7 4 tầng | Đường 8m | Vỉa hè 3m | C,"Tân Hưng, Thành phố Hồ Chí Minh",9500000000.0,36.0,,TP.HCM (lõi cũ),Nhà ở/Nhà phố,263888888.8888889
https://nhadat.cafeland.vn/ban-nha-mat-tien-duong-tam-da-quan-9-cu-2481777.html,"Bán nhà mặt tiền đường Tam Đa, Quận 9 cũ","Long Trường, Thành phố Hồ Chí Minh",4900000000.0,56.0,,TP.HCM (lõi cũ),Nhà ở/Nhà phố,87500000.0
https://nhadat.cafeland.vn/ban-nha-rieng-ban-nha-mat-tien-duong-do-xuan-hop-quan-9-3189180.html,Bán nhà riêng: BÁN NHÀ MẶT TIỀN ĐƯỜNG ĐỖ XUÂN HỢP QUẬN 9,"Phước Long, Thành phố Hồ Chí Minh",16000000000.0,100.0,,TP.HCM (lõi cũ),Nhà ở/Nhà phố,160000000.0
https://nhadat.cafeland.vn/hang-hiem-nha-mat-tien-lien-phuong-quan-9-ngang-7m-ngay-vong-xoay-so-hong-2250564.html,"Hàng hiếm Nhà mặt tiền Liên Phường Quận 9, ngang 7m, ngay vòng xoay- sổ hồng","Phước Long, Thành phố Hồ Chí Minh",29000000000.0,140.0,,TP.HCM (lõi cũ),Nhà ở/Nhà phố,207142857.14285713
https://nhadat.cafeland.vn/nha-duong-49-p-tan-quy-q7-dt-8x18m-gia-31-ty-2257017.html,"Nhà đường 49 p tân quy Q7, Dt 8x18m giá 31 tỷ","Tân Hưng, Thành phố Hồ Chí Minh",31000000000.0,144.0,49.0,TP.HCM (lõi cũ),Nhà ở/Nhà phố,215277777.7777778
https://nhadat.cafeland.vn/mo-ban-can-vn48-504-tai-vinhomes-green-paradise-can-gio-vi-tri-dep-dien-tich-150m2-don-song-dau-tu-2489263.html,Mở bán căn VN48-504 tại Vinhomes Green Paradise Cần Giờ vị trí đẹp diện tích 150m2 đón sóng đầu tư,"Cần Giờ, Thành phố Hồ Chí Minh",19998000000.0,150.0,,TP.HCM (lõi cũ),Khác,133320000.0
https://nhadat.cafeland.vn/ban-can-ho-moi-100-gan-dao-kim-cuong-3pn-2wc-88m2-chi-84-ty-3180381.html,"Bán căn hộ mới 100% gần Đảo Kim Cương, 3PN-2WC-88m2 chỉ 8,4 tỷ","Cát Lái, Thành phố Hồ Chí Minh",8400000000.0,88.0,3.0,TP.HCM (lõi cũ),Căn hộ/Chung cư,95454545.45454545
https://nhadat.cafeland.vn/ban-gia-tot-nhat-79m22pn-view-noi-khu-nha-tho-chi-55-ty-tai-celesta-rise-3180023.html,"Bán Gía ""TỐT NHẤT"" 79m2,2PN View Nội Khu, Nhà Thô, Chỉ 5.5 Tỷ Tại Celesta Rise","Nhà Bè, Thành phố Hồ Chí Minh",5500000000.0,79.0,2.0,TP.HCM (lõi cũ),Nhà ở/Nhà phố,69620253.16455697
https://nhadat.cafeland.vn/ban-nha-duong-so-32-quan-7-can-goc-2290188.html,Bán nhà đường số 32 Quận 7 căn góc,"Tân Hưng, Thành phố Hồ Chí Minh",26500000000.0,108.0,6.0,TP.HCM (lõi cũ),Nhà ở/Nhà phố,245370370.37037036
https://nhadat.cafeland.vn/khong-con-can-nao-re-hon-nha-1trinh-thi-miengthoi-tam-thon-hoc-mon-2221226.html,"KHÔNG CÒN CĂN NÀO RẺ HƠN NHÀ 1/TRỊNH THỊ MIẾNG,THỚI TAM THÔN, HÓC MÔN","Đông Thạnh, Thành phố Hồ Chí Minh",2600000000.0,50.0,,TP.HCM (lõi cũ),Nhà ở/Nhà phố,52000000.0
https://nhadat.cafeland.vn/nha-moi-hxh-8m-tay-thanh-66m2-4-tang-5pn-tang-noi-that-cao-cap-chi-109-ty-2830138.html,"NHÀ MỚI-HXH 8m Tây Thạnh, 66m2, 4 tầng, 5PN, tặng nội thất cao cấp, Chỉ 10.9 tỷ","Tây Thạnh, Thành phố Hồ Chí Minh",10900000000.0,66.0,5.0,TP.HCM (lõi cũ),Nhà ở/Nhà phố,165151515.15151516
https://nhadat.cafeland.vn/ban-nha-rieng-hxh-tang-bat-ho-p11-binh-thanh-2-tang-44x17m-cn-75m2-nha-xa-3185708.html,"Bán nhà riêng: HXH Tăng Bạt Hổ P.11 Bình Thạnh - 2 Tầng 4,4x17m CN 75m2 - Nhà Xâ","Bình Lợi Trung, Thành phố Hồ Chí Minh",9500000000.0,75.0,,TP.HCM (lõi cũ),Nhà ở/Nhà phố,126666666.66666667
https://nhadat.cafeland.vn/ban-dat-tho-cu-lo-dat-85m2-vi-tri-dep-xuan-thoi-thuong-gan-phan-van-hon-tra-3183299.html,"Bán đất thổ cư: Lô đất 85m2, Vị trí Đẹp Xuân Thới Thượng, gần Phan Văn Hớn - Trầ","Bà Điểm, Thành phố Hồ Chí Minh",3200000000.0,85.0,,TP.HCM (lõi cũ),Đất nền,37647058.823529415
https://nhadat.cafeland.vn/ban-dat-e42-mat-tien-duong-cao-thi-chinh-kdc-nam-long-phu-thuan-quan-7-2119246.html,Bán đất E42 mặt tiền đường Cao Thị Chính KDC Nam Long Phú Thuận quận 7,"Phú Thuận, Thành phố Hồ Chí Minh",13000000000.0,80.0,,TP.HCM (lõi cũ),Đất nền,162500000.0
https://nhadat.cafeland.vn/ban-dat-tho-cu-ban-re-lo-dat-100m2-duong-nhua-hung-long-gia-2ti650-3185815.html,Bán đất thổ cư: Bán rẻ lô đất 100m2 đường nhựa Hưng Long giá : 2ti650,"Hưng Long, Thành phố Hồ Chí Minh",2650000000.0,100.0,,TP.HCM (lõi cũ),Đất nền,26500000.0
https://nhadat.cafeland.vn/ban-nha-rieng-ban-nha-le-van-khuong-quan-12-88m2-hem-thong-6m-o-to-nha-cap-4-3185662.html,"Bán nhà riêng: Bán nhà Lê Văn Khương Quận 12, 88m², hẻm thông 6m ô tô, nhà cấp 4","Thới An, Thành phố Hồ Chí Minh",4500000000.0,88.0,,TP.HCM (lõi cũ),Nhà ở/Nhà phố,51136363.63636363
https://nhadat.cafeland.vn/ban-nha-rieng-nha-gan-nguyen-thi-thap-q7-60m2-xe-hoi-do-cua-khu-dan-tri-cao-3185789.html,"Bán nhà riêng: Nhà gần Nguyễn Thị Thập, Q7, 60m2, xe hơi đỗ cửa, khu dân trí cao","Tân Mỹ, Thành phố Hồ Chí Minh",7300000000.0,60.0,,TP.HCM (lõi cũ),Nhà ở/Nhà phố,121666666.66666667
https://nhadat.cafeland.vn/ban-nha-62-duong-so-13-tan-kieng-nay-la-tan-hung-hcm-quan-7-2289798.html,Bán nhà 62 đường số 13 Tân Kiểng nay là Tân Hưng HCM Quận 7,"Tân Hưng, Thành phố Hồ Chí Minh",6000000000.0,31.0,,TP.HCM (lõi cũ),Nhà ở/Nhà phố,193548387.0967742
https://nhadat.cafeland.vn/ban-nha-rieng-mat-tien-nguyen-van-qua-q12-kinh-doanh-sam-uat-via-he-3m-ng-3183179.html,Bán nhà riêng: Mặt tiền Nguyễn Văn Quá Q12 - Kinh doanh sầm uất - Vỉa hè 3m - Ng,"Đông Hưng Thuận, Thành phố Hồ Chí Minh",9950000000.0,63.0,,TP.HCM (lõi cũ),Nhà ở/Nhà phố,157936507.93650794
https://nhadat.cafeland.vn/nguyen-thuong-hien-ch-bat-nhat-hcm-50m2-2pn-o-ngay-view-cau-bason-shr-2476950.html,"Nguyễn Thượng Hiền - CH Bật Nhất HCM 50m2 / 2PN , Ở ngay , View Cầu Bason ,SHR","Hạnh Thông, Thành phố Hồ Chí Minh",2000000000.0,50.0,2.0,TP.HCM (lõi cũ),Khác,40000000.0
https://nhadat.cafeland.vn/chi-223tr-15-so-huu-ngay-ch-tien-ich-5-picity-sky-park-ke-pham-van-dong-2555309.html,CHỈ 223TR (15%) – SỞ HỮU NGAY CH TIỆN ÍCH 5* PICITY SKY PARK KỀ PHẠM VĂN ĐỒNG,"Dĩ An, Thành phố Hồ Chí Minh",1400000000.0,38.0,,Bình Dương (mới sáp nhập),Khác,36842105.2631579
https://nhadat.cafeland.vn/ban-nha-rieng-ban-gap-nha-tro-dong-tien-sat-cong-vien-cay-sop-gia-51-ty-3186722.html,"Bán nhà riêng: Bán gấp nhà trọ dòng tiền, sát công viên Cây Sộp, giá 5,1 tỷ","Đông Hưng Thuận, Thành phố Hồ Chí Minh",5100000000.0,72.0,5.0,TP.HCM (lõi cũ),Nhà ở/Nhà phố,70833333.33333333
https://nhadat.cafeland.vn/ban-nha-pho-lien-ke-du-an-gold-coast-vung-tau-120m2-view-dep-2557990.html,"Bán nhà phố liền kề dự án Gold Coast Vũng Tàu, 120m2 view đẹp","Vũng Tàu, Thành phố Hồ Chí Minh",8000000000.0,120.0,3.0,Bà Rịa - Vũng Tàu (mới sáp nhập),Nhà ở/Nhà phố,66666666.666666664
https://nhadat.cafeland.vn/lo-dat-tuyet-dep-vi-tri-dac-dia-kdc-ecogreen-hoan-cau-quan-7-5x14m-so-hong-2477692.html,Lô đất tuyệt đẹp - vị trí đắc địa - KDC Ecogreen Hoàn Cầu Quận 7 - 5x14m sổ hồng,"Tân Thuận, Thành phố Hồ Chí Minh",11990000000.0,70.0,,TP.HCM (lõi cũ),Đất nền,171285714.2857143
https://nhadat.cafeland.vn/ban-nha-rieng-giam-gan-2-ty-con-55-ty-nha-2-tang-tran-xuan-soan-gan-him-la-3182301.html,"Bán nhà riêng: Giảm gần 2 tỷ còn 5,5 tỷ nhà 2 tầng - Trần Xuân Soạn - gần Him La","Tân Hưng, Thành phố Hồ Chí Minh",5500000000.0,54.0,2.0,TP.HCM (lõi cũ),Nhà ở/Nhà phố,101851851.85185185
https://nhadat.cafeland.vn/nha-3-tang-duong-12m-nguyen-huu-tien-76m2-nha-cu-tien-cai-tao-chi-86-ty-2477586.html,"Nhà 3 tầng, đường 12m Nguyễn Hữu Tiến, 76m2, nhà cũ tiện cải tạo, Chỉ 8.6 tỷ","Tây Thạnh, Thành phố Hồ Chí Minh",8600000000.0,76.0,,TP.HCM (lõi cũ),Nhà ở/Nhà phố,113157894.73684211
https://nhadat.cafeland.vn/ban-dat-tho-cu-ban-dat-tang-nha-cap-4-hem-xe-hoi-trung-my-tay-69m2-gia-chi-4-3184899.html,"Bán đất thổ cư: Bán đất tặng nhà cấp 4 hẻm xe hơi Trung Mỹ Tây, 69m2, giá chỉ 4","Trung Mỹ Tây, Thành phố Hồ Chí Minh",4000000000.0,69.0,,TP.HCM (lõi cũ),Đất nền,57971014.492753625
https://nhadat.cafeland.vn/ban-lo-dat-tho-cu-duong-cay-keo-tam-phu-thu-duc-3181382.html,BÁN LÔ ĐẤT THỔ CƯ ĐƯỜNG CÂY KEO TAM PHÚ THỦ ĐỨC,Thành phố Hồ Chí Minh,4750000000.0,50.0,,TP.HCM (lõi cũ),Đất nền,95000000.0
https://nhadat.cafeland.vn/ban-dat-tho-cu-chu-can-ban-gap-57m2-dat-ngay-uy-ban-an-phu-dong-gia-28ty-t-3186765.html,Bán đất thổ cư: Chủ cần bán gấp 57m2 đất ngay Ủy ban An Phú Đông - Giá 2.8ty - T,"An Phú Đông, Thành phố Hồ Chí Minh",2800000000.0,57.0,,TP.HCM (lõi cũ),Đất nền,49122807.01754386
https://nhadat.cafeland.vn/ban-nha-mat-tien-duong-nguyen-trong-tuyen-phuong-phu-nhuan-2474334.html,"Bán nhà mặt tiền đường Nguyễn Trọng Tuyển, phường Phú Nhuận","Đức Nhuận, Thành phố Hồ Chí Minh",21000000000.0,225.0,6.0,TP.HCM (lõi cũ),Nhà ở/Nhà phố,93333333.33333333
https://nhadat.cafeland.vn/ban-nha-mt-phuoc-long-85m2-3-tang-ngang-hiem-55m-nhinh-13-ty-tl-3189843.html,BÁN NHÀ MT PHƯỚC LONG - 85M2 3 TẦNG NGANG HIẾM 5.5M - NHỈNH 13 TỶ TL,"Phước Long, Thành phố Hồ Chí Minh",13900000000.0,85.0,,TP.HCM (lõi cũ),Khác,163529411.7647059
https://nhadat.cafeland.vn/so-huu-ngay-can-ho-lau-2-cc-nguyen-thien-thuat-gan-cong-vien-45m2-vi-tri-dep-2288632.html,"SỞ HỮU NGAY CĂN HỘ LẦU 2, C/C NGUYỄN THIỆN THUẬT GẦN CÔNG VIÊN, 45M2, VỊ TRÍ ĐẸP","Bàn Cờ, Thành phố Hồ Chí Minh",2399000000.0,45.0,1.0,TP.HCM (lõi cũ),Căn hộ/Chung cư,53311111.11111111
https://nhadat.cafeland.vn/ban-nha-duong-trinh-dinh-trongtan-phu-43m-x-22m-x-4-tang-115-ty-tl-2811339.html,"BÁN NHÀ ĐƯỜNG TRỊNH ĐÌNH TRỌNG,TÂN PHÚ (4,3m x 22m x 4 TẦNG) 11,5 TỶ TL","Tân Phú, Thành phố Hồ Chí Minh",11500000000.0,88.0,4.0,TP.HCM (lõi cũ),Nhà ở/Nhà phố,130681818.18181819
https://nhadat.cafeland.vn/nha-ban-gan-duong-vo-van-kiet-kinh-duong-vuong-q-binh-tan-5-tang-ngang-6m-2935792.html,"Nhà bán gần đường Võ Văn Kiệt, Kinh Dương Vương, Q. Bình Tân. 5 tầng, Ngang 6m","An Lạc, Thành phố Hồ Chí Minh",7800000000.0,70.0,,TP.HCM (lõi cũ),Nhà ở/Nhà phố,111428571.42857143
https://nhadat.cafeland.vn/ban-nha-rieng-nha-nho-1-lau-so-rien-le-duc-tho-go-vap-3182222.html,Bán nhà riêng: Nhà nhỏ 1 lầu sổ riền Lê Đức Thọ Gò Vấp,"Đông Hưng Thuận, Thành phố Hồ Chí Minh",1290000000.0,12.0,,TP.HCM (lõi cũ),Nhà ở/Nhà phố,107500000.0
https://nhadat.cafeland.vn/ban-dat-tho-cu-lo-dat-dep-47m-x-21m-97m2-hem-xe-hoi-duong-truong-thi-hoa-t-3184905.html,"Bán đất thổ cư: Lô đất đẹp 4,7m x 21m. 97m2. Hẻm xe hơi Đường Trương Thị Hoa ( T","Tân Thới Hiệp, Thành phố Hồ Chí Minh",4550000000.0,97.0,,TP.HCM (lõi cũ),Đất nền,46907216.49484536
https://nhadat.cafeland.vn/lusso-saigon-thanh-toan-10-ngung-2-nam-mat-tien-ql13-2492388.html,Lusso Saigon - Thanh toán 10% ngưng 2 năm - Mặt tiền QL13,"Bình Hòa, Thành phố Hồ Chí Minh",2400000000.0,57.0,,Bình Dương (mới sáp nhập),Khác,42105263.15789474
https://nhadat.cafeland.vn/chuyen-nhuong-nha-duong-tran-thien-chanh-phuong-12-quan-10-2481900.html,"Chuyển nhượng nhà đường Trần Thiện Chánh, phường 12, quận 10","Hòa Hưng, Thành phố Hồ Chí Minh",26000000000.0,81.5,,TP.HCM (lõi cũ),Nhà ở/Nhà phố,319018404.90797544
https://nhadat.cafeland.vn/ban-dat-tho-cu-dat-phu-hoa-dong-6m-x-26m-full-tho-cu-duong-xe-tai-dan-cu-hien-3184062.html,"Bán đất thổ cư: Đất Phú Hòa Đông 6m x 26m full thổ cư, đường xe tải, Dân cư hiện","Phú Hòa Đông, Thành phố Hồ Chí Minh",1950000000.0,154.0,,TP.HCM (lõi cũ),Đất nền,12662337.662337663
https://nhadat.cafeland.vn/gia-39-ty-dat-58m2-nguyen-duy-trinh-gan-dong-tang-long-quan-9-3189979.html,"Giá 3.9 Tỷ, Đất 58m2 Nguyễn Duy Trinh, Gần Đông Tăng Long, Quận 9","Long Trường, Thành phố Hồ Chí Minh",3900000000.0,56.0,,TP.HCM (lõi cũ),Đất nền,69642857.14285715
https://nhadat.cafeland.vn/ban-nha-le-dinh-canlien-ke-ten-lua-84m2-4m-x-19m-x-3-tang-62-ty-tl-2558149.html,"BÁN NHÀ LÊ ĐÌNH CẨN,LIỀN KỀ TÊN LỬA (84m2 - 4m x 19m x 3 TẦNG) 6,2 TỶ TL","Bình Trị Đông, Thành phố Hồ Chí Minh",6200000000.0,84.0,8.0,TP.HCM (lõi cũ),Nhà ở/Nhà phố,73809523.8095238
https://nhadat.cafeland.vn/p-ban-co-ban-nha-6-tang-nguyen-dinh-chieu-gan-cmt8-no-hau-chi-6x-ty-2286660.html,[P. BÀN CỜ] BÁN NHÀ 6 TẦNG NGUYỄN ĐÌNH CHIỂU – GẦN CMT8 – NỞ HẬU – CHỈ 6.X TỶ,"Bàn Cờ, Thành phố Hồ Chí Minh",6950000000.0,24.0,3.0,TP.HCM (lõi cũ),Nhà ở/Nhà phố,289583333.3333333
https://nhadat.cafeland.vn/the-light-city-vung-tau-nha-pho-1-tret-2-lau-hoan-thien-100m2-chi-535-ty-so-3147648.html,"The Light City Vũng Tàu | Nhà phố 1 trệt 2 lầu hoàn thiện 100m² chỉ 5,35 tỷ, Sổ","Phước Thắng, Thành phố Hồ Chí Minh",5350000000.0,240.0,,Bà Rịa - Vũng Tàu (mới sáp nhập),Nhà ở/Nhà phố,22291666.666666668
https://nhadat.cafeland.vn/ban-nha-rieng-ban-nha-4-tang-tan-quy-tan-phu-hem-xe-hoi-xe-tai-gan-aeon-mall-3184479.html,"Bán nhà riêng: Bán nhà 4 tầng Tân Quý Tân Phú | Hẻm xe hơi, xe tải gần AEON Mall","Tân Sơn Nhì, Thành phố Hồ Chí Minh",7200000000.0,58.0,,TP.HCM (lõi cũ),Nhà ở/Nhà phố,124137931.03448276
https://nhadat.cafeland.vn/co-hoi-dau-tu-vinhomes-saigon-park-san-pham-60m2-2820558.html,"Cơ hội đầu tư Vinhomes Saigon Park, sản phẩm 60m2","Xuân Thới Sơn, Thành phố Hồ Chí Minh",7000000000.0,60.0,,TP.HCM (lõi cũ),Khác,116666666.66666667
https://nhadat.cafeland.vn/nha-pho-quang-vinh-2-tan-hiep-tan-uyen-binh-duong-3155531.html,Nhà phố Quang Vinh 2 Tân Hiệp Tân Uyên Bình Dương,"Tân Hiệp, Thành phố Hồ Chí Minh",3990000000.0,67.5,,Bình Dương (mới sáp nhập),Nhà ở/Nhà phố,59111111.11111111
https://nhadat.cafeland.vn/ban-biet-thu-hot-gia-hoi-trung-son-hien-tai-nha-dt-6m-x-20m-nha-co-ham-dep-g-3184514.html,"Bán biệt thự: HOT! Giá hời Trung Sơn hiện tại nhà. DT 6m x 20m, nhà có hầm đẹp g","Bình Hưng, Thành phố Hồ Chí Minh",19500000000.0,120.0,,TP.HCM (lõi cũ),Biệt thự,162500000.0
https://nhadat.cafeland.vn/ban-can-ho-chung-cu-can-1pn-gia-goc-cdt-uu-dai-nhieu-ck-cao-full-vat-chi-193-3182158.html,"Bán căn hộ chung cư: Căn 1PN giá gốc CĐT, ưu đãi nhiều CK cao, full VAT chỉ 1,93","Bình Hòa, Thành phố Hồ Chí Minh",1930000000.0,45.0,1.0,Bình Dương (mới sáp nhập),Căn hộ/Chung cư,42888888.88888889
https://nhadat.cafeland.vn/ban-nha-rieng-vi-tri-dep-khu-vuc-trung-tam-ngay-tan-phu-sat-cho-tan-huong-aeo-3182248.html,"Bán nhà riêng: Vị trí đẹp khu vực trung tâm ngay Tân Phú, sát chợ Tân Hương, Aeo","Phú Thọ Hòa, Thành phố Hồ Chí Minh",7100000000.0,40.0,,TP.HCM (lõi cũ),Nhà ở/Nhà phố,177500000.0
https://nhadat.cafeland.vn/can-ban-nhanh-can-ho-maison-grand-2-phong-ngu-56m2-gia-23-ty-da-vat-2744617.html,Cần bán nhanh căn hộ Maison Grand 2 phòng ngủ 56m2 giá 2.3 tỷ đã VAT,"Phú Mỹ, Thành phố Hồ Chí Minh",2300000000.0,56.0,2.0,TP.HCM (lõi cũ),Căn hộ/Chung cư,41071428.571428575
https://nhadat.cafeland.vn/ban-nha-rieng-gap-ban-ha-them-1-ty-ban-nha-dep-gan-cong-vien-bo-song-duong-bin-3185711.html,Bán nhà riêng: Gấp bán hạ thêm 1 tỷ! Bán nhà đẹp gần công viên bờ sông đường Bìn,"Bình Lợi Trung, Thành phố Hồ Chí Minh",9900000000.0,60.0,,TP.HCM (lõi cũ),Nhà ở/Nhà phố,165000000.0
https://nhadat.cafeland.vn/chuyen-nhuong-nha-mat-tien-duong-nguyen-dinh-chieu-phuong-3-quan-3-2481899.html,"Chuyển nhượng nhà mặt tiền đường Nguyễn Đình Chiểu, phường 3, quận 3","Xuân Hòa, Thành phố Hồ Chí Minh",17000000.0,56.0,2.0,TP.HCM (lõi cũ),Nhà ở/Nhà phố,303571.4285714286
https://nhadat.cafeland.vn/ban-nha-rieng-nha-doi-dien-trung-tam-thuong-mai-aeon-tan-phu-3185746.html,Bán nhà riêng: Nhà đối diện trung tâm thương mại Aeon Tân Phú,"Tân Sơn Nhì, Thành phố Hồ Chí Minh",5000000000.0,48.0,,TP.HCM (lõi cũ),Nhà ở/Nhà phố,104166666.66666667
https://nhadat.cafeland.vn/ban-nha-hem-xe-hoi-nguyen-cu-trinh-phuong-cau-ong-lanh-quan-1-2483532.html,"Bán nhà hẻm xe hơi Nguyễn Cư Trinh, phường Cầu Ông Lãnh, quận 1","Bến Thành, Thành phố Hồ Chí Minh",24500000000.0,59.0,,TP.HCM (lõi cũ),Nhà ở/Nhà phố,415254237.2881356
https://nhadat.cafeland.vn/nha-4x22m-duong-1-khu-cu-xa-ngan-hang-phuong-tan-thuan-tay-q7-2281329.html,nhà 4x22m đường 1 khu Cư xá Ngân Hàng phường Tân Thuận Tây Q7,"Tân Thuận, Thành phố Hồ Chí Minh",14500000000.0,81.0,,TP.HCM (lõi cũ),Nhà ở/Nhà phố,179012345.67901236
https://nhadat.cafeland.vn/ban-nha-rieng-ban-nha-moi-hem-xe-hoi-thien-phuoc-638-ty-41m2-3pn-3wc-2-ta-3184924.html,"Bán nhà riêng: Bán nhà mới hẻm xe hơi Thiên Phước, 6,38 tỷ, 41m2, 3PN, 3WC, 2 tầ","Tân Hòa, Thành phố Hồ Chí Minh",6380000000.0,41.0,3.0,TP.HCM (lõi cũ),Nhà ở/Nhà phố,155609756.09756097
https://nhadat.cafeland.vn/nha-mat-duong-5m-doi-dien-cong-vien-7-ky-quan-495tr-3189945.html,"Nhà mặt đường 5m, đối diện Công Viên 7 Kỳ Quan, 495tr.","Xuân Thới Sơn, Thành phố Hồ Chí Minh",495000000.0,40.0,2.0,TP.HCM (lõi cũ),Nhà ở/Nhà phố,12375000.0
https://nhadat.cafeland.vn/ban-nha-rieng-nha-mat-tien-kinh-doanh-10x25m-vuong-vuc-tai-quan-12-3185660.html,Bán nhà riêng: Nhà mặt tiền kinh doanh 10x25m vuông vức tại Quận 12,"An Phú Đông, Thành phố Hồ Chí Minh",25000000000.0,250.0,,TP.HCM (lõi cũ),Nhà ở/Nhà phố,100000000.0
https://nhadat.cafeland.vn/ban-nha-rieng-ban-nha-mt-le-thi-rieng-p-ben-thanh-quan-1-dt445x15m-gia-33-t-3188458.html,"Bán nhà riêng: Bán nhà MT Lê Thị Riêng P, Bến Thành Quận 1, dt:4.45x15m giá 33 t","Bến Thành, Thành phố Hồ Chí Minh",33000000000.0,61.94,,TP.HCM (lõi cũ),Nhà ở/Nhà phố,532773651.9212141
https://nhadat.cafeland.vn/ch-52m2-2pn-21ty-phan-van-tri-view-toan-tp-so-rieng-vay-70-gop-8trthang-2829990.html,"CH 52m2/ 2PN 2,1tỷ Phan Văn Trị view toàn TP sổ riêng vay 70% góp 8tr/tháng","Bình Lợi Trung, Thành phố Hồ Chí Minh",2100000000.0,52.0,2.0,TP.HCM (lõi cũ),Khác,40384615.384615384
https://nhadat.cafeland.vn/chuyen-nhuong-nha-hem-xe-hoi-kinh-doanh-6m-sat-mat-tien-quoc-lo-13-p26-bt-2474500.html,"Chuyển nhượng nhà hẻm xe hơi kinh doanh 6m, sát mặt tiền Quốc lộ 13, p26, BT","Bình Thạnh, Thành phố Hồ Chí Minh",14500000000.0,81.0,7.0,TP.HCM (lõi cũ),Nhà ở/Nhà phố,179012345.67901236
https://nhadat.cafeland.vn/ban-dat-tho-cu-ban-dat-mat-tien-thanh-thoi-can-gio-duong-vao-vinhomes-3186858.html,Bán đất thổ cư: Bán đất mặt tiền Thạnh Thới Cần Giờ đường vào Vinhomes,"Cần Giờ, Thành phố Hồ Chí Minh",14000000000.0,294.0,,TP.HCM (lõi cũ),Đất nền,47619047.61904762
https://nhadat.cafeland.vn/ban-nha-vuon-mini-long-dien-gan-cho-an-ngai-ba-ria-vung-tau-2945529.html,"BÁN NHÀ VƯỜN MINI LONG ĐIỀN – GẦN CHỢ AN NGÃI, BÀ RỊA VŨNG TÀU",Thành phố Hồ Chí Minh,1950000000.0,150.0,3.0,TP.HCM (lõi cũ),Nhà ở/Nhà phố,13000000.0
https://nhadat.cafeland.vn/ban-nha-rieng-ban-nha-dep-phu-nhuan-doan-thi-diem-3-tang-san-thuong-dt-4-3183227.html,"Bán nhà riêng: Bán nhà đẹp Phú Nhuận - Đoàn Thị Điểm 3 tầng, sân thượng - DT: 4,","Cầu Kiệu, Thành phố Hồ Chí Minh",13000000000.0,72.0,,TP.HCM (lõi cũ),Nhà ở/Nhà phố,180555555.55555555
https://nhadat.cafeland.vn/ban-nha-rieng-ban-nha-465125-tran-xuan-soan-phuong-tan-hung-tphcm-3183243.html,"Bán nhà riêng: Bán nhà 465/12/5 Trần Xuân Soạn, Phường Tân Hưng, TPHCM","Tân Hưng, Thành phố Hồ Chí Minh",3700000000.0,29.0,3.0,TP.HCM (lõi cũ),Nhà ở/Nhà phố,127586206.89655173
https://nhadat.cafeland.vn/ban-nha-rieng-hang-hiem-mat-tien-khu-ban-co-ho-le-113m-ngang-6m-7-tang-thang-ma-3184013.html,Bán nhà riêng: Hàng hiếm mặt tiền khu Bàn Cờ họ Lê 113m ngang 6m 7 tầng thang má,"Phú Thạnh, Thành phố Hồ Chí Minh",22990000000.0,113.0,,TP.HCM (lõi cũ),Nhà ở/Nhà phố,203451327.43362832
https://nhadat.cafeland.vn/hem-5m-duong-au-co-68m2-41x165-3-tang-3pn-nha-kien-co-ko-lo-gioi-93-ty-2830545.html,"Hẻm 5m đường Âu Cơ, 68m2, 4.1x16.5, 3 tầng, 3PN, nhà kiên cố, ko lộ giới, 9.3 tỷ","Tân Sơn Nhì, Thành phố Hồ Chí Minh",9300000000.0,68.0,3.0,TP.HCM (lõi cũ),Nhà ở/Nhà phố,136764705.88235295
https://nhadat.cafeland.vn/can-ho-nhat-ban-2pn2wc-gia-chi-tu-2-ty-3190066.html,CĂN HỘ NHẬT BẢN 2PN2WC GIÁ CHỈ TỪ 2 TỶ,"Đông Hòa, Thành phố Hồ Chí Minh",2392000000.0,52.0,2.0,Bình Dương (mới sáp nhập),Căn hộ/Chung cư,46000000.0
https://nhadat.cafeland.vn/ban-nha-biet-thu-pho-5m245m-duong-nhua-10m-co-le-xe-tai-thong-gan-an-nhon-2728818.html,"BÁN NHÀ BIỆT THỰ PHỐ (5M×24.5M), ĐƯỜNG NHỰA 10M CÓ LỀ XE TẢI THÔNG, GẦN AN NHƠN","An Hội Đông, Thành phố Hồ Chí Minh",18000000000.0,122.5,4.0,TP.HCM (lõi cũ),Biệt thự,146938775.51020408
https://nhadat.cafeland.vn/ban-can-ho-chung-cu-can-ban-can-ho-scenic-valley-1-phu-my-hung-dien-tic-3188329.html,Bán căn hộ chung cư: [Cần bán] CĂN HỘ SCENIC VALLEY 1- PHÚ MỸ HƯNG Diện tíc,"Tân Mỹ, Thành phố Hồ Chí Minh",2830000000.0,89.0,2.0,TP.HCM (lõi cũ),Căn hộ/Chung cư,31797752.808988765
https://nhadat.cafeland.vn/ban-nha-rieng-nha-dep-4-tang-64m2-5pn-hem-xe-hoi-5m-tang-noi-that-dep-cach-3183248.html,Bán nhà riêng: Nhà đẹp 4 tầng 64m2 5PN hẻm xe hơi 5m - tặng nội thất đẹp - cách,"Phú Thuận, Thành phố Hồ Chí Minh",7990000000.0,64.0,5.0,TP.HCM (lõi cũ),Nhà ở/Nhà phố,124843750.0
https://nhadat.cafeland.vn/ban-can-ho-chung-cu-ban-can-ho-saigon-south-95m2-3pn-2wc-3-ty-225-3188563.html,Bán căn hộ chung cư: Bán căn hộ SAIGON SOUTH – 95M² | 3PN | 2WC | 3 TỶ 225,"Tân Mỹ, Thành phố Hồ Chí Minh",3225000000.0,95.0,3.0,TP.HCM (lõi cũ),Căn hộ/Chung cư,33947368.421052635
https://nhadat.cafeland.vn/ban-dat-tho-cu-lo-dat-6x15m-86m2-full-tho-hem-5m-cach-duong-cong-khi-50m-p-3183292.html,"Bán đất thổ cư: Lô đất 6x15m, 86m2 full thổ - Hẻm 5m, cách Dương Công Khi 50m, P","Bà Điểm, Thành phố Hồ Chí Minh",2750000000.0,86.0,,TP.HCM (lõi cũ),Đất nền,31976744.18604651
https://nhadat.cafeland.vn/ban-nha-rieng-chi-3x-ty-co-nha-ao-doi-ngay-ma-lo-40m2-10m-ra-duong-lon-so-rien-3187868.html,Bán nhà riêng: Chỉ 3.x tỷ có nhà Ao Đôi ngay Mã Lò-40m2-10m ra đường lớn-Sổ Riên,"Bình Trị Đông, Thành phố Hồ Chí Minh",3680000000.0,40.0,,TP.HCM (lõi cũ),Nhà ở/Nhà phố,92000000.0
https://nhadat.cafeland.vn/ngang-6m-no-65m-160m2-trung-tam-quan-3-khu-day-du-cac-tien-ich-2324060.html,"ngang 6m, nở 6.5m, 160m2 trung tâm quận 3, khu đầy đủ các tiện ích","Nhiêu Lộc, Thành phố Hồ Chí Minh",23000000000.0,160.0,4.0,TP.HCM (lõi cũ),Khác,143750000.0
https://nhadat.cafeland.vn/ban-nha-pho-1-tret-2-lau-1-tum-3157826.html,"BÁN NHÀ PHỐ 1 TRỆT , 2 LẦU , 1 TUM","Tân Hiệp, Thành phố Hồ Chí Minh",3900000000.0,233.0,,Bình Dương (mới sáp nhập),Nhà ở/Nhà phố,16738197.424892703
https://nhadat.cafeland.vn/ban-nha-rieng-nha-3-tang-khu-tran-ke-xuong-phan-xich-long-phuong-cau-kieu-3187805.html,"Bán nhà riêng: Nhà 3 tầng khu Trần Kế Xương - Phan Xích Long, Phường Cầu Kiệu","Cầu Kiệu, Thành phố Hồ Chí Minh",3450000000.0,13.0,2.0,TP.HCM (lõi cũ),Nhà ở/Nhà phố,265384615.3846154
https://nhadat.cafeland.vn/sat-ngay-mat-tien-hoang-van-thu-ngay-vong-xoay-lang-cha-ca-5-tang-3145230.html,"Sát ngay mặt tiền Hoàng Văn Thụ, ngay vòng xoay Lăng Cha Cả - 5 tầng","Tân Bình, Thành phố Hồ Chí Minh",12500000000.0,55.0,6.0,TP.HCM (lõi cũ),Khác,227272727.27272728
https://nhadat.cafeland.vn/ban-nha-hem-xe-hoi-duong-le-van-thinh-cat-lai-quan-2-2477027.html,"Bán nhà hẻm xe hơi đường Lê Văn Thịnh, Cát Lái, Quận 2","Cát Lái, Thành phố Hồ Chí Minh",23500000000.0,189.0,16.0,TP.HCM (lõi cũ),Nhà ở/Nhà phố,124338624.33862434
https://nhadat.cafeland.vn/ban-nha-pho-binh-duong-tan-uyen-chi-tu-3t9-3155576.html,Bán Nhà Phố Bình Dương Tân Uyên chỉ từ 3T9,"Tân Hiệp, Thành phố Hồ Chí Minh",3900000000.0,233.0,,Bình Dương (mới sáp nhập),Nhà ở/Nhà phố,16738197.424892703
https://nhadat.cafeland.vn/ban-nha-rieng-ban-nha-3-tang-khu-kieu-dam-him-lam-gia-giam-97-ty-tt-quan-7-ra-3185770.html,"Bán nhà riêng: Bán nhà 3 tầng khu Kiều Đàm Him Lam giá giảm 9,7 tỷ TT Quận 7 ra","Tân Hưng, Thành phố Hồ Chí Minh",9700000000.0,51.0,,TP.HCM (lõi cũ),Nhà ở/Nhà phố,190196078.43137255
https://nhadat.cafeland.vn/chuyen-nhuong-nha-2-mat-tien-truoc-sau-duong-bach-dang-phuong-2-quan-tan-binh-2481128.html,"Chuyển nhượng nhà 2 mặt tiền trước sau đường Bạch Đằng, phường 2, quận Tân Bình","Tân Bình, Thành phố Hồ Chí Minh",27000000000.0,268.7,,TP.HCM (lõi cũ),Nhà ở/Nhà phố,100483810.94157054
https://nhadat.cafeland.vn/nha-dep-hem-4m-duong-lac-long-quan-58m2-43x13-3pn-ko-lo-gioi-chi-52-ty-tl-2485916.html,"Nhà đẹp hẻm 4m đường Lạc Long Quân, 58m2, 4.3x13, 3PN, ko lộ giới, Chỉ 5.2 tỷ TL","Bảy Hiền, Thành phố Hồ Chí Minh",5200000000.0,58.0,3.0,TP.HCM (lõi cũ),Nhà ở/Nhà phố,89655172.4137931
https://nhadat.cafeland.vn/ban-nha-rieng-nha-hem-xe-hoi-thong-duong-cach-mang-1-lau-duc-45x13m-2-pn-3183209.html,"Bán nhà riêng: Nhà hẻm xe hơi thông Đường Cách Mạng - 1 lầu đúc, 4.5x13m, 2 PN,","Phú Thọ Hòa, Thành phố Hồ Chí Minh",6300000000.0,54.0,2.0,TP.HCM (lõi cũ),Nhà ở/Nhà phố,116666666.66666667
https://nhadat.cafeland.vn/ban-day-tro-tl8-gan-khu-cong-nghiep-dong-nam-2481778.html,Bán dãy trọ TL8 gần khu công nghiệp Đông Nam,"Bình Mỹ, Thành phố Hồ Chí Minh",6500000000.0,347.3,,TP.HCM (lõi cũ),Khác,18715807.659084365
https://nhadat.cafeland.vn/ban-nha-rieng-nha-1-lau-giap-ben-cho-vuon-lai-go-vap-thuoc-an-phu-dong-q12-3185705.html,Bán nhà riêng: Nhà 1 lầu Giáp Bên Chợ Vườn Lài Gò Vấp thuộc An Phú Đông Q12,"An Phú Đông, Thành phố Hồ Chí Minh",1150000000.0,31.5,2.0,TP.HCM (lõi cũ),Nhà ở/Nhà phố,36507936.50793651
https://nhadat.cafeland.vn/ban-nha-rieng-chu-thien-chi-ban-gap-nha-pho-kdc-cao-cap-van-minh-duong-rong-3189197.html,Bán nhà riêng: CHỦ THIỆN CHÍ BÁN GẤP - Nhà Phố KDC cao cấp văn minh - Đường rộng,"Phú Thuận, Thành phố Hồ Chí Minh",12000000000.0,90.0,,TP.HCM (lõi cũ),Nhà ở/Nhà phố,133333333.33333333
https://nhadat.cafeland.vn/ban-nha-duong-huong-lo-2gan-benh-vien-quan-45m-x-17m-x-3-tang-78-ty-tl-2555881.html,"BÁN NHÀ ĐƯỜNG HƯƠNG LỘ 2,GẦN BỆNH VIỆN QUẬN (4,5m x 17m x 3 TẦNG) 7,8 TỶ TL","Bình Trị Đông, Thành phố Hồ Chí Minh",7800000000.0,75.0,4.0,TP.HCM (lõi cũ),Nhà ở/Nhà phố,104000000.0
https://nhadat.cafeland.vn/ban-san-pham-vinhomes-green-paradise-can-gio-ma-vn48-484-dien-tich-150m2-gia-tot-xem-ngay-hom-nay-2489264.html,Bán sản phẩm Vinhomes Green Paradise Cần Giờ mã VN48-484 diện tích 150m2 giá tốt xem ngay hôm nay,"Cần Giờ, Thành phố Hồ Chí Minh",19998000000.0,150.0,,TP.HCM (lõi cũ),Khác,133320000.0
https://nhadat.cafeland.vn/ban-nha-rieng-nha-dep-thanh-xuan-40-quan-12-dien-tich-rong-103m2-san-o-to-3186726.html,"Bán nhà riêng: Nhà đẹp Thạnh Xuân 40, Quận 12, diện tích rộng 103m2, sân ô tô","Thới An, Thành phố Hồ Chí Minh",5500000000.0,103.2,,TP.HCM (lõi cũ),Nhà ở/Nhà phố,53294573.643410854
https://nhadat.cafeland.vn/nha-ban-re-36-x-15m-1-tret-3-lau-tran-hung-dao-q1-tphcm-2228255.html,Nhà bán rẻ 3.6 x 15m 1 trệt 3 lầu Trần Hưng Đạo Q1 TP.HCM,"Cầu Ông Lãnh, Thành phố Hồ Chí Minh",15200000000.0,208.0,,TP.HCM (lõi cũ),Nhà ở/Nhà phố,73076923.07692307
https://nhadat.cafeland.vn/ban-dat-tho-cu-ban-96m2-dat-tho-cu-hxh-linh-xuan-gan-dh-luat-thu-duc-gia-4-3189027.html,Bán đất thổ cư: Bán 96m2 Đất Thổ Cư - HXH Linh Xuân - Gần ĐH Luật Thủ Đức. Giá 4,"Linh Xuân, Thành phố Hồ Chí Minh",4500000000.0,96.0,,TP.HCM (lõi cũ),Đất nền,46875000.0
https://nhadat.cafeland.vn/nha-moi-binh-thanh-chu-van-an-4-tang-3pn-nhinh-6-ty-xiu-2290263.html,NHÀ MỚI BÌNH THẠNH -CHU VĂN AN - 4 TẦNG- 3PN- NHỈNH 6 TỶ XÍU,"Bình Thạnh, Thành phố Hồ Chí Minh",6400000000.0,40.0,3.0,TP.HCM (lõi cũ),Nhà ở/Nhà phố,160000000.0
https://nhadat.cafeland.vn/ban-nha-rieng-nha-2-tang-binh-tan-hem-xe-hoi-thong-gan-le-thuc-hoach-3183234.html,"Bán nhà riêng: Nhà 2 tầng Bình Tân, hẻm xe hơi thông, gần Lê Thúc Hoạch","Bình Hưng Hòa, Thành phố Hồ Chí Minh",4000000000.0,49.2,,TP.HCM (lõi cũ),Nhà ở/Nhà phố,81300813.00813007
https://nhadat.cafeland.vn/can-tien-sang-gap-lo-dat-tai-dinh-cu-lien-ke-da-vin-hoocmoon-1ty5-0703463327-2489437.html,"Cần tiền sang gấp lô đất tái định cư, liền kề DA Vin hoocmoon, 1tỷ5 0703463327","Hóc Môn, Thành phố Hồ Chí Minh",1500000000.0,100.0,,TP.HCM (lõi cũ),Đất nền,15000000.0
https://nhadat.cafeland.vn/binh-hoa-thu-duc-dt-209m2-nha-1-tret-1-lau-mat-tien-kinh-doanh-gia-69-ty-3157864.html,BÌNH HÒA THỦ ĐỨC - DT 209M² - NHÀ 1 TRỆT 1 LẦU MẶT TIỀN KINH DOANH GIÁ 6.9 tỷ,"Bình Hòa, Thành phố Hồ Chí Minh",6900000000.0,209.0,3.0,Bình Dương (mới sáp nhập),Nhà ở/Nhà phố,33014354.066985644
https://nhadat.cafeland.vn/ban-can-ho-chung-cu-2-ty-2-ban-can-ho-eratown-quan-7-50m2-1pn-full-noi-that-3187921.html,"Bán căn hộ chung cư: 2 tỷ 2 Bán căn hộ Eratown Quận 7 50m² – 1PN, full nội thất","Phú Thuận, Thành phố Hồ Chí Minh",2200000000.0,50.0,1.0,TP.HCM (lõi cũ),Căn hộ/Chung cư,44000000.0
https://nhadat.cafeland.vn/mtkd-duong-cn11-gan-ke-aeon-mall-dt-60m2-4x15-kd-dinh-chi-83-ty-tl-2831827.html,"MTKD đường CN11, gần kề AEON Mall, dt 60m2, 4x15, KD đỉnh, Chỉ 8.3 tỷ TL","Tây Thạnh, Thành phố Hồ Chí Minh",8300000000.0,60.0,,TP.HCM (lõi cũ),Khác,138333333.33333334
https://nhadat.cafeland.vn/ban-nha-rieng-ban-nha-binh-tan-hxh-truong-phuoc-phan-2-tang-36m2-chi-465-ty-3187883.html,Bán nhà riêng: Bán nhà Bình Tân HXH Trương Phước Phan 2 tầng 36m2 chỉ 4.65 tỷ,"Bình Trị Đông, Thành phố Hồ Chí Minh",4650000000.0,36.0,2.0,TP.HCM (lõi cũ),Nhà ở/Nhà phố,129166666.66666667
https://nhadat.cafeland.vn/mtkd-go-dau-75m2-3-tang-4pn-vua-o-vua-kd-so-vuong-hoan-cong-du-107-ty-tl-2830232.html,"MTKD Gò Dầu, 75m2, 3 tầng, 4PN, vừa ở vừa KD, sổ vuông hoàn công đủ, 10.7 tỷ TL","Phú Thọ Hòa, Thành phố Hồ Chí Minh",10700000000.0,75.0,4.0,TP.HCM (lõi cũ),Khác,142666666.66666666
https://nhadat.cafeland.vn/ban-nha-duong-so-18bphuong-binh-hung-hoa-a-55m-x-16m-x-4-tang-81-ty-2557470.html,"BÁN NHÀ ĐƯỜNG SỐ 18B,PHƯỜNG BÌNH HƯNG HOÀ A (5,5m x 16m x 4 TẦNG) 8,1 TỶ","Bình Trị Đông, Thành phố Hồ Chí Minh",8100000000.0,87.0,4.0,TP.HCM (lõi cũ),Nhà ở/Nhà phố,93103448.27586207
https://nhadat.cafeland.vn/nha-go-vap-2-tang-52-m2-38x13m-no-hau-gan-dh-van-lang-2557405.html,"Nhà Gò Vấp 2 tầng- 52 m2 ( 3,8x13m)- nở hậu - Gần ĐH Văn Lang","An Nhơn, Thành phố Hồ Chí Minh",6390000000.0,52.0,,TP.HCM (lõi cũ),Nhà ở/Nhà phố,122884615.38461539
https://nhadat.cafeland.vn/ban-nha-biet-thu-dang-cap-shr-vuong-dep-duong-10m-thong-chu-xay-4tang-co-ham-xe-2287597.html,"BÁN NHÀ BIỆT THỰ ĐẲNG CẤP SHR VUÔNG ĐẸP ĐƯỜNG 10M THÔNG, CHỦ XÂY 4TẦNG CÓ HẦM XE","An Hội Đông, Thành phố Hồ Chí Minh",35500000000.0,232.0,,TP.HCM (lõi cũ),Biệt thự,153017241.37931034
https://nhadat.cafeland.vn/ban-nha-rieng-ban-nha-gan-khu-cong-nghiep-tan-binh-5x22m110m2-3-tam-3184931.html,"Bán nhà riêng: Bán nhà gần Khu công nghiệp Tân Bình, 5x22m(110m2 ) 3 Tấm","Tây Thạnh, Thành phố Hồ Chí Minh",9800000000.0,110.0,,TP.HCM (lõi cũ),Nhà ở/Nhà phố,89090909.0909091
https://nhadat.cafeland.vn/ban-nha-rieng-ban-nha-mt-trinh-thi-tho-pphu-thanh-qtp-69-ty-3187797.html,"Bán nhà riêng: Bán nhà MT Trịnh Thị Tho, P.Phú Thạnh, Q.TP, 6,9 tỷ","Phú Thạnh, Thành phố Hồ Chí Minh",6900000000.0,294.0,4.0,TP.HCM (lõi cũ),Nhà ở/Nhà phố,23469387.755102042
https://nhadat.cafeland.vn/ban-nha-tan-hoa-dongphuong-binh-tri-dong-4m-x-18m-x-2-tang-73-ty-tl-2478932.html,"BÁN NHÀ TÂN HOÀ ĐÔNG,PHƯỜNG BÌNH TRỊ ĐÔNG (4m x 18m x 2 TẦNG) 7,3 TỶ TL","Bình Trị Đông, Thành phố Hồ Chí Minh",7300000000.0,72.0,3.0,TP.HCM (lõi cũ),Nhà ở/Nhà phố,101388888.8888889
https://nhadat.cafeland.vn/sieu-pham-mat-tien-kinh-doanh-duong-12m-xay-moi-hien-dai-6tang-gara-thang-may-2290301.html,"SIÊU PHẨM MẶT TIỀN KINH DOANH ĐƯỜNG 12M, XÂY MỚI HIỆN ĐẠI 6TẦNG GARA + THANG MÁY","Thông Tây Hội, Thành phố Hồ Chí Minh",13890000000.0,56.0,,TP.HCM (lõi cũ),Khác,248035714.2857143
https://nhadat.cafeland.vn/can-ho-monrei-saigon-chuan-nhat-mitsubishi-gan-aeon-mall-2933195.html,"Căn Hộ Monrei Saigon Chuẩn Nhật Mitsubishi, gần AEON Mall.","Thuận Giao, Thành phố Hồ Chí Minh",2700000000.0,66.0,2.0,Bình Dương (mới sáp nhập),Căn hộ/Chung cư,40909090.90909091
https://nhadat.cafeland.vn/2-ty-co-the-so-huu-can-ho-song-day-la-3-gia-chu-y-tai-the-emerald-river-park-3181471.html,2 TỶ CÓ THỂ SỞ HỮU CĂN HỘ SÔNG? – ĐÂY LÀ 3 GIÁ CHÚ Ý TẠI THE EMERALD RIVER PARK,"Lái Thiêu, Thành phố Hồ Chí Minh",2000000000.0,40.0,,Bình Dương (mới sáp nhập),Căn hộ/Chung cư,50000000.0
https://nhadat.cafeland.vn/suat-noi-bo-nha-pho-gold-coast-vung-tau-so-huu-lau-dai-chi-6ty8-can-2829771.html,Suất nội bộ nhà phố Gold Coast Vũng Tàu sở hữu lâu dài chỉ 6ty8/ Căn,"Vũng Tàu, Thành phố Hồ Chí Minh",6800000000.0,120.0,,Bà Rịa - Vũng Tàu (mới sáp nhập),Nhà ở/Nhà phố,56666666.666666664
https://nhadat.cafeland.vn/ban-nha-rieng-ban-nha-3-tang-ngay-truc-tan-ky-tan-quy-binh-tan-4x14m-duo-3187828.html,"Bán nhà riêng: Bán Nhà 3 Tầng - Ngay Trục Tân Kỳ Tân Quý, Bình Tân - 4x14m - Đườ","Bình Hưng Hòa, Thành phố Hồ Chí Minh",6300000000.0,56.0,4.0,TP.HCM (lõi cũ),Nhà ở/Nhà phố,112500000.0
https://nhadat.cafeland.vn/ban-gap-can-ho-ngay-dai-lo-pham-van-dong-gia-chi-25-ty-tt-25400tr-nhan-nha-2811778.html,"Bán Gấp Căn Hộ Ngay Đại Lộ Phạm Văn Đồng Giá Chỉ 2,5 tỷ TT 25%~400tr Nhận Nhà","Linh Xuân, Thành phố Hồ Chí Minh",2500000000.0,55.0,2.0,TP.HCM (lõi cũ),Căn hộ/Chung cư,45454545.45454545
https://nhadat.cafeland.vn/ban-nha-rieng-chinh-chu-ban-nha-bai-say-ngay-cho-binh-tien-q6-382m2-hem-o-3189615.html,"Bán nhà riêng: Chính chủ bán nhà Bãi Sậy ngay chợ Bình Tiên Q6 – 38,2m² – Hẻm ô","Bình Tiên, Thành phố Hồ Chí Minh",5100000000.0,38.2,,TP.HCM (lõi cũ),Nhà ở/Nhà phố,133507853.40314135
https://nhadat.cafeland.vn/ban-can-ho-dich-vu-12-phong-thu-nhap-46-trieu-cat-lai-quan-2tp-thu-duc-2931752.html,"BÁN CĂN HỘ DỊCH VỤ 12 PHÒNG THU NHẬP 46 TRIỆU , CÁT LÁI , QUẬN 2,TP THỦ ĐỨC","Cát Lái, Thành phố Hồ Chí Minh",13500000000.0,119.0,12.0,TP.HCM (lõi cũ),Căn hộ/Chung cư,113445378.15126051
https://nhadat.cafeland.vn/ban-nha-trung-tam-quan-binh-tanphuong-an-lac-so-hong-rieng-75m2-3-tang-3170615.html,"BÁN NHÀ TRUNG TÂM QUẬN BÌNH TÂN,PHƯỜNG AN LẠC - SỔ HỒNG RIÊNG - 75m2 - 3 TẦNG","An Lạc, Thành phố Hồ Chí Minh",7500000000.0,75.0,4.0,TP.HCM (lõi cũ),Nhà ở/Nhà phố,100000000.0
https://nhadat.cafeland.vn/nha-cap-4-dt-8x25m-duong-10-khu-ly-phuc-man-p-binh-thuan-q7-2334753.html,nhà cấp 4 Dt 8x25m Đường 10 khu Lý Phục Man P bình Thuận Q7,"Tân Thuận, Thành phố Hồ Chí Minh",33000000000.0,200.0,,TP.HCM (lõi cũ),Nhà ở/Nhà phố,165000000.0
https://nhadat.cafeland.vn/ban-nha-rieng-ban-nha-binh-thanh-bui-dinh-tuy-4x16-1-lau-hem-45m-nha-moi-dep-3184920.html,"Bán nhà riêng: Bán nhà Bình Thạnh Bùi Đình Túy, 4x16 1 lầu hẻm 4,5m nhà mới đẹp","Bình Thạnh, Thành phố Hồ Chí Minh",8500000000.0,66.0,,TP.HCM (lõi cũ),Nhà ở/Nhà phố,128787878.78787878
https://nhadat.cafeland.vn/ban-dat-tho-cu-cap-dat-gs18-green-square-thai-binh-su-di-an-khu-phuc-hop-gree-3187594.html,Bán đất thổ cư: Cặp đất GS18 Green Square | Thái Bình SU Dĩ An khu phức hợp Gree,"Đông Hòa, Thành phố Hồ Chí Minh",19000000000.0,170.0,,Bình Dương (mới sáp nhập),Đất nền,111764705.88235295
https://nhadat.cafeland.vn/ban-nha-le-van-quoi-phuong-binh-tri-dong-so-hong-rieng-52m2-gia-84-ty-2931990.html,"Bán Nhà Lê Văn Quới, Phường Bình Trị Đông, Sổ Hồng Riêng 52m2 - Giá 8,4 Tỷ","Bình Trị Đông, Thành phố Hồ Chí Minh",8400000000.0,52.0,,TP.HCM (lõi cũ),Nhà ở/Nhà phố,161538461.53846154
https://nhadat.cafeland.vn/ban-can-goc-2-mat-tien-duong-so-52-56-phuong-an-phu-quan-2-2481707.html,"Bán căn góc 2 mặt tiền đường số 52 - 56, phường An Phú, Quận 2","An Khánh, Thành phố Hồ Chí Minh",34000000000.0,106.0,4.0,TP.HCM (lõi cũ),Khác,320754716.9811321
https://nhadat.cafeland.vn/tim-khu-biet-thu-vuon-ven-song-gia-con-tot-thu-duc-xem-ngay-jamona-home-resort-1902389.html,Tìm khu biệt thự vườn ven sông giá còn tốt Thủ Đức? Xem Ngay Jamona Home Resort,"Hiệp Bình, Thành phố Hồ Chí Minh",16500000000.0,212.0,,TP.HCM (lõi cũ),Biệt thự,77830188.67924528
https://nhadat.cafeland.vn/ban-dat-tho-cu-co-hoi-so-huu-dat-nen-dong-thanh-hoc-mon-so-hong-rieng-gia-cu-3185803.html,"Bán đất thổ cư: Cơ hội sở hữu đất nền Đông Thạnh, Hóc Môn, sổ hồng riêng, giá cự","Đông Thạnh, Thành phố Hồ Chí Minh",2090000000.0,83.2,,TP.HCM (lõi cũ),Đất nền,25120192.307692308
https://nhadat.cafeland.vn/ban-dat-dep-5-x19m-mt-duong-khu-sang-trong-tran-nao-binh-an-quan-2gia-162-ty-2237600.html,"Bán đất đẹp 5 x19m MT đường khu sang trọng Trần Não, Bình An Quận 2,giá 16.2 tỷ","An Khánh, Thành phố Hồ Chí Minh",16200000000.0,95.0,,TP.HCM (lõi cũ),Đất nền,170526315.78947368
https://nhadat.cafeland.vn/ban-nha-rieng-day-tro-10-phong-dong-tien-15trthang-115-ty-ngay-kcn-tay-bac-3183279.html,"Bán nhà riêng: Dãy trọ 10 phòng, dòng tiền 15tr/tháng, 1,15 tỷ, ngay KCN Tây Bắc","Tân An Hội, Thành phố Hồ Chí Minh",1150000000.0,280.0,10.0,TP.HCM (lõi cũ),Nhà ở/Nhà phố,4107142.8571428573
https://nhadat.cafeland.vn/nha-7x20m-ham-5-tang-le-thi-cho-phuong-phu-thuan-quan-7-co-15p-tn-76trth-2285739.html,nhà 7x20m hầm 5 tầng lê thị chợ phường phú thuận Quận 7. cố 15P TN 76tr/th,"Phú Thuận, Thành phố Hồ Chí Minh",26000000000.0,140.0,15.0,TP.HCM (lõi cũ),Nhà ở/Nhà phố,185714285.7142857
https://nhadat.cafeland.vn/ban-nha-rieng-cuc-depnha-moi-100-binh-phu-1-4x19m-4-tang-7pn-sat-mt-binh-p-3189747.html,Bán nhà riêng: CỰC ĐẸPNhà mới 100% Bình Phú 1 - 4x19m 4 tầng 7PN SÁT MT BÌNH P,"Bình Phú, Thành phố Hồ Chí Minh",13600000000.0,74.0,7.0,TP.HCM (lõi cũ),Nhà ở/Nhà phố,183783783.7837838
https://nhadat.cafeland.vn/ban-nha-rieng-55m2-7pn-co-phong-ngu-tret-full-noi-that-hem-xe-hoi-5m-xo-vie-3183185.html,"Bán nhà riêng: 55m2, 7PN (có phòng ngủ trệt), full nội thất hẻm xe hơi 5m Xô Viế","Bình Thạnh, Thành phố Hồ Chí Minh",8500000000.0,55.0,7.0,TP.HCM (lõi cũ),Nhà ở/Nhà phố,154545454.54545453
https://nhadat.cafeland.vn/ban-nha-rieng-kdc-nam-hung-vuong-4-tang-dt-4x18m-7-ty-hon-co-le-3m-hem-xe-3187895.html,Bán nhà riêng: Kdc nam hùng vương. 4 tầng. dt 4x18m. 7 tỷ hơn. có lề 3m. hẻm xe,"An Lạc, Thành phố Hồ Chí Minh",7500000000.0,72.0,5.0,TP.HCM (lõi cũ),Nhà ở/Nhà phố,104166666.66666667
https://nhadat.cafeland.vn/p-nhieu-loc-ban-nha-moi-2-mat-thoang-tran-quoc-thao-full-noi-that-gia-65-ty-2289726.html,[P. Nhiêu Lộc] Bán Nhà Mới 2 Mặt Thoáng–Trần Quốc Thảo–Full Nội Thất–Giá 6.5 Tỷ,"Nhiêu Lộc, Thành phố Hồ Chí Minh",6500000000.0,42.0,,TP.HCM (lõi cũ),Nhà ở/Nhà phố,154761904.76190478
https://nhadat.cafeland.vn/ban-can-2pn2wc-dt84m2-tang-7-chung-cu-era-town-duc-khai-q7-hcm-2831644.html,"Bán căn 2PN2WC DT84m2 tầng 7 chung cư Era Town Đức Khải, Q7, HCM","Phú Mỹ, Thành phố Hồ Chí Minh",3400000000.0,84.0,2.0,TP.HCM (lõi cũ),Căn hộ/Chung cư,40476190.47619048
https://nhadat.cafeland.vn/ban-dat-tho-cu-dat-dep-gia-mem-4x15m-duong-7m-via-he-tan-thoi-hiep-15-3186740.html,Bán đất thổ cư: Đất đẹp giá mềm 4x15m đường 7m vỉa hè Tân Thới Hiệp 15,"Tân Thới Hiệp, Thành phố Hồ Chí Minh",3800000000.0,60.0,,TP.HCM (lõi cũ),Đất nền,63333333.333333336
https://nhadat.cafeland.vn/ban-can-ho-habitat-gd-3-nhan-nha-o-ngay-gia-chu-dau-tu-chiet-khau-9-2288337.html,"Bán căn hộ Habitat GĐ 3 nhận nhà ở ngay , giá chủ đầu tư, chiết khấu 9%.","Bình Hòa, Thành phố Hồ Chí Minh",2900000000.0,79.0,,Bình Dương (mới sáp nhập),Căn hộ/Chung cư,36708860.75949367
https://nhadat.cafeland.vn/ban-dat-tho-cu-dat-vip-ngang-10m-cuc-hiem-1-buoc-qua-go-vap-sat-bo-ke-duong-6m-3183984.html,Bán đất thổ cư: Đất vip ngang 10m cực hiếm 1 bước qua gò vấp sát bờ kè đường 6m,"An Phú Đông, Thành phố Hồ Chí Minh",10000000000.0,190.0,,TP.HCM (lõi cũ),Đất nền,52631578.94736842
https://nhadat.cafeland.vn/sieu-pham-5-tang-hxh-hoang-xuan-hoanh-60m2-66x11-5pn-full-noi-that-86-ty-2486890.html,"Siêu phẩm 5 tầng HXH Hoàng Xuân Hoành, 60m2, 6.6x11, 5PN, full nội thất, 8.6 tỷ","Tân Phú, Thành phố Hồ Chí Minh",8600000000.0,60.0,5.0,TP.HCM (lõi cũ),Khác,143333333.33333334
https://nhadat.cafeland.vn/ban-dat-tho-cu-ban-dat-re-dep-hxh-4x20-7434-duong-so-9-p16-go-vap-citypland-3188484.html,Bán đất thổ cư: Bán đất rẻ đẹp HXH (4x20) 74/34 Đường số 9 p16 Gò Vấp Citypland,"An Hội Đông, Thành phố Hồ Chí Minh",6000000000.0,92.0,,TP.HCM (lõi cũ),Đất nền,65217391.30434783
https://nhadat.cafeland.vn/gio-hang-dep-ma-vn85-09-vinhomes-green-paradise-can-gio-dien-tich-3019m2-xem-gia-tot-ngay-2489228.html,"Giỏ hàng đẹp mã VN85-09 Vinhomes Green Paradise Cần Giờ diện tích 301,9m2 xem giá tốt ngay","Cần Giờ, Thành phố Hồ Chí Minh",34510000000.0,301.9,,TP.HCM (lõi cũ),Khác,114309373.96488905
https://nhadat.cafeland.vn/ban-nha-rieng-ban-nha-moi-dep-tran-xuan-soan-quan-7-3184055.html,Bán nhà riêng: bán nhà mới đẹp trần xuân soạn – quận 7,"Tân Hưng, Thành phố Hồ Chí Minh",2280000000.0,11.8,,TP.HCM (lõi cũ),Nhà ở/Nhà phố,193220338.98305082
https://nhadat.cafeland.vn/ban-nha-rieng-nha-moi-xinh-xan-hem-xe-hoi-thong-tai-hoc-mon-3185804.html,Bán nhà riêng: Nhà mới xinh xắn hẻm xe hơi thông tại Hóc Môn,"Đông Thạnh, Thành phố Hồ Chí Minh",2500000000.0,49.5,,TP.HCM (lõi cũ),Nhà ở/Nhà phố,50505050.5050505
https://nhadat.cafeland.vn/ban-nha-rieng-nhinh-6-ty-40m2-sat-phan-xich-long-h3g-o-ngay-3184500.html,Bán nhà riêng: Nhỉnh 6 tỷ - 40m2 - Sát Phan Xích Long - H3G - Ở ngay,"Cầu Kiệu, Thành phố Hồ Chí Minh",6500000000.0,40.0,3.0,TP.HCM (lõi cũ),Nhà ở/Nhà phố,162500000.0
https://nhadat.cafeland.vn/ban-nha-rieng-chinh-chu-gui-ban-nha-pho-lien-ke-hem-oto-duong-so-39-pbinh-trun-3189175.html,Bán nhà riêng: Chính Chủ Gửi Bán Nhà Phố Liền Kề Hẻm Oto Đường Số 39 P.Bình Trưn,"Bình Trưng, Thành phố Hồ Chí Minh",15500000000.0,115.0,39.0,TP.HCM (lõi cũ),Nhà ở/Nhà phố,134782608.6956522
https://nhadat.cafeland.vn/the-prive-3-mat-giap-song-tien-gan-cot-moc-cat-noc-102026-3178535.html,The Prive – 3 Mặt Giáp Sông tiến gần cột móc cất nóc 10/2026,"An Phú, Thành phố Hồ Chí Minh",7000000000.0,50.0,,Bình Dương (mới sáp nhập),Khác,140000000.0
https://nhadat.cafeland.vn/ban-dat-tho-cu-120m2-dat-linh-xuan-hxh-quy-hoach-mat-tien-16m-gia-445-ty-3189031.html,"Bán đất thổ cư: 120m² Đất Linh Xuân – HXH, Quy Hoạch Mặt Tiền 16M – Giá 4,45 Tỷ","Linh Xuân, Thành phố Hồ Chí Minh",4000000000.0,120.0,,TP.HCM (lõi cũ),Đất nền,33333333.333333332
https://nhadat.cafeland.vn/ban-nha-rieng-mat-tien-kinh-doanh-dinh-5-tang-hoang-ngoc-phach-trung-tam-tan-p-3187770.html,"Bán nhà riêng: Mặt tiền kinh doanh đỉnh 5 tầng Hoàng Ngọc Phách, trung tâm Tân P","Phú Thọ Hòa, Thành phố Hồ Chí Minh",23200000000.0,130.0,6.0,TP.HCM (lõi cũ),Nhà ở/Nhà phố,178461538.46153846
https://nhadat.cafeland.vn/nha-mat-tien-thanh-xuan-13-1-tret-1-lau-3-p-ngu-gia-42-ty-2933681.html,"Nhà mặt tiền Thạnh Xuân 13. (1 trệt. 1 lầu. 3 P. Ngủ) giá: 4,2 tỷ","Thới An, Thành phố Hồ Chí Minh",4200000000.0,54.0,3.0,TP.HCM (lõi cũ),Nhà ở/Nhà phố,77777777.77777778
https://nhadat.cafeland.vn/ban-nha-rieng-ban-nha-vuon-mai-nhat-sieu-dep-14m-mat-duong-nhua-xa-dat-do-t-3187670.html,Bán nhà riêng: Bán nhà vườn mái Nhật siêu đẹp 14m mặt đường nhựa - xã Đất Đỏ - T,"Đất Đỏ, Thành phố Hồ Chí Minh",3200000000.0,312.0,,Bà Rịa - Vũng Tàu (mới sáp nhập),Đất nền,10256410.256410256
https://nhadat.cafeland.vn/ban-can-ho-phu-my-2pn-2wc-full-noi-that-tang-cao-gia-24-ty-2326066.html,"Bán Căn Hộ Phú Mỹ 2PN, 2WC Full Nội Thất Tầng Cao, Giá 2,4 tỷ","Phú Mỹ, Thành phố Hồ Chí Minh",2400000000.0,65.0,2.0,TP.HCM (lõi cũ),Căn hộ/Chung cư,36923076.92307692
https://nhadat.cafeland.vn/ban-can-ho-chung-cu-trellia-vista-t3-lo-trinh-da-ro-thoi-diem-de-khach-hang-qu-3187952.html,"Bán căn hộ chung cư: Trellia Vista T3 Lộ trình đã rõ, thời điểm để khách hàng qu","Bình Hưng, Thành phố Hồ Chí Minh",4080000000.0,60.0,,TP.HCM (lõi cũ),Căn hộ/Chung cư,68000000.0
https://nhadat.cafeland.vn/ban-nha-rieng-60m-duong-to-ky-hxh-2-tang-3184424.html,Bán nhà riêng: 60m - đường tô ký -hxh-2 tầng,"Tân Thới Hiệp, Thành phố Hồ Chí Minh",3150000000.0,60.0,,TP.HCM (lõi cũ),Nhà ở/Nhà phố,52500000.0
https://nhadat.cafeland.vn/nha-pho-4-lau-hem-364-duong-quang-ham-130m2-ngang-5m-tien-kd-khach-san-198-ty-3188911.html,Nhà phố 4 lầu hẻm 364/ Dương Quảng Hàm 130m2 ngang 5m tiện KD khách sạn 19.8 tỷ,"An Nhơn, Thành phố Hồ Chí Minh",19800000000.0,130.0,,TP.HCM (lõi cũ),Nhà ở/Nhà phố,152307692.30769232
https://nhadat.cafeland.vn/nha-view-cong-vien-thoang-mat-hem-8m-go-dau-74m2-ngang-45m-4-tang-117-ty-2820719.html,"Nhà View Công viên thoáng mát, hẻm 8m Gò Dầu, 74m2, ngang 4.5m, 4 tầng, 11.7 tỷ","Tân Sơn Nhì, Thành phố Hồ Chí Minh",11700000000.0,74.0,,TP.HCM (lõi cũ),Nhà ở/Nhà phố,158108108.1081081
https://nhadat.cafeland.vn/ban-nha-rieng-nha-dep-mat-tien-35-tang-gia-659-ty-khu-dan-cu-duong-nguyen-3182351.html,"Bán nhà riêng: Nhà đẹp mặt tiền, 3,5 tầng, giá 6,59 tỷ, khu dân cư đường Nguyễn","Hiệp Phước, Thành phố Hồ Chí Minh",6590000000.0,200.6,4.0,TP.HCM (lõi cũ),Nhà ở/Nhà phố,32851445.66301097
https://nhadat.cafeland.vn/chuyen-nhuong-lo-dat-goc-2-mat-tien-khu-dan-cu-van-minh-phuong-an-phu-quan-2-2480878.html,"Chuyển nhượng lô đất góc 2 mặt tiền khu dân cư văn minh, phường An Phú, quận 2","An Khánh, Thành phố Hồ Chí Minh",29121000000.0,114.2,,TP.HCM (lõi cũ),Đất nền,255000000.0
https://nhadat.cafeland.vn/ban-nha-rieng-ban-gap-giam-con-68-ty-gan-mat-tien-hem-8m-xvnt-p26-bt-d-3184436.html,"Bán nhà riêng: Bán gấp - Giảm còn 6,8 tỷ - Gần mặt tiền - Hẻm 8m XVNT P26 BT - D","Bình Thạnh, Thành phố Hồ Chí Minh",6800000000.0,44.0,,TP.HCM (lõi cũ),Nhà ở/Nhà phố,154545454.54545453
https://nhadat.cafeland.vn/ban-nha-1-duong-xe-tai-tt-go-vap-nha-shr-dep-5-tang-gara-oto-khu-an-ninh-2287497.html,"BÁN NHÀ 1/ ĐƯỜNG XE TẢI TT GÒ VẤP, NHÀ SHR ĐẸP, 5 TẦNG GARA ÔTÔ, KHU AN NINH","Gò Vấp, Thành phố Hồ Chí Minh",11999000000.0,88.0,,TP.HCM (lõi cũ),Nhà ở/Nhà phố,136352272.72727272
https://nhadat.cafeland.vn/suat-noi-bo-gia-tot-lo-goc-cuc-dep-trong-khu-do-thi-bac-sai-gon-gan-kcn-vsip-2-3189942.html,"Suất nội bộ giá tốt, lô góc cực đẹp trong khu đô thị Bắc Sài Gòn, gần KCN VSIP 2","Phước Hòa, Thành phố Hồ Chí Minh",1200000000.0,100.0,,Bình Dương (mới sáp nhập),Khác,12000000.0
https://nhadat.cafeland.vn/nha-lo-goc-ngang-36m-43m2-5pn-3-tang-san-thuong-dang-co-dong-tien-san-co-2935799.html,"Nhà lô góc, ngang 3.6m, 43m2, 5pn, 3 tầng (sân thượng). Đang có dòng tiền sẵn có","Bàn Cờ, Thành phố Hồ Chí Minh",8000000000.0,43.0,5.0,TP.HCM (lõi cũ),Nhà ở/Nhà phố,186046511.62790698
https://nhadat.cafeland.vn/hot-hot-hem-1-tan-thanh-tan-phu-nha-3-tang-dt-hon-20m2-gia-nhinh-3d-3179365.html,"HOT HOT… HẺM 1/ TÂN THÀNH, TÂN PHÚ - NHÀ 3 TẦNG - DT HƠN 20m2 - GIÁ NHỈNH 3Đ","Tân Phú, Thành phố Hồ Chí Minh",3350000000.0,21.0,,TP.HCM (lõi cũ),Nhà ở/Nhà phố,159523809.52380952
https://nhadat.cafeland.vn/ban-nha-rieng-nha-xinh-quan-12-no-hau-tai-loc-hem-nhua-xe-tai-3185657.html,"Bán nhà riêng: Nhà xinh Quận 12, nở hậu tài lộc, hẻm nhựa xe tải","An Phú Đông, Thành phố Hồ Chí Minh",6000000000.0,67.5,,TP.HCM (lõi cũ),Nhà ở/Nhà phố,88888888.8888889
https://nhadat.cafeland.vn/ban-nha-rieng-nha-duong-thi-muoi-q12-gia-re-3183982.html,Bán nhà riêng: Nhà dương thị mười q12 giá rẻ,"Tân Thới Hiệp, Thành phố Hồ Chí Minh",2350000000.0,25.0,4.0,TP.HCM (lõi cũ),Nhà ở/Nhà phố,94000000.0
https://nhadat.cafeland.vn/ban-nha-kinh-duong-vuong-binh-tan-hem-8m-so-hong-rieng-125m2-gia-129-t-3160140.html,"BÁN NHÀ KINH DƯƠNG VƯƠNG, BÌNH TÂN - HẺM 8M - SỔ HỒNG RIÊNG - 125M² - GIÁ 12,9 T","An Lạc, Thành phố Hồ Chí Minh",12900000000.0,125.0,,TP.HCM (lõi cũ),Nhà ở/Nhà phố,103200000.0
https://nhadat.cafeland.vn/ban-nha-mt-duong-oto-thong-shr-vuong-dep-162m2-6625m-tien-xay-moi-toa-nha-2286049.html,"BÁN NHÀ MT ĐƯỜNG ÔTÔ THÔNG, SHR VUÔNG ĐẸP 162M2 (6.6×25M), TIỆN XÂY MỚI TOÀ NHÀ","Thông Tây Hội, Thành phố Hồ Chí Minh",19490000000.0,162.0,,TP.HCM (lõi cũ),Nhà ở/Nhà phố,120308641.97530864
https://nhadat.cafeland.vn/gio-hang-essensia-broadway-truc-tiep-chu-dau-tu-chiet-khau-khung-2323900.html,"Giỏ hàng Essensia Broadway trực tiếp chủ đầu tư, chiết khấu khủng","Nhà Bè, Thành phố Hồ Chí Minh",36800000000.0,172.5,,TP.HCM (lõi cũ),Khác,213333333.33333334
https://nhadat.cafeland.vn/ban-can-ho-chung-cu-ban-nhanh-can-ho-mizuki-mp678-78m2-2pn-2wc-da-co-so-hong-3184956.html,"Bán căn hộ chung cư: Bán nhanh căn hộ MIZUKI MP6,7,8 78m2 2PN 2WC đã có sổ Hồng","Bình Hưng, Thành phố Hồ Chí Minh",4400000000.0,78.0,2.0,TP.HCM (lõi cũ),Căn hộ/Chung cư,56410256.41025641
https://nhadat.cafeland.vn/ban-nha-rieng-ngoi-nha-thiet-ke-hien-dai-le-van-tho-go-go-vap-2-ty-045-tl-3189169.html,Bán nhà riêng: Ngôi nhà thiết kế HIỆN ĐẠI LÊ VĂN THỌ GÒ GÒ VẤP 2 tỷ 045 TL,"An Hội Đông, Thành phố Hồ Chí Minh",2045000000.0,32.4,2.0,TP.HCM (lõi cũ),Nhà ở/Nhà phố,63117283.95061728
https://nhadat.cafeland.vn/ban-nha-rieng-nha-dep-duong-thoi-an-19-52m2-2-tang-don-vao-o-ngay-so-ho-3186736.html,Bán nhà riêng: Nhà đẹp đường Thới An 19 - 52m2 - 2 tầng - dọn vào ở ngay - sổ hồ,"Thới An, Thành phố Hồ Chí Minh",4360000000.0,52.0,,TP.HCM (lõi cũ),Nhà ở/Nhà phố,83846153.84615384
https://nhadat.cafeland.vn/can-ho-tai-truc-pham-van-dong-da-cat-noc-tt-15-so-huu-ngay-2557412.html,CĂN HỘ TẠI TRỤC PHẠM VĂN ĐỒNG ĐÃ CẤT NÓC TT 15% SỞ HỮU NGAY !,"Dĩ An, Thành phố Hồ Chí Minh",3300000000.0,55.0,1.0,Bình Dương (mới sáp nhập),Căn hộ/Chung cư,60000000.0
https://nhadat.cafeland.vn/ban-nha-mat-tien-m8b-that-son-phuong-15-quan-10-2285820.html,"BÁN NHÀ MẶT TIỀN M8B THẤT SƠN – PHƯỜNG 15, QUẬN 10","Hòa Hưng, Thành phố Hồ Chí Minh",36500000000.0,152.0,,TP.HCM (lõi cũ),Nhà ở/Nhà phố,240131578.9473684
https://nhadat.cafeland.vn/ban-dat-tho-cu-vi-tri-dep-bui-thi-xuan-p-ben-thanh-hem-dep-2-thoang-73m2-be-nga-3184403.html,Bán đất thổ cư: Vị trí đẹp Bùi Thị Xuân P Bến Thành Hẻm Đẹp 2 Thoáng 73M2 bề nga,"Bến Thành, Thành phố Hồ Chí Minh",18000000000.0,73.0,,TP.HCM (lõi cũ),Đất nền,246575342.46575344
https://nhadat.cafeland.vn/mt-d11-khu-an-ninh-dong-bo-100m2-4-tang-6pn-khong-lo-gioi-chi-145-ty-2832032.html,"MT D11 khu an ninh, đồng bộ, 100m2, 4 tầng, 6PN, không lộ giới, Chỉ 14.5 tỷ","Tây Thạnh, Thành phố Hồ Chí Minh",14500000000.0,100.0,6.0,TP.HCM (lõi cũ),Khác,145000000.0
https://nhadat.cafeland.vn/ban-nha-rieng-ban-nha-tan-hoa-dong-giap-q6-55m-4pn-ngu-tret-hem-o-to-nhin-3187846.html,"Bán nhà riêng: Bán nhà Tân Hòa Đông, giáp Q6, 55m, 4PN, ngủ trệt, hẻm ô tô, nhỉn","Bình Trị Đông, Thành phố Hồ Chí Minh",4000000000.0,55.0,4.0,TP.HCM (lõi cũ),Nhà ở/Nhà phố,72727272.72727273
https://nhadat.cafeland.vn/ban-shophouse-safira-khang-dien-quan-9-3190049.html,Bán Shophouse Safira Khang Điền quận 9,"Thủ Đức, Thành phố Hồ Chí Minh",9500000000.0,157.0,,TP.HCM (lõi cũ),Khác,60509554.14012739
https://nhadat.cafeland.vn/dat-kdc-gia-1ty250-gan-bxq8-so-rieng-cong-chung-ngay-2931066.html,"Đất KDC giá 1tỷ250 gần BXQ8, sổ riêng công chứng ngay","Bình Hưng, Thành phố Hồ Chí Minh",1250000000.0,100.0,,TP.HCM (lõi cũ),Đất nền,12500000.0
https://nhadat.cafeland.vn/ban-nha-mat-pho-thien-phuoc-15-ty-199m2-view-dep-tan-binh-hcm-2273042.html,"Bán nhà mặt phố Thiên Phước, 15..... tỷ, 199m2, view đẹp, Tân Bình, HCM","Tân Hòa, Thành phố Hồ Chí Minh",15600000000.0,60.0,3.0,TP.HCM (lõi cũ),Nhà ở/Nhà phố,260000000.0
https://nhadat.cafeland.vn/chinh-chu-ngop-ngan-hangcan-ban-nha-duong-nguyen-huu-tri-1ty2-canso-rieng-2280032.html,"chính chủ ngộp ngân hàng,cần bán nhà đường Nguyễn Hữu Trí, 1tỷ2/ căn,sổ riêng","Bình Chánh, Thành phố Hồ Chí Minh",1200000000.0,60.0,,TP.HCM (lõi cũ),Nhà ở/Nhà phố,20000000.0
https://nhadat.cafeland.vn/ban-nha-rieng-hon-7-ty-4-tang-dt-4x18m-hem-6m-co-le-3m-no-hau-kdc-nam-hun-3187821.html,Bán nhà riêng: Hơn 7 tỷ. 4 tầng. Dt 4x18m. Hẻm 6m. Có lề 3m. Nở hậu. KDC Nam Hùn,"An Lạc, Thành phố Hồ Chí Minh",7450000000.0,68.0,5.0,TP.HCM (lõi cũ),Nhà ở/Nhà phố,109558823.52941176
https://nhadat.cafeland.vn/ban-nha-mat-tien-noi-bo-le-hong-phong-quan-10-2481889.html,"Bán nhà mặt tiền nội bộ Lê Hồng Phong, Quận 10","Hòa Hưng, Thành phố Hồ Chí Minh",40000000000.0,121.0,,TP.HCM (lõi cũ),Nhà ở/Nhà phố,330578512.39669424
https://nhadat.cafeland.vn/ban-can-ho-tran-cao-5m3-thiet-ke-doc-la-pham-van-dong-thanh-toan-15-nhan-nha-2509607.html,BÁN CĂN HỘ TRẦN CAO 5M3 THIẾT KẾ ĐỘC LẠ PHẠM VĂN ĐỒNG- THANH TOÁN 15% NHẬN NHÀ,"Thủ Đức, Thành phố Hồ Chí Minh",3150000000.0,55.0,2.0,TP.HCM (lõi cũ),Căn hộ/Chung cư,57272727.27272727
https://nhadat.cafeland.vn/ban-nha-rieng-ban-nha-1tr-3-lau-hem-duong-binh-gia-p-tam-thang-tp-hcm-3187672.html,Bán nhà riêng: Bán nhà 1tr 3 lầu hẻm đường Bình Giã P Tam Thắng TP HCM,"Tam Thắng, Thành phố Hồ Chí Minh",7200000000.0,57.0,,Bà Rịa - Vũng Tàu (mới sáp nhập),Nhà ở/Nhà phố,126315789.4736842
https://nhadat.cafeland.vn/ban-nha-rieng-nha-6-tang-1-pham-van-dong-cach-mt-duong-20m-co-thang-may-dt-4-3184466.html,"Bán nhà riêng: Nhà 6 tầng 1/ Phạm Văn Đồng, cách MT đường 20m có thang máy DT: 4","Bình Lợi Trung, Thành phố Hồ Chí Minh",12500000000.0,70.0,,TP.HCM (lõi cũ),Nhà ở/Nhà phố,178571428.57142857
https://nhadat.cafeland.vn/chuyen-nhuong-nha-mat-tien-duong-than-van-nhiep-phuong-an-phu-quan-2-2481525.html,"Chuyển nhượng nhà mặt tiền đường Thân Văn Nhiếp, phường An Phú, quận 2","An Khánh, Thành phố Hồ Chí Minh",27000000000.0,119.0,,TP.HCM (lõi cũ),Nhà ở/Nhà phố,226890756.30252102
https://nhadat.cafeland.vn/ban-nha-rieng-ban-nha-4-tang-5pn-5wc-1pk-1-bep-200m2-le-thi-rieng-thoi-an-q1-3187736.html,"Bán nhà riêng: Bán nhà 4 tầng 5PN 5WC 1PK 1 Bếp 200m2 /Lê Thị Riêng, Thới An, Q1","Thới An, Thành phố Hồ Chí Minh",6950000000.0,76.0,5.0,TP.HCM (lõi cũ),Nhà ở/Nhà phố,91447368.42105263
https://nhadat.cafeland.vn/nhan-booking-nha-pho-vinhomes-hoc-mon-mo-ban-06062026-tra-truoc-tu-1-ty-4-2831784.html,Nhận Booking Nhà Phố Vinhomes Hóc Môn Mở Bán 06/06/2026 - Trả Trước Từ 1 tỷ 4,"Hóc Môn, Thành phố Hồ Chí Minh",4800000000.0,50.0,,TP.HCM (lõi cũ),Nhà ở/Nhà phố,96000000.0
https://nhadat.cafeland.vn/ban-can-ho-chung-cu-m-one-nam-sai-gon-365-ty-349-m2-gia-tot-nhieu-tien-ich-3180681.html,"Bán căn hộ chung cư M-One Nam Sài Gòn, 3,65 tỷ, 34,9 m2, giá tốt, nhiều tiện ích","Tân Hưng, Thành phố Hồ Chí Minh",3650000000.0,35.0,,TP.HCM (lõi cũ),Căn hộ/Chung cư,104285714.28571428
https://nhadat.cafeland.vn/ban-nha-goc-2-mat-tien-cmt8-quan-10-dong-tien-on-dinh-2477169.html,"Bán nhà góc 2 mặt tiền CMT8, Quận 10 – dòng tiền ổn định","Hòa Hưng, Thành phố Hồ Chí Minh",39800000000.0,192.0,,TP.HCM (lõi cũ),Nhà ở/Nhà phố,207291666.66666666
https://nhadat.cafeland.vn/ban-can-goc-2-mat-tien-khu-dan-cu-thoi-bao-kinh-te-q9-vi-tri-dep-gia-182-ty-3179955.html,"Bán căn góc 2 mặt tiền khu dân cư Thời báo kinh tế Q9. Vị trí đẹp, giá 18,2 tỷ","Long Trường, Thành phố Hồ Chí Minh",18200000000.0,148.0,15.0,TP.HCM (lõi cũ),Khác,122972972.97297297
https://nhadat.cafeland.vn/ban-biet-thu-ban-nha-pho-vinhomes-green-paradise-can-gio-1-tret-3-lau-gia-114-3184089.html,"Bán biệt thự: Bán nhà phố Vinhomes Green Paradise Cần Giờ, 1 trệt 3 lầu giá 11,4","Cần Giờ, Thành phố Hồ Chí Minh",11400000000.0,75.0,,TP.HCM (lõi cũ),Biệt thự,152000000.0
https://nhadat.cafeland.vn/ban-nha-rieng-nha-dep-trung-my-tay-2a-nguyen-thi-tren-chi-46-ty-3183160.html,Bán nhà riêng: Nhà Đẹp Trung Mỹ Tây 2A ( Nguyễn Thị Trên) _ Chỉ 4.6 tỷ,"Trung Mỹ Tây, Thành phố Hồ Chí Minh",4600000000.0,65.0,,TP.HCM (lõi cũ),Nhà ở/Nhà phố,70769230.76923077
https://nhadat.cafeland.vn/nha-ban-hem-le-van-sy-dt-5mx9m-5-tang-hdt-22trthang-3179290.html,"Nhà Bán Hẻm Lê Văn Sỹ, DT 5mx9m, 5 Tầng, HĐT 22tr/tháng","Phú Nhuận, Thành phố Hồ Chí Minh",8900000000.0,42.0,,TP.HCM (lõi cũ),Nhà ở/Nhà phố,211904761.9047619
https://nhadat.cafeland.vn/ban-can-ho-chung-cu-ban-2-3188505.html,Bán căn hộ chung cư: Bán | 𝐓𝐇𝐄 𝐌𝐀𝐑𝐐 𝐃𝐈𝐒𝐓𝐑𝐈𝐂𝐓 𝟏 𝟐𝐏𝐍 | 𝟐𝐖𝐂 | 𝟕𝟐𝐌² |,"Sài Gòn, Thành phố Hồ Chí Minh",4380000000.0,72.0,,TP.HCM (lõi cũ),Căn hộ/Chung cư,60833333.333333336
https://nhadat.cafeland.vn/chuyen-nhuong-nha-khu-a-khu-do-thi-an-phu-duong-9a-an-khanh-quan-2-2481906.html,"Chuyển nhượng nhà khu A, khu đô thị An Phú, đường 9A An Khánh, quận 2","An Khánh, Thành phố Hồ Chí Minh",25000000000.0,100.0,,TP.HCM (lõi cũ),Nhà ở/Nhà phố,250000000.0
https://nhadat.cafeland.vn/can-ho-hqc-hoc-mon-60m-gia-12-tyban-cong2pn2-tolet-2270494.html,"CĂN HỘ HQC HÓC MÔN 60m giá 1.2 TỶ,BAN CÔNG,2PN,2 TOLET","Bình Hưng Hòa, Thành phố Hồ Chí Minh",1200000000.0,60.0,2.0,TP.HCM (lõi cũ),Căn hộ/Chung cư,20000000.0
https://nhadat.cafeland.vn/ban-dat-tho-cuduong-hoa-binhquan-11-4m-x-25m-gia-95-ty-tl-2289513.html,"BÁN ĐẤT THỔ CƯ,ĐƯỜNG HOÀ BÌNH,QUẬN 11 (4m x 25m) GIÁ 9,5 TỶ TL","Hòa Bình, Thành phố Hồ Chí Minh",9500000000.0,100.0,,TP.HCM (lõi cũ),Đất nền,95000000.0
https://nhadat.cafeland.vn/195-ty-518m2-12-phut-vinhomes-vd3-24-phut-metro-duong-13m-khong-ngap-2932841.html,"1.95 tỷ 51.8m2 - 12 phút Vinhomes, VD3 - 24 phút Metro - Đường 13m, không ngập","Long Phước, Thành phố Hồ Chí Minh",1950000000.0,51.8,,TP.HCM (lõi cũ),Khác,37644787.64478765
https://nhadat.cafeland.vn/ban-nha-rieng-ban-nha-1-tret-3-lau-hem-188-duong-lo-lu-ngay-ch-gamuda-land-q-3188390.html,"Bán nhà riêng: Bán Nhà 1 Trệt 3 Lầu Hẻm 188 Đường Lò Lu, Ngay CH Gamuda Land , Q","Long Phước, Thành phố Hồ Chí Minh",7980000000.0,55.0,,TP.HCM (lõi cũ),Nhà ở/Nhà phố,145090909.0909091
https://nhadat.cafeland.vn/chuyen-nhuong-nha-mat-tien-duong-do-ngoc-thanh-phuong-12-quan-5-2478459.html,"Chuyển nhượng nhà mặt tiền đường Đỗ Ngọc Thạnh, phường 12, quận 5","Chợ Lớn, Thành phố Hồ Chí Minh",20000000000.0,64.0,,TP.HCM (lõi cũ),Nhà ở/Nhà phố,312500000.0
https://nhadat.cafeland.vn/ban-nha-rieng-nha-pho-hien-dai-kdc-cong-ich-quan-7-lien-ke-phu-my-hung-co-3183257.html,Bán nhà riêng: Nhà phố hiện đại KDC Công Ích - Quận 7 - Liền kề Phú Mỹ Hưng - Có,"Phú Thuận, Thành phố Hồ Chí Minh",20500000000.0,80.0,,TP.HCM (lõi cũ),Nhà ở/Nhà phố,256250000.0
https://nhadat.cafeland.vn/ban-can-ho-soho-resident-trung-tam-quan-1-cach-cho-ben-thanh-chi-chua-day-1km-2557292.html,"Bán căn hộ Soho Resident trung tâm Quận 1, cách chợ Bến Thành chỉ chưa đầy 1km","Cầu Ông Lãnh, Thành phố Hồ Chí Minh",7000000000.0,54.0,,TP.HCM (lõi cũ),Căn hộ/Chung cư,129629629.62962963
https://nhadat.cafeland.vn/ban-nha-pho-trung-tam-thao-dienm-62x16m-3-tang-co-dong-tien-on-dinh-2556698.html,"Bán nhà phố trung tâm Thảo Điềnm 6.2x16m, 3 tầng, có dòng tiền ổn định","An Khánh, Thành phố Hồ Chí Minh",36800000000.0,98.9,,TP.HCM (lõi cũ),Nhà ở/Nhà phố,372093023.25581396
https://nhadat.cafeland.vn/nha-moi-xay-long-dien-gan-cho-an-ngai-brvt-2460062.html,NHÀ MỚI XÂY LONG ĐIỀN - GẦN CHỢ AN NGÃI - BRVT,"Long Điền, Thành phố Hồ Chí Minh",2400000000.0,110.0,,Bà Rịa - Vũng Tàu (mới sáp nhập),Nhà ở/Nhà phố,21818181.818181816
https://nhadat.cafeland.vn/ban-nha-nguyen-trai-q5-694-m2-3-tang-vi-tri-kinh-doanh-cuc-dep-hdt-55trth-2823851.html,"Bán nhà Nguyễn Trãi Q5, 69,4 m², 3 tầng, vị trí kinh doanh cực đẹp, HĐT 55tr/th","An Đông, Thành phố Hồ Chí Minh",40000000000.0,69.0,,TP.HCM (lõi cũ),Nhà ở/Nhà phố,579710144.9275362
https://nhadat.cafeland.vn/ban-dat-tho-cu-cat-lo-200tr-chu-ban-gap-lo-dat-60m2-mtd-thanh-xuan-38-ngay-cho-3183156.html,"Bán đất thổ cư: Cắt lỗ 200tr chủ bán gấp lô đất 60m2 MTĐ Thạnh Xuân 38 ngay chợ,","Thới An, Thành phố Hồ Chí Minh",2700000000.0,60.0,,TP.HCM (lõi cũ),Đất nền,45000000.0
